INSERT INTO Building (BuildingID) VALUES (1);
INSERT INTO Room (RoomID, BuildingID, MaxCapacity) VALUES (1, 1, 7);
INSERT INTO Room (RoomID, BuildingID, MaxCapacity) VALUES (2, 1, 5);
INSERT INTO Building (BuildingID) VALUES (2);
INSERT INTO Room (RoomID, BuildingID, MaxCapacity) VALUES (1, 2, 5);
INSERT INTO Room (RoomID, BuildingID, MaxCapacity) VALUES (2, 2, 4);
INSERT INTO Building (BuildingID) VALUES (3);
INSERT INTO Room (RoomID, BuildingID, MaxCapacity) VALUES (1, 3, 6);
INSERT INTO Room (RoomID, BuildingID, MaxCapacity) VALUES (2, 3, 4);
INSERT INTO Building (BuildingID) VALUES (4);
INSERT INTO Room (RoomID, BuildingID, MaxCapacity) VALUES (1, 4, 7);
INSERT INTO Room (RoomID, BuildingID, MaxCapacity) VALUES (2, 4, 8);
INSERT INTO Building (BuildingID) VALUES (5);
INSERT INTO Room (RoomID, BuildingID, MaxCapacity) VALUES (1, 5, 7);
INSERT INTO Room (RoomID, BuildingID, MaxCapacity) VALUES (2, 5, 8);
INSERT INTO Building (BuildingID) VALUES (6);
INSERT INTO Room (RoomID, BuildingID, MaxCapacity) VALUES (1, 6, 8);
INSERT INTO Room (RoomID, BuildingID, MaxCapacity) VALUES (2, 6, 6);
INSERT INTO Building (BuildingID) VALUES (7);
INSERT INTO Room (RoomID, BuildingID, MaxCapacity) VALUES (1, 7, 7);
INSERT INTO Room (RoomID, BuildingID, MaxCapacity) VALUES (2, 7, 8);
INSERT INTO Building (BuildingID) VALUES (8);
INSERT INTO Room (RoomID, BuildingID, MaxCapacity) VALUES (1, 8, 8);
INSERT INTO Room (RoomID, BuildingID, MaxCapacity) VALUES (2, 8, 7);
INSERT INTO Building (BuildingID) VALUES (9);
INSERT INTO Room (RoomID, BuildingID, MaxCapacity) VALUES (1, 9, 6);
INSERT INTO Room (RoomID, BuildingID, MaxCapacity) VALUES (2, 9, 7);
INSERT INTO Building (BuildingID) VALUES (10);
INSERT INTO Room (RoomID, BuildingID, MaxCapacity) VALUES (1, 10, 8);
INSERT INTO Room (RoomID, BuildingID, MaxCapacity) VALUES (2, 10, 7);
INSERT INTO Building (BuildingID) VALUES (11);
INSERT INTO Room (RoomID, BuildingID, MaxCapacity) VALUES (1, 11, 5);
INSERT INTO Room (RoomID, BuildingID, MaxCapacity) VALUES (2, 11, 8);
INSERT INTO Building (BuildingID) VALUES (12);
INSERT INTO Room (RoomID, BuildingID, MaxCapacity) VALUES (1, 12, 5);
INSERT INTO Room (RoomID, BuildingID, MaxCapacity) VALUES (2, 12, 6);
INSERT INTO Building (BuildingID) VALUES (13);
INSERT INTO Room (RoomID, BuildingID, MaxCapacity) VALUES (1, 13, 6);
INSERT INTO Room (RoomID, BuildingID, MaxCapacity) VALUES (2, 13, 5);
INSERT INTO Building (BuildingID) VALUES (14);
INSERT INTO Room (RoomID, BuildingID, MaxCapacity) VALUES (1, 14, 5);
INSERT INTO Room (RoomID, BuildingID, MaxCapacity) VALUES (2, 14, 8);
INSERT INTO Building (BuildingID) VALUES (15);
INSERT INTO Room (RoomID, BuildingID, MaxCapacity) VALUES (1, 15, 5);
INSERT INTO Room (RoomID, BuildingID, MaxCapacity) VALUES (2, 15, 8);
INSERT INTO Building (BuildingID) VALUES (16);
INSERT INTO Room (RoomID, BuildingID, MaxCapacity) VALUES (1, 16, 5);
INSERT INTO Room (RoomID, BuildingID, MaxCapacity) VALUES (2, 16, 5);
INSERT INTO Building (BuildingID) VALUES (17);
INSERT INTO Room (RoomID, BuildingID, MaxCapacity) VALUES (1, 17, 5);
INSERT INTO Room (RoomID, BuildingID, MaxCapacity) VALUES (2, 17, 8);
INSERT INTO Building (BuildingID) VALUES (18);
INSERT INTO Room (RoomID, BuildingID, MaxCapacity) VALUES (1, 18, 4);
INSERT INTO Room (RoomID, BuildingID, MaxCapacity) VALUES (2, 18, 8);
INSERT INTO Building (BuildingID) VALUES (19);
INSERT INTO Room (RoomID, BuildingID, MaxCapacity) VALUES (1, 19, 8);
INSERT INTO Room (RoomID, BuildingID, MaxCapacity) VALUES (2, 19, 7);
INSERT INTO Building (BuildingID) VALUES (20);
INSERT INTO Room (RoomID, BuildingID, MaxCapacity) VALUES (1, 20, 8);
INSERT INTO Room (RoomID, BuildingID, MaxCapacity) VALUES (2, 20, 7);
INSERT INTO Building (BuildingID) VALUES (21);
INSERT INTO Room (RoomID, BuildingID, MaxCapacity) VALUES (1, 21, 5);
INSERT INTO Room (RoomID, BuildingID, MaxCapacity) VALUES (2, 21, 5);
INSERT INTO Building (BuildingID) VALUES (22);
INSERT INTO Room (RoomID, BuildingID, MaxCapacity) VALUES (1, 22, 8);
INSERT INTO Room (RoomID, BuildingID, MaxCapacity) VALUES (2, 22, 6);
INSERT INTO Building (BuildingID) VALUES (23);
INSERT INTO Room (RoomID, BuildingID, MaxCapacity) VALUES (1, 23, 5);
INSERT INTO Room (RoomID, BuildingID, MaxCapacity) VALUES (2, 23, 8);
INSERT INTO Building (BuildingID) VALUES (24);
INSERT INTO Room (RoomID, BuildingID, MaxCapacity) VALUES (1, 24, 5);
INSERT INTO Room (RoomID, BuildingID, MaxCapacity) VALUES (2, 24, 5);
INSERT INTO Building (BuildingID) VALUES (25);
INSERT INTO Room (RoomID, BuildingID, MaxCapacity) VALUES (1, 25, 5);
INSERT INTO Room (RoomID, BuildingID, MaxCapacity) VALUES (2, 25, 7);
INSERT INTO Building (BuildingID) VALUES (26);
INSERT INTO Room (RoomID, BuildingID, MaxCapacity) VALUES (1, 26, 7);
INSERT INTO Room (RoomID, BuildingID, MaxCapacity) VALUES (2, 26, 7);
INSERT INTO Building (BuildingID) VALUES (27);
INSERT INTO Room (RoomID, BuildingID, MaxCapacity) VALUES (1, 27, 7);
INSERT INTO Room (RoomID, BuildingID, MaxCapacity) VALUES (2, 27, 6);
INSERT INTO Building (BuildingID) VALUES (28);
INSERT INTO Room (RoomID, BuildingID, MaxCapacity) VALUES (1, 28, 4);
INSERT INTO Room (RoomID, BuildingID, MaxCapacity) VALUES (2, 28, 6);
INSERT INTO Building (BuildingID) VALUES (29);
INSERT INTO Room (RoomID, BuildingID, MaxCapacity) VALUES (1, 29, 5);
INSERT INTO Room (RoomID, BuildingID, MaxCapacity) VALUES (2, 29, 8);
INSERT INTO Building (BuildingID) VALUES (30);
INSERT INTO Room (RoomID, BuildingID, MaxCapacity) VALUES (1, 30, 4);
INSERT INTO Room (RoomID, BuildingID, MaxCapacity) VALUES (2, 30, 7);
INSERT INTO Building (BuildingID) VALUES (31);
INSERT INTO Room (RoomID, BuildingID, MaxCapacity) VALUES (1, 31, 4);
INSERT INTO Room (RoomID, BuildingID, MaxCapacity) VALUES (2, 31, 5);
INSERT INTO Building (BuildingID) VALUES (32);
INSERT INTO Room (RoomID, BuildingID, MaxCapacity) VALUES (1, 32, 7);
INSERT INTO Room (RoomID, BuildingID, MaxCapacity) VALUES (2, 32, 5);
INSERT INTO Building (BuildingID) VALUES (33);
INSERT INTO Room (RoomID, BuildingID, MaxCapacity) VALUES (1, 33, 4);
INSERT INTO Room (RoomID, BuildingID, MaxCapacity) VALUES (2, 33, 6);
INSERT INTO Building (BuildingID) VALUES (34);
INSERT INTO Room (RoomID, BuildingID, MaxCapacity) VALUES (1, 34, 4);
INSERT INTO Room (RoomID, BuildingID, MaxCapacity) VALUES (2, 34, 4);
INSERT INTO Building (BuildingID) VALUES (35);
INSERT INTO Room (RoomID, BuildingID, MaxCapacity) VALUES (1, 35, 4);
INSERT INTO Room (RoomID, BuildingID, MaxCapacity) VALUES (2, 35, 7);
INSERT INTO Building (BuildingID) VALUES (36);
INSERT INTO Room (RoomID, BuildingID, MaxCapacity) VALUES (1, 36, 7);
INSERT INTO Room (RoomID, BuildingID, MaxCapacity) VALUES (2, 36, 5);
INSERT INTO Building (BuildingID) VALUES (37);
INSERT INTO Room (RoomID, BuildingID, MaxCapacity) VALUES (1, 37, 5);
INSERT INTO Room (RoomID, BuildingID, MaxCapacity) VALUES (2, 37, 8);
INSERT INTO Building (BuildingID) VALUES (38);
INSERT INTO Room (RoomID, BuildingID, MaxCapacity) VALUES (1, 38, 5);
INSERT INTO Room (RoomID, BuildingID, MaxCapacity) VALUES (2, 38, 6);
INSERT INTO Building (BuildingID) VALUES (39);
INSERT INTO Room (RoomID, BuildingID, MaxCapacity) VALUES (1, 39, 6);
INSERT INTO Room (RoomID, BuildingID, MaxCapacity) VALUES (2, 39, 8);
INSERT INTO Building (BuildingID) VALUES (40);
INSERT INTO Room (RoomID, BuildingID, MaxCapacity) VALUES (1, 40, 6);
INSERT INTO Room (RoomID, BuildingID, MaxCapacity) VALUES (2, 40, 5);
INSERT INTO Building (BuildingID) VALUES (41);
INSERT INTO Room (RoomID, BuildingID, MaxCapacity) VALUES (1, 41, 8);
INSERT INTO Room (RoomID, BuildingID, MaxCapacity) VALUES (2, 41, 4);
INSERT INTO Building (BuildingID) VALUES (42);
INSERT INTO Room (RoomID, BuildingID, MaxCapacity) VALUES (1, 42, 6);
INSERT INTO Room (RoomID, BuildingID, MaxCapacity) VALUES (2, 42, 7);
INSERT INTO Building (BuildingID) VALUES (43);
INSERT INTO Room (RoomID, BuildingID, MaxCapacity) VALUES (1, 43, 5);
INSERT INTO Room (RoomID, BuildingID, MaxCapacity) VALUES (2, 43, 7);
INSERT INTO Building (BuildingID) VALUES (44);
INSERT INTO Room (RoomID, BuildingID, MaxCapacity) VALUES (1, 44, 4);
INSERT INTO Room (RoomID, BuildingID, MaxCapacity) VALUES (2, 44, 4);
INSERT INTO Building (BuildingID) VALUES (45);
INSERT INTO Room (RoomID, BuildingID, MaxCapacity) VALUES (1, 45, 4);
INSERT INTO Room (RoomID, BuildingID, MaxCapacity) VALUES (2, 45, 6);
INSERT INTO Building (BuildingID) VALUES (46);
INSERT INTO Room (RoomID, BuildingID, MaxCapacity) VALUES (1, 46, 8);
INSERT INTO Room (RoomID, BuildingID, MaxCapacity) VALUES (2, 46, 4);
INSERT INTO Building (BuildingID) VALUES (47);
INSERT INTO Room (RoomID, BuildingID, MaxCapacity) VALUES (1, 47, 6);
INSERT INTO Room (RoomID, BuildingID, MaxCapacity) VALUES (2, 47, 4);
INSERT INTO Building (BuildingID) VALUES (48);
INSERT INTO Room (RoomID, BuildingID, MaxCapacity) VALUES (1, 48, 8);
INSERT INTO Room (RoomID, BuildingID, MaxCapacity) VALUES (2, 48, 4);
INSERT INTO Building (BuildingID) VALUES (49);
INSERT INTO Room (RoomID, BuildingID, MaxCapacity) VALUES (1, 49, 5);
INSERT INTO Room (RoomID, BuildingID, MaxCapacity) VALUES (2, 49, 8);
INSERT INTO Building (BuildingID) VALUES (50);
INSERT INTO Room (RoomID, BuildingID, MaxCapacity) VALUES (1, 50, 4);
INSERT INTO Room (RoomID, BuildingID, MaxCapacity) VALUES (2, 50, 4);
INSERT INTO Building (BuildingID) VALUES (51);
INSERT INTO Room (RoomID, BuildingID, MaxCapacity) VALUES (1, 51, 8);
INSERT INTO Room (RoomID, BuildingID, MaxCapacity) VALUES (2, 51, 6);
INSERT INTO Building (BuildingID) VALUES (52);
INSERT INTO Room (RoomID, BuildingID, MaxCapacity) VALUES (1, 52, 7);
INSERT INTO Room (RoomID, BuildingID, MaxCapacity) VALUES (2, 52, 5);
INSERT INTO Building (BuildingID) VALUES (53);
INSERT INTO Room (RoomID, BuildingID, MaxCapacity) VALUES (1, 53, 7);
INSERT INTO Room (RoomID, BuildingID, MaxCapacity) VALUES (2, 53, 8);
INSERT INTO Building (BuildingID) VALUES (54);
INSERT INTO Room (RoomID, BuildingID, MaxCapacity) VALUES (1, 54, 5);
INSERT INTO Room (RoomID, BuildingID, MaxCapacity) VALUES (2, 54, 4);
INSERT INTO Building (BuildingID) VALUES (55);
INSERT INTO Room (RoomID, BuildingID, MaxCapacity) VALUES (1, 55, 4);
INSERT INTO Room (RoomID, BuildingID, MaxCapacity) VALUES (2, 55, 5);
INSERT INTO Building (BuildingID) VALUES (56);
INSERT INTO Room (RoomID, BuildingID, MaxCapacity) VALUES (1, 56, 8);
INSERT INTO Room (RoomID, BuildingID, MaxCapacity) VALUES (2, 56, 6);
INSERT INTO Building (BuildingID) VALUES (57);
INSERT INTO Room (RoomID, BuildingID, MaxCapacity) VALUES (1, 57, 6);
INSERT INTO Room (RoomID, BuildingID, MaxCapacity) VALUES (2, 57, 7);
INSERT INTO Building (BuildingID) VALUES (58);
INSERT INTO Room (RoomID, BuildingID, MaxCapacity) VALUES (1, 58, 7);
INSERT INTO Room (RoomID, BuildingID, MaxCapacity) VALUES (2, 58, 6);
INSERT INTO Building (BuildingID) VALUES (59);
INSERT INTO Room (RoomID, BuildingID, MaxCapacity) VALUES (1, 59, 4);
INSERT INTO Room (RoomID, BuildingID, MaxCapacity) VALUES (2, 59, 7);
INSERT INTO Building (BuildingID) VALUES (60);
INSERT INTO Room (RoomID, BuildingID, MaxCapacity) VALUES (1, 60, 5);
INSERT INTO Room (RoomID, BuildingID, MaxCapacity) VALUES (2, 60, 4);
INSERT INTO Building (BuildingID) VALUES (61);
INSERT INTO Room (RoomID, BuildingID, MaxCapacity) VALUES (1, 61, 7);
INSERT INTO Room (RoomID, BuildingID, MaxCapacity) VALUES (2, 61, 6);
INSERT INTO Building (BuildingID) VALUES (62);
INSERT INTO Room (RoomID, BuildingID, MaxCapacity) VALUES (1, 62, 4);
INSERT INTO Room (RoomID, BuildingID, MaxCapacity) VALUES (2, 62, 7);
INSERT INTO Building (BuildingID) VALUES (63);
INSERT INTO Room (RoomID, BuildingID, MaxCapacity) VALUES (1, 63, 7);
INSERT INTO Room (RoomID, BuildingID, MaxCapacity) VALUES (2, 63, 4);
INSERT INTO Building (BuildingID) VALUES (64);
INSERT INTO Room (RoomID, BuildingID, MaxCapacity) VALUES (1, 64, 5);
INSERT INTO Room (RoomID, BuildingID, MaxCapacity) VALUES (2, 64, 6);
INSERT INTO Building (BuildingID) VALUES (65);
INSERT INTO Room (RoomID, BuildingID, MaxCapacity) VALUES (1, 65, 7);
INSERT INTO Room (RoomID, BuildingID, MaxCapacity) VALUES (2, 65, 6);
INSERT INTO Building (BuildingID) VALUES (66);
INSERT INTO Room (RoomID, BuildingID, MaxCapacity) VALUES (1, 66, 7);
INSERT INTO Room (RoomID, BuildingID, MaxCapacity) VALUES (2, 66, 6);
INSERT INTO Building (BuildingID) VALUES (67);
INSERT INTO Room (RoomID, BuildingID, MaxCapacity) VALUES (1, 67, 7);
INSERT INTO Room (RoomID, BuildingID, MaxCapacity) VALUES (2, 67, 5);
INSERT INTO Building (BuildingID) VALUES (68);
INSERT INTO Room (RoomID, BuildingID, MaxCapacity) VALUES (1, 68, 5);
INSERT INTO Room (RoomID, BuildingID, MaxCapacity) VALUES (2, 68, 8);
INSERT INTO Building (BuildingID) VALUES (69);
INSERT INTO Room (RoomID, BuildingID, MaxCapacity) VALUES (1, 69, 4);
INSERT INTO Room (RoomID, BuildingID, MaxCapacity) VALUES (2, 69, 4);
INSERT INTO Building (BuildingID) VALUES (70);
INSERT INTO Room (RoomID, BuildingID, MaxCapacity) VALUES (1, 70, 8);
INSERT INTO Room (RoomID, BuildingID, MaxCapacity) VALUES (2, 70, 5);
INSERT INTO Building (BuildingID) VALUES (71);
INSERT INTO Room (RoomID, BuildingID, MaxCapacity) VALUES (1, 71, 4);
INSERT INTO Room (RoomID, BuildingID, MaxCapacity) VALUES (2, 71, 8);
INSERT INTO Building (BuildingID) VALUES (72);
INSERT INTO Room (RoomID, BuildingID, MaxCapacity) VALUES (1, 72, 5);
INSERT INTO Room (RoomID, BuildingID, MaxCapacity) VALUES (2, 72, 6);
INSERT INTO Building (BuildingID) VALUES (73);
INSERT INTO Room (RoomID, BuildingID, MaxCapacity) VALUES (1, 73, 8);
INSERT INTO Room (RoomID, BuildingID, MaxCapacity) VALUES (2, 73, 4);
INSERT INTO Building (BuildingID) VALUES (74);
INSERT INTO Room (RoomID, BuildingID, MaxCapacity) VALUES (1, 74, 4);
INSERT INTO Room (RoomID, BuildingID, MaxCapacity) VALUES (2, 74, 8);
INSERT INTO Building (BuildingID) VALUES (75);
INSERT INTO Room (RoomID, BuildingID, MaxCapacity) VALUES (1, 75, 6);
INSERT INTO Room (RoomID, BuildingID, MaxCapacity) VALUES (2, 75, 8);
INSERT INTO Building (BuildingID) VALUES (76);
INSERT INTO Room (RoomID, BuildingID, MaxCapacity) VALUES (1, 76, 5);
INSERT INTO Room (RoomID, BuildingID, MaxCapacity) VALUES (2, 76, 8);
INSERT INTO Building (BuildingID) VALUES (77);
INSERT INTO Room (RoomID, BuildingID, MaxCapacity) VALUES (1, 77, 6);
INSERT INTO Room (RoomID, BuildingID, MaxCapacity) VALUES (2, 77, 6);
INSERT INTO Building (BuildingID) VALUES (78);
INSERT INTO Room (RoomID, BuildingID, MaxCapacity) VALUES (1, 78, 4);
INSERT INTO Room (RoomID, BuildingID, MaxCapacity) VALUES (2, 78, 4);
INSERT INTO Building (BuildingID) VALUES (79);
INSERT INTO Room (RoomID, BuildingID, MaxCapacity) VALUES (1, 79, 7);
INSERT INTO Room (RoomID, BuildingID, MaxCapacity) VALUES (2, 79, 6);
INSERT INTO Building (BuildingID) VALUES (80);
INSERT INTO Room (RoomID, BuildingID, MaxCapacity) VALUES (1, 80, 4);
INSERT INTO Room (RoomID, BuildingID, MaxCapacity) VALUES (2, 80, 8);
INSERT INTO Building (BuildingID) VALUES (81);
INSERT INTO Room (RoomID, BuildingID, MaxCapacity) VALUES (1, 81, 5);
INSERT INTO Room (RoomID, BuildingID, MaxCapacity) VALUES (2, 81, 8);
INSERT INTO Building (BuildingID) VALUES (82);
INSERT INTO Room (RoomID, BuildingID, MaxCapacity) VALUES (1, 82, 6);
INSERT INTO Room (RoomID, BuildingID, MaxCapacity) VALUES (2, 82, 6);
INSERT INTO Building (BuildingID) VALUES (83);
INSERT INTO Room (RoomID, BuildingID, MaxCapacity) VALUES (1, 83, 6);
INSERT INTO Room (RoomID, BuildingID, MaxCapacity) VALUES (2, 83, 5);
INSERT INTO Building (BuildingID) VALUES (84);
INSERT INTO Room (RoomID, BuildingID, MaxCapacity) VALUES (1, 84, 8);
INSERT INTO Room (RoomID, BuildingID, MaxCapacity) VALUES (2, 84, 5);
INSERT INTO Building (BuildingID) VALUES (85);
INSERT INTO Room (RoomID, BuildingID, MaxCapacity) VALUES (1, 85, 7);
INSERT INTO Room (RoomID, BuildingID, MaxCapacity) VALUES (2, 85, 4);
INSERT INTO Building (BuildingID) VALUES (86);
INSERT INTO Room (RoomID, BuildingID, MaxCapacity) VALUES (1, 86, 6);
INSERT INTO Room (RoomID, BuildingID, MaxCapacity) VALUES (2, 86, 6);
INSERT INTO Building (BuildingID) VALUES (87);
INSERT INTO Room (RoomID, BuildingID, MaxCapacity) VALUES (1, 87, 8);
INSERT INTO Room (RoomID, BuildingID, MaxCapacity) VALUES (2, 87, 4);
INSERT INTO Building (BuildingID) VALUES (88);
INSERT INTO Room (RoomID, BuildingID, MaxCapacity) VALUES (1, 88, 8);
INSERT INTO Room (RoomID, BuildingID, MaxCapacity) VALUES (2, 88, 8);
INSERT INTO Building (BuildingID) VALUES (89);
INSERT INTO Room (RoomID, BuildingID, MaxCapacity) VALUES (1, 89, 7);
INSERT INTO Room (RoomID, BuildingID, MaxCapacity) VALUES (2, 89, 5);
INSERT INTO Building (BuildingID) VALUES (90);
INSERT INTO Room (RoomID, BuildingID, MaxCapacity) VALUES (1, 90, 5);
INSERT INTO Room (RoomID, BuildingID, MaxCapacity) VALUES (2, 90, 7);
INSERT INTO Building (BuildingID) VALUES (91);
INSERT INTO Room (RoomID, BuildingID, MaxCapacity) VALUES (1, 91, 8);
INSERT INTO Room (RoomID, BuildingID, MaxCapacity) VALUES (2, 91, 6);
INSERT INTO Building (BuildingID) VALUES (92);
INSERT INTO Room (RoomID, BuildingID, MaxCapacity) VALUES (1, 92, 5);
INSERT INTO Room (RoomID, BuildingID, MaxCapacity) VALUES (2, 92, 6);
INSERT INTO Building (BuildingID) VALUES (93);
INSERT INTO Room (RoomID, BuildingID, MaxCapacity) VALUES (1, 93, 8);
INSERT INTO Room (RoomID, BuildingID, MaxCapacity) VALUES (2, 93, 4);
INSERT INTO Building (BuildingID) VALUES (94);
INSERT INTO Room (RoomID, BuildingID, MaxCapacity) VALUES (1, 94, 5);
INSERT INTO Room (RoomID, BuildingID, MaxCapacity) VALUES (2, 94, 6);
INSERT INTO Building (BuildingID) VALUES (95);
INSERT INTO Room (RoomID, BuildingID, MaxCapacity) VALUES (1, 95, 5);
INSERT INTO Room (RoomID, BuildingID, MaxCapacity) VALUES (2, 95, 5);
INSERT INTO Building (BuildingID) VALUES (96);
INSERT INTO Room (RoomID, BuildingID, MaxCapacity) VALUES (1, 96, 6);
INSERT INTO Room (RoomID, BuildingID, MaxCapacity) VALUES (2, 96, 4);
INSERT INTO Building (BuildingID) VALUES (97);
INSERT INTO Room (RoomID, BuildingID, MaxCapacity) VALUES (1, 97, 8);
INSERT INTO Room (RoomID, BuildingID, MaxCapacity) VALUES (2, 97, 5);
INSERT INTO Building (BuildingID) VALUES (98);
INSERT INTO Room (RoomID, BuildingID, MaxCapacity) VALUES (1, 98, 6);
INSERT INTO Room (RoomID, BuildingID, MaxCapacity) VALUES (2, 98, 4);
INSERT INTO Building (BuildingID) VALUES (99);
INSERT INTO Room (RoomID, BuildingID, MaxCapacity) VALUES (1, 99, 7);
INSERT INTO Room (RoomID, BuildingID, MaxCapacity) VALUES (2, 99, 7);
INSERT INTO Building (BuildingID) VALUES (100);
INSERT INTO Room (RoomID, BuildingID, MaxCapacity) VALUES (1, 100, 4);
INSERT INTO Room (RoomID, BuildingID, MaxCapacity) VALUES (2, 100, 5);
INSERT INTO Building (BuildingID) VALUES (101);
INSERT INTO Room (RoomID, BuildingID, MaxCapacity) VALUES (1, 101, 8);
INSERT INTO Room (RoomID, BuildingID, MaxCapacity) VALUES (2, 101, 5);
INSERT INTO Building (BuildingID) VALUES (102);
INSERT INTO Room (RoomID, BuildingID, MaxCapacity) VALUES (1, 102, 4);
INSERT INTO Room (RoomID, BuildingID, MaxCapacity) VALUES (2, 102, 4);
INSERT INTO Building (BuildingID) VALUES (103);
INSERT INTO Room (RoomID, BuildingID, MaxCapacity) VALUES (1, 103, 4);
INSERT INTO Room (RoomID, BuildingID, MaxCapacity) VALUES (2, 103, 5);
INSERT INTO Building (BuildingID) VALUES (104);
INSERT INTO Room (RoomID, BuildingID, MaxCapacity) VALUES (1, 104, 5);
INSERT INTO Room (RoomID, BuildingID, MaxCapacity) VALUES (2, 104, 6);
INSERT INTO Building (BuildingID) VALUES (105);
INSERT INTO Room (RoomID, BuildingID, MaxCapacity) VALUES (1, 105, 5);
INSERT INTO Room (RoomID, BuildingID, MaxCapacity) VALUES (2, 105, 7);
INSERT INTO Building (BuildingID) VALUES (106);
INSERT INTO Room (RoomID, BuildingID, MaxCapacity) VALUES (1, 106, 8);
INSERT INTO Room (RoomID, BuildingID, MaxCapacity) VALUES (2, 106, 7);
INSERT INTO Building (BuildingID) VALUES (107);
INSERT INTO Room (RoomID, BuildingID, MaxCapacity) VALUES (1, 107, 8);
INSERT INTO Room (RoomID, BuildingID, MaxCapacity) VALUES (2, 107, 8);
INSERT INTO Building (BuildingID) VALUES (108);
INSERT INTO Room (RoomID, BuildingID, MaxCapacity) VALUES (1, 108, 7);
INSERT INTO Room (RoomID, BuildingID, MaxCapacity) VALUES (2, 108, 5);
INSERT INTO Building (BuildingID) VALUES (109);
INSERT INTO Room (RoomID, BuildingID, MaxCapacity) VALUES (1, 109, 4);
INSERT INTO Room (RoomID, BuildingID, MaxCapacity) VALUES (2, 109, 7);
INSERT INTO Building (BuildingID) VALUES (110);
INSERT INTO Room (RoomID, BuildingID, MaxCapacity) VALUES (1, 110, 5);
INSERT INTO Room (RoomID, BuildingID, MaxCapacity) VALUES (2, 110, 7);
INSERT INTO Building (BuildingID) VALUES (111);
INSERT INTO Room (RoomID, BuildingID, MaxCapacity) VALUES (1, 111, 6);
INSERT INTO Room (RoomID, BuildingID, MaxCapacity) VALUES (2, 111, 5);
INSERT INTO Building (BuildingID) VALUES (112);
INSERT INTO Room (RoomID, BuildingID, MaxCapacity) VALUES (1, 112, 7);
INSERT INTO Room (RoomID, BuildingID, MaxCapacity) VALUES (2, 112, 6);
INSERT INTO Building (BuildingID) VALUES (113);
INSERT INTO Room (RoomID, BuildingID, MaxCapacity) VALUES (1, 113, 5);
INSERT INTO Room (RoomID, BuildingID, MaxCapacity) VALUES (2, 113, 4);
INSERT INTO Building (BuildingID) VALUES (114);
INSERT INTO Room (RoomID, BuildingID, MaxCapacity) VALUES (1, 114, 4);
INSERT INTO Room (RoomID, BuildingID, MaxCapacity) VALUES (2, 114, 7);
INSERT INTO Building (BuildingID) VALUES (115);
INSERT INTO Room (RoomID, BuildingID, MaxCapacity) VALUES (1, 115, 6);
INSERT INTO Room (RoomID, BuildingID, MaxCapacity) VALUES (2, 115, 4);
INSERT INTO Building (BuildingID) VALUES (116);
INSERT INTO Room (RoomID, BuildingID, MaxCapacity) VALUES (1, 116, 7);
INSERT INTO Room (RoomID, BuildingID, MaxCapacity) VALUES (2, 116, 4);
INSERT INTO Building (BuildingID) VALUES (117);
INSERT INTO Room (RoomID, BuildingID, MaxCapacity) VALUES (1, 117, 4);
INSERT INTO Room (RoomID, BuildingID, MaxCapacity) VALUES (2, 117, 8);
INSERT INTO Building (BuildingID) VALUES (118);
INSERT INTO Room (RoomID, BuildingID, MaxCapacity) VALUES (1, 118, 4);
INSERT INTO Room (RoomID, BuildingID, MaxCapacity) VALUES (2, 118, 4);
INSERT INTO Building (BuildingID) VALUES (119);
INSERT INTO Room (RoomID, BuildingID, MaxCapacity) VALUES (1, 119, 4);
INSERT INTO Room (RoomID, BuildingID, MaxCapacity) VALUES (2, 119, 4);
INSERT INTO Building (BuildingID) VALUES (120);
INSERT INTO Room (RoomID, BuildingID, MaxCapacity) VALUES (1, 120, 7);
INSERT INTO Room (RoomID, BuildingID, MaxCapacity) VALUES (2, 120, 4);
INSERT INTO Building (BuildingID) VALUES (121);
INSERT INTO Room (RoomID, BuildingID, MaxCapacity) VALUES (1, 121, 5);
INSERT INTO Room (RoomID, BuildingID, MaxCapacity) VALUES (2, 121, 7);
INSERT INTO Building (BuildingID) VALUES (122);
INSERT INTO Room (RoomID, BuildingID, MaxCapacity) VALUES (1, 122, 7);
INSERT INTO Room (RoomID, BuildingID, MaxCapacity) VALUES (2, 122, 7);
INSERT INTO Building (BuildingID) VALUES (123);
INSERT INTO Room (RoomID, BuildingID, MaxCapacity) VALUES (1, 123, 6);
INSERT INTO Room (RoomID, BuildingID, MaxCapacity) VALUES (2, 123, 8);
INSERT INTO Building (BuildingID) VALUES (124);
INSERT INTO Room (RoomID, BuildingID, MaxCapacity) VALUES (1, 124, 7);
INSERT INTO Room (RoomID, BuildingID, MaxCapacity) VALUES (2, 124, 4);
INSERT INTO Building (BuildingID) VALUES (125);
INSERT INTO Room (RoomID, BuildingID, MaxCapacity) VALUES (1, 125, 4);
INSERT INTO Room (RoomID, BuildingID, MaxCapacity) VALUES (2, 125, 7);
INSERT INTO Building (BuildingID) VALUES (126);
INSERT INTO Room (RoomID, BuildingID, MaxCapacity) VALUES (1, 126, 8);
INSERT INTO Room (RoomID, BuildingID, MaxCapacity) VALUES (2, 126, 8);
INSERT INTO Building (BuildingID) VALUES (127);
INSERT INTO Room (RoomID, BuildingID, MaxCapacity) VALUES (1, 127, 5);
INSERT INTO Room (RoomID, BuildingID, MaxCapacity) VALUES (2, 127, 5);
INSERT INTO Building (BuildingID) VALUES (128);
INSERT INTO Room (RoomID, BuildingID, MaxCapacity) VALUES (1, 128, 7);
INSERT INTO Room (RoomID, BuildingID, MaxCapacity) VALUES (2, 128, 8);
INSERT INTO Building (BuildingID) VALUES (129);
INSERT INTO Room (RoomID, BuildingID, MaxCapacity) VALUES (1, 129, 6);
INSERT INTO Room (RoomID, BuildingID, MaxCapacity) VALUES (2, 129, 8);
INSERT INTO Building (BuildingID) VALUES (130);
INSERT INTO Room (RoomID, BuildingID, MaxCapacity) VALUES (1, 130, 6);
INSERT INTO Room (RoomID, BuildingID, MaxCapacity) VALUES (2, 130, 4);
INSERT INTO Building (BuildingID) VALUES (131);
INSERT INTO Room (RoomID, BuildingID, MaxCapacity) VALUES (1, 131, 4);
INSERT INTO Room (RoomID, BuildingID, MaxCapacity) VALUES (2, 131, 4);
INSERT INTO Building (BuildingID) VALUES (132);
INSERT INTO Room (RoomID, BuildingID, MaxCapacity) VALUES (1, 132, 8);
INSERT INTO Room (RoomID, BuildingID, MaxCapacity) VALUES (2, 132, 6);
INSERT INTO Building (BuildingID) VALUES (133);
INSERT INTO Room (RoomID, BuildingID, MaxCapacity) VALUES (1, 133, 5);
INSERT INTO Room (RoomID, BuildingID, MaxCapacity) VALUES (2, 133, 4);
INSERT INTO Building (BuildingID) VALUES (134);
INSERT INTO Room (RoomID, BuildingID, MaxCapacity) VALUES (1, 134, 8);
INSERT INTO Room (RoomID, BuildingID, MaxCapacity) VALUES (2, 134, 8);
INSERT INTO Building (BuildingID) VALUES (135);
INSERT INTO Room (RoomID, BuildingID, MaxCapacity) VALUES (1, 135, 5);
INSERT INTO Room (RoomID, BuildingID, MaxCapacity) VALUES (2, 135, 5);
INSERT INTO Building (BuildingID) VALUES (136);
INSERT INTO Room (RoomID, BuildingID, MaxCapacity) VALUES (1, 136, 5);
INSERT INTO Room (RoomID, BuildingID, MaxCapacity) VALUES (2, 136, 5);
INSERT INTO Building (BuildingID) VALUES (137);
INSERT INTO Room (RoomID, BuildingID, MaxCapacity) VALUES (1, 137, 8);
INSERT INTO Room (RoomID, BuildingID, MaxCapacity) VALUES (2, 137, 4);
INSERT INTO Building (BuildingID) VALUES (138);
INSERT INTO Room (RoomID, BuildingID, MaxCapacity) VALUES (1, 138, 8);
INSERT INTO Room (RoomID, BuildingID, MaxCapacity) VALUES (2, 138, 5);
INSERT INTO Building (BuildingID) VALUES (139);
INSERT INTO Room (RoomID, BuildingID, MaxCapacity) VALUES (1, 139, 7);
INSERT INTO Room (RoomID, BuildingID, MaxCapacity) VALUES (2, 139, 7);
INSERT INTO Building (BuildingID) VALUES (140);
INSERT INTO Room (RoomID, BuildingID, MaxCapacity) VALUES (1, 140, 8);
INSERT INTO Room (RoomID, BuildingID, MaxCapacity) VALUES (2, 140, 8);
INSERT INTO Building (BuildingID) VALUES (141);
INSERT INTO Room (RoomID, BuildingID, MaxCapacity) VALUES (1, 141, 5);
INSERT INTO Room (RoomID, BuildingID, MaxCapacity) VALUES (2, 141, 4);
INSERT INTO Building (BuildingID) VALUES (142);
INSERT INTO Room (RoomID, BuildingID, MaxCapacity) VALUES (1, 142, 7);
INSERT INTO Room (RoomID, BuildingID, MaxCapacity) VALUES (2, 142, 7);
INSERT INTO Building (BuildingID) VALUES (143);
INSERT INTO Room (RoomID, BuildingID, MaxCapacity) VALUES (1, 143, 4);
INSERT INTO Room (RoomID, BuildingID, MaxCapacity) VALUES (2, 143, 7);
INSERT INTO Building (BuildingID) VALUES (144);
INSERT INTO Room (RoomID, BuildingID, MaxCapacity) VALUES (1, 144, 8);
INSERT INTO Room (RoomID, BuildingID, MaxCapacity) VALUES (2, 144, 8);
INSERT INTO Building (BuildingID) VALUES (145);
INSERT INTO Room (RoomID, BuildingID, MaxCapacity) VALUES (1, 145, 4);
INSERT INTO Room (RoomID, BuildingID, MaxCapacity) VALUES (2, 145, 7);
INSERT INTO Building (BuildingID) VALUES (146);
INSERT INTO Room (RoomID, BuildingID, MaxCapacity) VALUES (1, 146, 8);
INSERT INTO Room (RoomID, BuildingID, MaxCapacity) VALUES (2, 146, 7);
INSERT INTO Building (BuildingID) VALUES (147);
INSERT INTO Room (RoomID, BuildingID, MaxCapacity) VALUES (1, 147, 7);
INSERT INTO Room (RoomID, BuildingID, MaxCapacity) VALUES (2, 147, 5);
INSERT INTO Building (BuildingID) VALUES (148);
INSERT INTO Room (RoomID, BuildingID, MaxCapacity) VALUES (1, 148, 4);
INSERT INTO Room (RoomID, BuildingID, MaxCapacity) VALUES (2, 148, 8);
INSERT INTO Building (BuildingID) VALUES (149);
INSERT INTO Room (RoomID, BuildingID, MaxCapacity) VALUES (1, 149, 5);
INSERT INTO Room (RoomID, BuildingID, MaxCapacity) VALUES (2, 149, 8);
INSERT INTO Building (BuildingID) VALUES (150);
INSERT INTO Room (RoomID, BuildingID, MaxCapacity) VALUES (1, 150, 4);
INSERT INTO Room (RoomID, BuildingID, MaxCapacity) VALUES (2, 150, 5);
INSERT INTO Building (BuildingID) VALUES (151);
INSERT INTO Room (RoomID, BuildingID, MaxCapacity) VALUES (1, 151, 6);
INSERT INTO Room (RoomID, BuildingID, MaxCapacity) VALUES (2, 151, 6);
INSERT INTO Building (BuildingID) VALUES (152);
INSERT INTO Room (RoomID, BuildingID, MaxCapacity) VALUES (1, 152, 7);
INSERT INTO Room (RoomID, BuildingID, MaxCapacity) VALUES (2, 152, 8);
INSERT INTO Building (BuildingID) VALUES (153);
INSERT INTO Room (RoomID, BuildingID, MaxCapacity) VALUES (1, 153, 7);
INSERT INTO Room (RoomID, BuildingID, MaxCapacity) VALUES (2, 153, 7);
INSERT INTO Building (BuildingID) VALUES (154);
INSERT INTO Room (RoomID, BuildingID, MaxCapacity) VALUES (1, 154, 5);
INSERT INTO Room (RoomID, BuildingID, MaxCapacity) VALUES (2, 154, 8);
INSERT INTO Building (BuildingID) VALUES (155);
INSERT INTO Room (RoomID, BuildingID, MaxCapacity) VALUES (1, 155, 8);
INSERT INTO Room (RoomID, BuildingID, MaxCapacity) VALUES (2, 155, 7);
INSERT INTO Building (BuildingID) VALUES (156);
INSERT INTO Room (RoomID, BuildingID, MaxCapacity) VALUES (1, 156, 5);
INSERT INTO Room (RoomID, BuildingID, MaxCapacity) VALUES (2, 156, 7);
INSERT INTO Building (BuildingID) VALUES (157);
INSERT INTO Room (RoomID, BuildingID, MaxCapacity) VALUES (1, 157, 4);
INSERT INTO Room (RoomID, BuildingID, MaxCapacity) VALUES (2, 157, 4);
INSERT INTO Building (BuildingID) VALUES (158);
INSERT INTO Room (RoomID, BuildingID, MaxCapacity) VALUES (1, 158, 8);
INSERT INTO Room (RoomID, BuildingID, MaxCapacity) VALUES (2, 158, 4);
INSERT INTO Building (BuildingID) VALUES (159);
INSERT INTO Room (RoomID, BuildingID, MaxCapacity) VALUES (1, 159, 7);
INSERT INTO Room (RoomID, BuildingID, MaxCapacity) VALUES (2, 159, 8);
INSERT INTO Building (BuildingID) VALUES (160);
INSERT INTO Room (RoomID, BuildingID, MaxCapacity) VALUES (1, 160, 4);
INSERT INTO Room (RoomID, BuildingID, MaxCapacity) VALUES (2, 160, 7);
INSERT INTO Building (BuildingID) VALUES (161);
INSERT INTO Room (RoomID, BuildingID, MaxCapacity) VALUES (1, 161, 5);
INSERT INTO Room (RoomID, BuildingID, MaxCapacity) VALUES (2, 161, 4);
INSERT INTO Building (BuildingID) VALUES (162);
INSERT INTO Room (RoomID, BuildingID, MaxCapacity) VALUES (1, 162, 7);
INSERT INTO Room (RoomID, BuildingID, MaxCapacity) VALUES (2, 162, 6);
INSERT INTO Building (BuildingID) VALUES (163);
INSERT INTO Room (RoomID, BuildingID, MaxCapacity) VALUES (1, 163, 6);
INSERT INTO Room (RoomID, BuildingID, MaxCapacity) VALUES (2, 163, 8);
INSERT INTO Building (BuildingID) VALUES (164);
INSERT INTO Room (RoomID, BuildingID, MaxCapacity) VALUES (1, 164, 5);
INSERT INTO Room (RoomID, BuildingID, MaxCapacity) VALUES (2, 164, 7);
INSERT INTO Building (BuildingID) VALUES (165);
INSERT INTO Room (RoomID, BuildingID, MaxCapacity) VALUES (1, 165, 8);
INSERT INTO Room (RoomID, BuildingID, MaxCapacity) VALUES (2, 165, 5);
INSERT INTO Building (BuildingID) VALUES (166);
INSERT INTO Room (RoomID, BuildingID, MaxCapacity) VALUES (1, 166, 5);
INSERT INTO Room (RoomID, BuildingID, MaxCapacity) VALUES (2, 166, 8);
INSERT INTO Building (BuildingID) VALUES (167);
INSERT INTO Room (RoomID, BuildingID, MaxCapacity) VALUES (1, 167, 5);
INSERT INTO Room (RoomID, BuildingID, MaxCapacity) VALUES (2, 167, 8);
INSERT INTO Building (BuildingID) VALUES (168);
INSERT INTO Room (RoomID, BuildingID, MaxCapacity) VALUES (1, 168, 6);
INSERT INTO Room (RoomID, BuildingID, MaxCapacity) VALUES (2, 168, 6);
INSERT INTO Building (BuildingID) VALUES (169);
INSERT INTO Room (RoomID, BuildingID, MaxCapacity) VALUES (1, 169, 7);
INSERT INTO Room (RoomID, BuildingID, MaxCapacity) VALUES (2, 169, 8);
INSERT INTO Building (BuildingID) VALUES (170);
INSERT INTO Room (RoomID, BuildingID, MaxCapacity) VALUES (1, 170, 8);
INSERT INTO Room (RoomID, BuildingID, MaxCapacity) VALUES (2, 170, 6);
INSERT INTO Building (BuildingID) VALUES (171);
INSERT INTO Room (RoomID, BuildingID, MaxCapacity) VALUES (1, 171, 6);
INSERT INTO Room (RoomID, BuildingID, MaxCapacity) VALUES (2, 171, 7);
INSERT INTO Building (BuildingID) VALUES (172);
INSERT INTO Room (RoomID, BuildingID, MaxCapacity) VALUES (1, 172, 4);
INSERT INTO Room (RoomID, BuildingID, MaxCapacity) VALUES (2, 172, 6);
INSERT INTO Building (BuildingID) VALUES (173);
INSERT INTO Room (RoomID, BuildingID, MaxCapacity) VALUES (1, 173, 7);
INSERT INTO Room (RoomID, BuildingID, MaxCapacity) VALUES (2, 173, 7);
INSERT INTO Building (BuildingID) VALUES (174);
INSERT INTO Room (RoomID, BuildingID, MaxCapacity) VALUES (1, 174, 7);
INSERT INTO Room (RoomID, BuildingID, MaxCapacity) VALUES (2, 174, 7);
INSERT INTO Building (BuildingID) VALUES (175);
INSERT INTO Room (RoomID, BuildingID, MaxCapacity) VALUES (1, 175, 6);
INSERT INTO Room (RoomID, BuildingID, MaxCapacity) VALUES (2, 175, 6);
INSERT INTO Building (BuildingID) VALUES (176);
INSERT INTO Room (RoomID, BuildingID, MaxCapacity) VALUES (1, 176, 7);
INSERT INTO Room (RoomID, BuildingID, MaxCapacity) VALUES (2, 176, 8);
INSERT INTO Building (BuildingID) VALUES (177);
INSERT INTO Room (RoomID, BuildingID, MaxCapacity) VALUES (1, 177, 6);
INSERT INTO Room (RoomID, BuildingID, MaxCapacity) VALUES (2, 177, 4);
INSERT INTO Building (BuildingID) VALUES (178);
INSERT INTO Room (RoomID, BuildingID, MaxCapacity) VALUES (1, 178, 8);
INSERT INTO Room (RoomID, BuildingID, MaxCapacity) VALUES (2, 178, 5);
INSERT INTO Building (BuildingID) VALUES (179);
INSERT INTO Room (RoomID, BuildingID, MaxCapacity) VALUES (1, 179, 5);
INSERT INTO Room (RoomID, BuildingID, MaxCapacity) VALUES (2, 179, 4);
INSERT INTO Building (BuildingID) VALUES (180);
INSERT INTO Room (RoomID, BuildingID, MaxCapacity) VALUES (1, 180, 4);
INSERT INTO Room (RoomID, BuildingID, MaxCapacity) VALUES (2, 180, 5);
INSERT INTO Building (BuildingID) VALUES (181);
INSERT INTO Room (RoomID, BuildingID, MaxCapacity) VALUES (1, 181, 6);
INSERT INTO Room (RoomID, BuildingID, MaxCapacity) VALUES (2, 181, 7);
INSERT INTO Building (BuildingID) VALUES (182);
INSERT INTO Room (RoomID, BuildingID, MaxCapacity) VALUES (1, 182, 8);
INSERT INTO Room (RoomID, BuildingID, MaxCapacity) VALUES (2, 182, 6);
INSERT INTO Building (BuildingID) VALUES (183);
INSERT INTO Room (RoomID, BuildingID, MaxCapacity) VALUES (1, 183, 8);
INSERT INTO Room (RoomID, BuildingID, MaxCapacity) VALUES (2, 183, 4);
INSERT INTO Building (BuildingID) VALUES (184);
INSERT INTO Room (RoomID, BuildingID, MaxCapacity) VALUES (1, 184, 7);
INSERT INTO Room (RoomID, BuildingID, MaxCapacity) VALUES (2, 184, 7);
INSERT INTO Building (BuildingID) VALUES (185);
INSERT INTO Room (RoomID, BuildingID, MaxCapacity) VALUES (1, 185, 4);
INSERT INTO Room (RoomID, BuildingID, MaxCapacity) VALUES (2, 185, 7);
INSERT INTO Building (BuildingID) VALUES (186);
INSERT INTO Room (RoomID, BuildingID, MaxCapacity) VALUES (1, 186, 4);
INSERT INTO Room (RoomID, BuildingID, MaxCapacity) VALUES (2, 186, 4);
INSERT INTO Building (BuildingID) VALUES (187);
INSERT INTO Room (RoomID, BuildingID, MaxCapacity) VALUES (1, 187, 8);
INSERT INTO Room (RoomID, BuildingID, MaxCapacity) VALUES (2, 187, 6);
INSERT INTO Building (BuildingID) VALUES (188);
INSERT INTO Room (RoomID, BuildingID, MaxCapacity) VALUES (1, 188, 4);
INSERT INTO Room (RoomID, BuildingID, MaxCapacity) VALUES (2, 188, 5);
INSERT INTO Building (BuildingID) VALUES (189);
INSERT INTO Room (RoomID, BuildingID, MaxCapacity) VALUES (1, 189, 4);
INSERT INTO Room (RoomID, BuildingID, MaxCapacity) VALUES (2, 189, 8);
INSERT INTO Building (BuildingID) VALUES (190);
INSERT INTO Room (RoomID, BuildingID, MaxCapacity) VALUES (1, 190, 5);
INSERT INTO Room (RoomID, BuildingID, MaxCapacity) VALUES (2, 190, 8);
INSERT INTO Building (BuildingID) VALUES (191);
INSERT INTO Room (RoomID, BuildingID, MaxCapacity) VALUES (1, 191, 7);
INSERT INTO Room (RoomID, BuildingID, MaxCapacity) VALUES (2, 191, 8);
INSERT INTO Building (BuildingID) VALUES (192);
INSERT INTO Room (RoomID, BuildingID, MaxCapacity) VALUES (1, 192, 5);
INSERT INTO Room (RoomID, BuildingID, MaxCapacity) VALUES (2, 192, 4);
INSERT INTO Building (BuildingID) VALUES (193);
INSERT INTO Room (RoomID, BuildingID, MaxCapacity) VALUES (1, 193, 7);
INSERT INTO Room (RoomID, BuildingID, MaxCapacity) VALUES (2, 193, 6);
INSERT INTO Building (BuildingID) VALUES (194);
INSERT INTO Room (RoomID, BuildingID, MaxCapacity) VALUES (1, 194, 6);
INSERT INTO Room (RoomID, BuildingID, MaxCapacity) VALUES (2, 194, 5);
INSERT INTO Building (BuildingID) VALUES (195);
INSERT INTO Room (RoomID, BuildingID, MaxCapacity) VALUES (1, 195, 8);
INSERT INTO Room (RoomID, BuildingID, MaxCapacity) VALUES (2, 195, 5);
INSERT INTO Building (BuildingID) VALUES (196);
INSERT INTO Room (RoomID, BuildingID, MaxCapacity) VALUES (1, 196, 4);
INSERT INTO Room (RoomID, BuildingID, MaxCapacity) VALUES (2, 196, 6);
INSERT INTO Building (BuildingID) VALUES (197);
INSERT INTO Room (RoomID, BuildingID, MaxCapacity) VALUES (1, 197, 6);
INSERT INTO Room (RoomID, BuildingID, MaxCapacity) VALUES (2, 197, 4);
INSERT INTO Building (BuildingID) VALUES (198);
INSERT INTO Room (RoomID, BuildingID, MaxCapacity) VALUES (1, 198, 4);
INSERT INTO Room (RoomID, BuildingID, MaxCapacity) VALUES (2, 198, 6);
INSERT INTO Building (BuildingID) VALUES (199);
INSERT INTO Room (RoomID, BuildingID, MaxCapacity) VALUES (1, 199, 7);
INSERT INTO Room (RoomID, BuildingID, MaxCapacity) VALUES (2, 199, 4);
INSERT INTO Building (BuildingID) VALUES (200);
INSERT INTO Room (RoomID, BuildingID, MaxCapacity) VALUES (1, 200, 8);
INSERT INTO Room (RoomID, BuildingID, MaxCapacity) VALUES (2, 200, 7);
INSERT INTO Building (BuildingID) VALUES (201);
INSERT INTO Room (RoomID, BuildingID, MaxCapacity) VALUES (1, 201, 5);
INSERT INTO Room (RoomID, BuildingID, MaxCapacity) VALUES (2, 201, 6);
INSERT INTO Building (BuildingID) VALUES (202);
INSERT INTO Room (RoomID, BuildingID, MaxCapacity) VALUES (1, 202, 4);
INSERT INTO Room (RoomID, BuildingID, MaxCapacity) VALUES (2, 202, 6);
INSERT INTO Building (BuildingID) VALUES (203);
INSERT INTO Room (RoomID, BuildingID, MaxCapacity) VALUES (1, 203, 5);
INSERT INTO Room (RoomID, BuildingID, MaxCapacity) VALUES (2, 203, 7);
INSERT INTO Building (BuildingID) VALUES (204);
INSERT INTO Room (RoomID, BuildingID, MaxCapacity) VALUES (1, 204, 6);
INSERT INTO Room (RoomID, BuildingID, MaxCapacity) VALUES (2, 204, 5);
INSERT INTO Building (BuildingID) VALUES (205);
INSERT INTO Room (RoomID, BuildingID, MaxCapacity) VALUES (1, 205, 7);
INSERT INTO Room (RoomID, BuildingID, MaxCapacity) VALUES (2, 205, 8);
INSERT INTO Building (BuildingID) VALUES (206);
INSERT INTO Room (RoomID, BuildingID, MaxCapacity) VALUES (1, 206, 6);
INSERT INTO Room (RoomID, BuildingID, MaxCapacity) VALUES (2, 206, 8);
INSERT INTO Building (BuildingID) VALUES (207);
INSERT INTO Room (RoomID, BuildingID, MaxCapacity) VALUES (1, 207, 6);
INSERT INTO Room (RoomID, BuildingID, MaxCapacity) VALUES (2, 207, 4);
INSERT INTO Building (BuildingID) VALUES (208);
INSERT INTO Room (RoomID, BuildingID, MaxCapacity) VALUES (1, 208, 4);
INSERT INTO Room (RoomID, BuildingID, MaxCapacity) VALUES (2, 208, 6);
INSERT INTO Building (BuildingID) VALUES (209);
INSERT INTO Room (RoomID, BuildingID, MaxCapacity) VALUES (1, 209, 6);
INSERT INTO Room (RoomID, BuildingID, MaxCapacity) VALUES (2, 209, 4);
INSERT INTO Building (BuildingID) VALUES (210);
INSERT INTO Room (RoomID, BuildingID, MaxCapacity) VALUES (1, 210, 6);
INSERT INTO Room (RoomID, BuildingID, MaxCapacity) VALUES (2, 210, 5);
INSERT INTO Building (BuildingID) VALUES (211);
INSERT INTO Room (RoomID, BuildingID, MaxCapacity) VALUES (1, 211, 8);
INSERT INTO Room (RoomID, BuildingID, MaxCapacity) VALUES (2, 211, 6);
INSERT INTO Building (BuildingID) VALUES (212);
INSERT INTO Room (RoomID, BuildingID, MaxCapacity) VALUES (1, 212, 8);
INSERT INTO Room (RoomID, BuildingID, MaxCapacity) VALUES (2, 212, 5);
INSERT INTO Building (BuildingID) VALUES (213);
INSERT INTO Room (RoomID, BuildingID, MaxCapacity) VALUES (1, 213, 4);
INSERT INTO Room (RoomID, BuildingID, MaxCapacity) VALUES (2, 213, 4);
INSERT INTO Building (BuildingID) VALUES (214);
INSERT INTO Room (RoomID, BuildingID, MaxCapacity) VALUES (1, 214, 4);
INSERT INTO Room (RoomID, BuildingID, MaxCapacity) VALUES (2, 214, 7);
INSERT INTO Building (BuildingID) VALUES (215);
INSERT INTO Room (RoomID, BuildingID, MaxCapacity) VALUES (1, 215, 5);
INSERT INTO Room (RoomID, BuildingID, MaxCapacity) VALUES (2, 215, 7);
INSERT INTO Building (BuildingID) VALUES (216);
INSERT INTO Room (RoomID, BuildingID, MaxCapacity) VALUES (1, 216, 5);
INSERT INTO Room (RoomID, BuildingID, MaxCapacity) VALUES (2, 216, 8);
INSERT INTO Building (BuildingID) VALUES (217);
INSERT INTO Room (RoomID, BuildingID, MaxCapacity) VALUES (1, 217, 7);
INSERT INTO Room (RoomID, BuildingID, MaxCapacity) VALUES (2, 217, 4);
INSERT INTO Building (BuildingID) VALUES (218);
INSERT INTO Room (RoomID, BuildingID, MaxCapacity) VALUES (1, 218, 5);
INSERT INTO Room (RoomID, BuildingID, MaxCapacity) VALUES (2, 218, 4);
INSERT INTO Building (BuildingID) VALUES (219);
INSERT INTO Room (RoomID, BuildingID, MaxCapacity) VALUES (1, 219, 6);
INSERT INTO Room (RoomID, BuildingID, MaxCapacity) VALUES (2, 219, 6);
INSERT INTO Building (BuildingID) VALUES (220);
INSERT INTO Room (RoomID, BuildingID, MaxCapacity) VALUES (1, 220, 8);
INSERT INTO Room (RoomID, BuildingID, MaxCapacity) VALUES (2, 220, 7);
INSERT INTO Building (BuildingID) VALUES (221);
INSERT INTO Room (RoomID, BuildingID, MaxCapacity) VALUES (1, 221, 8);
INSERT INTO Room (RoomID, BuildingID, MaxCapacity) VALUES (2, 221, 7);
INSERT INTO Building (BuildingID) VALUES (222);
INSERT INTO Room (RoomID, BuildingID, MaxCapacity) VALUES (1, 222, 7);
INSERT INTO Room (RoomID, BuildingID, MaxCapacity) VALUES (2, 222, 7);
INSERT INTO Building (BuildingID) VALUES (223);
INSERT INTO Room (RoomID, BuildingID, MaxCapacity) VALUES (1, 223, 7);
INSERT INTO Room (RoomID, BuildingID, MaxCapacity) VALUES (2, 223, 5);
INSERT INTO Building (BuildingID) VALUES (224);
INSERT INTO Room (RoomID, BuildingID, MaxCapacity) VALUES (1, 224, 7);
INSERT INTO Room (RoomID, BuildingID, MaxCapacity) VALUES (2, 224, 8);
INSERT INTO Building (BuildingID) VALUES (225);
INSERT INTO Room (RoomID, BuildingID, MaxCapacity) VALUES (1, 225, 5);
INSERT INTO Room (RoomID, BuildingID, MaxCapacity) VALUES (2, 225, 5);
INSERT INTO Building (BuildingID) VALUES (226);
INSERT INTO Room (RoomID, BuildingID, MaxCapacity) VALUES (1, 226, 7);
INSERT INTO Room (RoomID, BuildingID, MaxCapacity) VALUES (2, 226, 4);
INSERT INTO Building (BuildingID) VALUES (227);
INSERT INTO Room (RoomID, BuildingID, MaxCapacity) VALUES (1, 227, 4);
INSERT INTO Room (RoomID, BuildingID, MaxCapacity) VALUES (2, 227, 4);
INSERT INTO Building (BuildingID) VALUES (228);
INSERT INTO Room (RoomID, BuildingID, MaxCapacity) VALUES (1, 228, 6);
INSERT INTO Room (RoomID, BuildingID, MaxCapacity) VALUES (2, 228, 5);
INSERT INTO Building (BuildingID) VALUES (229);
INSERT INTO Room (RoomID, BuildingID, MaxCapacity) VALUES (1, 229, 8);
INSERT INTO Room (RoomID, BuildingID, MaxCapacity) VALUES (2, 229, 5);
INSERT INTO Building (BuildingID) VALUES (230);
INSERT INTO Room (RoomID, BuildingID, MaxCapacity) VALUES (1, 230, 6);
INSERT INTO Room (RoomID, BuildingID, MaxCapacity) VALUES (2, 230, 4);
INSERT INTO Building (BuildingID) VALUES (231);
INSERT INTO Room (RoomID, BuildingID, MaxCapacity) VALUES (1, 231, 8);
INSERT INTO Room (RoomID, BuildingID, MaxCapacity) VALUES (2, 231, 8);
INSERT INTO Building (BuildingID) VALUES (232);
INSERT INTO Room (RoomID, BuildingID, MaxCapacity) VALUES (1, 232, 4);
INSERT INTO Room (RoomID, BuildingID, MaxCapacity) VALUES (2, 232, 7);
INSERT INTO Building (BuildingID) VALUES (233);
INSERT INTO Room (RoomID, BuildingID, MaxCapacity) VALUES (1, 233, 8);
INSERT INTO Room (RoomID, BuildingID, MaxCapacity) VALUES (2, 233, 6);
INSERT INTO Building (BuildingID) VALUES (234);
INSERT INTO Room (RoomID, BuildingID, MaxCapacity) VALUES (1, 234, 7);
INSERT INTO Room (RoomID, BuildingID, MaxCapacity) VALUES (2, 234, 6);
INSERT INTO Building (BuildingID) VALUES (235);
INSERT INTO Room (RoomID, BuildingID, MaxCapacity) VALUES (1, 235, 6);
INSERT INTO Room (RoomID, BuildingID, MaxCapacity) VALUES (2, 235, 4);
INSERT INTO Building (BuildingID) VALUES (236);
INSERT INTO Room (RoomID, BuildingID, MaxCapacity) VALUES (1, 236, 7);
INSERT INTO Room (RoomID, BuildingID, MaxCapacity) VALUES (2, 236, 6);
INSERT INTO Building (BuildingID) VALUES (237);
INSERT INTO Room (RoomID, BuildingID, MaxCapacity) VALUES (1, 237, 8);
INSERT INTO Room (RoomID, BuildingID, MaxCapacity) VALUES (2, 237, 6);
INSERT INTO Building (BuildingID) VALUES (238);
INSERT INTO Room (RoomID, BuildingID, MaxCapacity) VALUES (1, 238, 6);
INSERT INTO Room (RoomID, BuildingID, MaxCapacity) VALUES (2, 238, 5);
INSERT INTO Building (BuildingID) VALUES (239);
INSERT INTO Room (RoomID, BuildingID, MaxCapacity) VALUES (1, 239, 7);
INSERT INTO Room (RoomID, BuildingID, MaxCapacity) VALUES (2, 239, 6);
INSERT INTO Building (BuildingID) VALUES (240);
INSERT INTO Room (RoomID, BuildingID, MaxCapacity) VALUES (1, 240, 7);
INSERT INTO Room (RoomID, BuildingID, MaxCapacity) VALUES (2, 240, 6);
INSERT INTO Building (BuildingID) VALUES (241);
INSERT INTO Room (RoomID, BuildingID, MaxCapacity) VALUES (1, 241, 5);
INSERT INTO Room (RoomID, BuildingID, MaxCapacity) VALUES (2, 241, 4);
INSERT INTO Building (BuildingID) VALUES (242);
INSERT INTO Room (RoomID, BuildingID, MaxCapacity) VALUES (1, 242, 8);
INSERT INTO Room (RoomID, BuildingID, MaxCapacity) VALUES (2, 242, 8);
INSERT INTO Building (BuildingID) VALUES (243);
INSERT INTO Room (RoomID, BuildingID, MaxCapacity) VALUES (1, 243, 5);
INSERT INTO Room (RoomID, BuildingID, MaxCapacity) VALUES (2, 243, 4);
INSERT INTO Building (BuildingID) VALUES (244);
INSERT INTO Room (RoomID, BuildingID, MaxCapacity) VALUES (1, 244, 8);
INSERT INTO Room (RoomID, BuildingID, MaxCapacity) VALUES (2, 244, 7);
INSERT INTO Building (BuildingID) VALUES (245);
INSERT INTO Room (RoomID, BuildingID, MaxCapacity) VALUES (1, 245, 7);
INSERT INTO Room (RoomID, BuildingID, MaxCapacity) VALUES (2, 245, 7);
INSERT INTO Building (BuildingID) VALUES (246);
INSERT INTO Room (RoomID, BuildingID, MaxCapacity) VALUES (1, 246, 4);
INSERT INTO Room (RoomID, BuildingID, MaxCapacity) VALUES (2, 246, 6);
INSERT INTO Building (BuildingID) VALUES (247);
INSERT INTO Room (RoomID, BuildingID, MaxCapacity) VALUES (1, 247, 8);
INSERT INTO Room (RoomID, BuildingID, MaxCapacity) VALUES (2, 247, 5);
INSERT INTO Building (BuildingID) VALUES (248);
INSERT INTO Room (RoomID, BuildingID, MaxCapacity) VALUES (1, 248, 7);
INSERT INTO Room (RoomID, BuildingID, MaxCapacity) VALUES (2, 248, 5);
INSERT INTO Building (BuildingID) VALUES (249);
INSERT INTO Room (RoomID, BuildingID, MaxCapacity) VALUES (1, 249, 6);
INSERT INTO Room (RoomID, BuildingID, MaxCapacity) VALUES (2, 249, 7);
INSERT INTO Building (BuildingID) VALUES (250);
INSERT INTO Room (RoomID, BuildingID, MaxCapacity) VALUES (1, 250, 4);
INSERT INTO Room (RoomID, BuildingID, MaxCapacity) VALUES (2, 250, 5);
INSERT INTO Building (BuildingID) VALUES (251);
INSERT INTO Room (RoomID, BuildingID, MaxCapacity) VALUES (1, 251, 4);
INSERT INTO Room (RoomID, BuildingID, MaxCapacity) VALUES (2, 251, 4);
INSERT INTO Building (BuildingID) VALUES (252);
INSERT INTO Room (RoomID, BuildingID, MaxCapacity) VALUES (1, 252, 6);
INSERT INTO Room (RoomID, BuildingID, MaxCapacity) VALUES (2, 252, 7);
INSERT INTO Building (BuildingID) VALUES (253);
INSERT INTO Room (RoomID, BuildingID, MaxCapacity) VALUES (1, 253, 5);
INSERT INTO Room (RoomID, BuildingID, MaxCapacity) VALUES (2, 253, 5);
INSERT INTO Building (BuildingID) VALUES (254);
INSERT INTO Room (RoomID, BuildingID, MaxCapacity) VALUES (1, 254, 5);
INSERT INTO Room (RoomID, BuildingID, MaxCapacity) VALUES (2, 254, 8);
INSERT INTO Building (BuildingID) VALUES (255);
INSERT INTO Room (RoomID, BuildingID, MaxCapacity) VALUES (1, 255, 5);
INSERT INTO Room (RoomID, BuildingID, MaxCapacity) VALUES (2, 255, 8);
INSERT INTO Building (BuildingID) VALUES (256);
INSERT INTO Room (RoomID, BuildingID, MaxCapacity) VALUES (1, 256, 7);
INSERT INTO Room (RoomID, BuildingID, MaxCapacity) VALUES (2, 256, 4);
INSERT INTO Building (BuildingID) VALUES (257);
INSERT INTO Room (RoomID, BuildingID, MaxCapacity) VALUES (1, 257, 5);
INSERT INTO Room (RoomID, BuildingID, MaxCapacity) VALUES (2, 257, 5);
INSERT INTO Building (BuildingID) VALUES (258);
INSERT INTO Room (RoomID, BuildingID, MaxCapacity) VALUES (1, 258, 6);
INSERT INTO Room (RoomID, BuildingID, MaxCapacity) VALUES (2, 258, 5);
INSERT INTO Building (BuildingID) VALUES (259);
INSERT INTO Room (RoomID, BuildingID, MaxCapacity) VALUES (1, 259, 5);
INSERT INTO Room (RoomID, BuildingID, MaxCapacity) VALUES (2, 259, 4);
INSERT INTO Building (BuildingID) VALUES (260);
INSERT INTO Room (RoomID, BuildingID, MaxCapacity) VALUES (1, 260, 7);
INSERT INTO Room (RoomID, BuildingID, MaxCapacity) VALUES (2, 260, 7);
INSERT INTO Building (BuildingID) VALUES (261);
INSERT INTO Room (RoomID, BuildingID, MaxCapacity) VALUES (1, 261, 6);
INSERT INTO Room (RoomID, BuildingID, MaxCapacity) VALUES (2, 261, 6);
INSERT INTO Building (BuildingID) VALUES (262);
INSERT INTO Room (RoomID, BuildingID, MaxCapacity) VALUES (1, 262, 8);
INSERT INTO Room (RoomID, BuildingID, MaxCapacity) VALUES (2, 262, 5);
INSERT INTO Building (BuildingID) VALUES (263);
INSERT INTO Room (RoomID, BuildingID, MaxCapacity) VALUES (1, 263, 7);
INSERT INTO Room (RoomID, BuildingID, MaxCapacity) VALUES (2, 263, 5);
INSERT INTO Building (BuildingID) VALUES (264);
INSERT INTO Room (RoomID, BuildingID, MaxCapacity) VALUES (1, 264, 4);
INSERT INTO Room (RoomID, BuildingID, MaxCapacity) VALUES (2, 264, 4);
INSERT INTO Building (BuildingID) VALUES (265);
INSERT INTO Room (RoomID, BuildingID, MaxCapacity) VALUES (1, 265, 6);
INSERT INTO Room (RoomID, BuildingID, MaxCapacity) VALUES (2, 265, 7);
INSERT INTO Building (BuildingID) VALUES (266);
INSERT INTO Room (RoomID, BuildingID, MaxCapacity) VALUES (1, 266, 4);
INSERT INTO Room (RoomID, BuildingID, MaxCapacity) VALUES (2, 266, 4);
INSERT INTO Building (BuildingID) VALUES (267);
INSERT INTO Room (RoomID, BuildingID, MaxCapacity) VALUES (1, 267, 4);
INSERT INTO Room (RoomID, BuildingID, MaxCapacity) VALUES (2, 267, 5);
INSERT INTO Building (BuildingID) VALUES (268);
INSERT INTO Room (RoomID, BuildingID, MaxCapacity) VALUES (1, 268, 5);
INSERT INTO Room (RoomID, BuildingID, MaxCapacity) VALUES (2, 268, 7);
INSERT INTO Building (BuildingID) VALUES (269);
INSERT INTO Room (RoomID, BuildingID, MaxCapacity) VALUES (1, 269, 5);
INSERT INTO Room (RoomID, BuildingID, MaxCapacity) VALUES (2, 269, 6);
INSERT INTO Building (BuildingID) VALUES (270);
INSERT INTO Room (RoomID, BuildingID, MaxCapacity) VALUES (1, 270, 7);
INSERT INTO Room (RoomID, BuildingID, MaxCapacity) VALUES (2, 270, 5);
INSERT INTO Building (BuildingID) VALUES (271);
INSERT INTO Room (RoomID, BuildingID, MaxCapacity) VALUES (1, 271, 5);
INSERT INTO Room (RoomID, BuildingID, MaxCapacity) VALUES (2, 271, 7);
INSERT INTO Building (BuildingID) VALUES (272);
INSERT INTO Room (RoomID, BuildingID, MaxCapacity) VALUES (1, 272, 7);
INSERT INTO Room (RoomID, BuildingID, MaxCapacity) VALUES (2, 272, 4);
INSERT INTO Building (BuildingID) VALUES (273);
INSERT INTO Room (RoomID, BuildingID, MaxCapacity) VALUES (1, 273, 7);
INSERT INTO Room (RoomID, BuildingID, MaxCapacity) VALUES (2, 273, 8);
INSERT INTO Building (BuildingID) VALUES (274);
INSERT INTO Room (RoomID, BuildingID, MaxCapacity) VALUES (1, 274, 5);
INSERT INTO Room (RoomID, BuildingID, MaxCapacity) VALUES (2, 274, 7);
INSERT INTO Building (BuildingID) VALUES (275);
INSERT INTO Room (RoomID, BuildingID, MaxCapacity) VALUES (1, 275, 7);
INSERT INTO Room (RoomID, BuildingID, MaxCapacity) VALUES (2, 275, 4);
INSERT INTO Building (BuildingID) VALUES (276);
INSERT INTO Room (RoomID, BuildingID, MaxCapacity) VALUES (1, 276, 6);
INSERT INTO Room (RoomID, BuildingID, MaxCapacity) VALUES (2, 276, 5);
INSERT INTO Building (BuildingID) VALUES (277);
INSERT INTO Room (RoomID, BuildingID, MaxCapacity) VALUES (1, 277, 6);
INSERT INTO Room (RoomID, BuildingID, MaxCapacity) VALUES (2, 277, 4);
INSERT INTO Building (BuildingID) VALUES (278);
INSERT INTO Room (RoomID, BuildingID, MaxCapacity) VALUES (1, 278, 6);
INSERT INTO Room (RoomID, BuildingID, MaxCapacity) VALUES (2, 278, 8);
INSERT INTO Building (BuildingID) VALUES (279);
INSERT INTO Room (RoomID, BuildingID, MaxCapacity) VALUES (1, 279, 7);
INSERT INTO Room (RoomID, BuildingID, MaxCapacity) VALUES (2, 279, 5);
INSERT INTO Building (BuildingID) VALUES (280);
INSERT INTO Room (RoomID, BuildingID, MaxCapacity) VALUES (1, 280, 8);
INSERT INTO Room (RoomID, BuildingID, MaxCapacity) VALUES (2, 280, 6);
INSERT INTO Building (BuildingID) VALUES (281);
INSERT INTO Room (RoomID, BuildingID, MaxCapacity) VALUES (1, 281, 7);
INSERT INTO Room (RoomID, BuildingID, MaxCapacity) VALUES (2, 281, 4);
INSERT INTO Building (BuildingID) VALUES (282);
INSERT INTO Room (RoomID, BuildingID, MaxCapacity) VALUES (1, 282, 4);
INSERT INTO Room (RoomID, BuildingID, MaxCapacity) VALUES (2, 282, 6);
INSERT INTO Building (BuildingID) VALUES (283);
INSERT INTO Room (RoomID, BuildingID, MaxCapacity) VALUES (1, 283, 5);
INSERT INTO Room (RoomID, BuildingID, MaxCapacity) VALUES (2, 283, 7);
INSERT INTO Building (BuildingID) VALUES (284);
INSERT INTO Room (RoomID, BuildingID, MaxCapacity) VALUES (1, 284, 5);
INSERT INTO Room (RoomID, BuildingID, MaxCapacity) VALUES (2, 284, 4);
INSERT INTO Building (BuildingID) VALUES (285);
INSERT INTO Room (RoomID, BuildingID, MaxCapacity) VALUES (1, 285, 8);
INSERT INTO Room (RoomID, BuildingID, MaxCapacity) VALUES (2, 285, 6);
INSERT INTO Building (BuildingID) VALUES (286);
INSERT INTO Room (RoomID, BuildingID, MaxCapacity) VALUES (1, 286, 6);
INSERT INTO Room (RoomID, BuildingID, MaxCapacity) VALUES (2, 286, 6);
INSERT INTO Building (BuildingID) VALUES (287);
INSERT INTO Room (RoomID, BuildingID, MaxCapacity) VALUES (1, 287, 5);
INSERT INTO Room (RoomID, BuildingID, MaxCapacity) VALUES (2, 287, 7);
INSERT INTO Building (BuildingID) VALUES (288);
INSERT INTO Room (RoomID, BuildingID, MaxCapacity) VALUES (1, 288, 6);
INSERT INTO Room (RoomID, BuildingID, MaxCapacity) VALUES (2, 288, 4);
INSERT INTO Building (BuildingID) VALUES (289);
INSERT INTO Room (RoomID, BuildingID, MaxCapacity) VALUES (1, 289, 5);
INSERT INTO Room (RoomID, BuildingID, MaxCapacity) VALUES (2, 289, 4);
INSERT INTO Building (BuildingID) VALUES (290);
INSERT INTO Room (RoomID, BuildingID, MaxCapacity) VALUES (1, 290, 7);
INSERT INTO Room (RoomID, BuildingID, MaxCapacity) VALUES (2, 290, 4);
INSERT INTO Building (BuildingID) VALUES (291);
INSERT INTO Room (RoomID, BuildingID, MaxCapacity) VALUES (1, 291, 8);
INSERT INTO Room (RoomID, BuildingID, MaxCapacity) VALUES (2, 291, 7);
INSERT INTO Building (BuildingID) VALUES (292);
INSERT INTO Room (RoomID, BuildingID, MaxCapacity) VALUES (1, 292, 7);
INSERT INTO Room (RoomID, BuildingID, MaxCapacity) VALUES (2, 292, 6);
INSERT INTO Building (BuildingID) VALUES (293);
INSERT INTO Room (RoomID, BuildingID, MaxCapacity) VALUES (1, 293, 5);
INSERT INTO Room (RoomID, BuildingID, MaxCapacity) VALUES (2, 293, 4);
INSERT INTO Building (BuildingID) VALUES (294);
INSERT INTO Room (RoomID, BuildingID, MaxCapacity) VALUES (1, 294, 6);
INSERT INTO Room (RoomID, BuildingID, MaxCapacity) VALUES (2, 294, 6);
INSERT INTO Building (BuildingID) VALUES (295);
INSERT INTO Room (RoomID, BuildingID, MaxCapacity) VALUES (1, 295, 7);
INSERT INTO Room (RoomID, BuildingID, MaxCapacity) VALUES (2, 295, 8);
INSERT INTO Building (BuildingID) VALUES (296);
INSERT INTO Room (RoomID, BuildingID, MaxCapacity) VALUES (1, 296, 5);
INSERT INTO Room (RoomID, BuildingID, MaxCapacity) VALUES (2, 296, 6);
INSERT INTO Building (BuildingID) VALUES (297);
INSERT INTO Room (RoomID, BuildingID, MaxCapacity) VALUES (1, 297, 7);
INSERT INTO Room (RoomID, BuildingID, MaxCapacity) VALUES (2, 297, 7);
INSERT INTO Building (BuildingID) VALUES (298);
INSERT INTO Room (RoomID, BuildingID, MaxCapacity) VALUES (1, 298, 5);
INSERT INTO Room (RoomID, BuildingID, MaxCapacity) VALUES (2, 298, 8);
INSERT INTO Building (BuildingID) VALUES (299);
INSERT INTO Room (RoomID, BuildingID, MaxCapacity) VALUES (1, 299, 8);
INSERT INTO Room (RoomID, BuildingID, MaxCapacity) VALUES (2, 299, 5);
INSERT INTO Building (BuildingID) VALUES (300);
INSERT INTO Room (RoomID, BuildingID, MaxCapacity) VALUES (1, 300, 7);
INSERT INTO Room (RoomID, BuildingID, MaxCapacity) VALUES (2, 300, 6);
INSERT INTO Building (BuildingID) VALUES (301);
INSERT INTO Room (RoomID, BuildingID, MaxCapacity) VALUES (1, 301, 4);
INSERT INTO Room (RoomID, BuildingID, MaxCapacity) VALUES (2, 301, 4);
INSERT INTO Building (BuildingID) VALUES (302);
INSERT INTO Room (RoomID, BuildingID, MaxCapacity) VALUES (1, 302, 5);
INSERT INTO Room (RoomID, BuildingID, MaxCapacity) VALUES (2, 302, 8);
INSERT INTO Building (BuildingID) VALUES (303);
INSERT INTO Room (RoomID, BuildingID, MaxCapacity) VALUES (1, 303, 5);
INSERT INTO Room (RoomID, BuildingID, MaxCapacity) VALUES (2, 303, 5);
INSERT INTO Building (BuildingID) VALUES (304);
INSERT INTO Room (RoomID, BuildingID, MaxCapacity) VALUES (1, 304, 5);
INSERT INTO Room (RoomID, BuildingID, MaxCapacity) VALUES (2, 304, 8);
INSERT INTO Building (BuildingID) VALUES (305);
INSERT INTO Room (RoomID, BuildingID, MaxCapacity) VALUES (1, 305, 4);
INSERT INTO Room (RoomID, BuildingID, MaxCapacity) VALUES (2, 305, 8);
INSERT INTO Building (BuildingID) VALUES (306);
INSERT INTO Room (RoomID, BuildingID, MaxCapacity) VALUES (1, 306, 4);
INSERT INTO Room (RoomID, BuildingID, MaxCapacity) VALUES (2, 306, 7);
INSERT INTO Building (BuildingID) VALUES (307);
INSERT INTO Room (RoomID, BuildingID, MaxCapacity) VALUES (1, 307, 4);
INSERT INTO Room (RoomID, BuildingID, MaxCapacity) VALUES (2, 307, 5);
INSERT INTO Building (BuildingID) VALUES (308);
INSERT INTO Room (RoomID, BuildingID, MaxCapacity) VALUES (1, 308, 7);
INSERT INTO Room (RoomID, BuildingID, MaxCapacity) VALUES (2, 308, 4);
INSERT INTO Building (BuildingID) VALUES (309);
INSERT INTO Room (RoomID, BuildingID, MaxCapacity) VALUES (1, 309, 6);
INSERT INTO Room (RoomID, BuildingID, MaxCapacity) VALUES (2, 309, 4);
INSERT INTO Building (BuildingID) VALUES (310);
INSERT INTO Room (RoomID, BuildingID, MaxCapacity) VALUES (1, 310, 8);
INSERT INTO Room (RoomID, BuildingID, MaxCapacity) VALUES (2, 310, 8);
INSERT INTO Building (BuildingID) VALUES (311);
INSERT INTO Room (RoomID, BuildingID, MaxCapacity) VALUES (1, 311, 6);
INSERT INTO Room (RoomID, BuildingID, MaxCapacity) VALUES (2, 311, 7);
INSERT INTO Building (BuildingID) VALUES (312);
INSERT INTO Room (RoomID, BuildingID, MaxCapacity) VALUES (1, 312, 5);
INSERT INTO Room (RoomID, BuildingID, MaxCapacity) VALUES (2, 312, 7);
INSERT INTO Building (BuildingID) VALUES (313);
INSERT INTO Room (RoomID, BuildingID, MaxCapacity) VALUES (1, 313, 4);
INSERT INTO Room (RoomID, BuildingID, MaxCapacity) VALUES (2, 313, 5);
INSERT INTO Building (BuildingID) VALUES (314);
INSERT INTO Room (RoomID, BuildingID, MaxCapacity) VALUES (1, 314, 4);
INSERT INTO Room (RoomID, BuildingID, MaxCapacity) VALUES (2, 314, 8);
INSERT INTO Building (BuildingID) VALUES (315);
INSERT INTO Room (RoomID, BuildingID, MaxCapacity) VALUES (1, 315, 5);
INSERT INTO Room (RoomID, BuildingID, MaxCapacity) VALUES (2, 315, 6);
INSERT INTO Building (BuildingID) VALUES (316);
INSERT INTO Room (RoomID, BuildingID, MaxCapacity) VALUES (1, 316, 4);
INSERT INTO Room (RoomID, BuildingID, MaxCapacity) VALUES (2, 316, 8);
INSERT INTO Building (BuildingID) VALUES (317);
INSERT INTO Room (RoomID, BuildingID, MaxCapacity) VALUES (1, 317, 4);
INSERT INTO Room (RoomID, BuildingID, MaxCapacity) VALUES (2, 317, 4);
INSERT INTO Building (BuildingID) VALUES (318);
INSERT INTO Room (RoomID, BuildingID, MaxCapacity) VALUES (1, 318, 4);
INSERT INTO Room (RoomID, BuildingID, MaxCapacity) VALUES (2, 318, 5);
INSERT INTO Building (BuildingID) VALUES (319);
INSERT INTO Room (RoomID, BuildingID, MaxCapacity) VALUES (1, 319, 5);
INSERT INTO Room (RoomID, BuildingID, MaxCapacity) VALUES (2, 319, 6);
INSERT INTO Building (BuildingID) VALUES (320);
INSERT INTO Room (RoomID, BuildingID, MaxCapacity) VALUES (1, 320, 5);
INSERT INTO Room (RoomID, BuildingID, MaxCapacity) VALUES (2, 320, 5);
INSERT INTO Building (BuildingID) VALUES (321);
INSERT INTO Room (RoomID, BuildingID, MaxCapacity) VALUES (1, 321, 4);
INSERT INTO Room (RoomID, BuildingID, MaxCapacity) VALUES (2, 321, 7);
INSERT INTO Building (BuildingID) VALUES (322);
INSERT INTO Room (RoomID, BuildingID, MaxCapacity) VALUES (1, 322, 6);
INSERT INTO Room (RoomID, BuildingID, MaxCapacity) VALUES (2, 322, 8);
INSERT INTO Building (BuildingID) VALUES (323);
INSERT INTO Room (RoomID, BuildingID, MaxCapacity) VALUES (1, 323, 5);
INSERT INTO Room (RoomID, BuildingID, MaxCapacity) VALUES (2, 323, 8);
INSERT INTO Building (BuildingID) VALUES (324);
INSERT INTO Room (RoomID, BuildingID, MaxCapacity) VALUES (1, 324, 8);
INSERT INTO Room (RoomID, BuildingID, MaxCapacity) VALUES (2, 324, 5);
INSERT INTO Building (BuildingID) VALUES (325);
INSERT INTO Room (RoomID, BuildingID, MaxCapacity) VALUES (1, 325, 5);
INSERT INTO Room (RoomID, BuildingID, MaxCapacity) VALUES (2, 325, 4);
INSERT INTO Building (BuildingID) VALUES (326);
INSERT INTO Room (RoomID, BuildingID, MaxCapacity) VALUES (1, 326, 5);
INSERT INTO Room (RoomID, BuildingID, MaxCapacity) VALUES (2, 326, 5);
INSERT INTO Building (BuildingID) VALUES (327);
INSERT INTO Room (RoomID, BuildingID, MaxCapacity) VALUES (1, 327, 7);
INSERT INTO Room (RoomID, BuildingID, MaxCapacity) VALUES (2, 327, 7);
INSERT INTO Building (BuildingID) VALUES (328);
INSERT INTO Room (RoomID, BuildingID, MaxCapacity) VALUES (1, 328, 7);
INSERT INTO Room (RoomID, BuildingID, MaxCapacity) VALUES (2, 328, 5);
INSERT INTO Building (BuildingID) VALUES (329);
INSERT INTO Room (RoomID, BuildingID, MaxCapacity) VALUES (1, 329, 5);
INSERT INTO Room (RoomID, BuildingID, MaxCapacity) VALUES (2, 329, 4);
INSERT INTO Building (BuildingID) VALUES (330);
INSERT INTO Room (RoomID, BuildingID, MaxCapacity) VALUES (1, 330, 7);
INSERT INTO Room (RoomID, BuildingID, MaxCapacity) VALUES (2, 330, 4);
INSERT INTO Building (BuildingID) VALUES (331);
INSERT INTO Room (RoomID, BuildingID, MaxCapacity) VALUES (1, 331, 6);
INSERT INTO Room (RoomID, BuildingID, MaxCapacity) VALUES (2, 331, 6);
INSERT INTO Building (BuildingID) VALUES (332);
INSERT INTO Room (RoomID, BuildingID, MaxCapacity) VALUES (1, 332, 5);
INSERT INTO Room (RoomID, BuildingID, MaxCapacity) VALUES (2, 332, 8);
INSERT INTO Building (BuildingID) VALUES (333);
INSERT INTO Room (RoomID, BuildingID, MaxCapacity) VALUES (1, 333, 4);
INSERT INTO Room (RoomID, BuildingID, MaxCapacity) VALUES (2, 333, 5);
INSERT INTO Building (BuildingID) VALUES (334);
INSERT INTO Room (RoomID, BuildingID, MaxCapacity) VALUES (1, 334, 6);
INSERT INTO Room (RoomID, BuildingID, MaxCapacity) VALUES (2, 334, 8);
INSERT INTO Building (BuildingID) VALUES (335);
INSERT INTO Room (RoomID, BuildingID, MaxCapacity) VALUES (1, 335, 8);
INSERT INTO Room (RoomID, BuildingID, MaxCapacity) VALUES (2, 335, 4);
INSERT INTO Building (BuildingID) VALUES (336);
INSERT INTO Room (RoomID, BuildingID, MaxCapacity) VALUES (1, 336, 6);
INSERT INTO Room (RoomID, BuildingID, MaxCapacity) VALUES (2, 336, 6);
INSERT INTO Building (BuildingID) VALUES (337);
INSERT INTO Room (RoomID, BuildingID, MaxCapacity) VALUES (1, 337, 6);
INSERT INTO Room (RoomID, BuildingID, MaxCapacity) VALUES (2, 337, 4);
INSERT INTO Building (BuildingID) VALUES (338);
INSERT INTO Room (RoomID, BuildingID, MaxCapacity) VALUES (1, 338, 7);
INSERT INTO Room (RoomID, BuildingID, MaxCapacity) VALUES (2, 338, 8);
INSERT INTO Building (BuildingID) VALUES (339);
INSERT INTO Room (RoomID, BuildingID, MaxCapacity) VALUES (1, 339, 7);
INSERT INTO Room (RoomID, BuildingID, MaxCapacity) VALUES (2, 339, 4);
INSERT INTO Building (BuildingID) VALUES (340);
INSERT INTO Room (RoomID, BuildingID, MaxCapacity) VALUES (1, 340, 7);
INSERT INTO Room (RoomID, BuildingID, MaxCapacity) VALUES (2, 340, 6);
INSERT INTO Building (BuildingID) VALUES (341);
INSERT INTO Room (RoomID, BuildingID, MaxCapacity) VALUES (1, 341, 5);
INSERT INTO Room (RoomID, BuildingID, MaxCapacity) VALUES (2, 341, 6);
INSERT INTO Building (BuildingID) VALUES (342);
INSERT INTO Room (RoomID, BuildingID, MaxCapacity) VALUES (1, 342, 5);
INSERT INTO Room (RoomID, BuildingID, MaxCapacity) VALUES (2, 342, 4);
INSERT INTO Building (BuildingID) VALUES (343);
INSERT INTO Room (RoomID, BuildingID, MaxCapacity) VALUES (1, 343, 7);
INSERT INTO Room (RoomID, BuildingID, MaxCapacity) VALUES (2, 343, 4);
INSERT INTO Building (BuildingID) VALUES (344);
INSERT INTO Room (RoomID, BuildingID, MaxCapacity) VALUES (1, 344, 7);
INSERT INTO Room (RoomID, BuildingID, MaxCapacity) VALUES (2, 344, 7);
INSERT INTO Building (BuildingID) VALUES (345);
INSERT INTO Room (RoomID, BuildingID, MaxCapacity) VALUES (1, 345, 4);
INSERT INTO Room (RoomID, BuildingID, MaxCapacity) VALUES (2, 345, 4);
INSERT INTO Building (BuildingID) VALUES (346);
INSERT INTO Room (RoomID, BuildingID, MaxCapacity) VALUES (1, 346, 7);
INSERT INTO Room (RoomID, BuildingID, MaxCapacity) VALUES (2, 346, 4);
INSERT INTO Building (BuildingID) VALUES (347);
INSERT INTO Room (RoomID, BuildingID, MaxCapacity) VALUES (1, 347, 5);
INSERT INTO Room (RoomID, BuildingID, MaxCapacity) VALUES (2, 347, 7);
INSERT INTO Building (BuildingID) VALUES (348);
INSERT INTO Room (RoomID, BuildingID, MaxCapacity) VALUES (1, 348, 4);
INSERT INTO Room (RoomID, BuildingID, MaxCapacity) VALUES (2, 348, 7);
INSERT INTO Building (BuildingID) VALUES (349);
INSERT INTO Room (RoomID, BuildingID, MaxCapacity) VALUES (1, 349, 8);
INSERT INTO Room (RoomID, BuildingID, MaxCapacity) VALUES (2, 349, 5);
INSERT INTO Building (BuildingID) VALUES (350);
INSERT INTO Room (RoomID, BuildingID, MaxCapacity) VALUES (1, 350, 8);
INSERT INTO Room (RoomID, BuildingID, MaxCapacity) VALUES (2, 350, 4);
INSERT INTO Building (BuildingID) VALUES (351);
INSERT INTO Room (RoomID, BuildingID, MaxCapacity) VALUES (1, 351, 8);
INSERT INTO Room (RoomID, BuildingID, MaxCapacity) VALUES (2, 351, 5);
INSERT INTO Building (BuildingID) VALUES (352);
INSERT INTO Room (RoomID, BuildingID, MaxCapacity) VALUES (1, 352, 6);
INSERT INTO Room (RoomID, BuildingID, MaxCapacity) VALUES (2, 352, 4);
INSERT INTO Building (BuildingID) VALUES (353);
INSERT INTO Room (RoomID, BuildingID, MaxCapacity) VALUES (1, 353, 6);
INSERT INTO Room (RoomID, BuildingID, MaxCapacity) VALUES (2, 353, 7);
INSERT INTO Building (BuildingID) VALUES (354);
INSERT INTO Room (RoomID, BuildingID, MaxCapacity) VALUES (1, 354, 7);
INSERT INTO Room (RoomID, BuildingID, MaxCapacity) VALUES (2, 354, 5);
INSERT INTO Building (BuildingID) VALUES (355);
INSERT INTO Room (RoomID, BuildingID, MaxCapacity) VALUES (1, 355, 5);
INSERT INTO Room (RoomID, BuildingID, MaxCapacity) VALUES (2, 355, 7);
INSERT INTO Building (BuildingID) VALUES (356);
INSERT INTO Room (RoomID, BuildingID, MaxCapacity) VALUES (1, 356, 6);
INSERT INTO Room (RoomID, BuildingID, MaxCapacity) VALUES (2, 356, 8);
INSERT INTO Building (BuildingID) VALUES (357);
INSERT INTO Room (RoomID, BuildingID, MaxCapacity) VALUES (1, 357, 5);
INSERT INTO Room (RoomID, BuildingID, MaxCapacity) VALUES (2, 357, 7);
INSERT INTO Building (BuildingID) VALUES (358);
INSERT INTO Room (RoomID, BuildingID, MaxCapacity) VALUES (1, 358, 8);
INSERT INTO Room (RoomID, BuildingID, MaxCapacity) VALUES (2, 358, 7);
INSERT INTO Building (BuildingID) VALUES (359);
INSERT INTO Room (RoomID, BuildingID, MaxCapacity) VALUES (1, 359, 8);
INSERT INTO Room (RoomID, BuildingID, MaxCapacity) VALUES (2, 359, 4);
INSERT INTO Building (BuildingID) VALUES (360);
INSERT INTO Room (RoomID, BuildingID, MaxCapacity) VALUES (1, 360, 4);
INSERT INTO Room (RoomID, BuildingID, MaxCapacity) VALUES (2, 360, 7);
INSERT INTO Building (BuildingID) VALUES (361);
INSERT INTO Room (RoomID, BuildingID, MaxCapacity) VALUES (1, 361, 8);
INSERT INTO Room (RoomID, BuildingID, MaxCapacity) VALUES (2, 361, 5);
INSERT INTO Building (BuildingID) VALUES (362);
INSERT INTO Room (RoomID, BuildingID, MaxCapacity) VALUES (1, 362, 4);
INSERT INTO Room (RoomID, BuildingID, MaxCapacity) VALUES (2, 362, 5);
INSERT INTO Building (BuildingID) VALUES (363);
INSERT INTO Room (RoomID, BuildingID, MaxCapacity) VALUES (1, 363, 8);
INSERT INTO Room (RoomID, BuildingID, MaxCapacity) VALUES (2, 363, 6);
INSERT INTO Building (BuildingID) VALUES (364);
INSERT INTO Room (RoomID, BuildingID, MaxCapacity) VALUES (1, 364, 6);
INSERT INTO Room (RoomID, BuildingID, MaxCapacity) VALUES (2, 364, 7);
INSERT INTO Building (BuildingID) VALUES (365);
INSERT INTO Room (RoomID, BuildingID, MaxCapacity) VALUES (1, 365, 4);
INSERT INTO Room (RoomID, BuildingID, MaxCapacity) VALUES (2, 365, 8);
INSERT INTO Building (BuildingID) VALUES (366);
INSERT INTO Room (RoomID, BuildingID, MaxCapacity) VALUES (1, 366, 7);
INSERT INTO Room (RoomID, BuildingID, MaxCapacity) VALUES (2, 366, 4);
INSERT INTO Building (BuildingID) VALUES (367);
INSERT INTO Room (RoomID, BuildingID, MaxCapacity) VALUES (1, 367, 8);
INSERT INTO Room (RoomID, BuildingID, MaxCapacity) VALUES (2, 367, 4);
INSERT INTO Building (BuildingID) VALUES (368);
INSERT INTO Room (RoomID, BuildingID, MaxCapacity) VALUES (1, 368, 5);
INSERT INTO Room (RoomID, BuildingID, MaxCapacity) VALUES (2, 368, 8);
INSERT INTO Building (BuildingID) VALUES (369);
INSERT INTO Room (RoomID, BuildingID, MaxCapacity) VALUES (1, 369, 8);
INSERT INTO Room (RoomID, BuildingID, MaxCapacity) VALUES (2, 369, 8);
INSERT INTO Building (BuildingID) VALUES (370);
INSERT INTO Room (RoomID, BuildingID, MaxCapacity) VALUES (1, 370, 4);
INSERT INTO Room (RoomID, BuildingID, MaxCapacity) VALUES (2, 370, 7);
INSERT INTO Building (BuildingID) VALUES (371);
INSERT INTO Room (RoomID, BuildingID, MaxCapacity) VALUES (1, 371, 7);
INSERT INTO Room (RoomID, BuildingID, MaxCapacity) VALUES (2, 371, 7);
INSERT INTO Building (BuildingID) VALUES (372);
INSERT INTO Room (RoomID, BuildingID, MaxCapacity) VALUES (1, 372, 4);
INSERT INTO Room (RoomID, BuildingID, MaxCapacity) VALUES (2, 372, 7);
INSERT INTO Building (BuildingID) VALUES (373);
INSERT INTO Room (RoomID, BuildingID, MaxCapacity) VALUES (1, 373, 5);
INSERT INTO Room (RoomID, BuildingID, MaxCapacity) VALUES (2, 373, 5);
INSERT INTO Building (BuildingID) VALUES (374);
INSERT INTO Room (RoomID, BuildingID, MaxCapacity) VALUES (1, 374, 8);
INSERT INTO Room (RoomID, BuildingID, MaxCapacity) VALUES (2, 374, 8);
INSERT INTO Building (BuildingID) VALUES (375);
INSERT INTO Room (RoomID, BuildingID, MaxCapacity) VALUES (1, 375, 4);
INSERT INTO Room (RoomID, BuildingID, MaxCapacity) VALUES (2, 375, 6);
INSERT INTO Building (BuildingID) VALUES (376);
INSERT INTO Room (RoomID, BuildingID, MaxCapacity) VALUES (1, 376, 4);
INSERT INTO Room (RoomID, BuildingID, MaxCapacity) VALUES (2, 376, 6);
INSERT INTO Building (BuildingID) VALUES (377);
INSERT INTO Room (RoomID, BuildingID, MaxCapacity) VALUES (1, 377, 8);
INSERT INTO Room (RoomID, BuildingID, MaxCapacity) VALUES (2, 377, 6);
INSERT INTO Building (BuildingID) VALUES (378);
INSERT INTO Room (RoomID, BuildingID, MaxCapacity) VALUES (1, 378, 8);
INSERT INTO Room (RoomID, BuildingID, MaxCapacity) VALUES (2, 378, 7);
INSERT INTO Building (BuildingID) VALUES (379);
INSERT INTO Room (RoomID, BuildingID, MaxCapacity) VALUES (1, 379, 4);
INSERT INTO Room (RoomID, BuildingID, MaxCapacity) VALUES (2, 379, 4);
INSERT INTO Building (BuildingID) VALUES (380);
INSERT INTO Room (RoomID, BuildingID, MaxCapacity) VALUES (1, 380, 6);
INSERT INTO Room (RoomID, BuildingID, MaxCapacity) VALUES (2, 380, 6);
INSERT INTO Building (BuildingID) VALUES (381);
INSERT INTO Room (RoomID, BuildingID, MaxCapacity) VALUES (1, 381, 7);
INSERT INTO Room (RoomID, BuildingID, MaxCapacity) VALUES (2, 381, 4);
INSERT INTO Building (BuildingID) VALUES (382);
INSERT INTO Room (RoomID, BuildingID, MaxCapacity) VALUES (1, 382, 4);
INSERT INTO Room (RoomID, BuildingID, MaxCapacity) VALUES (2, 382, 5);
INSERT INTO Building (BuildingID) VALUES (383);
INSERT INTO Room (RoomID, BuildingID, MaxCapacity) VALUES (1, 383, 7);
INSERT INTO Room (RoomID, BuildingID, MaxCapacity) VALUES (2, 383, 5);
INSERT INTO Building (BuildingID) VALUES (384);
INSERT INTO Room (RoomID, BuildingID, MaxCapacity) VALUES (1, 384, 4);
INSERT INTO Room (RoomID, BuildingID, MaxCapacity) VALUES (2, 384, 5);
INSERT INTO Building (BuildingID) VALUES (385);
INSERT INTO Room (RoomID, BuildingID, MaxCapacity) VALUES (1, 385, 8);
INSERT INTO Room (RoomID, BuildingID, MaxCapacity) VALUES (2, 385, 7);
INSERT INTO Building (BuildingID) VALUES (386);
INSERT INTO Room (RoomID, BuildingID, MaxCapacity) VALUES (1, 386, 7);
INSERT INTO Room (RoomID, BuildingID, MaxCapacity) VALUES (2, 386, 7);
INSERT INTO Building (BuildingID) VALUES (387);
INSERT INTO Room (RoomID, BuildingID, MaxCapacity) VALUES (1, 387, 7);
INSERT INTO Room (RoomID, BuildingID, MaxCapacity) VALUES (2, 387, 5);
INSERT INTO Building (BuildingID) VALUES (388);
INSERT INTO Room (RoomID, BuildingID, MaxCapacity) VALUES (1, 388, 4);
INSERT INTO Room (RoomID, BuildingID, MaxCapacity) VALUES (2, 388, 4);
INSERT INTO Building (BuildingID) VALUES (389);
INSERT INTO Room (RoomID, BuildingID, MaxCapacity) VALUES (1, 389, 8);
INSERT INTO Room (RoomID, BuildingID, MaxCapacity) VALUES (2, 389, 8);
INSERT INTO Building (BuildingID) VALUES (390);
INSERT INTO Room (RoomID, BuildingID, MaxCapacity) VALUES (1, 390, 5);
INSERT INTO Room (RoomID, BuildingID, MaxCapacity) VALUES (2, 390, 6);
INSERT INTO Building (BuildingID) VALUES (391);
INSERT INTO Room (RoomID, BuildingID, MaxCapacity) VALUES (1, 391, 4);
INSERT INTO Room (RoomID, BuildingID, MaxCapacity) VALUES (2, 391, 4);
INSERT INTO Building (BuildingID) VALUES (392);
INSERT INTO Room (RoomID, BuildingID, MaxCapacity) VALUES (1, 392, 7);
INSERT INTO Room (RoomID, BuildingID, MaxCapacity) VALUES (2, 392, 5);
INSERT INTO Building (BuildingID) VALUES (393);
INSERT INTO Room (RoomID, BuildingID, MaxCapacity) VALUES (1, 393, 5);
INSERT INTO Room (RoomID, BuildingID, MaxCapacity) VALUES (2, 393, 6);
INSERT INTO Building (BuildingID) VALUES (394);
INSERT INTO Room (RoomID, BuildingID, MaxCapacity) VALUES (1, 394, 4);
INSERT INTO Room (RoomID, BuildingID, MaxCapacity) VALUES (2, 394, 6);
INSERT INTO Building (BuildingID) VALUES (395);
INSERT INTO Room (RoomID, BuildingID, MaxCapacity) VALUES (1, 395, 7);
INSERT INTO Room (RoomID, BuildingID, MaxCapacity) VALUES (2, 395, 8);
INSERT INTO Building (BuildingID) VALUES (396);
INSERT INTO Room (RoomID, BuildingID, MaxCapacity) VALUES (1, 396, 5);
INSERT INTO Room (RoomID, BuildingID, MaxCapacity) VALUES (2, 396, 8);
INSERT INTO Building (BuildingID) VALUES (397);
INSERT INTO Room (RoomID, BuildingID, MaxCapacity) VALUES (1, 397, 7);
INSERT INTO Room (RoomID, BuildingID, MaxCapacity) VALUES (2, 397, 8);
INSERT INTO Building (BuildingID) VALUES (398);
INSERT INTO Room (RoomID, BuildingID, MaxCapacity) VALUES (1, 398, 4);
INSERT INTO Room (RoomID, BuildingID, MaxCapacity) VALUES (2, 398, 7);
INSERT INTO Building (BuildingID) VALUES (399);
INSERT INTO Room (RoomID, BuildingID, MaxCapacity) VALUES (1, 399, 6);
INSERT INTO Room (RoomID, BuildingID, MaxCapacity) VALUES (2, 399, 7);
INSERT INTO Building (BuildingID) VALUES (400);
INSERT INTO Room (RoomID, BuildingID, MaxCapacity) VALUES (1, 400, 5);
INSERT INTO Room (RoomID, BuildingID, MaxCapacity) VALUES (2, 400, 4);
INSERT INTO Person (ID, Age, PhoneNumber, Name) VALUES (1, 50, '0537302995', 'Alex');
INSERT INTO Person (ID, Age, PhoneNumber, Name) VALUES (2, 26, '0540536538', 'Amelia');
INSERT INTO Person (ID, Age, PhoneNumber, Name) VALUES (3, 48, '0543014668', 'Lawrence');
INSERT INTO Person (ID, Age, PhoneNumber, Name) VALUES (4, 37, '0502567383', 'Melissa');
INSERT INTO Person (ID, Age, PhoneNumber, Name) VALUES (5, 32, '0543145828', 'Peter');
INSERT INTO Person (ID, Age, PhoneNumber, Name) VALUES (6, 28, '0525449894', 'Charles');
INSERT INTO Person (ID, Age, PhoneNumber, Name) VALUES (7, 33, '0591404785', 'Morgan');
INSERT INTO Person (ID, Age, PhoneNumber, Name) VALUES (8, 44, '0589563435', 'Jocelyn');
INSERT INTO Person (ID, Age, PhoneNumber, Name) VALUES (9, 44, '0544338874', 'Walter');
INSERT INTO Person (ID, Age, PhoneNumber, Name) VALUES (10, 32, '0598965448', 'Joel');
INSERT INTO Person (ID, Age, PhoneNumber, Name) VALUES (11, 34, '0519805468', 'Delaney');
INSERT INTO Person (ID, Age, PhoneNumber, Name) VALUES (12, 40, '0500118099', 'Mariah');
INSERT INTO Person (ID, Age, PhoneNumber, Name) VALUES (13, 27, '0567347607', 'Samantha');
INSERT INTO Person (ID, Age, PhoneNumber, Name) VALUES (14, 38, '0578285536', 'Thomas');
INSERT INTO Person (ID, Age, PhoneNumber, Name) VALUES (15, 43, '0512746709', 'Max');
INSERT INTO Person (ID, Age, PhoneNumber, Name) VALUES (16, 27, '0532731841', 'Walter');
INSERT INTO Person (ID, Age, PhoneNumber, Name) VALUES (17, 37, '0553772725', 'Hailey');
INSERT INTO Person (ID, Age, PhoneNumber, Name) VALUES (18, 31, '0595152875', 'Taylor');
INSERT INTO Person (ID, Age, PhoneNumber, Name) VALUES (19, 46, '0584083515', 'David');
INSERT INTO Person (ID, Age, PhoneNumber, Name) VALUES (20, 28, '0534191630', 'Francis');
INSERT INTO Person (ID, Age, PhoneNumber, Name) VALUES (21, 31, '0556478375', 'Brooke');
INSERT INTO Person (ID, Age, PhoneNumber, Name) VALUES (22, 29, '0594298629', 'Frederick');
INSERT INTO Person (ID, Age, PhoneNumber, Name) VALUES (23, 38, '0583906031', 'Kaitlyn');
INSERT INTO Person (ID, Age, PhoneNumber, Name) VALUES (24, 28, '0569244837', 'Roger');
INSERT INTO Person (ID, Age, PhoneNumber, Name) VALUES (25, 50, '0530846920', 'Norman');
INSERT INTO Person (ID, Age, PhoneNumber, Name) VALUES (26, 46, '0589470683', 'Ryan');
INSERT INTO Person (ID, Age, PhoneNumber, Name) VALUES (27, 25, '0522916860', 'Thomas');
INSERT INTO Person (ID, Age, PhoneNumber, Name) VALUES (28, 32, '0550311769', 'Rylee');
INSERT INTO Person (ID, Age, PhoneNumber, Name) VALUES (29, 42, '0598301169', 'Skylar');
INSERT INTO Person (ID, Age, PhoneNumber, Name) VALUES (30, 28, '0591022259', 'Hannah');
INSERT INTO Person (ID, Age, PhoneNumber, Name) VALUES (31, 39, '0549384301', 'Taylor');
INSERT INTO Person (ID, Age, PhoneNumber, Name) VALUES (32, 45, '0578935939', 'Keith');
INSERT INTO Person (ID, Age, PhoneNumber, Name) VALUES (33, 43, '0515774393', 'Claire');
INSERT INTO Person (ID, Age, PhoneNumber, Name) VALUES (34, 40, '0528031860', 'Norman');
INSERT INTO Person (ID, Age, PhoneNumber, Name) VALUES (35, 49, '0537276708', 'Mariah');
INSERT INTO Person (ID, Age, PhoneNumber, Name) VALUES (36, 38, '0538017978', 'Frank');
INSERT INTO Person (ID, Age, PhoneNumber, Name) VALUES (37, 26, '0559977186', 'Caroline');
INSERT INTO Person (ID, Age, PhoneNumber, Name) VALUES (38, 46, '0552224293', 'Clarence');
INSERT INTO Person (ID, Age, PhoneNumber, Name) VALUES (39, 28, '0535714566', 'Kayla');
INSERT INTO Person (ID, Age, PhoneNumber, Name) VALUES (40, 30, '0558320579', 'Roger');
INSERT INTO Person (ID, Age, PhoneNumber, Name) VALUES (41, 48, '0514888571', 'Angelina');
INSERT INTO Person (ID, Age, PhoneNumber, Name) VALUES (42, 47, '0548874680', 'Wayne');
INSERT INTO Person (ID, Age, PhoneNumber, Name) VALUES (43, 45, '0510371796', 'Grace');
INSERT INTO Person (ID, Age, PhoneNumber, Name) VALUES (44, 43, '0565036403', 'Gordon');
INSERT INTO Person (ID, Age, PhoneNumber, Name) VALUES (45, 25, '0547055212', 'Anthony');
INSERT INTO Person (ID, Age, PhoneNumber, Name) VALUES (46, 30, '0548269016', 'Alexis');
INSERT INTO Person (ID, Age, PhoneNumber, Name) VALUES (47, 36, '0556151636', 'Grace');
INSERT INTO Person (ID, Age, PhoneNumber, Name) VALUES (48, 26, '0587536468', 'Brooke');
INSERT INTO Person (ID, Age, PhoneNumber, Name) VALUES (49, 28, '0594722801', 'Charles');
INSERT INTO Person (ID, Age, PhoneNumber, Name) VALUES (50, 40, '0551989275', 'Jeffrey');
INSERT INTO Person (ID, Age, PhoneNumber, Name) VALUES (51, 37, '0566648117', 'Levi');
INSERT INTO Person (ID, Age, PhoneNumber, Name) VALUES (52, 36, '0525128117', 'Brandon');
INSERT INTO Person (ID, Age, PhoneNumber, Name) VALUES (53, 35, '0595535005', 'Landon');
INSERT INTO Person (ID, Age, PhoneNumber, Name) VALUES (54, 44, '0513854401', 'Michael');
INSERT INTO Person (ID, Age, PhoneNumber, Name) VALUES (55, 29, '0514246888', 'Derek');
INSERT INTO Person (ID, Age, PhoneNumber, Name) VALUES (56, 40, '0598252736', 'Jerome');
INSERT INTO Person (ID, Age, PhoneNumber, Name) VALUES (57, 40, '0505440206', 'Frederick');
INSERT INTO Person (ID, Age, PhoneNumber, Name) VALUES (58, 49, '0511504860', 'Harry');
INSERT INTO Person (ID, Age, PhoneNumber, Name) VALUES (59, 29, '0524304557', 'Sara');
INSERT INTO Person (ID, Age, PhoneNumber, Name) VALUES (60, 34, '0554907194', 'Samuel');
INSERT INTO Person (ID, Age, PhoneNumber, Name) VALUES (61, 40, '0587127304', 'Claire');
INSERT INTO Person (ID, Age, PhoneNumber, Name) VALUES (62, 33, '0599803173', 'Christopher');
INSERT INTO Person (ID, Age, PhoneNumber, Name) VALUES (63, 35, '0581539758', 'Nora');
INSERT INTO Person (ID, Age, PhoneNumber, Name) VALUES (64, 48, '0506047748', 'Lester');
INSERT INTO Person (ID, Age, PhoneNumber, Name) VALUES (65, 40, '0538821990', 'Danielle');
INSERT INTO Person (ID, Age, PhoneNumber, Name) VALUES (66, 28, '0590341973', 'Sophie');
INSERT INTO Person (ID, Age, PhoneNumber, Name) VALUES (67, 45, '0599753129', 'Lester');
INSERT INTO Person (ID, Age, PhoneNumber, Name) VALUES (68, 28, '0599606155', 'Gerald');
INSERT INTO Person (ID, Age, PhoneNumber, Name) VALUES (69, 46, '0585785660', 'Kennedy');
INSERT INTO Person (ID, Age, PhoneNumber, Name) VALUES (70, 30, '0571817586', 'Skylar');
INSERT INTO Person (ID, Age, PhoneNumber, Name) VALUES (71, 30, '0588611474', 'Kaitlyn');
INSERT INTO Person (ID, Age, PhoneNumber, Name) VALUES (72, 35, '0510833060', 'Kennedy');
INSERT INTO Person (ID, Age, PhoneNumber, Name) VALUES (73, 32, '0589853863', 'Avery');
INSERT INTO Person (ID, Age, PhoneNumber, Name) VALUES (74, 44, '0540159206', 'Richard');
INSERT INTO Person (ID, Age, PhoneNumber, Name) VALUES (75, 32, '0528874461', 'Caroline');
INSERT INTO Person (ID, Age, PhoneNumber, Name) VALUES (76, 27, '0545077120', 'Ariana');
INSERT INTO Person (ID, Age, PhoneNumber, Name) VALUES (77, 41, '0588268598', 'Natalie');
INSERT INTO Person (ID, Age, PhoneNumber, Name) VALUES (78, 42, '0549904630', 'Kaitlyn');
INSERT INTO Person (ID, Age, PhoneNumber, Name) VALUES (79, 35, '0519987624', 'Mckenzie');
INSERT INTO Person (ID, Age, PhoneNumber, Name) VALUES (80, 49, '0573648028', 'Skylar');
INSERT INTO Person (ID, Age, PhoneNumber, Name) VALUES (81, 39, '0513895943', 'Nora');
INSERT INTO Person (ID, Age, PhoneNumber, Name) VALUES (82, 47, '0567185869', 'Sophie');
INSERT INTO Person (ID, Age, PhoneNumber, Name) VALUES (83, 44, '0514555054', 'Calvin');
INSERT INTO Person (ID, Age, PhoneNumber, Name) VALUES (84, 43, '0539815701', 'Rachel');
INSERT INTO Person (ID, Age, PhoneNumber, Name) VALUES (85, 41, '0597988167', 'Samuel');
INSERT INTO Person (ID, Age, PhoneNumber, Name) VALUES (86, 36, '0568322696', 'Jonathan');
INSERT INTO Person (ID, Age, PhoneNumber, Name) VALUES (87, 40, '0518289699', 'Avery');
INSERT INTO Person (ID, Age, PhoneNumber, Name) VALUES (88, 36, '0552689001', 'Trevor');
INSERT INTO Person (ID, Age, PhoneNumber, Name) VALUES (89, 42, '0542461064', 'Tyler');
INSERT INTO Person (ID, Age, PhoneNumber, Name) VALUES (90, 45, '0581903108', 'Mackenzie');
INSERT INTO Person (ID, Age, PhoneNumber, Name) VALUES (91, 48, '0516871531', 'Faith');
INSERT INTO Person (ID, Age, PhoneNumber, Name) VALUES (92, 38, '0535487656', 'Edward');
INSERT INTO Person (ID, Age, PhoneNumber, Name) VALUES (93, 41, '0589190820', 'Allison');
INSERT INTO Person (ID, Age, PhoneNumber, Name) VALUES (94, 40, '0532808378', 'David');
INSERT INTO Person (ID, Age, PhoneNumber, Name) VALUES (95, 45, '0576584157', 'Madison');
INSERT INTO Person (ID, Age, PhoneNumber, Name) VALUES (96, 28, '0503326826', 'Julia');
INSERT INTO Person (ID, Age, PhoneNumber, Name) VALUES (97, 34, '0570929552', 'Brooke');
INSERT INTO Person (ID, Age, PhoneNumber, Name) VALUES (98, 42, '0509619790', 'Tyler');
INSERT INTO Person (ID, Age, PhoneNumber, Name) VALUES (99, 26, '0552041955', 'Evelyn');
INSERT INTO Person (ID, Age, PhoneNumber, Name) VALUES (100, 34, '0524493284', 'Brian');
INSERT INTO Person (ID, Age, PhoneNumber, Name) VALUES (101, 40, '0597963706', 'Philip');
INSERT INTO Person (ID, Age, PhoneNumber, Name) VALUES (102, 36, '0527561241', 'Olivia');
INSERT INTO Person (ID, Age, PhoneNumber, Name) VALUES (103, 25, '0578352547', 'Kylie');
INSERT INTO Person (ID, Age, PhoneNumber, Name) VALUES (104, 31, '0560550040', 'Joshua');
INSERT INTO Person (ID, Age, PhoneNumber, Name) VALUES (105, 31, '0576889459', 'Timothy');
INSERT INTO Person (ID, Age, PhoneNumber, Name) VALUES (106, 27, '0551718558', 'Alexandra');
INSERT INTO Person (ID, Age, PhoneNumber, Name) VALUES (107, 39, '0583289556', 'Brianna');
INSERT INTO Person (ID, Age, PhoneNumber, Name) VALUES (108, 26, '0546840089', 'Nora');
INSERT INTO Person (ID, Age, PhoneNumber, Name) VALUES (109, 29, '0573486932', 'Elise');
INSERT INTO Person (ID, Age, PhoneNumber, Name) VALUES (110, 50, '0555145034', 'Makayla');
INSERT INTO Person (ID, Age, PhoneNumber, Name) VALUES (111, 35, '0553424699', 'Andrew');
INSERT INTO Person (ID, Age, PhoneNumber, Name) VALUES (112, 38, '0500772164', 'Jennifer');
INSERT INTO Person (ID, Age, PhoneNumber, Name) VALUES (113, 33, '0580839722', 'Trevor');
INSERT INTO Person (ID, Age, PhoneNumber, Name) VALUES (114, 32, '0513602027', 'Gabrielle');
INSERT INTO Person (ID, Age, PhoneNumber, Name) VALUES (115, 41, '0520319903', 'Aaron');
INSERT INTO Person (ID, Age, PhoneNumber, Name) VALUES (116, 41, '0564158511', 'Leah');
INSERT INTO Person (ID, Age, PhoneNumber, Name) VALUES (117, 32, '0599135188', 'Anna');
INSERT INTO Person (ID, Age, PhoneNumber, Name) VALUES (118, 46, '0554096283', 'Glenn');
INSERT INTO Person (ID, Age, PhoneNumber, Name) VALUES (119, 46, '0555491545', 'Jessica');
INSERT INTO Person (ID, Age, PhoneNumber, Name) VALUES (120, 33, '0507818545', 'Peyton');
INSERT INTO Person (ID, Age, PhoneNumber, Name) VALUES (121, 33, '0587740582', 'Hannah');
INSERT INTO Person (ID, Age, PhoneNumber, Name) VALUES (122, 30, '0561520443', 'Anna');
INSERT INTO Person (ID, Age, PhoneNumber, Name) VALUES (123, 41, '0522177188', 'Gordon');
INSERT INTO Person (ID, Age, PhoneNumber, Name) VALUES (124, 45, '0511506503', 'Brianna');
INSERT INTO Person (ID, Age, PhoneNumber, Name) VALUES (125, 25, '0579292089', 'Trevor');
INSERT INTO Person (ID, Age, PhoneNumber, Name) VALUES (126, 28, '0544244889', 'Ellie');
INSERT INTO Person (ID, Age, PhoneNumber, Name) VALUES (127, 33, '0529889392', 'Adriana');
INSERT INTO Person (ID, Age, PhoneNumber, Name) VALUES (128, 27, '0507490021', 'George');
INSERT INTO Person (ID, Age, PhoneNumber, Name) VALUES (129, 29, '0568258904', 'Miles');
INSERT INTO Person (ID, Age, PhoneNumber, Name) VALUES (130, 38, '0521414445', 'Keith');
INSERT INTO Person (ID, Age, PhoneNumber, Name) VALUES (131, 42, '0560573218', 'Kaitlyn');
INSERT INTO Person (ID, Age, PhoneNumber, Name) VALUES (132, 36, '0536605393', 'Gerald');
INSERT INTO Person (ID, Age, PhoneNumber, Name) VALUES (133, 47, '0583921452', 'Gabriella');
INSERT INTO Person (ID, Age, PhoneNumber, Name) VALUES (134, 49, '0518721780', 'Levi');
INSERT INTO Person (ID, Age, PhoneNumber, Name) VALUES (135, 31, '0584902224', 'Aaliyah');
INSERT INTO Person (ID, Age, PhoneNumber, Name) VALUES (136, 40, '0598043049', 'Jocelyn');
INSERT INTO Person (ID, Age, PhoneNumber, Name) VALUES (137, 38, '0557351872', 'Sarah');
INSERT INTO Person (ID, Age, PhoneNumber, Name) VALUES (138, 42, '0591180430', 'Alexis');
INSERT INTO Person (ID, Age, PhoneNumber, Name) VALUES (139, 45, '0573765351', 'William');
INSERT INTO Person (ID, Age, PhoneNumber, Name) VALUES (140, 44, '0575120486', 'Madison');
INSERT INTO Person (ID, Age, PhoneNumber, Name) VALUES (141, 48, '0583789297', 'Jasmine');
INSERT INTO Person (ID, Age, PhoneNumber, Name) VALUES (142, 42, '0570894095', 'Chloe');
INSERT INTO Person (ID, Age, PhoneNumber, Name) VALUES (143, 38, '0565509475', 'Caroline');
INSERT INTO Person (ID, Age, PhoneNumber, Name) VALUES (144, 43, '0560647115', 'Madeline');
INSERT INTO Person (ID, Age, PhoneNumber, Name) VALUES (145, 47, '0539481718', 'Max');
INSERT INTO Person (ID, Age, PhoneNumber, Name) VALUES (146, 28, '0532195235', 'Sydney');
INSERT INTO Person (ID, Age, PhoneNumber, Name) VALUES (147, 25, '0508892692', 'Sarah');
INSERT INTO Person (ID, Age, PhoneNumber, Name) VALUES (148, 46, '0519710305', 'Roland');
INSERT INTO Person (ID, Age, PhoneNumber, Name) VALUES (149, 27, '0583423964', 'Audrey');
INSERT INTO Person (ID, Age, PhoneNumber, Name) VALUES (150, 45, '0521255499', 'Hannah');
INSERT INTO Person (ID, Age, PhoneNumber, Name) VALUES (151, 42, '0523169384', 'Cameron');
INSERT INTO Person (ID, Age, PhoneNumber, Name) VALUES (152, 32, '0543519800', 'Faith');
INSERT INTO Person (ID, Age, PhoneNumber, Name) VALUES (153, 34, '0575092011', 'Adalyn');
INSERT INTO Person (ID, Age, PhoneNumber, Name) VALUES (154, 50, '0571349120', 'Megan');
INSERT INTO Person (ID, Age, PhoneNumber, Name) VALUES (155, 34, '0570958939', 'Ronald');
INSERT INTO Person (ID, Age, PhoneNumber, Name) VALUES (156, 38, '0580648233', 'Nathan');
INSERT INTO Person (ID, Age, PhoneNumber, Name) VALUES (157, 29, '0573047759', 'Evelyn');
INSERT INTO Person (ID, Age, PhoneNumber, Name) VALUES (158, 28, '0567077778', 'Levi');
INSERT INTO Person (ID, Age, PhoneNumber, Name) VALUES (159, 38, '0573750998', 'Ellie');
INSERT INTO Person (ID, Age, PhoneNumber, Name) VALUES (160, 26, '0573957547', 'Keith');
INSERT INTO Person (ID, Age, PhoneNumber, Name) VALUES (161, 27, '0569692226', 'Taylor');
INSERT INTO Person (ID, Age, PhoneNumber, Name) VALUES (162, 26, '0572039215', 'Adam');
INSERT INTO Person (ID, Age, PhoneNumber, Name) VALUES (163, 29, '0504743189', 'Francis');
INSERT INTO Person (ID, Age, PhoneNumber, Name) VALUES (164, 27, '0591558224', 'Jared');
INSERT INTO Person (ID, Age, PhoneNumber, Name) VALUES (165, 30, '0513079715', 'Mia');
INSERT INTO Person (ID, Age, PhoneNumber, Name) VALUES (166, 41, '0539651620', 'Anthony');
INSERT INTO Person (ID, Age, PhoneNumber, Name) VALUES (167, 32, '0537707631', 'Roland');
INSERT INTO Person (ID, Age, PhoneNumber, Name) VALUES (168, 31, '0598768733', 'Kenneth');
INSERT INTO Person (ID, Age, PhoneNumber, Name) VALUES (169, 42, '0553312361', 'Michael');
INSERT INTO Person (ID, Age, PhoneNumber, Name) VALUES (170, 37, '0509269809', 'Eric');
INSERT INTO Person (ID, Age, PhoneNumber, Name) VALUES (171, 49, '0507889763', 'Ronald');
INSERT INTO Person (ID, Age, PhoneNumber, Name) VALUES (172, 42, '0565738072', 'Michael');
INSERT INTO Person (ID, Age, PhoneNumber, Name) VALUES (173, 42, '0535853008', 'Olivia');
INSERT INTO Person (ID, Age, PhoneNumber, Name) VALUES (174, 41, '0574521921', 'Victor');
INSERT INTO Person (ID, Age, PhoneNumber, Name) VALUES (175, 26, '0527116164', 'Lily');
INSERT INTO Person (ID, Age, PhoneNumber, Name) VALUES (176, 41, '0521309255', 'Joel');
INSERT INTO Person (ID, Age, PhoneNumber, Name) VALUES (177, 28, '0543023849', 'Paige');
INSERT INTO Person (ID, Age, PhoneNumber, Name) VALUES (178, 42, '0535233039', 'Leonard');
INSERT INTO Person (ID, Age, PhoneNumber, Name) VALUES (179, 28, '0546644368', 'Miles');
INSERT INTO Person (ID, Age, PhoneNumber, Name) VALUES (180, 49, '0558722632', 'Makenna');
INSERT INTO Person (ID, Age, PhoneNumber, Name) VALUES (181, 41, '0540185750', 'Derek');
INSERT INTO Person (ID, Age, PhoneNumber, Name) VALUES (182, 34, '0593107933', 'Martin');
INSERT INTO Person (ID, Age, PhoneNumber, Name) VALUES (183, 40, '0516399605', 'Donald');
INSERT INTO Person (ID, Age, PhoneNumber, Name) VALUES (184, 34, '0575026568', 'Madison');
INSERT INTO Person (ID, Age, PhoneNumber, Name) VALUES (185, 42, '0517575916', 'Norman');
INSERT INTO Person (ID, Age, PhoneNumber, Name) VALUES (186, 32, '0595587511', 'Walter');
INSERT INTO Person (ID, Age, PhoneNumber, Name) VALUES (187, 47, '0504964137', 'Stephanie');
INSERT INTO Person (ID, Age, PhoneNumber, Name) VALUES (188, 28, '0522927624', 'Faith');
INSERT INTO Person (ID, Age, PhoneNumber, Name) VALUES (189, 46, '0530202337', 'Mackenzie');
INSERT INTO Person (ID, Age, PhoneNumber, Name) VALUES (190, 47, '0581397255', 'Kayla');
INSERT INTO Person (ID, Age, PhoneNumber, Name) VALUES (191, 37, '0549335987', 'Emma');
INSERT INTO Person (ID, Age, PhoneNumber, Name) VALUES (192, 33, '0567807684', 'Charles');
INSERT INTO Person (ID, Age, PhoneNumber, Name) VALUES (193, 49, '0513178783', 'Alyssa');
INSERT INTO Person (ID, Age, PhoneNumber, Name) VALUES (194, 30, '0578809974', 'Rylee');
INSERT INTO Person (ID, Age, PhoneNumber, Name) VALUES (195, 42, '0588193236', 'Leah');
INSERT INTO Person (ID, Age, PhoneNumber, Name) VALUES (196, 29, '0500492939', 'Madeline');
INSERT INTO Person (ID, Age, PhoneNumber, Name) VALUES (197, 35, '0515313229', 'Megan');
INSERT INTO Person (ID, Age, PhoneNumber, Name) VALUES (198, 50, '0546451968', 'Brandon');
INSERT INTO Person (ID, Age, PhoneNumber, Name) VALUES (199, 33, '0579183029', 'Francis');
INSERT INTO Person (ID, Age, PhoneNumber, Name) VALUES (200, 38, '0566316914', 'Dennis');
INSERT INTO Person (ID, Age, PhoneNumber, Name) VALUES (201, 49, '0577945792', 'Tyler');
INSERT INTO Person (ID, Age, PhoneNumber, Name) VALUES (202, 33, '0502024126', 'Keith');
INSERT INTO Person (ID, Age, PhoneNumber, Name) VALUES (203, 43, '0545165736', 'Angelina');
INSERT INTO Person (ID, Age, PhoneNumber, Name) VALUES (204, 36, '0539465330', 'Claire');
INSERT INTO Person (ID, Age, PhoneNumber, Name) VALUES (205, 48, '0564021018', 'Amanda');
INSERT INTO Person (ID, Age, PhoneNumber, Name) VALUES (206, 26, '0545248429', 'Brianna');
INSERT INTO Person (ID, Age, PhoneNumber, Name) VALUES (207, 47, '0509715462', 'Glenn');
INSERT INTO Person (ID, Age, PhoneNumber, Name) VALUES (208, 34, '0559949297', 'Evelyn');
INSERT INTO Person (ID, Age, PhoneNumber, Name) VALUES (209, 29, '0512004496', 'Skylar');
INSERT INTO Person (ID, Age, PhoneNumber, Name) VALUES (210, 31, '0564228862', 'Elizabeth');
INSERT INTO Person (ID, Age, PhoneNumber, Name) VALUES (211, 45, '0520668389', 'Allison');
INSERT INTO Person (ID, Age, PhoneNumber, Name) VALUES (212, 42, '0536266442', 'Albert');
INSERT INTO Person (ID, Age, PhoneNumber, Name) VALUES (213, 28, '0585232496', 'Aaron');
INSERT INTO Person (ID, Age, PhoneNumber, Name) VALUES (214, 32, '0576641012', 'Tyler');
INSERT INTO Person (ID, Age, PhoneNumber, Name) VALUES (215, 47, '0533113598', 'Gregory');
INSERT INTO Person (ID, Age, PhoneNumber, Name) VALUES (216, 29, '0527856625', 'Angelina');
INSERT INTO Person (ID, Age, PhoneNumber, Name) VALUES (217, 31, '0530508990', 'Lila');
INSERT INTO Person (ID, Age, PhoneNumber, Name) VALUES (218, 40, '0505667285', 'Jerome');
INSERT INTO Person (ID, Age, PhoneNumber, Name) VALUES (219, 29, '0539081228', 'Amanda');
INSERT INTO Person (ID, Age, PhoneNumber, Name) VALUES (220, 30, '0500814134', 'Glenn');
INSERT INTO Person (ID, Age, PhoneNumber, Name) VALUES (221, 48, '0539098771', 'Melissa');
INSERT INTO Person (ID, Age, PhoneNumber, Name) VALUES (222, 39, '0511417535', 'Richard');
INSERT INTO Person (ID, Age, PhoneNumber, Name) VALUES (223, 49, '0545055679', 'Haley');
INSERT INTO Person (ID, Age, PhoneNumber, Name) VALUES (224, 32, '0520877833', 'Keith');
INSERT INTO Person (ID, Age, PhoneNumber, Name) VALUES (225, 49, '0502708765', 'Alex');
INSERT INTO Person (ID, Age, PhoneNumber, Name) VALUES (226, 41, '0537393976', 'Ryan');
INSERT INTO Person (ID, Age, PhoneNumber, Name) VALUES (227, 29, '0558155712', 'George');
INSERT INTO Person (ID, Age, PhoneNumber, Name) VALUES (228, 50, '0578292309', 'Gregory');
INSERT INTO Person (ID, Age, PhoneNumber, Name) VALUES (229, 32, '0599938072', 'Faith');
INSERT INTO Person (ID, Age, PhoneNumber, Name) VALUES (230, 39, '0544163700', 'Haley');
INSERT INTO Person (ID, Age, PhoneNumber, Name) VALUES (231, 43, '0599319278', 'Avery');
INSERT INTO Person (ID, Age, PhoneNumber, Name) VALUES (232, 26, '0508974363', 'Thomas');
INSERT INTO Person (ID, Age, PhoneNumber, Name) VALUES (233, 30, '0524073593', 'Caroline');
INSERT INTO Person (ID, Age, PhoneNumber, Name) VALUES (234, 37, '0557509537', 'Audrey');
INSERT INTO Person (ID, Age, PhoneNumber, Name) VALUES (235, 47, '0573211283', 'Brianna');
INSERT INTO Person (ID, Age, PhoneNumber, Name) VALUES (236, 25, '0574002819', 'Ronald');
INSERT INTO Person (ID, Age, PhoneNumber, Name) VALUES (237, 30, '0517048250', 'Stephen');
INSERT INTO Person (ID, Age, PhoneNumber, Name) VALUES (238, 46, '0548277887', 'Aria');
INSERT INTO Person (ID, Age, PhoneNumber, Name) VALUES (239, 42, '0505620680', 'Kaitlyn');
INSERT INTO Person (ID, Age, PhoneNumber, Name) VALUES (240, 28, '0501199537', 'Samantha');
INSERT INTO Person (ID, Age, PhoneNumber, Name) VALUES (241, 34, '0516422990', 'Taylor');
INSERT INTO Person (ID, Age, PhoneNumber, Name) VALUES (242, 27, '0588685663', 'Mark');
INSERT INTO Person (ID, Age, PhoneNumber, Name) VALUES (243, 27, '0544230745', 'Richard');
INSERT INTO Person (ID, Age, PhoneNumber, Name) VALUES (244, 50, '0515835581', 'Leonard');
INSERT INTO Person (ID, Age, PhoneNumber, Name) VALUES (245, 48, '0512268114', 'Lester');
INSERT INTO Person (ID, Age, PhoneNumber, Name) VALUES (246, 46, '0550068742', 'Hannah');
INSERT INTO Person (ID, Age, PhoneNumber, Name) VALUES (247, 48, '0568712516', 'Joseph');
INSERT INTO Person (ID, Age, PhoneNumber, Name) VALUES (248, 43, '0514247948', 'Howard');
INSERT INTO Person (ID, Age, PhoneNumber, Name) VALUES (249, 39, '0517105065', 'Rylee');
INSERT INTO Person (ID, Age, PhoneNumber, Name) VALUES (250, 32, '0503423220', 'Piper');
INSERT INTO Person (ID, Age, PhoneNumber, Name) VALUES (251, 34, '0511678959', 'Patrick');
INSERT INTO Person (ID, Age, PhoneNumber, Name) VALUES (252, 40, '0519991205', 'Jennifer');
INSERT INTO Person (ID, Age, PhoneNumber, Name) VALUES (253, 40, '0590045661', 'Brian');
INSERT INTO Person (ID, Age, PhoneNumber, Name) VALUES (254, 37, '0519740188', 'Victor');
INSERT INTO Person (ID, Age, PhoneNumber, Name) VALUES (255, 49, '0589912577', 'Evelyn');
INSERT INTO Person (ID, Age, PhoneNumber, Name) VALUES (256, 47, '0521240461', 'Howard');
INSERT INTO Person (ID, Age, PhoneNumber, Name) VALUES (257, 38, '0573445612', 'Brooke');
INSERT INTO Person (ID, Age, PhoneNumber, Name) VALUES (258, 44, '0511383511', 'Nicholas');
INSERT INTO Person (ID, Age, PhoneNumber, Name) VALUES (259, 31, '0537797814', 'Robert');
INSERT INTO Person (ID, Age, PhoneNumber, Name) VALUES (260, 28, '0515348727', 'Katherine');
INSERT INTO Person (ID, Age, PhoneNumber, Name) VALUES (261, 49, '0525981005', 'Haley');
INSERT INTO Person (ID, Age, PhoneNumber, Name) VALUES (262, 37, '0595506924', 'Jonathan');
INSERT INTO Person (ID, Age, PhoneNumber, Name) VALUES (263, 47, '0511809233', 'Gerald');
INSERT INTO Person (ID, Age, PhoneNumber, Name) VALUES (264, 41, '0507625101', 'Gianna');
INSERT INTO Person (ID, Age, PhoneNumber, Name) VALUES (265, 47, '0534377060', 'Bradley');
INSERT INTO Person (ID, Age, PhoneNumber, Name) VALUES (266, 37, '0520129043', 'Calvin');
INSERT INTO Person (ID, Age, PhoneNumber, Name) VALUES (267, 49, '0510757094', 'Natalie');
INSERT INTO Person (ID, Age, PhoneNumber, Name) VALUES (268, 28, '0568516325', 'Jennifer');
INSERT INTO Person (ID, Age, PhoneNumber, Name) VALUES (269, 49, '0504621456', 'Gregory');
INSERT INTO Person (ID, Age, PhoneNumber, Name) VALUES (270, 37, '0568149241', 'Tyler');
INSERT INTO Person (ID, Age, PhoneNumber, Name) VALUES (271, 27, '0539200365', 'Piper');
INSERT INTO Person (ID, Age, PhoneNumber, Name) VALUES (272, 28, '0540043889', 'Violet');
INSERT INTO Person (ID, Age, PhoneNumber, Name) VALUES (273, 48, '0548591206', 'Adam');
INSERT INTO Person (ID, Age, PhoneNumber, Name) VALUES (274, 29, '0521550578', 'Thomas');
INSERT INTO Person (ID, Age, PhoneNumber, Name) VALUES (275, 36, '0567716283', 'Jeffrey');
INSERT INTO Person (ID, Age, PhoneNumber, Name) VALUES (276, 46, '0508041407', 'Raymond');
INSERT INTO Person (ID, Age, PhoneNumber, Name) VALUES (277, 32, '0587981637', 'Clarence');
INSERT INTO Person (ID, Age, PhoneNumber, Name) VALUES (278, 28, '0502114506', 'Morgan');
INSERT INTO Person (ID, Age, PhoneNumber, Name) VALUES (279, 32, '0580310599', 'Roland');
INSERT INTO Person (ID, Age, PhoneNumber, Name) VALUES (280, 34, '0507992267', 'Adam');
INSERT INTO Person (ID, Age, PhoneNumber, Name) VALUES (281, 35, '0582281991', 'Piper');
INSERT INTO Person (ID, Age, PhoneNumber, Name) VALUES (282, 40, '0584416151', 'Haley');
INSERT INTO Person (ID, Age, PhoneNumber, Name) VALUES (283, 34, '0589863222', 'Harold');
INSERT INTO Person (ID, Age, PhoneNumber, Name) VALUES (284, 26, '0549544088', 'Maya');
INSERT INTO Person (ID, Age, PhoneNumber, Name) VALUES (285, 42, '0506098771', 'Matthew');
INSERT INTO Person (ID, Age, PhoneNumber, Name) VALUES (286, 37, '0545945647', 'Raymond');
INSERT INTO Person (ID, Age, PhoneNumber, Name) VALUES (287, 28, '0574731145', 'Joshua');
INSERT INTO Person (ID, Age, PhoneNumber, Name) VALUES (288, 46, '0554332016', 'Aaron');
INSERT INTO Person (ID, Age, PhoneNumber, Name) VALUES (289, 40, '0591133551', 'Francis');
INSERT INTO Person (ID, Age, PhoneNumber, Name) VALUES (290, 43, '0530502680', 'Aaliyah');
INSERT INTO Person (ID, Age, PhoneNumber, Name) VALUES (291, 36, '0501725882', 'Aria');
INSERT INTO Person (ID, Age, PhoneNumber, Name) VALUES (292, 30, '0586427871', 'Delaney');
INSERT INTO Person (ID, Age, PhoneNumber, Name) VALUES (293, 35, '0530238819', 'Brian');
INSERT INTO Person (ID, Age, PhoneNumber, Name) VALUES (294, 47, '0560307269', 'Albert');
INSERT INTO Person (ID, Age, PhoneNumber, Name) VALUES (295, 27, '0566201840', 'Kennedy');
INSERT INTO Person (ID, Age, PhoneNumber, Name) VALUES (296, 33, '0517223116', 'Gianna');
INSERT INTO Person (ID, Age, PhoneNumber, Name) VALUES (297, 42, '0592878553', 'Peyton');
INSERT INTO Person (ID, Age, PhoneNumber, Name) VALUES (298, 26, '0598378833', 'Cameron');
INSERT INTO Person (ID, Age, PhoneNumber, Name) VALUES (299, 28, '0519430576', 'Jocelyn');
INSERT INTO Person (ID, Age, PhoneNumber, Name) VALUES (300, 27, '0529542940', 'Martin');
INSERT INTO Person (ID, Age, PhoneNumber, Name) VALUES (301, 36, '0541498756', 'Layla');
INSERT INTO Person (ID, Age, PhoneNumber, Name) VALUES (302, 44, '0542515472', 'Hannah');
INSERT INTO Person (ID, Age, PhoneNumber, Name) VALUES (303, 26, '0500580126', 'Lawrence');
INSERT INTO Person (ID, Age, PhoneNumber, Name) VALUES (304, 48, '0584652959', 'Joel');
INSERT INTO Person (ID, Age, PhoneNumber, Name) VALUES (305, 27, '0533539346', 'Robert');
INSERT INTO Person (ID, Age, PhoneNumber, Name) VALUES (306, 30, '0506546703', 'Harry');
INSERT INTO Person (ID, Age, PhoneNumber, Name) VALUES (307, 30, '0523772591', 'Nora');
INSERT INTO Person (ID, Age, PhoneNumber, Name) VALUES (308, 47, '0519977062', 'Victor');
INSERT INTO Person (ID, Age, PhoneNumber, Name) VALUES (309, 34, '0554806110', 'Stephen');
INSERT INTO Person (ID, Age, PhoneNumber, Name) VALUES (310, 34, '0516345766', 'Alex');
INSERT INTO Person (ID, Age, PhoneNumber, Name) VALUES (311, 40, '0535702266', 'Derek');
INSERT INTO Person (ID, Age, PhoneNumber, Name) VALUES (312, 30, '0521287298', 'Ryan');
INSERT INTO Person (ID, Age, PhoneNumber, Name) VALUES (313, 39, '0594274476', 'Glenn');
INSERT INTO Person (ID, Age, PhoneNumber, Name) VALUES (314, 38, '0577382059', 'Elizabeth');
INSERT INTO Person (ID, Age, PhoneNumber, Name) VALUES (315, 39, '0548659879', 'Alex');
INSERT INTO Person (ID, Age, PhoneNumber, Name) VALUES (316, 47, '0539185372', 'Timothy');
INSERT INTO Person (ID, Age, PhoneNumber, Name) VALUES (317, 36, '0573103412', 'Nicholas');
INSERT INTO Person (ID, Age, PhoneNumber, Name) VALUES (318, 46, '0572274796', 'Henry');
INSERT INTO Person (ID, Age, PhoneNumber, Name) VALUES (319, 46, '0574303080', 'Cameron');
INSERT INTO Person (ID, Age, PhoneNumber, Name) VALUES (320, 35, '0503414996', 'Albert');
INSERT INTO Person (ID, Age, PhoneNumber, Name) VALUES (321, 44, '0598914150', 'Makayla');
INSERT INTO Person (ID, Age, PhoneNumber, Name) VALUES (322, 40, '0570783487', 'Alexis');
INSERT INTO Person (ID, Age, PhoneNumber, Name) VALUES (323, 36, '0541032662', 'Sara');
INSERT INTO Person (ID, Age, PhoneNumber, Name) VALUES (324, 48, '0500517965', 'Jacob');
INSERT INTO Person (ID, Age, PhoneNumber, Name) VALUES (325, 38, '0510053988', 'Caroline');
INSERT INTO Person (ID, Age, PhoneNumber, Name) VALUES (326, 43, '0559252095', 'Sophie');
INSERT INTO Person (ID, Age, PhoneNumber, Name) VALUES (327, 37, '0527071832', 'Lila');
INSERT INTO Person (ID, Age, PhoneNumber, Name) VALUES (328, 30, '0543771431', 'Makenna');
INSERT INTO Person (ID, Age, PhoneNumber, Name) VALUES (329, 45, '0582409557', 'Olivia');
INSERT INTO Person (ID, Age, PhoneNumber, Name) VALUES (330, 49, '0534711923', 'Lauren');
INSERT INTO Person (ID, Age, PhoneNumber, Name) VALUES (331, 32, '0546396548', 'Frank');
INSERT INTO Person (ID, Age, PhoneNumber, Name) VALUES (332, 34, '0521344842', 'Wayne');
INSERT INTO Person (ID, Age, PhoneNumber, Name) VALUES (333, 46, '0541517746', 'Samantha');
INSERT INTO Person (ID, Age, PhoneNumber, Name) VALUES (334, 49, '0562121282', 'Anna');
INSERT INTO Person (ID, Age, PhoneNumber, Name) VALUES (335, 44, '0575501644', 'Sara');
INSERT INTO Person (ID, Age, PhoneNumber, Name) VALUES (336, 35, '0522829173', 'Brooke');
INSERT INTO Person (ID, Age, PhoneNumber, Name) VALUES (337, 32, '0553398753', 'Jocelyn');
INSERT INTO Person (ID, Age, PhoneNumber, Name) VALUES (338, 32, '0508454617', 'Samantha');
INSERT INTO Person (ID, Age, PhoneNumber, Name) VALUES (339, 37, '0532096348', 'Jordyn');
INSERT INTO Person (ID, Age, PhoneNumber, Name) VALUES (340, 27, '0562739911', 'Jocelyn');
INSERT INTO Person (ID, Age, PhoneNumber, Name) VALUES (341, 45, '0515425430', 'Oscar');
INSERT INTO Person (ID, Age, PhoneNumber, Name) VALUES (342, 34, '0538655500', 'Stephen');
INSERT INTO Person (ID, Age, PhoneNumber, Name) VALUES (343, 25, '0577750289', 'Jeffrey');
INSERT INTO Person (ID, Age, PhoneNumber, Name) VALUES (344, 25, '0513843755', 'Olivia');
INSERT INTO Person (ID, Age, PhoneNumber, Name) VALUES (345, 36, '0543716359', 'Eddie');
INSERT INTO Person (ID, Age, PhoneNumber, Name) VALUES (346, 27, '0563992545', 'Makayla');
INSERT INTO Person (ID, Age, PhoneNumber, Name) VALUES (347, 26, '0547516921', 'Edward');
INSERT INTO Person (ID, Age, PhoneNumber, Name) VALUES (348, 38, '0549966237', 'Donald');
INSERT INTO Person (ID, Age, PhoneNumber, Name) VALUES (349, 36, '0507836545', 'Katherine');
INSERT INTO Person (ID, Age, PhoneNumber, Name) VALUES (350, 25, '0531610064', 'Frederick');
INSERT INTO Person (ID, Age, PhoneNumber, Name) VALUES (351, 25, '0569028379', 'George');
INSERT INTO Person (ID, Age, PhoneNumber, Name) VALUES (352, 50, '0541597703', 'Riley');
INSERT INTO Person (ID, Age, PhoneNumber, Name) VALUES (353, 41, '0566353446', 'Donald');
INSERT INTO Person (ID, Age, PhoneNumber, Name) VALUES (354, 45, '0503475560', 'Tyler');
INSERT INTO Person (ID, Age, PhoneNumber, Name) VALUES (355, 42, '0563804021', 'Mckenzie');
INSERT INTO Person (ID, Age, PhoneNumber, Name) VALUES (356, 37, '0552761491', 'Lester');
INSERT INTO Person (ID, Age, PhoneNumber, Name) VALUES (357, 34, '0520565571', 'Delaney');
INSERT INTO Person (ID, Age, PhoneNumber, Name) VALUES (358, 49, '0526786483', 'Victor');
INSERT INTO Person (ID, Age, PhoneNumber, Name) VALUES (359, 40, '0551435473', 'Donald');
INSERT INTO Person (ID, Age, PhoneNumber, Name) VALUES (360, 26, '0539460732', 'Kenneth');
INSERT INTO Person (ID, Age, PhoneNumber, Name) VALUES (361, 40, '0512604995', 'Frederick');
INSERT INTO Person (ID, Age, PhoneNumber, Name) VALUES (362, 33, '0598698845', 'Elise');
INSERT INTO Person (ID, Age, PhoneNumber, Name) VALUES (363, 30, '0587209738', 'Raymond');
INSERT INTO Person (ID, Age, PhoneNumber, Name) VALUES (364, 29, '0592361219', 'Gregory');
INSERT INTO Person (ID, Age, PhoneNumber, Name) VALUES (365, 27, '0502341099', 'Philip');
INSERT INTO Person (ID, Age, PhoneNumber, Name) VALUES (366, 43, '0540336899', 'Isaiah');
INSERT INTO Person (ID, Age, PhoneNumber, Name) VALUES (367, 38, '0540489212', 'Eric');
INSERT INTO Person (ID, Age, PhoneNumber, Name) VALUES (368, 33, '0574346693', 'Jacob');
INSERT INTO Person (ID, Age, PhoneNumber, Name) VALUES (369, 33, '0518983835', 'Haley');
INSERT INTO Person (ID, Age, PhoneNumber, Name) VALUES (370, 29, '0531635220', 'Eric');
INSERT INTO Person (ID, Age, PhoneNumber, Name) VALUES (371, 25, '0553962832', 'Rylee');
INSERT INTO Person (ID, Age, PhoneNumber, Name) VALUES (372, 33, '0596787681', 'Isaac');
INSERT INTO Person (ID, Age, PhoneNumber, Name) VALUES (373, 38, '0578433186', 'Robert');
INSERT INTO Person (ID, Age, PhoneNumber, Name) VALUES (374, 49, '0584963147', 'Isabelle');
INSERT INTO Person (ID, Age, PhoneNumber, Name) VALUES (375, 38, '0549726255', 'Henry');
INSERT INTO Person (ID, Age, PhoneNumber, Name) VALUES (376, 47, '0531136385', 'Levi');
INSERT INTO Person (ID, Age, PhoneNumber, Name) VALUES (377, 37, '0563298210', 'Ronald');
INSERT INTO Person (ID, Age, PhoneNumber, Name) VALUES (378, 35, '0564894973', 'Ronald');
INSERT INTO Person (ID, Age, PhoneNumber, Name) VALUES (379, 37, '0578296850', 'Albert');
INSERT INTO Person (ID, Age, PhoneNumber, Name) VALUES (380, 27, '0527733369', 'Arthur');
INSERT INTO Person (ID, Age, PhoneNumber, Name) VALUES (381, 46, '0560408931', 'Aria');
INSERT INTO Person (ID, Age, PhoneNumber, Name) VALUES (382, 39, '0525992646', 'Amelia');
INSERT INTO Person (ID, Age, PhoneNumber, Name) VALUES (383, 47, '0552774882', 'Clarence');
INSERT INTO Person (ID, Age, PhoneNumber, Name) VALUES (384, 33, '0586040462', 'Christopher');
INSERT INTO Person (ID, Age, PhoneNumber, Name) VALUES (385, 47, '0596008968', 'Ashley');
INSERT INTO Person (ID, Age, PhoneNumber, Name) VALUES (386, 31, '0561456738', 'Kaitlyn');
INSERT INTO Person (ID, Age, PhoneNumber, Name) VALUES (387, 35, '0519475521', 'Gabrielle');
INSERT INTO Person (ID, Age, PhoneNumber, Name) VALUES (388, 45, '0523683627', 'Frederick');
INSERT INTO Person (ID, Age, PhoneNumber, Name) VALUES (389, 50, '0532132112', 'Frank');
INSERT INTO Person (ID, Age, PhoneNumber, Name) VALUES (390, 40, '0550844114', 'Nicholas');
INSERT INTO Person (ID, Age, PhoneNumber, Name) VALUES (391, 46, '0544281095', 'Bradley');
INSERT INTO Person (ID, Age, PhoneNumber, Name) VALUES (392, 34, '0583854140', 'Nicole');
INSERT INTO Person (ID, Age, PhoneNumber, Name) VALUES (393, 37, '0522639642', 'Bradley');
INSERT INTO Person (ID, Age, PhoneNumber, Name) VALUES (394, 41, '0533238856', 'Ralph');
INSERT INTO Person (ID, Age, PhoneNumber, Name) VALUES (395, 40, '0510911270', 'Landon');
INSERT INTO Person (ID, Age, PhoneNumber, Name) VALUES (396, 33, '0595396455', 'Donald');
INSERT INTO Person (ID, Age, PhoneNumber, Name) VALUES (397, 49, '0596931859', 'Allison');
INSERT INTO Person (ID, Age, PhoneNumber, Name) VALUES (398, 32, '0586182042', 'Harry');
INSERT INTO Person (ID, Age, PhoneNumber, Name) VALUES (399, 41, '0560509438', 'Patrick');
INSERT INTO Person (ID, Age, PhoneNumber, Name) VALUES (400, 33, '0588234545', 'Matthew');
INSERT INTO Person (ID, Age, PhoneNumber, Name) VALUES (401, 29, '0555945053', 'Piper');
INSERT INTO Person (ID, Age, PhoneNumber, Name) VALUES (402, 32, '0502936157', 'Emily');
INSERT INTO Person (ID, Age, PhoneNumber, Name) VALUES (403, 39, '0559847255', 'Elise');
INSERT INTO Person (ID, Age, PhoneNumber, Name) VALUES (404, 45, '0546466691', 'Kennedy');
INSERT INTO Person (ID, Age, PhoneNumber, Name) VALUES (405, 27, '0557175908', 'Grace');
INSERT INTO Person (ID, Age, PhoneNumber, Name) VALUES (406, 33, '0535286025', 'Kennedy');
INSERT INTO Person (ID, Age, PhoneNumber, Name) VALUES (407, 50, '0522342232', 'Lauren');
INSERT INTO Person (ID, Age, PhoneNumber, Name) VALUES (408, 39, '0520934413', 'Ralph');
INSERT INTO Person (ID, Age, PhoneNumber, Name) VALUES (409, 32, '0570479141', 'Sydney');
INSERT INTO Person (ID, Age, PhoneNumber, Name) VALUES (410, 31, '0544783468', 'Claire');
INSERT INTO Person (ID, Age, PhoneNumber, Name) VALUES (411, 27, '0507797386', 'Hannah');
INSERT INTO Person (ID, Age, PhoneNumber, Name) VALUES (412, 32, '0529014983', 'Francis');
INSERT INTO Person (ID, Age, PhoneNumber, Name) VALUES (413, 45, '0574648570', 'Benjamin');
INSERT INTO Person (ID, Age, PhoneNumber, Name) VALUES (414, 36, '0572088945', 'Delaney');
INSERT INTO Person (ID, Age, PhoneNumber, Name) VALUES (415, 47, '0502153928', 'Jonathan');
INSERT INTO Person (ID, Age, PhoneNumber, Name) VALUES (416, 35, '0574868915', 'Lawrence');
INSERT INTO Person (ID, Age, PhoneNumber, Name) VALUES (417, 41, '0548029055', 'Gianna');
INSERT INTO Person (ID, Age, PhoneNumber, Name) VALUES (418, 39, '0540497035', 'Leonard');
INSERT INTO Person (ID, Age, PhoneNumber, Name) VALUES (419, 27, '0533614658', 'Tyler');
INSERT INTO Person (ID, Age, PhoneNumber, Name) VALUES (420, 29, '0538155457', 'Calvin');
INSERT INTO Person (ID, Age, PhoneNumber, Name) VALUES (421, 49, '0502603530', 'Allison');
INSERT INTO Person (ID, Age, PhoneNumber, Name) VALUES (422, 41, '0589726628', 'Makenna');
INSERT INTO Person (ID, Age, PhoneNumber, Name) VALUES (423, 34, '0552626135', 'Jonathan');
INSERT INTO Person (ID, Age, PhoneNumber, Name) VALUES (424, 32, '0508345125', 'Derek');
INSERT INTO Person (ID, Age, PhoneNumber, Name) VALUES (425, 36, '0575030787', 'Frederick');
INSERT INTO Person (ID, Age, PhoneNumber, Name) VALUES (426, 31, '0594971801', 'Aria');
INSERT INTO Person (ID, Age, PhoneNumber, Name) VALUES (427, 42, '0542882527', 'Joseph');
INSERT INTO Person (ID, Age, PhoneNumber, Name) VALUES (428, 39, '0552798827', 'Leah');
INSERT INTO Person (ID, Age, PhoneNumber, Name) VALUES (429, 29, '0570259449', 'Emily');
INSERT INTO Person (ID, Age, PhoneNumber, Name) VALUES (430, 32, '0543234177', 'Trevor');
INSERT INTO Person (ID, Age, PhoneNumber, Name) VALUES (431, 49, '0518952313', 'Stephen');
INSERT INTO Person (ID, Age, PhoneNumber, Name) VALUES (432, 46, '0525901117', 'Taylor');
INSERT INTO Person (ID, Age, PhoneNumber, Name) VALUES (433, 37, '0598358502', 'Mariah');
INSERT INTO Person (ID, Age, PhoneNumber, Name) VALUES (434, 29, '0593318885', 'Natalie');
INSERT INTO Person (ID, Age, PhoneNumber, Name) VALUES (435, 35, '0534785351', 'Cameron');
INSERT INTO Person (ID, Age, PhoneNumber, Name) VALUES (436, 39, '0597191728', 'Brandon');
INSERT INTO Person (ID, Age, PhoneNumber, Name) VALUES (437, 26, '0537990516', 'Eugene');
INSERT INTO Person (ID, Age, PhoneNumber, Name) VALUES (438, 33, '0567188789', 'Gregory');
INSERT INTO Person (ID, Age, PhoneNumber, Name) VALUES (439, 45, '0523145984', 'Joel');
INSERT INTO Person (ID, Age, PhoneNumber, Name) VALUES (440, 49, '0506505273', 'Nicole');
INSERT INTO Person (ID, Age, PhoneNumber, Name) VALUES (441, 29, '0500902932', 'Victor');
INSERT INTO Person (ID, Age, PhoneNumber, Name) VALUES (442, 37, '0505727481', 'Wayne');
INSERT INTO Person (ID, Age, PhoneNumber, Name) VALUES (443, 28, '0583720559', 'Ronald');
INSERT INTO Person (ID, Age, PhoneNumber, Name) VALUES (444, 35, '0519525044', 'Amelia');
INSERT INTO Person (ID, Age, PhoneNumber, Name) VALUES (445, 34, '0515836739', 'Gregory');
INSERT INTO Person (ID, Age, PhoneNumber, Name) VALUES (446, 28, '0522783471', 'Arthur');
INSERT INTO Person (ID, Age, PhoneNumber, Name) VALUES (447, 29, '0576412449', 'Benjamin');
INSERT INTO Person (ID, Age, PhoneNumber, Name) VALUES (448, 43, '0572225386', 'Emma');
INSERT INTO Person (ID, Age, PhoneNumber, Name) VALUES (449, 49, '0530529718', 'Lily');
INSERT INTO Person (ID, Age, PhoneNumber, Name) VALUES (450, 37, '0594087672', 'Bella');
INSERT INTO Person (ID, Age, PhoneNumber, Name) VALUES (451, 28, '0519784839', 'Timothy');
INSERT INTO Person (ID, Age, PhoneNumber, Name) VALUES (452, 49, '0527429402', 'Londyn');
INSERT INTO Person (ID, Age, PhoneNumber, Name) VALUES (453, 29, '0510664421', 'Clarence');
INSERT INTO Person (ID, Age, PhoneNumber, Name) VALUES (454, 37, '0570910916', 'Max');
INSERT INTO Person (ID, Age, PhoneNumber, Name) VALUES (455, 31, '0574045257', 'Kylie');
INSERT INTO Person (ID, Age, PhoneNumber, Name) VALUES (456, 39, '0564388087', 'Ariana');
INSERT INTO Person (ID, Age, PhoneNumber, Name) VALUES (457, 43, '0515380953', 'Gabriella');
INSERT INTO Person (ID, Age, PhoneNumber, Name) VALUES (458, 33, '0592984778', 'Kevin');
INSERT INTO Person (ID, Age, PhoneNumber, Name) VALUES (459, 31, '0588313294', 'Kylie');
INSERT INTO Person (ID, Age, PhoneNumber, Name) VALUES (460, 27, '0576986647', 'Isabella');
INSERT INTO Person (ID, Age, PhoneNumber, Name) VALUES (461, 36, '0559564821', 'Isabel');
INSERT INTO Person (ID, Age, PhoneNumber, Name) VALUES (462, 37, '0552397232', 'Ashley');
INSERT INTO Person (ID, Age, PhoneNumber, Name) VALUES (463, 48, '0503138462', 'Lester');
INSERT INTO Person (ID, Age, PhoneNumber, Name) VALUES (464, 41, '0572222852', 'Christopher');
INSERT INTO Person (ID, Age, PhoneNumber, Name) VALUES (465, 33, '0513341098', 'Allison');
INSERT INTO Person (ID, Age, PhoneNumber, Name) VALUES (466, 48, '0594085296', 'Haley');
INSERT INTO Person (ID, Age, PhoneNumber, Name) VALUES (467, 45, '0595634260', 'Sadie');
INSERT INTO Person (ID, Age, PhoneNumber, Name) VALUES (468, 35, '0526856244', 'Mia');
INSERT INTO Person (ID, Age, PhoneNumber, Name) VALUES (469, 30, '0542375280', 'Jocelyn');
INSERT INTO Person (ID, Age, PhoneNumber, Name) VALUES (470, 25, '0520763024', 'Emma');
INSERT INTO Person (ID, Age, PhoneNumber, Name) VALUES (471, 25, '0537918411', 'Carl');
INSERT INTO Person (ID, Age, PhoneNumber, Name) VALUES (472, 32, '0561117025', 'Richard');
INSERT INTO Person (ID, Age, PhoneNumber, Name) VALUES (473, 45, '0537594339', 'Mark');
INSERT INTO Person (ID, Age, PhoneNumber, Name) VALUES (474, 38, '0565311145', 'Donald');
INSERT INTO Person (ID, Age, PhoneNumber, Name) VALUES (475, 39, '0529888081', 'Derek');
INSERT INTO Person (ID, Age, PhoneNumber, Name) VALUES (476, 49, '0515526437', 'Gabrielle');
INSERT INTO Person (ID, Age, PhoneNumber, Name) VALUES (477, 35, '0547274685', 'Philip');
INSERT INTO Person (ID, Age, PhoneNumber, Name) VALUES (478, 25, '0518270967', 'George');
INSERT INTO Person (ID, Age, PhoneNumber, Name) VALUES (479, 50, '0557958499', 'Grace');
INSERT INTO Person (ID, Age, PhoneNumber, Name) VALUES (480, 37, '0580604637', 'Natalie');
INSERT INTO Person (ID, Age, PhoneNumber, Name) VALUES (481, 43, '0528324108', 'Jared');
INSERT INTO Person (ID, Age, PhoneNumber, Name) VALUES (482, 27, '0525868185', 'Sophie');
INSERT INTO Person (ID, Age, PhoneNumber, Name) VALUES (483, 28, '0524134473', 'Aria');
INSERT INTO Person (ID, Age, PhoneNumber, Name) VALUES (484, 44, '0522267008', 'Keith');
INSERT INTO Person (ID, Age, PhoneNumber, Name) VALUES (485, 37, '0521991067', 'Louis');
INSERT INTO Person (ID, Age, PhoneNumber, Name) VALUES (486, 42, '0597794367', 'Henry');
INSERT INTO Person (ID, Age, PhoneNumber, Name) VALUES (487, 31, '0535444895', 'Lawrence');
INSERT INTO Person (ID, Age, PhoneNumber, Name) VALUES (488, 35, '0500561665', 'Rachel');
INSERT INTO Person (ID, Age, PhoneNumber, Name) VALUES (489, 26, '0567093081', 'Kayla');
INSERT INTO Person (ID, Age, PhoneNumber, Name) VALUES (490, 50, '0524847367', 'Melissa');
INSERT INTO Person (ID, Age, PhoneNumber, Name) VALUES (491, 35, '0590702414', 'Kenneth');
INSERT INTO Person (ID, Age, PhoneNumber, Name) VALUES (492, 27, '0510831828', 'Walter');
INSERT INTO Person (ID, Age, PhoneNumber, Name) VALUES (493, 25, '0580032993', 'Grace');
INSERT INTO Person (ID, Age, PhoneNumber, Name) VALUES (494, 32, '0574849848', 'Alexis');
INSERT INTO Person (ID, Age, PhoneNumber, Name) VALUES (495, 32, '0553211486', 'Danielle');
INSERT INTO Person (ID, Age, PhoneNumber, Name) VALUES (496, 28, '0563107563', 'Anna');
INSERT INTO Person (ID, Age, PhoneNumber, Name) VALUES (497, 28, '0540304695', 'Mark');
INSERT INTO Person (ID, Age, PhoneNumber, Name) VALUES (498, 48, '0559667671', 'Brandon');
INSERT INTO Person (ID, Age, PhoneNumber, Name) VALUES (499, 47, '0547820024', 'Grace');
INSERT INTO Person (ID, Age, PhoneNumber, Name) VALUES (500, 41, '0591195235', 'Faith');
INSERT INTO Person (ID, Age, PhoneNumber, Name) VALUES (501, 30, '0564362146', 'Joshua');
INSERT INTO Person (ID, Age, PhoneNumber, Name) VALUES (502, 40, '0589012274', 'Trevor');
INSERT INTO Person (ID, Age, PhoneNumber, Name) VALUES (503, 37, '0529010924', 'Makayla');
INSERT INTO Person (ID, Age, PhoneNumber, Name) VALUES (504, 41, '0586063319', 'Olivia');
INSERT INTO Person (ID, Age, PhoneNumber, Name) VALUES (505, 40, '0525255434', 'Alexandra');
INSERT INTO Person (ID, Age, PhoneNumber, Name) VALUES (506, 30, '0506441693', 'Lester');
INSERT INTO Person (ID, Age, PhoneNumber, Name) VALUES (507, 27, '0594004049', 'Nora');
INSERT INTO Person (ID, Age, PhoneNumber, Name) VALUES (508, 31, '0584626547', 'William');
INSERT INTO Person (ID, Age, PhoneNumber, Name) VALUES (509, 31, '0577452413', 'Martin');
INSERT INTO Person (ID, Age, PhoneNumber, Name) VALUES (510, 28, '0527693197', 'Frederick');
INSERT INTO Person (ID, Age, PhoneNumber, Name) VALUES (511, 33, '0569153150', 'Evelyn');
INSERT INTO Person (ID, Age, PhoneNumber, Name) VALUES (512, 25, '0546630560', 'Trevor');
INSERT INTO Person (ID, Age, PhoneNumber, Name) VALUES (513, 41, '0593960363', 'Derek');
INSERT INTO Person (ID, Age, PhoneNumber, Name) VALUES (514, 36, '0585402047', 'Jessica');
INSERT INTO Person (ID, Age, PhoneNumber, Name) VALUES (515, 47, '0574702174', 'Eugene');
INSERT INTO Person (ID, Age, PhoneNumber, Name) VALUES (516, 31, '0538500295', 'Adriana');
INSERT INTO Person (ID, Age, PhoneNumber, Name) VALUES (517, 41, '0506883014', 'Howard');
INSERT INTO Person (ID, Age, PhoneNumber, Name) VALUES (518, 42, '0542067990', 'Jared');
INSERT INTO Person (ID, Age, PhoneNumber, Name) VALUES (519, 36, '0513743378', 'Brian');
INSERT INTO Person (ID, Age, PhoneNumber, Name) VALUES (520, 26, '0584472861', 'Sadie');
INSERT INTO Person (ID, Age, PhoneNumber, Name) VALUES (521, 37, '0556228144', 'Stephanie');
INSERT INTO Person (ID, Age, PhoneNumber, Name) VALUES (522, 40, '0571720752', 'Albert');
INSERT INTO Person (ID, Age, PhoneNumber, Name) VALUES (523, 43, '0511460049', 'Jordyn');
INSERT INTO Person (ID, Age, PhoneNumber, Name) VALUES (524, 30, '0590680538', 'Sadie');
INSERT INTO Person (ID, Age, PhoneNumber, Name) VALUES (525, 40, '0535848108', 'Samuel');
INSERT INTO Person (ID, Age, PhoneNumber, Name) VALUES (526, 35, '0543428864', 'Henry');
INSERT INTO Person (ID, Age, PhoneNumber, Name) VALUES (527, 49, '0593465416', 'Kylie');
INSERT INTO Person (ID, Age, PhoneNumber, Name) VALUES (528, 36, '0527891451', 'Aaliyah');
INSERT INTO Person (ID, Age, PhoneNumber, Name) VALUES (529, 41, '0573546102', 'Piper');
INSERT INTO Person (ID, Age, PhoneNumber, Name) VALUES (530, 29, '0552080342', 'Max');
INSERT INTO Person (ID, Age, PhoneNumber, Name) VALUES (531, 46, '0561571083', 'Frederick');
INSERT INTO Person (ID, Age, PhoneNumber, Name) VALUES (532, 43, '0594719587', 'Aria');
INSERT INTO Person (ID, Age, PhoneNumber, Name) VALUES (533, 39, '0500826685', 'Roland');
INSERT INTO Person (ID, Age, PhoneNumber, Name) VALUES (534, 36, '0592413262', 'Steven');
INSERT INTO Person (ID, Age, PhoneNumber, Name) VALUES (535, 33, '0561566870', 'Sarah');
INSERT INTO Person (ID, Age, PhoneNumber, Name) VALUES (536, 33, '0519761403', 'Bradley');
INSERT INTO Person (ID, Age, PhoneNumber, Name) VALUES (537, 34, '0533231538', 'Steven');
INSERT INTO Person (ID, Age, PhoneNumber, Name) VALUES (538, 45, '0501044460', 'Sara');
INSERT INTO Person (ID, Age, PhoneNumber, Name) VALUES (539, 35, '0560668375', 'Layla');
INSERT INTO Person (ID, Age, PhoneNumber, Name) VALUES (540, 40, '0581865066', 'Lily');
INSERT INTO Person (ID, Age, PhoneNumber, Name) VALUES (541, 34, '0591160491', 'Michael');
INSERT INTO Person (ID, Age, PhoneNumber, Name) VALUES (542, 29, '0523670404', 'Donald');
INSERT INTO Person (ID, Age, PhoneNumber, Name) VALUES (543, 34, '0561230903', 'Brianna');
INSERT INTO Person (ID, Age, PhoneNumber, Name) VALUES (544, 36, '0593502163', 'Jerome');
INSERT INTO Person (ID, Age, PhoneNumber, Name) VALUES (545, 43, '0566132268', 'Peyton');
INSERT INTO Person (ID, Age, PhoneNumber, Name) VALUES (546, 38, '0548603722', 'Paige');
INSERT INTO Person (ID, Age, PhoneNumber, Name) VALUES (547, 44, '0595544283', 'Howard');
INSERT INTO Person (ID, Age, PhoneNumber, Name) VALUES (548, 48, '0537636951', 'Lawrence');
INSERT INTO Person (ID, Age, PhoneNumber, Name) VALUES (549, 42, '0561178321', 'Olivia');
INSERT INTO Person (ID, Age, PhoneNumber, Name) VALUES (550, 28, '0511489392', 'Mia');
INSERT INTO Person (ID, Age, PhoneNumber, Name) VALUES (551, 45, '0571287791', 'Louis');
INSERT INTO Person (ID, Age, PhoneNumber, Name) VALUES (552, 37, '0536925707', 'Lauren');
INSERT INTO Person (ID, Age, PhoneNumber, Name) VALUES (553, 26, '0522256516', 'Arthur');
INSERT INTO Person (ID, Age, PhoneNumber, Name) VALUES (554, 35, '0539270370', 'Thomas');
INSERT INTO Person (ID, Age, PhoneNumber, Name) VALUES (555, 48, '0579287820', 'Roger');
INSERT INTO Person (ID, Age, PhoneNumber, Name) VALUES (556, 42, '0562384560', 'Benjamin');
INSERT INTO Person (ID, Age, PhoneNumber, Name) VALUES (557, 44, '0549038403', 'Jared');
INSERT INTO Person (ID, Age, PhoneNumber, Name) VALUES (558, 48, '0551677126', 'Raymond');
INSERT INTO Person (ID, Age, PhoneNumber, Name) VALUES (559, 38, '0583837314', 'Melissa');
INSERT INTO Person (ID, Age, PhoneNumber, Name) VALUES (560, 26, '0552371535', 'Londyn');
INSERT INTO Person (ID, Age, PhoneNumber, Name) VALUES (561, 26, '0511333860', 'Claire');
INSERT INTO Person (ID, Age, PhoneNumber, Name) VALUES (562, 46, '0587711488', 'Caroline');
INSERT INTO Person (ID, Age, PhoneNumber, Name) VALUES (563, 37, '0598949513', 'Donald');
INSERT INTO Person (ID, Age, PhoneNumber, Name) VALUES (564, 35, '0575798038', 'Amelia');
INSERT INTO Person (ID, Age, PhoneNumber, Name) VALUES (565, 47, '0532607311', 'Katherine');
INSERT INTO Person (ID, Age, PhoneNumber, Name) VALUES (566, 27, '0571298414', 'Scott');
INSERT INTO Person (ID, Age, PhoneNumber, Name) VALUES (567, 48, '0573300999', 'Jocelyn');
INSERT INTO Person (ID, Age, PhoneNumber, Name) VALUES (568, 40, '0576904370', 'Roy');
INSERT INTO Person (ID, Age, PhoneNumber, Name) VALUES (569, 28, '0592734651', 'Max');
INSERT INTO Person (ID, Age, PhoneNumber, Name) VALUES (570, 29, '0593057915', 'Louis');
INSERT INTO Person (ID, Age, PhoneNumber, Name) VALUES (571, 40, '0564917736', 'Bella');
INSERT INTO Person (ID, Age, PhoneNumber, Name) VALUES (572, 45, '0551227379', 'Jasmine');
INSERT INTO Person (ID, Age, PhoneNumber, Name) VALUES (573, 48, '0572964622', 'Alexis');
INSERT INTO Person (ID, Age, PhoneNumber, Name) VALUES (574, 40, '0582898149', 'Avery');
INSERT INTO Person (ID, Age, PhoneNumber, Name) VALUES (575, 43, '0515319280', 'Lester');
INSERT INTO Person (ID, Age, PhoneNumber, Name) VALUES (576, 38, '0566878286', 'Calvin');
INSERT INTO Person (ID, Age, PhoneNumber, Name) VALUES (577, 26, '0515577550', 'Julianna');
INSERT INTO Person (ID, Age, PhoneNumber, Name) VALUES (578, 50, '0554952816', 'Peter');
INSERT INTO Person (ID, Age, PhoneNumber, Name) VALUES (579, 48, '0590675366', 'Keith');
INSERT INTO Person (ID, Age, PhoneNumber, Name) VALUES (580, 28, '0538137722', 'Jonathan');
INSERT INTO Person (ID, Age, PhoneNumber, Name) VALUES (581, 43, '0576156752', 'Isabella');
INSERT INTO Person (ID, Age, PhoneNumber, Name) VALUES (582, 35, '0556974253', 'Ellie');
INSERT INTO Person (ID, Age, PhoneNumber, Name) VALUES (583, 38, '0562272869', 'Madeline');
INSERT INTO Person (ID, Age, PhoneNumber, Name) VALUES (584, 42, '0519666600', 'Elizabeth');
INSERT INTO Person (ID, Age, PhoneNumber, Name) VALUES (585, 44, '0521460451', 'Nicholas');
INSERT INTO Person (ID, Age, PhoneNumber, Name) VALUES (586, 34, '0589913288', 'Katherine');
INSERT INTO Person (ID, Age, PhoneNumber, Name) VALUES (587, 30, '0598188327', 'Mark');
INSERT INTO Person (ID, Age, PhoneNumber, Name) VALUES (588, 27, '0569741664', 'Taylor');
INSERT INTO Person (ID, Age, PhoneNumber, Name) VALUES (589, 44, '0539810764', 'Alex');
INSERT INTO Person (ID, Age, PhoneNumber, Name) VALUES (590, 26, '0585367149', 'Roy');
INSERT INTO Person (ID, Age, PhoneNumber, Name) VALUES (591, 34, '0559647942', 'Jasmine');
INSERT INTO Person (ID, Age, PhoneNumber, Name) VALUES (592, 35, '0504502188', 'Nicole');
INSERT INTO Person (ID, Age, PhoneNumber, Name) VALUES (593, 25, '0563509526', 'Roger');
INSERT INTO Person (ID, Age, PhoneNumber, Name) VALUES (594, 43, '0509847995', 'Megan');
INSERT INTO Person (ID, Age, PhoneNumber, Name) VALUES (595, 41, '0519238083', 'Kaitlyn');
INSERT INTO Person (ID, Age, PhoneNumber, Name) VALUES (596, 35, '0593678811', 'George');
INSERT INTO Person (ID, Age, PhoneNumber, Name) VALUES (597, 46, '0537898691', 'Philip');
INSERT INTO Person (ID, Age, PhoneNumber, Name) VALUES (598, 25, '0523954104', 'Eric');
INSERT INTO Person (ID, Age, PhoneNumber, Name) VALUES (599, 47, '0542632327', 'Louis');
INSERT INTO Person (ID, Age, PhoneNumber, Name) VALUES (600, 29, '0501994678', 'Katherine');
INSERT INTO Person (ID, Age, PhoneNumber, Name) VALUES (601, 47, '0583270037', 'Rachel');
INSERT INTO Person (ID, Age, PhoneNumber, Name) VALUES (602, 28, '0577221171', 'Lauren');
INSERT INTO Person (ID, Age, PhoneNumber, Name) VALUES (603, 45, '0551512345', 'Taylor');
INSERT INTO Person (ID, Age, PhoneNumber, Name) VALUES (604, 25, '0504915971', 'Roger');
INSERT INTO Person (ID, Age, PhoneNumber, Name) VALUES (605, 46, '0526448473', 'Edward');
INSERT INTO Person (ID, Age, PhoneNumber, Name) VALUES (606, 33, '0569799743', 'Adalyn');
INSERT INTO Person (ID, Age, PhoneNumber, Name) VALUES (607, 25, '0595442739', 'Skylar');
INSERT INTO Person (ID, Age, PhoneNumber, Name) VALUES (608, 41, '0576421753', 'Madeline');
INSERT INTO Person (ID, Age, PhoneNumber, Name) VALUES (609, 49, '0521531515', 'Scott');
INSERT INTO Person (ID, Age, PhoneNumber, Name) VALUES (610, 30, '0516700940', 'Oscar');
INSERT INTO Person (ID, Age, PhoneNumber, Name) VALUES (611, 31, '0503991445', 'Makenna');
INSERT INTO Person (ID, Age, PhoneNumber, Name) VALUES (612, 29, '0594776293', 'Gerald');
INSERT INTO Person (ID, Age, PhoneNumber, Name) VALUES (613, 25, '0597798547', 'Lila');
INSERT INTO Person (ID, Age, PhoneNumber, Name) VALUES (614, 43, '0538122904', 'Elise');
INSERT INTO Person (ID, Age, PhoneNumber, Name) VALUES (615, 45, '0563254167', 'Trevor');
INSERT INTO Person (ID, Age, PhoneNumber, Name) VALUES (616, 50, '0501843306', 'Edward');
INSERT INTO Person (ID, Age, PhoneNumber, Name) VALUES (617, 48, '0533896051', 'Katherine');
INSERT INTO Person (ID, Age, PhoneNumber, Name) VALUES (618, 36, '0541265711', 'Sydney');
INSERT INTO Person (ID, Age, PhoneNumber, Name) VALUES (619, 35, '0541260163', 'Taylor');
INSERT INTO Person (ID, Age, PhoneNumber, Name) VALUES (620, 36, '0533032326', 'Violet');
INSERT INTO Person (ID, Age, PhoneNumber, Name) VALUES (621, 46, '0581168354', 'Eddie');
INSERT INTO Person (ID, Age, PhoneNumber, Name) VALUES (622, 41, '0578671363', 'Ralph');
INSERT INTO Person (ID, Age, PhoneNumber, Name) VALUES (623, 40, '0524184732', 'Gordon');
INSERT INTO Person (ID, Age, PhoneNumber, Name) VALUES (624, 35, '0528380547', 'Madison');
INSERT INTO Person (ID, Age, PhoneNumber, Name) VALUES (625, 37, '0507151088', 'Brooke');
INSERT INTO Person (ID, Age, PhoneNumber, Name) VALUES (626, 33, '0545764662', 'Cameron');
INSERT INTO Person (ID, Age, PhoneNumber, Name) VALUES (627, 46, '0523148320', 'Jeffrey');
INSERT INTO Person (ID, Age, PhoneNumber, Name) VALUES (628, 41, '0554569166', 'Eddie');
INSERT INTO Person (ID, Age, PhoneNumber, Name) VALUES (629, 40, '0544049204', 'Victoria');
INSERT INTO Person (ID, Age, PhoneNumber, Name) VALUES (630, 37, '0511723024', 'Mackenzie');
INSERT INTO Person (ID, Age, PhoneNumber, Name) VALUES (631, 25, '0592274092', 'Riley');
INSERT INTO Person (ID, Age, PhoneNumber, Name) VALUES (632, 42, '0511972882', 'Michael');
INSERT INTO Person (ID, Age, PhoneNumber, Name) VALUES (633, 45, '0562896517', 'Arthur');
INSERT INTO Person (ID, Age, PhoneNumber, Name) VALUES (634, 25, '0592879994', 'Gabrielle');
INSERT INTO Person (ID, Age, PhoneNumber, Name) VALUES (635, 32, '0552912392', 'Matthew');
INSERT INTO Person (ID, Age, PhoneNumber, Name) VALUES (636, 45, '0538584033', 'Avery');
INSERT INTO Person (ID, Age, PhoneNumber, Name) VALUES (637, 48, '0519285350', 'Adam');
INSERT INTO Person (ID, Age, PhoneNumber, Name) VALUES (638, 28, '0574471179', 'Gabriella');
INSERT INTO Person (ID, Age, PhoneNumber, Name) VALUES (639, 29, '0574291988', 'Jeffrey');
INSERT INTO Person (ID, Age, PhoneNumber, Name) VALUES (640, 30, '0545313658', 'Isabelle');
INSERT INTO Person (ID, Age, PhoneNumber, Name) VALUES (641, 32, '0543132982', 'Isabelle');
INSERT INTO Person (ID, Age, PhoneNumber, Name) VALUES (642, 39, '0509900399', 'Jonathan');
INSERT INTO Person (ID, Age, PhoneNumber, Name) VALUES (643, 47, '0506407238', 'Timothy');
INSERT INTO Person (ID, Age, PhoneNumber, Name) VALUES (644, 50, '0543004510', 'Peyton');
INSERT INTO Person (ID, Age, PhoneNumber, Name) VALUES (645, 29, '0527960687', 'Richard');
INSERT INTO Person (ID, Age, PhoneNumber, Name) VALUES (646, 41, '0573865796', 'Haley');
INSERT INTO Person (ID, Age, PhoneNumber, Name) VALUES (647, 40, '0522713587', 'Piper');
INSERT INTO Person (ID, Age, PhoneNumber, Name) VALUES (648, 30, '0519916045', 'Roger');
INSERT INTO Person (ID, Age, PhoneNumber, Name) VALUES (649, 39, '0553184891', 'Wayne');
INSERT INTO Person (ID, Age, PhoneNumber, Name) VALUES (650, 36, '0506827584', 'Roger');
INSERT INTO Person (ID, Age, PhoneNumber, Name) VALUES (651, 29, '0594078830', 'Gordon');
INSERT INTO Person (ID, Age, PhoneNumber, Name) VALUES (652, 40, '0515053035', 'Alyssa');
INSERT INTO Person (ID, Age, PhoneNumber, Name) VALUES (653, 42, '0565297890', 'Lawrence');
INSERT INTO Person (ID, Age, PhoneNumber, Name) VALUES (654, 30, '0539122380', 'Emma');
INSERT INTO Person (ID, Age, PhoneNumber, Name) VALUES (655, 49, '0556380881', 'Howard');
INSERT INTO Person (ID, Age, PhoneNumber, Name) VALUES (656, 43, '0512991157', 'Kennedy');
INSERT INTO Person (ID, Age, PhoneNumber, Name) VALUES (657, 29, '0545349573', 'Donald');
INSERT INTO Person (ID, Age, PhoneNumber, Name) VALUES (658, 26, '0592305290', 'Frank');
INSERT INTO Person (ID, Age, PhoneNumber, Name) VALUES (659, 48, '0562018544', 'Brooke');
INSERT INTO Person (ID, Age, PhoneNumber, Name) VALUES (660, 42, '0541436965', 'Gianna');
INSERT INTO Person (ID, Age, PhoneNumber, Name) VALUES (661, 37, '0598964648', 'Nicholas');
INSERT INTO Person (ID, Age, PhoneNumber, Name) VALUES (662, 36, '0506894647', 'Calvin');
INSERT INTO Person (ID, Age, PhoneNumber, Name) VALUES (663, 41, '0512517464', 'Nicholas');
INSERT INTO Person (ID, Age, PhoneNumber, Name) VALUES (664, 49, '0508678966', 'Bella');
INSERT INTO Person (ID, Age, PhoneNumber, Name) VALUES (665, 43, '0513323125', 'Carl');
INSERT INTO Person (ID, Age, PhoneNumber, Name) VALUES (666, 33, '0519064117', 'Peyton');
INSERT INTO Person (ID, Age, PhoneNumber, Name) VALUES (667, 42, '0544531591', 'Allison');
INSERT INTO Person (ID, Age, PhoneNumber, Name) VALUES (668, 32, '0526120345', 'Isaiah');
INSERT INTO Person (ID, Age, PhoneNumber, Name) VALUES (669, 30, '0591262751', 'Miles');
INSERT INTO Person (ID, Age, PhoneNumber, Name) VALUES (670, 40, '0535037216', 'Taylor');
INSERT INTO Person (ID, Age, PhoneNumber, Name) VALUES (671, 36, '0533497204', 'Lila');
INSERT INTO Person (ID, Age, PhoneNumber, Name) VALUES (672, 35, '0507057778', 'Roy');
INSERT INTO Person (ID, Age, PhoneNumber, Name) VALUES (673, 49, '0501143131', 'Mark');
INSERT INTO Person (ID, Age, PhoneNumber, Name) VALUES (674, 32, '0500881042', 'Louis');
INSERT INTO Person (ID, Age, PhoneNumber, Name) VALUES (675, 46, '0548954634', 'Wayne');
INSERT INTO Person (ID, Age, PhoneNumber, Name) VALUES (676, 50, '0500340917', 'Ashley');
INSERT INTO Person (ID, Age, PhoneNumber, Name) VALUES (677, 30, '0505528269', 'Lester');
INSERT INTO Person (ID, Age, PhoneNumber, Name) VALUES (678, 27, '0537475832', 'Jared');
INSERT INTO Person (ID, Age, PhoneNumber, Name) VALUES (679, 34, '0566945174', 'Evelyn');
INSERT INTO Person (ID, Age, PhoneNumber, Name) VALUES (680, 38, '0526431775', 'George');
INSERT INTO Person (ID, Age, PhoneNumber, Name) VALUES (681, 27, '0562166187', 'Haley');
INSERT INTO Person (ID, Age, PhoneNumber, Name) VALUES (682, 30, '0525715136', 'Hannah');
INSERT INTO Person (ID, Age, PhoneNumber, Name) VALUES (683, 46, '0563593063', 'Mariah');
INSERT INTO Person (ID, Age, PhoneNumber, Name) VALUES (684, 50, '0503892166', 'Peyton');
INSERT INTO Person (ID, Age, PhoneNumber, Name) VALUES (685, 44, '0586192743', 'Riley');
INSERT INTO Person (ID, Age, PhoneNumber, Name) VALUES (686, 31, '0509752754', 'Edward');
INSERT INTO Person (ID, Age, PhoneNumber, Name) VALUES (687, 32, '0563530413', 'Thomas');
INSERT INTO Person (ID, Age, PhoneNumber, Name) VALUES (688, 38, '0545043326', 'Trevor');
INSERT INTO Person (ID, Age, PhoneNumber, Name) VALUES (689, 36, '0562938878', 'Charles');
INSERT INTO Person (ID, Age, PhoneNumber, Name) VALUES (690, 46, '0575335387', 'Sophie');
INSERT INTO Person (ID, Age, PhoneNumber, Name) VALUES (691, 36, '0530250190', 'Francis');
INSERT INTO Person (ID, Age, PhoneNumber, Name) VALUES (692, 42, '0583572865', 'Makenna');
INSERT INTO Person (ID, Age, PhoneNumber, Name) VALUES (693, 29, '0556087497', 'Angelina');
INSERT INTO Person (ID, Age, PhoneNumber, Name) VALUES (694, 28, '0568057066', 'Megan');
INSERT INTO Person (ID, Age, PhoneNumber, Name) VALUES (695, 40, '0589439892', 'Olivia');
INSERT INTO Person (ID, Age, PhoneNumber, Name) VALUES (696, 37, '0580325642', 'Harry');
INSERT INTO Person (ID, Age, PhoneNumber, Name) VALUES (697, 41, '0590372664', 'Mackenzie');
INSERT INTO Person (ID, Age, PhoneNumber, Name) VALUES (698, 34, '0579214882', 'Aubrey');
INSERT INTO Person (ID, Age, PhoneNumber, Name) VALUES (699, 44, '0566021787', 'Isabel');
INSERT INTO Person (ID, Age, PhoneNumber, Name) VALUES (700, 48, '0586856794', 'Ronald');
INSERT INTO Person (ID, Age, PhoneNumber, Name) VALUES (701, 45, '0579132663', 'Terry');
INSERT INTO Person (ID, Age, PhoneNumber, Name) VALUES (702, 44, '0583151359', 'Brandon');
INSERT INTO Person (ID, Age, PhoneNumber, Name) VALUES (703, 32, '0552166365', 'Olivia');
INSERT INTO Person (ID, Age, PhoneNumber, Name) VALUES (704, 28, '0558326868', 'Anthony');
INSERT INTO Person (ID, Age, PhoneNumber, Name) VALUES (705, 34, '0565588057', 'George');
INSERT INTO Person (ID, Age, PhoneNumber, Name) VALUES (706, 36, '0588115916', 'Mackenzie');
INSERT INTO Person (ID, Age, PhoneNumber, Name) VALUES (707, 25, '0588630806', 'Adalyn');
INSERT INTO Person (ID, Age, PhoneNumber, Name) VALUES (708, 33, '0596010432', 'Natalie');
INSERT INTO Person (ID, Age, PhoneNumber, Name) VALUES (709, 46, '0533893365', 'Alyssa');
INSERT INTO Person (ID, Age, PhoneNumber, Name) VALUES (710, 33, '0591065697', 'Glenn');
INSERT INTO Person (ID, Age, PhoneNumber, Name) VALUES (711, 35, '0578030598', 'Makayla');
INSERT INTO Person (ID, Age, PhoneNumber, Name) VALUES (712, 31, '0588610090', 'Makayla');
INSERT INTO Person (ID, Age, PhoneNumber, Name) VALUES (713, 44, '0554011590', 'Katherine');
INSERT INTO Person (ID, Age, PhoneNumber, Name) VALUES (714, 30, '0585853208', 'Thomas');
INSERT INTO Person (ID, Age, PhoneNumber, Name) VALUES (715, 27, '0566901223', 'Joshua');
INSERT INTO Person (ID, Age, PhoneNumber, Name) VALUES (716, 49, '0570352366', 'Amanda');
INSERT INTO Person (ID, Age, PhoneNumber, Name) VALUES (717, 41, '0560944964', 'Albert');
INSERT INTO Person (ID, Age, PhoneNumber, Name) VALUES (718, 38, '0578969459', 'Anna');
INSERT INTO Person (ID, Age, PhoneNumber, Name) VALUES (719, 45, '0534525705', 'Matthew');
INSERT INTO Person (ID, Age, PhoneNumber, Name) VALUES (720, 29, '0526735897', 'Haley');
INSERT INTO Person (ID, Age, PhoneNumber, Name) VALUES (721, 44, '0534531654', 'Jennifer');
INSERT INTO Person (ID, Age, PhoneNumber, Name) VALUES (722, 27, '0541427535', 'Wayne');
INSERT INTO Person (ID, Age, PhoneNumber, Name) VALUES (723, 39, '0527684747', 'Kayla');
INSERT INTO Person (ID, Age, PhoneNumber, Name) VALUES (724, 30, '0573861653', 'Louis');
INSERT INTO Person (ID, Age, PhoneNumber, Name) VALUES (725, 32, '0546974222', 'Gabrielle');
INSERT INTO Person (ID, Age, PhoneNumber, Name) VALUES (726, 28, '0540587422', 'Samuel');
INSERT INTO Person (ID, Age, PhoneNumber, Name) VALUES (727, 28, '0503942650', 'Eddie');
INSERT INTO Person (ID, Age, PhoneNumber, Name) VALUES (728, 50, '0580964988', 'Patrick');
INSERT INTO Person (ID, Age, PhoneNumber, Name) VALUES (729, 34, '0518161738', 'Levi');
INSERT INTO Person (ID, Age, PhoneNumber, Name) VALUES (730, 29, '0514285412', 'Eddie');
INSERT INTO Person (ID, Age, PhoneNumber, Name) VALUES (731, 46, '0582774344', 'Emma');
INSERT INTO Person (ID, Age, PhoneNumber, Name) VALUES (732, 41, '0560067264', 'Lawrence');
INSERT INTO Person (ID, Age, PhoneNumber, Name) VALUES (733, 32, '0514735197', 'Londyn');
INSERT INTO Person (ID, Age, PhoneNumber, Name) VALUES (734, 36, '0516373592', 'Patrick');
INSERT INTO Person (ID, Age, PhoneNumber, Name) VALUES (735, 34, '0596710981', 'Jeffrey');
INSERT INTO Person (ID, Age, PhoneNumber, Name) VALUES (736, 34, '0594970445', 'Martin');
INSERT INTO Person (ID, Age, PhoneNumber, Name) VALUES (737, 46, '0543076930', 'Eddie');
INSERT INTO Person (ID, Age, PhoneNumber, Name) VALUES (738, 25, '0521072682', 'Skylar');
INSERT INTO Person (ID, Age, PhoneNumber, Name) VALUES (739, 31, '0511783748', 'Brandon');
INSERT INTO Person (ID, Age, PhoneNumber, Name) VALUES (740, 27, '0587825138', 'Martin');
INSERT INTO Person (ID, Age, PhoneNumber, Name) VALUES (741, 48, '0568979258', 'Adam');
INSERT INTO Person (ID, Age, PhoneNumber, Name) VALUES (742, 38, '0535663178', 'Alex');
INSERT INTO Person (ID, Age, PhoneNumber, Name) VALUES (743, 43, '0596308641', 'Peyton');
INSERT INTO Person (ID, Age, PhoneNumber, Name) VALUES (744, 39, '0571113374', 'Stephanie');
INSERT INTO Person (ID, Age, PhoneNumber, Name) VALUES (745, 37, '0535306766', 'Avery');
INSERT INTO Person (ID, Age, PhoneNumber, Name) VALUES (746, 27, '0518244615', 'Aaron');
INSERT INTO Person (ID, Age, PhoneNumber, Name) VALUES (747, 29, '0530995934', 'David');
INSERT INTO Person (ID, Age, PhoneNumber, Name) VALUES (748, 45, '0537387089', 'Arthur');
INSERT INTO Person (ID, Age, PhoneNumber, Name) VALUES (749, 34, '0568162397', 'Peter');
INSERT INTO Person (ID, Age, PhoneNumber, Name) VALUES (750, 28, '0511878249', 'Donald');
INSERT INTO Person (ID, Age, PhoneNumber, Name) VALUES (751, 45, '0503029252', 'Joshua');
INSERT INTO Person (ID, Age, PhoneNumber, Name) VALUES (752, 41, '0573285221', 'Avery');
INSERT INTO Person (ID, Age, PhoneNumber, Name) VALUES (753, 45, '0538664548', 'Danielle');
INSERT INTO Person (ID, Age, PhoneNumber, Name) VALUES (754, 47, '0515251631', 'Gregory');
INSERT INTO Person (ID, Age, PhoneNumber, Name) VALUES (755, 38, '0541069252', 'Walter');
INSERT INTO Person (ID, Age, PhoneNumber, Name) VALUES (756, 35, '0531345902', 'Jennifer');
INSERT INTO Person (ID, Age, PhoneNumber, Name) VALUES (757, 29, '0578648583', 'Julia');
INSERT INTO Person (ID, Age, PhoneNumber, Name) VALUES (758, 27, '0545985208', 'Roger');
INSERT INTO Person (ID, Age, PhoneNumber, Name) VALUES (759, 26, '0572701217', 'Dennis');
INSERT INTO Person (ID, Age, PhoneNumber, Name) VALUES (760, 27, '0546077922', 'Stephen');
INSERT INTO Person (ID, Age, PhoneNumber, Name) VALUES (761, 33, '0530160430', 'Emily');
INSERT INTO Person (ID, Age, PhoneNumber, Name) VALUES (762, 44, '0509755264', 'Ryan');
INSERT INTO Person (ID, Age, PhoneNumber, Name) VALUES (763, 44, '0546239972', 'Roger');
INSERT INTO Person (ID, Age, PhoneNumber, Name) VALUES (764, 34, '0552229736', 'Frederick');
INSERT INTO Person (ID, Age, PhoneNumber, Name) VALUES (765, 28, '0586720973', 'Sara');
INSERT INTO Person (ID, Age, PhoneNumber, Name) VALUES (766, 32, '0556506710', 'Mariah');
INSERT INTO Person (ID, Age, PhoneNumber, Name) VALUES (767, 26, '0528476005', 'Mckenzie');
INSERT INTO Person (ID, Age, PhoneNumber, Name) VALUES (768, 46, '0541523328', 'Lila');
INSERT INTO Person (ID, Age, PhoneNumber, Name) VALUES (769, 45, '0507937375', 'Julianna');
INSERT INTO Person (ID, Age, PhoneNumber, Name) VALUES (770, 25, '0524062028', 'Dennis');
INSERT INTO Person (ID, Age, PhoneNumber, Name) VALUES (771, 37, '0597183393', 'Sydney');
INSERT INTO Person (ID, Age, PhoneNumber, Name) VALUES (772, 41, '0526571649', 'Leah');
INSERT INTO Person (ID, Age, PhoneNumber, Name) VALUES (773, 30, '0526676667', 'Paige');
INSERT INTO Person (ID, Age, PhoneNumber, Name) VALUES (774, 42, '0526954949', 'Glenn');
INSERT INTO Person (ID, Age, PhoneNumber, Name) VALUES (775, 31, '0570306060', 'Sophie');
INSERT INTO Person (ID, Age, PhoneNumber, Name) VALUES (776, 25, '0542047365', 'Brianna');
INSERT INTO Person (ID, Age, PhoneNumber, Name) VALUES (777, 46, '0545182004', 'Delaney');
INSERT INTO Person (ID, Age, PhoneNumber, Name) VALUES (778, 49, '0572435794', 'Gerald');
INSERT INTO Person (ID, Age, PhoneNumber, Name) VALUES (779, 39, '0573194902', 'Leah');
INSERT INTO Person (ID, Age, PhoneNumber, Name) VALUES (780, 46, '0563486935', 'Roger');
INSERT INTO Person (ID, Age, PhoneNumber, Name) VALUES (781, 41, '0554527436', 'Morgan');
INSERT INTO Person (ID, Age, PhoneNumber, Name) VALUES (782, 43, '0598342462', 'Kayla');
INSERT INTO Person (ID, Age, PhoneNumber, Name) VALUES (783, 32, '0542900821', 'Ralph');
INSERT INTO Person (ID, Age, PhoneNumber, Name) VALUES (784, 38, '0548873701', 'Aria');
INSERT INTO Person (ID, Age, PhoneNumber, Name) VALUES (785, 46, '0536531830', 'Arthur');
INSERT INTO Person (ID, Age, PhoneNumber, Name) VALUES (786, 47, '0593817509', 'Roland');
INSERT INTO Person (ID, Age, PhoneNumber, Name) VALUES (787, 40, '0552417987', 'Isabelle');
INSERT INTO Person (ID, Age, PhoneNumber, Name) VALUES (788, 42, '0500349038', 'Steven');
INSERT INTO Person (ID, Age, PhoneNumber, Name) VALUES (789, 28, '0596540492', 'Jonathan');
INSERT INTO Person (ID, Age, PhoneNumber, Name) VALUES (790, 38, '0587740909', 'Robert');
INSERT INTO Person (ID, Age, PhoneNumber, Name) VALUES (791, 34, '0555134026', 'Calvin');
INSERT INTO Person (ID, Age, PhoneNumber, Name) VALUES (792, 46, '0559852175', 'Chloe');
INSERT INTO Person (ID, Age, PhoneNumber, Name) VALUES (793, 25, '0579951542', 'Lauren');
INSERT INTO Person (ID, Age, PhoneNumber, Name) VALUES (794, 32, '0539003817', 'Patrick');
INSERT INTO Person (ID, Age, PhoneNumber, Name) VALUES (795, 34, '0524752956', 'Hailey');
INSERT INTO Person (ID, Age, PhoneNumber, Name) VALUES (796, 28, '0528676977', 'Alexandra');
INSERT INTO Person (ID, Age, PhoneNumber, Name) VALUES (797, 50, '0592102628', 'Sophie');
INSERT INTO Person (ID, Age, PhoneNumber, Name) VALUES (798, 48, '0550221899', 'Matthew');
INSERT INTO Person (ID, Age, PhoneNumber, Name) VALUES (799, 33, '0533289543', 'Carl');
INSERT INTO Person (ID, Age, PhoneNumber, Name) VALUES (800, 48, '0576057020', 'Philip');
INSERT INTO Person (ID, Age, PhoneNumber, Name) VALUES (801, 35, '0585442301', 'Sarah');
INSERT INTO Person (ID, Age, PhoneNumber, Name) VALUES (802, 26, '0542386474', 'Jocelyn');
INSERT INTO Person (ID, Age, PhoneNumber, Name) VALUES (803, 31, '0536223339', 'Roger');
INSERT INTO Person (ID, Age, PhoneNumber, Name) VALUES (804, 33, '0510359049', 'Joshua');
INSERT INTO Person (ID, Age, PhoneNumber, Name) VALUES (805, 43, '0511537085', 'Robert');
INSERT INTO Person (ID, Age, PhoneNumber, Name) VALUES (806, 26, '0558918096', 'Cameron');
INSERT INTO Person (ID, Age, PhoneNumber, Name) VALUES (807, 40, '0538412418', 'Sadie');
INSERT INTO Person (ID, Age, PhoneNumber, Name) VALUES (808, 32, '0511403591', 'David');
INSERT INTO Person (ID, Age, PhoneNumber, Name) VALUES (809, 27, '0576739118', 'Miles');
INSERT INTO Person (ID, Age, PhoneNumber, Name) VALUES (810, 34, '0572117486', 'Cameron');
INSERT INTO Person (ID, Age, PhoneNumber, Name) VALUES (811, 34, '0561840401', 'Peyton');
INSERT INTO Person (ID, Age, PhoneNumber, Name) VALUES (812, 34, '0574413339', 'Jeffrey');
INSERT INTO Person (ID, Age, PhoneNumber, Name) VALUES (813, 44, '0546964219', 'Alex');
INSERT INTO Person (ID, Age, PhoneNumber, Name) VALUES (814, 31, '0549087033', 'Kennedy');
INSERT INTO Person (ID, Age, PhoneNumber, Name) VALUES (815, 33, '0507225305', 'Charles');
INSERT INTO Person (ID, Age, PhoneNumber, Name) VALUES (816, 42, '0570921116', 'Makayla');
INSERT INTO Person (ID, Age, PhoneNumber, Name) VALUES (817, 29, '0569975895', 'Aria');
INSERT INTO Person (ID, Age, PhoneNumber, Name) VALUES (818, 33, '0544295068', 'Isabella');
INSERT INTO Person (ID, Age, PhoneNumber, Name) VALUES (819, 27, '0585543505', 'Nicholas');
INSERT INTO Person (ID, Age, PhoneNumber, Name) VALUES (820, 33, '0594799392', 'Joel');
INSERT INTO Person (ID, Age, PhoneNumber, Name) VALUES (821, 42, '0512597146', 'Isaac');
INSERT INTO Person (ID, Age, PhoneNumber, Name) VALUES (822, 43, '0507876938', 'Henry');
INSERT INTO Person (ID, Age, PhoneNumber, Name) VALUES (823, 35, '0517813144', 'Ashley');
INSERT INTO Person (ID, Age, PhoneNumber, Name) VALUES (824, 50, '0553341107', 'Gerald');
INSERT INTO Person (ID, Age, PhoneNumber, Name) VALUES (825, 35, '0555305773', 'Ashley');
INSERT INTO Person (ID, Age, PhoneNumber, Name) VALUES (826, 45, '0521512581', 'Hailey');
INSERT INTO Person (ID, Age, PhoneNumber, Name) VALUES (827, 30, '0519817758', 'Joshua');
INSERT INTO Person (ID, Age, PhoneNumber, Name) VALUES (828, 46, '0593273808', 'Gabriella');
INSERT INTO Person (ID, Age, PhoneNumber, Name) VALUES (829, 28, '0501822648', 'Leah');
INSERT INTO Person (ID, Age, PhoneNumber, Name) VALUES (830, 41, '0583794595', 'Anthony');
INSERT INTO Person (ID, Age, PhoneNumber, Name) VALUES (831, 37, '0551653415', 'Steven');
INSERT INTO Person (ID, Age, PhoneNumber, Name) VALUES (832, 41, '0594137731', 'Anna');
INSERT INTO Person (ID, Age, PhoneNumber, Name) VALUES (833, 37, '0511848072', 'Gabrielle');
INSERT INTO Person (ID, Age, PhoneNumber, Name) VALUES (834, 29, '0585795654', 'Avery');
INSERT INTO Person (ID, Age, PhoneNumber, Name) VALUES (835, 27, '0566682875', 'Anna');
INSERT INTO Person (ID, Age, PhoneNumber, Name) VALUES (836, 27, '0566387506', 'Leonard');
INSERT INTO Person (ID, Age, PhoneNumber, Name) VALUES (837, 37, '0595881251', 'Kylie');
INSERT INTO Person (ID, Age, PhoneNumber, Name) VALUES (838, 39, '0519386085', 'Jonathan');
INSERT INTO Person (ID, Age, PhoneNumber, Name) VALUES (839, 38, '0575078762', 'Lauren');
INSERT INTO Person (ID, Age, PhoneNumber, Name) VALUES (840, 50, '0599437616', 'Jacob');
INSERT INTO Person (ID, Age, PhoneNumber, Name) VALUES (841, 41, '0588007954', 'Bella');
INSERT INTO Person (ID, Age, PhoneNumber, Name) VALUES (842, 40, '0533241224', 'Nicholas');
INSERT INTO Person (ID, Age, PhoneNumber, Name) VALUES (843, 31, '0555004175', 'Danielle');
INSERT INTO Person (ID, Age, PhoneNumber, Name) VALUES (844, 28, '0535677786', 'Alex');
INSERT INTO Person (ID, Age, PhoneNumber, Name) VALUES (845, 28, '0582581246', 'Isaiah');
INSERT INTO Person (ID, Age, PhoneNumber, Name) VALUES (846, 36, '0515611779', 'Aaliyah');
INSERT INTO Person (ID, Age, PhoneNumber, Name) VALUES (847, 32, '0519378629', 'Lily');
INSERT INTO Person (ID, Age, PhoneNumber, Name) VALUES (848, 29, '0563945203', 'Brooke');
INSERT INTO Person (ID, Age, PhoneNumber, Name) VALUES (849, 30, '0539079338', 'Roy');
INSERT INTO Person (ID, Age, PhoneNumber, Name) VALUES (850, 31, '0587111336', 'Kennedy');
INSERT INTO Person (ID, Age, PhoneNumber, Name) VALUES (851, 28, '0520737371', 'Aaliyah');
INSERT INTO Person (ID, Age, PhoneNumber, Name) VALUES (852, 26, '0517344041', 'George');
INSERT INTO Person (ID, Age, PhoneNumber, Name) VALUES (853, 28, '0509527522', 'Lauren');
INSERT INTO Person (ID, Age, PhoneNumber, Name) VALUES (854, 49, '0563400571', 'Ashley');
INSERT INTO Person (ID, Age, PhoneNumber, Name) VALUES (855, 25, '0580777010', 'Haley');
INSERT INTO Person (ID, Age, PhoneNumber, Name) VALUES (856, 36, '0593941233', 'Scott');
INSERT INTO Person (ID, Age, PhoneNumber, Name) VALUES (857, 38, '0527982432', 'Riley');
INSERT INTO Person (ID, Age, PhoneNumber, Name) VALUES (858, 33, '0527380150', 'Arthur');
INSERT INTO Person (ID, Age, PhoneNumber, Name) VALUES (859, 47, '0582644359', 'Kenneth');
INSERT INTO Person (ID, Age, PhoneNumber, Name) VALUES (860, 36, '0579212978', 'Matthew');
INSERT INTO Person (ID, Age, PhoneNumber, Name) VALUES (861, 42, '0563233760', 'Alex');
INSERT INTO Person (ID, Age, PhoneNumber, Name) VALUES (862, 49, '0587148038', 'Hailey');
INSERT INTO Person (ID, Age, PhoneNumber, Name) VALUES (863, 28, '0531993088', 'Kenneth');
INSERT INTO Person (ID, Age, PhoneNumber, Name) VALUES (864, 40, '0552524784', 'Haley');
INSERT INTO Person (ID, Age, PhoneNumber, Name) VALUES (865, 27, '0569051065', 'Rylee');
INSERT INTO Person (ID, Age, PhoneNumber, Name) VALUES (866, 33, '0552626305', 'Richard');
INSERT INTO Person (ID, Age, PhoneNumber, Name) VALUES (867, 26, '0587832295', 'Jerome');
INSERT INTO Person (ID, Age, PhoneNumber, Name) VALUES (868, 39, '0581502238', 'Roger');
INSERT INTO Person (ID, Age, PhoneNumber, Name) VALUES (869, 32, '0592006676', 'Clarence');
INSERT INTO Person (ID, Age, PhoneNumber, Name) VALUES (870, 45, '0500000015', 'William');
INSERT INTO Person (ID, Age, PhoneNumber, Name) VALUES (871, 47, '0592679709', 'Steven');
INSERT INTO Person (ID, Age, PhoneNumber, Name) VALUES (872, 33, '0556890494', 'Makenna');
INSERT INTO Person (ID, Age, PhoneNumber, Name) VALUES (873, 35, '0577184088', 'Frederick');
INSERT INTO Person (ID, Age, PhoneNumber, Name) VALUES (874, 43, '0565740748', 'William');
INSERT INTO Person (ID, Age, PhoneNumber, Name) VALUES (875, 32, '0522168549', 'Jeffrey');
INSERT INTO Person (ID, Age, PhoneNumber, Name) VALUES (876, 44, '0549137088', 'Nora');
INSERT INTO Person (ID, Age, PhoneNumber, Name) VALUES (877, 44, '0591901813', 'Frank');
INSERT INTO Person (ID, Age, PhoneNumber, Name) VALUES (878, 37, '0524398312', 'Donald');
INSERT INTO Person (ID, Age, PhoneNumber, Name) VALUES (879, 25, '0551863506', 'Makenna');
INSERT INTO Person (ID, Age, PhoneNumber, Name) VALUES (880, 44, '0567775611', 'Terry');
INSERT INTO Person (ID, Age, PhoneNumber, Name) VALUES (881, 26, '0523267039', 'Allison');
INSERT INTO Person (ID, Age, PhoneNumber, Name) VALUES (882, 30, '0572815602', 'Megan');
INSERT INTO Person (ID, Age, PhoneNumber, Name) VALUES (883, 47, '0565494140', 'Calvin');
INSERT INTO Person (ID, Age, PhoneNumber, Name) VALUES (884, 50, '0550622731', 'Violet');
INSERT INTO Person (ID, Age, PhoneNumber, Name) VALUES (885, 33, '0538467840', 'Maya');
INSERT INTO Person (ID, Age, PhoneNumber, Name) VALUES (886, 46, '0540173875', 'Madeline');
INSERT INTO Person (ID, Age, PhoneNumber, Name) VALUES (887, 44, '0548643692', 'Nicole');
INSERT INTO Person (ID, Age, PhoneNumber, Name) VALUES (888, 37, '0562137914', 'Mark');
INSERT INTO Person (ID, Age, PhoneNumber, Name) VALUES (889, 38, '0568518167', 'Violet');
INSERT INTO Person (ID, Age, PhoneNumber, Name) VALUES (890, 46, '0533674277', 'Chloe');
INSERT INTO Person (ID, Age, PhoneNumber, Name) VALUES (891, 30, '0524286102', 'Kylie');
INSERT INTO Person (ID, Age, PhoneNumber, Name) VALUES (892, 33, '0539009700', 'Richard');
INSERT INTO Person (ID, Age, PhoneNumber, Name) VALUES (893, 32, '0575877340', 'Danielle');
INSERT INTO Person (ID, Age, PhoneNumber, Name) VALUES (894, 50, '0563114930', 'Ellie');
INSERT INTO Person (ID, Age, PhoneNumber, Name) VALUES (895, 42, '0516094185', 'Gregory');
INSERT INTO Person (ID, Age, PhoneNumber, Name) VALUES (896, 49, '0570017110', 'Matthew');
INSERT INTO Person (ID, Age, PhoneNumber, Name) VALUES (897, 36, '0516991840', 'Aubrey');
INSERT INTO Person (ID, Age, PhoneNumber, Name) VALUES (898, 46, '0509240129', 'Aubrey');
INSERT INTO Person (ID, Age, PhoneNumber, Name) VALUES (899, 26, '0549026948', 'Wayne');
INSERT INTO Person (ID, Age, PhoneNumber, Name) VALUES (900, 38, '0564125540', 'Anna');
INSERT INTO Person (ID, Age, PhoneNumber, Name) VALUES (901, 43, '0559328527', 'Jessica');
INSERT INTO Person (ID, Age, PhoneNumber, Name) VALUES (902, 38, '0582262389', 'Riley');
INSERT INTO Person (ID, Age, PhoneNumber, Name) VALUES (903, 32, '0574584622', 'Richard');
INSERT INTO Person (ID, Age, PhoneNumber, Name) VALUES (904, 26, '0519373298', 'Alyssa');
INSERT INTO Person (ID, Age, PhoneNumber, Name) VALUES (905, 39, '0536129744', 'Julianna');
INSERT INTO Person (ID, Age, PhoneNumber, Name) VALUES (906, 48, '0542266804', 'Gabrielle');
INSERT INTO Person (ID, Age, PhoneNumber, Name) VALUES (907, 31, '0551776554', 'Steven');
INSERT INTO Person (ID, Age, PhoneNumber, Name) VALUES (908, 48, '0599473698', 'John');
INSERT INTO Person (ID, Age, PhoneNumber, Name) VALUES (909, 26, '0518027200', 'Alyssa');
INSERT INTO Person (ID, Age, PhoneNumber, Name) VALUES (910, 25, '0568488024', 'Melissa');
INSERT INTO Person (ID, Age, PhoneNumber, Name) VALUES (911, 32, '0586240947', 'Aria');
INSERT INTO Person (ID, Age, PhoneNumber, Name) VALUES (912, 40, '0557965215', 'Edward');
INSERT INTO Person (ID, Age, PhoneNumber, Name) VALUES (913, 29, '0531500970', 'Scott');
INSERT INTO Person (ID, Age, PhoneNumber, Name) VALUES (914, 41, '0500641466', 'Alexandra');
INSERT INTO Person (ID, Age, PhoneNumber, Name) VALUES (915, 39, '0546330857', 'Lauren');
INSERT INTO Person (ID, Age, PhoneNumber, Name) VALUES (916, 43, '0577218611', 'Lily');
INSERT INTO Person (ID, Age, PhoneNumber, Name) VALUES (917, 27, '0512787572', 'Martin');
INSERT INTO Person (ID, Age, PhoneNumber, Name) VALUES (918, 44, '0537533995', 'Isabella');
INSERT INTO Person (ID, Age, PhoneNumber, Name) VALUES (919, 50, '0567562830', 'Walter');
INSERT INTO Person (ID, Age, PhoneNumber, Name) VALUES (920, 43, '0572612307', 'Eddie');
INSERT INTO Person (ID, Age, PhoneNumber, Name) VALUES (921, 29, '0593404756', 'Lila');
INSERT INTO Person (ID, Age, PhoneNumber, Name) VALUES (922, 35, '0555463124', 'Brandon');
INSERT INTO Person (ID, Age, PhoneNumber, Name) VALUES (923, 36, '0543033580', 'Madeline');
INSERT INTO Person (ID, Age, PhoneNumber, Name) VALUES (924, 36, '0559404844', 'Madison');
INSERT INTO Person (ID, Age, PhoneNumber, Name) VALUES (925, 32, '0570826204', 'Harold');
INSERT INTO Person (ID, Age, PhoneNumber, Name) VALUES (926, 29, '0589460060', 'Oscar');
INSERT INTO Person (ID, Age, PhoneNumber, Name) VALUES (927, 31, '0593147714', 'Anthony');
INSERT INTO Person (ID, Age, PhoneNumber, Name) VALUES (928, 33, '0536789030', 'George');
INSERT INTO Person (ID, Age, PhoneNumber, Name) VALUES (929, 27, '0592083833', 'Ralph');
INSERT INTO Person (ID, Age, PhoneNumber, Name) VALUES (930, 38, '0591231534', 'Jerome');
INSERT INTO Person (ID, Age, PhoneNumber, Name) VALUES (931, 44, '0535694790', 'Daniel');
INSERT INTO Person (ID, Age, PhoneNumber, Name) VALUES (932, 37, '0521734711', 'Sarah');
INSERT INTO Person (ID, Age, PhoneNumber, Name) VALUES (933, 47, '0516877598', 'Richard');
INSERT INTO Person (ID, Age, PhoneNumber, Name) VALUES (934, 29, '0577107991', 'Bella');
INSERT INTO Person (ID, Age, PhoneNumber, Name) VALUES (935, 37, '0503985540', 'Anna');
INSERT INTO Person (ID, Age, PhoneNumber, Name) VALUES (936, 27, '0510822284', 'Wayne');
INSERT INTO Person (ID, Age, PhoneNumber, Name) VALUES (937, 38, '0536327456', 'Ralph');
INSERT INTO Person (ID, Age, PhoneNumber, Name) VALUES (938, 36, '0517166313', 'Kayla');
INSERT INTO Person (ID, Age, PhoneNumber, Name) VALUES (939, 33, '0561209403', 'Makayla');
INSERT INTO Person (ID, Age, PhoneNumber, Name) VALUES (940, 49, '0517257821', 'John');
INSERT INTO Person (ID, Age, PhoneNumber, Name) VALUES (941, 27, '0537212137', 'Brooke');
INSERT INTO Person (ID, Age, PhoneNumber, Name) VALUES (942, 37, '0590285929', 'Tyler');
INSERT INTO Person (ID, Age, PhoneNumber, Name) VALUES (943, 46, '0557852511', 'Oscar');
INSERT INTO Person (ID, Age, PhoneNumber, Name) VALUES (944, 45, '0561559948', 'Gordon');
INSERT INTO Person (ID, Age, PhoneNumber, Name) VALUES (945, 38, '0586259875', 'Brianna');
INSERT INTO Person (ID, Age, PhoneNumber, Name) VALUES (946, 41, '0590274038', 'Nicholas');
INSERT INTO Person (ID, Age, PhoneNumber, Name) VALUES (947, 32, '0530414239', 'Taylor');
INSERT INTO Person (ID, Age, PhoneNumber, Name) VALUES (948, 35, '0553842786', 'Melissa');
INSERT INTO Person (ID, Age, PhoneNumber, Name) VALUES (949, 30, '0502404359', 'Rylee');
INSERT INTO Person (ID, Age, PhoneNumber, Name) VALUES (950, 27, '0547522913', 'Kevin');
INSERT INTO Person (ID, Age, PhoneNumber, Name) VALUES (951, 37, '0599238904', 'Sydney');
INSERT INTO Person (ID, Age, PhoneNumber, Name) VALUES (952, 38, '0596258051', 'Clarence');
INSERT INTO Person (ID, Age, PhoneNumber, Name) VALUES (953, 49, '0591482811', 'Brian');
INSERT INTO Person (ID, Age, PhoneNumber, Name) VALUES (954, 28, '0581040256', 'Edward');
INSERT INTO Person (ID, Age, PhoneNumber, Name) VALUES (955, 38, '0551673549', 'Londyn');
INSERT INTO Person (ID, Age, PhoneNumber, Name) VALUES (956, 49, '0567735509', 'Sadie');
INSERT INTO Person (ID, Age, PhoneNumber, Name) VALUES (957, 35, '0535456463', 'Peyton');
INSERT INTO Person (ID, Age, PhoneNumber, Name) VALUES (958, 49, '0591320454', 'George');
INSERT INTO Person (ID, Age, PhoneNumber, Name) VALUES (959, 50, '0520126537', 'Paige');
INSERT INTO Person (ID, Age, PhoneNumber, Name) VALUES (960, 34, '0577797133', 'Victoria');
INSERT INTO Person (ID, Age, PhoneNumber, Name) VALUES (961, 44, '0592965366', 'Gianna');
INSERT INTO Person (ID, Age, PhoneNumber, Name) VALUES (962, 41, '0568337857', 'Alexandra');
INSERT INTO Person (ID, Age, PhoneNumber, Name) VALUES (963, 32, '0569832963', 'Anna');
INSERT INTO Person (ID, Age, PhoneNumber, Name) VALUES (964, 38, '0597361307', 'Claire');
INSERT INTO Person (ID, Age, PhoneNumber, Name) VALUES (965, 25, '0515714229', 'Eddie');
INSERT INTO Person (ID, Age, PhoneNumber, Name) VALUES (966, 29, '0579548711', 'Frederick');
INSERT INTO Person (ID, Age, PhoneNumber, Name) VALUES (967, 47, '0557193217', 'Mark');
INSERT INTO Person (ID, Age, PhoneNumber, Name) VALUES (968, 35, '0521585025', 'Brianna');
INSERT INTO Person (ID, Age, PhoneNumber, Name) VALUES (969, 32, '0561422693', 'Eric');
INSERT INTO Person (ID, Age, PhoneNumber, Name) VALUES (970, 30, '0558626078', 'Roger');
INSERT INTO Person (ID, Age, PhoneNumber, Name) VALUES (971, 36, '0535176945', 'Trevor');
INSERT INTO Person (ID, Age, PhoneNumber, Name) VALUES (972, 25, '0590883598', 'Maya');
INSERT INTO Person (ID, Age, PhoneNumber, Name) VALUES (973, 49, '0583722055', 'Jordyn');
INSERT INTO Person (ID, Age, PhoneNumber, Name) VALUES (974, 26, '0504132964', 'Brianna');
INSERT INTO Person (ID, Age, PhoneNumber, Name) VALUES (975, 32, '0571341270', 'Bradley');
INSERT INTO Person (ID, Age, PhoneNumber, Name) VALUES (976, 26, '0544944485', 'Adriana');
INSERT INTO Person (ID, Age, PhoneNumber, Name) VALUES (977, 40, '0502567597', 'Max');
INSERT INTO Person (ID, Age, PhoneNumber, Name) VALUES (978, 48, '0514154441', 'Louis');
INSERT INTO Person (ID, Age, PhoneNumber, Name) VALUES (979, 41, '0578846582', 'Evelyn');
INSERT INTO Person (ID, Age, PhoneNumber, Name) VALUES (980, 25, '0599452174', 'Natalie');
INSERT INTO Person (ID, Age, PhoneNumber, Name) VALUES (981, 29, '0548667842', 'Madeline');
INSERT INTO Person (ID, Age, PhoneNumber, Name) VALUES (982, 33, '0535538478', 'Julia');
INSERT INTO Person (ID, Age, PhoneNumber, Name) VALUES (983, 34, '0507517933', 'Kylie');
INSERT INTO Person (ID, Age, PhoneNumber, Name) VALUES (984, 49, '0502704083', 'Roland');
INSERT INTO Person (ID, Age, PhoneNumber, Name) VALUES (985, 28, '0532142941', 'Maya');
INSERT INTO Person (ID, Age, PhoneNumber, Name) VALUES (986, 42, '0575052828', 'Amanda');
INSERT INTO Person (ID, Age, PhoneNumber, Name) VALUES (987, 31, '0552849780', 'Peyton');
INSERT INTO Person (ID, Age, PhoneNumber, Name) VALUES (988, 27, '0545241378', 'Derek');
INSERT INTO Person (ID, Age, PhoneNumber, Name) VALUES (989, 48, '0515782930', 'Paige');
INSERT INTO Person (ID, Age, PhoneNumber, Name) VALUES (990, 36, '0561367484', 'Elise');
INSERT INTO Person (ID, Age, PhoneNumber, Name) VALUES (991, 30, '0573124903', 'Hannah');
INSERT INTO Person (ID, Age, PhoneNumber, Name) VALUES (992, 33, '0549011737', 'Olivia');
INSERT INTO Person (ID, Age, PhoneNumber, Name) VALUES (993, 25, '0592864382', 'Isaac');
INSERT INTO Person (ID, Age, PhoneNumber, Name) VALUES (994, 44, '0544504122', 'Nathan');
INSERT INTO Person (ID, Age, PhoneNumber, Name) VALUES (995, 50, '0543602644', 'Keith');
INSERT INTO Person (ID, Age, PhoneNumber, Name) VALUES (996, 27, '0529300963', 'Emma');
INSERT INTO Person (ID, Age, PhoneNumber, Name) VALUES (997, 48, '0557748705', 'Benjamin');
INSERT INTO Person (ID, Age, PhoneNumber, Name) VALUES (998, 45, '0531049030', 'Emma');
INSERT INTO Person (ID, Age, PhoneNumber, Name) VALUES (999, 34, '0551172568', 'Rachel');
INSERT INTO Person (ID, Age, PhoneNumber, Name) VALUES (1000, 40, '0521791743', 'Anthony');
INSERT INTO Person (ID, Age, PhoneNumber, Name) VALUES (1001, 43, '0541895848', 'Katherine');
INSERT INTO Person (ID, Age, PhoneNumber, Name) VALUES (1002, 36, '0599145363', 'Ashley');
INSERT INTO Person (ID, Age, PhoneNumber, Name) VALUES (1003, 31, '0526614835', 'Rylee');
INSERT INTO Person (ID, Age, PhoneNumber, Name) VALUES (1004, 25, '0580313203', 'Isaiah');
INSERT INTO Person (ID, Age, PhoneNumber, Name) VALUES (1005, 42, '0584467866', 'Tyler');
INSERT INTO Person (ID, Age, PhoneNumber, Name) VALUES (1006, 35, '0538843641', 'Martin');
INSERT INTO Person (ID, Age, PhoneNumber, Name) VALUES (1007, 44, '0530727999', 'Martin');
INSERT INTO Person (ID, Age, PhoneNumber, Name) VALUES (1008, 31, '0598814364', 'Levi');
INSERT INTO Person (ID, Age, PhoneNumber, Name) VALUES (1009, 33, '0556714985', 'Allison');
INSERT INTO Person (ID, Age, PhoneNumber, Name) VALUES (1010, 29, '0541225582', 'Scott');
INSERT INTO Person (ID, Age, PhoneNumber, Name) VALUES (1011, 38, '0501493135', 'Gabriella');
INSERT INTO Person (ID, Age, PhoneNumber, Name) VALUES (1012, 31, '0508189649', 'Landon');
INSERT INTO Person (ID, Age, PhoneNumber, Name) VALUES (1013, 34, '0584664008', 'Frederick');
INSERT INTO Person (ID, Age, PhoneNumber, Name) VALUES (1014, 39, '0561151101', 'Samantha');
INSERT INTO Person (ID, Age, PhoneNumber, Name) VALUES (1015, 32, '0584618290', 'Martin');
INSERT INTO Person (ID, Age, PhoneNumber, Name) VALUES (1016, 34, '0518860337', 'Thomas');
INSERT INTO Person (ID, Age, PhoneNumber, Name) VALUES (1017, 25, '0513307984', 'Bradley');
INSERT INTO Person (ID, Age, PhoneNumber, Name) VALUES (1018, 30, '0545314784', 'Keith');
INSERT INTO Person (ID, Age, PhoneNumber, Name) VALUES (1019, 30, '0543705898', 'Brooke');
INSERT INTO Person (ID, Age, PhoneNumber, Name) VALUES (1020, 36, '0510031341', 'Alexandra');
INSERT INTO Person (ID, Age, PhoneNumber, Name) VALUES (1021, 28, '0578874062', 'Aaron');
INSERT INTO Person (ID, Age, PhoneNumber, Name) VALUES (1022, 37, '0503662763', 'Lester');
INSERT INTO Person (ID, Age, PhoneNumber, Name) VALUES (1023, 48, '0565103124', 'Albert');
INSERT INTO Person (ID, Age, PhoneNumber, Name) VALUES (1024, 50, '0553616987', 'Claire');
INSERT INTO Person (ID, Age, PhoneNumber, Name) VALUES (1025, 39, '0588561897', 'Roger');
INSERT INTO Person (ID, Age, PhoneNumber, Name) VALUES (1026, 40, '0518895019', 'Patrick');
INSERT INTO Person (ID, Age, PhoneNumber, Name) VALUES (1027, 50, '0556750527', 'Eric');
INSERT INTO Person (ID, Age, PhoneNumber, Name) VALUES (1028, 43, '0570692034', 'Brianna');
INSERT INTO Person (ID, Age, PhoneNumber, Name) VALUES (1029, 36, '0560892617', 'Gabriella');
INSERT INTO Person (ID, Age, PhoneNumber, Name) VALUES (1030, 43, '0578123006', 'Hannah');
INSERT INTO Person (ID, Age, PhoneNumber, Name) VALUES (1031, 35, '0563571353', 'Makayla');
INSERT INTO Person (ID, Age, PhoneNumber, Name) VALUES (1032, 39, '0545133711', 'Harry');
INSERT INTO Person (ID, Age, PhoneNumber, Name) VALUES (1033, 25, '0588193403', 'Kevin');
INSERT INTO Person (ID, Age, PhoneNumber, Name) VALUES (1034, 27, '0515655965', 'Gregory');
INSERT INTO Person (ID, Age, PhoneNumber, Name) VALUES (1035, 46, '0510952279', 'Isabelle');
INSERT INTO Person (ID, Age, PhoneNumber, Name) VALUES (1036, 26, '0512112656', 'Gerald');
INSERT INTO Person (ID, Age, PhoneNumber, Name) VALUES (1037, 38, '0583325653', 'Allison');
INSERT INTO Person (ID, Age, PhoneNumber, Name) VALUES (1038, 36, '0591326287', 'Amelia');
INSERT INTO Person (ID, Age, PhoneNumber, Name) VALUES (1039, 26, '0558857327', 'Katherine');
INSERT INTO Person (ID, Age, PhoneNumber, Name) VALUES (1040, 42, '0590434158', 'Aaliyah');
INSERT INTO Person (ID, Age, PhoneNumber, Name) VALUES (1041, 45, '0574674374', 'Kayla');
INSERT INTO Person (ID, Age, PhoneNumber, Name) VALUES (1042, 45, '0519259790', 'Cameron');
INSERT INTO Person (ID, Age, PhoneNumber, Name) VALUES (1043, 48, '0500780595', 'Daniel');
INSERT INTO Person (ID, Age, PhoneNumber, Name) VALUES (1044, 44, '0525019287', 'Hailey');
INSERT INTO Person (ID, Age, PhoneNumber, Name) VALUES (1045, 26, '0525663319', 'Nathan');
INSERT INTO Person (ID, Age, PhoneNumber, Name) VALUES (1046, 32, '0568822726', 'Henry');
INSERT INTO Person (ID, Age, PhoneNumber, Name) VALUES (1047, 50, '0561831796', 'Danielle');
INSERT INTO Person (ID, Age, PhoneNumber, Name) VALUES (1048, 49, '0556632692', 'Morgan');
INSERT INTO Person (ID, Age, PhoneNumber, Name) VALUES (1049, 44, '0599165059', 'Alex');
INSERT INTO Person (ID, Age, PhoneNumber, Name) VALUES (1050, 42, '0528325061', 'Lawrence');
INSERT INTO Person (ID, Age, PhoneNumber, Name) VALUES (1051, 44, '0577541333', 'Piper');
INSERT INTO Person (ID, Age, PhoneNumber, Name) VALUES (1052, 37, '0503175683', 'Kayla');
INSERT INTO Person (ID, Age, PhoneNumber, Name) VALUES (1053, 30, '0517098081', 'Matthew');
INSERT INTO Person (ID, Age, PhoneNumber, Name) VALUES (1054, 45, '0513311846', 'Emily');
INSERT INTO Person (ID, Age, PhoneNumber, Name) VALUES (1055, 31, '0500538312', 'Frederick');
INSERT INTO Person (ID, Age, PhoneNumber, Name) VALUES (1056, 34, '0514811916', 'Roy');
INSERT INTO Person (ID, Age, PhoneNumber, Name) VALUES (1057, 39, '0516024272', 'David');
INSERT INTO Person (ID, Age, PhoneNumber, Name) VALUES (1058, 47, '0509168157', 'Lila');
INSERT INTO Person (ID, Age, PhoneNumber, Name) VALUES (1059, 29, '0583036890', 'Daniel');
INSERT INTO Person (ID, Age, PhoneNumber, Name) VALUES (1060, 48, '0551353381', 'Miles');
INSERT INTO Person (ID, Age, PhoneNumber, Name) VALUES (1061, 27, '0500478813', 'Victoria');
INSERT INTO Person (ID, Age, PhoneNumber, Name) VALUES (1062, 38, '0552788954', 'Jeffrey');
INSERT INTO Person (ID, Age, PhoneNumber, Name) VALUES (1063, 39, '0584095915', 'Anna');
INSERT INTO Person (ID, Age, PhoneNumber, Name) VALUES (1064, 25, '0540436585', 'Julia');
INSERT INTO Person (ID, Age, PhoneNumber, Name) VALUES (1065, 40, '0599804741', 'Aaron');
INSERT INTO Person (ID, Age, PhoneNumber, Name) VALUES (1066, 27, '0538393283', 'Kennedy');
INSERT INTO Person (ID, Age, PhoneNumber, Name) VALUES (1067, 41, '0538713778', 'Edward');
INSERT INTO Person (ID, Age, PhoneNumber, Name) VALUES (1068, 31, '0568775977', 'Jerome');
INSERT INTO Person (ID, Age, PhoneNumber, Name) VALUES (1069, 46, '0512237154', 'Elise');
INSERT INTO Person (ID, Age, PhoneNumber, Name) VALUES (1070, 47, '0505321383', 'Dennis');
INSERT INTO Person (ID, Age, PhoneNumber, Name) VALUES (1071, 32, '0570244002', 'Amanda');
INSERT INTO Person (ID, Age, PhoneNumber, Name) VALUES (1072, 30, '0578987790', 'Madeline');
INSERT INTO Person (ID, Age, PhoneNumber, Name) VALUES (1073, 28, '0596490190', 'Tyler');
INSERT INTO Person (ID, Age, PhoneNumber, Name) VALUES (1074, 40, '0543404651', 'Frederick');
INSERT INTO Person (ID, Age, PhoneNumber, Name) VALUES (1075, 40, '0577012980', 'Francis');
INSERT INTO Person (ID, Age, PhoneNumber, Name) VALUES (1076, 40, '0535956363', 'Kevin');
INSERT INTO Person (ID, Age, PhoneNumber, Name) VALUES (1077, 37, '0586524772', 'Mckenzie');
INSERT INTO Person (ID, Age, PhoneNumber, Name) VALUES (1078, 27, '0542065425', 'Amanda');
INSERT INTO Person (ID, Age, PhoneNumber, Name) VALUES (1079, 36, '0556698416', 'Daniel');
INSERT INTO Person (ID, Age, PhoneNumber, Name) VALUES (1080, 37, '0583820029', 'Thomas');
INSERT INTO Person (ID, Age, PhoneNumber, Name) VALUES (1081, 46, '0544340602', 'Riley');
INSERT INTO Person (ID, Age, PhoneNumber, Name) VALUES (1082, 38, '0565745855', 'Lawrence');
INSERT INTO Person (ID, Age, PhoneNumber, Name) VALUES (1083, 32, '0507568927', 'Miles');
INSERT INTO Person (ID, Age, PhoneNumber, Name) VALUES (1084, 39, '0583433125', 'Harry');
INSERT INTO Person (ID, Age, PhoneNumber, Name) VALUES (1085, 28, '0501000320', 'Adriana');
INSERT INTO Person (ID, Age, PhoneNumber, Name) VALUES (1086, 25, '0516834117', 'Richard');
INSERT INTO Person (ID, Age, PhoneNumber, Name) VALUES (1087, 38, '0506219355', 'Isabella');
INSERT INTO Person (ID, Age, PhoneNumber, Name) VALUES (1088, 32, '0561744066', 'Eddie');
INSERT INTO Person (ID, Age, PhoneNumber, Name) VALUES (1089, 37, '0584987352', 'Gordon');
INSERT INTO Person (ID, Age, PhoneNumber, Name) VALUES (1090, 44, '0539359225', 'Edward');
INSERT INTO Person (ID, Age, PhoneNumber, Name) VALUES (1091, 45, '0592980484', 'Brianna');
INSERT INTO Person (ID, Age, PhoneNumber, Name) VALUES (1092, 26, '0588493849', 'Patrick');
INSERT INTO Person (ID, Age, PhoneNumber, Name) VALUES (1093, 45, '0552649080', 'Richard');
INSERT INTO Person (ID, Age, PhoneNumber, Name) VALUES (1094, 28, '0571021992', 'Adam');
INSERT INTO Person (ID, Age, PhoneNumber, Name) VALUES (1095, 50, '0556620798', 'Aaliyah');
INSERT INTO Person (ID, Age, PhoneNumber, Name) VALUES (1096, 50, '0589056915', 'Isaac');
INSERT INTO Person (ID, Age, PhoneNumber, Name) VALUES (1097, 29, '0548946871', 'Layla');
INSERT INTO Person (ID, Age, PhoneNumber, Name) VALUES (1098, 45, '0504943893', 'Harry');
INSERT INTO Person (ID, Age, PhoneNumber, Name) VALUES (1099, 35, '0509693940', 'Tyler');
INSERT INTO Person (ID, Age, PhoneNumber, Name) VALUES (1100, 49, '0592721950', 'Victoria');
INSERT INTO Person (ID, Age, PhoneNumber, Name) VALUES (1101, 39, '0584526674', 'Matthew');
INSERT INTO Person (ID, Age, PhoneNumber, Name) VALUES (1102, 33, '0532186467', 'Lily');
INSERT INTO Person (ID, Age, PhoneNumber, Name) VALUES (1103, 47, '0577872309', 'Jerome');
INSERT INTO Person (ID, Age, PhoneNumber, Name) VALUES (1104, 36, '0537005828', 'Faith');
INSERT INTO Person (ID, Age, PhoneNumber, Name) VALUES (1105, 48, '0582281029', 'Eddie');
INSERT INTO Person (ID, Age, PhoneNumber, Name) VALUES (1106, 35, '0516623474', 'Walter');
INSERT INTO Person (ID, Age, PhoneNumber, Name) VALUES (1107, 50, '0551307227', 'Stephen');
INSERT INTO Person (ID, Age, PhoneNumber, Name) VALUES (1108, 29, '0581930485', 'Samuel');
INSERT INTO Person (ID, Age, PhoneNumber, Name) VALUES (1109, 46, '0588902145', 'Philip');
INSERT INTO Person (ID, Age, PhoneNumber, Name) VALUES (1110, 41, '0595708444', 'Adalyn');
INSERT INTO Person (ID, Age, PhoneNumber, Name) VALUES (1111, 40, '0590835358', 'Aubrey');
INSERT INTO Person (ID, Age, PhoneNumber, Name) VALUES (1112, 32, '0526989612', 'John');
INSERT INTO Person (ID, Age, PhoneNumber, Name) VALUES (1113, 45, '0590526585', 'Olivia');
INSERT INTO Person (ID, Age, PhoneNumber, Name) VALUES (1114, 26, '0559011913', 'Oscar');
INSERT INTO Person (ID, Age, PhoneNumber, Name) VALUES (1115, 44, '0570601828', 'Olivia');
INSERT INTO Person (ID, Age, PhoneNumber, Name) VALUES (1116, 49, '0566211162', 'Audrey');
INSERT INTO Person (ID, Age, PhoneNumber, Name) VALUES (1117, 33, '0569506151', 'Eric');
INSERT INTO Person (ID, Age, PhoneNumber, Name) VALUES (1118, 43, '0537523411', 'Robert');
INSERT INTO Person (ID, Age, PhoneNumber, Name) VALUES (1119, 47, '0505913301', 'Aria');
INSERT INTO Person (ID, Age, PhoneNumber, Name) VALUES (1120, 43, '0518440075', 'John');
INSERT INTO Person (ID, Age, PhoneNumber, Name) VALUES (1121, 28, '0594889892', 'Calvin');
INSERT INTO Person (ID, Age, PhoneNumber, Name) VALUES (1122, 41, '0528401743', 'Charles');
INSERT INTO Person (ID, Age, PhoneNumber, Name) VALUES (1123, 34, '0541991331', 'Alexis');
INSERT INTO Person (ID, Age, PhoneNumber, Name) VALUES (1124, 41, '0501795265', 'Peter');
INSERT INTO Person (ID, Age, PhoneNumber, Name) VALUES (1125, 29, '0535609784', 'Albert');
INSERT INTO Person (ID, Age, PhoneNumber, Name) VALUES (1126, 26, '0536570551', 'Timothy');
INSERT INTO Person (ID, Age, PhoneNumber, Name) VALUES (1127, 42, '0507385377', 'Lawrence');
INSERT INTO Person (ID, Age, PhoneNumber, Name) VALUES (1128, 32, '0506317389', 'Alexis');
INSERT INTO Person (ID, Age, PhoneNumber, Name) VALUES (1129, 46, '0525870762', 'Allison');
INSERT INTO Person (ID, Age, PhoneNumber, Name) VALUES (1130, 30, '0599337223', 'Sydney');
INSERT INTO Person (ID, Age, PhoneNumber, Name) VALUES (1131, 40, '0537283088', 'Keith');
INSERT INTO Person (ID, Age, PhoneNumber, Name) VALUES (1132, 46, '0502327272', 'Angelina');
INSERT INTO Person (ID, Age, PhoneNumber, Name) VALUES (1133, 28, '0562441979', 'Bella');
INSERT INTO Person (ID, Age, PhoneNumber, Name) VALUES (1134, 43, '0571111875', 'Jasmine');
INSERT INTO Person (ID, Age, PhoneNumber, Name) VALUES (1135, 26, '0586256670', 'Clarence');
INSERT INTO Person (ID, Age, PhoneNumber, Name) VALUES (1136, 49, '0516034584', 'Terry');
INSERT INTO Person (ID, Age, PhoneNumber, Name) VALUES (1137, 47, '0520073070', 'Avery');
INSERT INTO Person (ID, Age, PhoneNumber, Name) VALUES (1138, 43, '0574013986', 'Jasmine');
INSERT INTO Person (ID, Age, PhoneNumber, Name) VALUES (1139, 30, '0516869021', 'Francis');
INSERT INTO Person (ID, Age, PhoneNumber, Name) VALUES (1140, 44, '0596047708', 'Jonathan');
INSERT INTO Person (ID, Age, PhoneNumber, Name) VALUES (1141, 39, '0559902096', 'Lila');
INSERT INTO Person (ID, Age, PhoneNumber, Name) VALUES (1142, 30, '0519174504', 'Sophie');
INSERT INTO Person (ID, Age, PhoneNumber, Name) VALUES (1143, 25, '0544476502', 'Max');
INSERT INTO Person (ID, Age, PhoneNumber, Name) VALUES (1144, 49, '0542351408', 'Amanda');
INSERT INTO Person (ID, Age, PhoneNumber, Name) VALUES (1145, 43, '0564445403', 'Hannah');
INSERT INTO Person (ID, Age, PhoneNumber, Name) VALUES (1146, 32, '0562898599', 'Gerald');
INSERT INTO Person (ID, Age, PhoneNumber, Name) VALUES (1147, 50, '0591682240', 'Brooke');
INSERT INTO Person (ID, Age, PhoneNumber, Name) VALUES (1148, 27, '0525774130', 'Joshua');
INSERT INTO Person (ID, Age, PhoneNumber, Name) VALUES (1149, 45, '0559330119', 'Roy');
INSERT INTO Person (ID, Age, PhoneNumber, Name) VALUES (1150, 44, '0559983190', 'Bradley');
INSERT INTO Person (ID, Age, PhoneNumber, Name) VALUES (1151, 33, '0500747692', 'Chloe');
INSERT INTO Person (ID, Age, PhoneNumber, Name) VALUES (1152, 26, '0583287735', 'Brandon');
INSERT INTO Person (ID, Age, PhoneNumber, Name) VALUES (1153, 30, '0532182841', 'Gregory');
INSERT INTO Person (ID, Age, PhoneNumber, Name) VALUES (1154, 34, '0528636913', 'Mckenzie');
INSERT INTO Person (ID, Age, PhoneNumber, Name) VALUES (1155, 49, '0509825758', 'Ralph');
INSERT INTO Person (ID, Age, PhoneNumber, Name) VALUES (1156, 38, '0559797942', 'Dennis');
INSERT INTO Person (ID, Age, PhoneNumber, Name) VALUES (1157, 36, '0570047941', 'Samantha');
INSERT INTO Person (ID, Age, PhoneNumber, Name) VALUES (1158, 35, '0573616270', 'Ashley');
INSERT INTO Person (ID, Age, PhoneNumber, Name) VALUES (1159, 38, '0596839521', 'Aria');
INSERT INTO Person (ID, Age, PhoneNumber, Name) VALUES (1160, 46, '0538842837', 'Dennis');
INSERT INTO Person (ID, Age, PhoneNumber, Name) VALUES (1161, 26, '0509601180', 'Layla');
INSERT INTO Person (ID, Age, PhoneNumber, Name) VALUES (1162, 50, '0545997335', 'Kayla');
INSERT INTO Person (ID, Age, PhoneNumber, Name) VALUES (1163, 30, '0535992074', 'Ronald');
INSERT INTO Person (ID, Age, PhoneNumber, Name) VALUES (1164, 35, '0503027351', 'Mckenzie');
INSERT INTO Person (ID, Age, PhoneNumber, Name) VALUES (1165, 26, '0580589325', 'Benjamin');
INSERT INTO Person (ID, Age, PhoneNumber, Name) VALUES (1166, 39, '0565333851', 'Katherine');
INSERT INTO Person (ID, Age, PhoneNumber, Name) VALUES (1167, 33, '0589368755', 'Julianna');
INSERT INTO Person (ID, Age, PhoneNumber, Name) VALUES (1168, 34, '0538121498', 'Victor');
INSERT INTO Person (ID, Age, PhoneNumber, Name) VALUES (1169, 41, '0536626487', 'Peter');
INSERT INTO Person (ID, Age, PhoneNumber, Name) VALUES (1170, 46, '0580708383', 'Mia');
INSERT INTO Person (ID, Age, PhoneNumber, Name) VALUES (1171, 45, '0585330136', 'Aaron');
INSERT INTO Person (ID, Age, PhoneNumber, Name) VALUES (1172, 46, '0581874600', 'Alexandra');
INSERT INTO Person (ID, Age, PhoneNumber, Name) VALUES (1173, 39, '0572841831', 'Julianna');
INSERT INTO Person (ID, Age, PhoneNumber, Name) VALUES (1174, 38, '0543044998', 'Audrey');
INSERT INTO Person (ID, Age, PhoneNumber, Name) VALUES (1175, 33, '0527437084', 'Sophie');
INSERT INTO Person (ID, Age, PhoneNumber, Name) VALUES (1176, 42, '0508200217', 'Edward');
INSERT INTO Person (ID, Age, PhoneNumber, Name) VALUES (1177, 41, '0583925858', 'Elise');
INSERT INTO Person (ID, Age, PhoneNumber, Name) VALUES (1178, 25, '0517688673', 'Eric');
INSERT INTO Person (ID, Age, PhoneNumber, Name) VALUES (1179, 42, '0525118534', 'Ellie');
INSERT INTO Person (ID, Age, PhoneNumber, Name) VALUES (1180, 33, '0547618680', 'Ralph');
INSERT INTO Person (ID, Age, PhoneNumber, Name) VALUES (1181, 31, '0591881413', 'Daniel');
INSERT INTO Person (ID, Age, PhoneNumber, Name) VALUES (1182, 36, '0582364570', 'Peyton');
INSERT INTO Person (ID, Age, PhoneNumber, Name) VALUES (1183, 37, '0529271201', 'Makayla');
INSERT INTO Person (ID, Age, PhoneNumber, Name) VALUES (1184, 25, '0520942735', 'Glenn');
INSERT INTO Person (ID, Age, PhoneNumber, Name) VALUES (1185, 49, '0550699130', 'Norman');
INSERT INTO Person (ID, Age, PhoneNumber, Name) VALUES (1186, 46, '0545269394', 'Megan');
INSERT INTO Person (ID, Age, PhoneNumber, Name) VALUES (1187, 38, '0581343994', 'Ellie');
INSERT INTO Person (ID, Age, PhoneNumber, Name) VALUES (1188, 47, '0518696944', 'Emma');
INSERT INTO Person (ID, Age, PhoneNumber, Name) VALUES (1189, 47, '0542292254', 'Nicholas');
INSERT INTO Person (ID, Age, PhoneNumber, Name) VALUES (1190, 30, '0565842885', 'Leonard');
INSERT INTO Person (ID, Age, PhoneNumber, Name) VALUES (1191, 35, '0505768059', 'Taylor');
INSERT INTO Person (ID, Age, PhoneNumber, Name) VALUES (1192, 44, '0529608465', 'Elise');
INSERT INTO Person (ID, Age, PhoneNumber, Name) VALUES (1193, 49, '0588595133', 'Melissa');
INSERT INTO Person (ID, Age, PhoneNumber, Name) VALUES (1194, 26, '0568431690', 'Aaron');
INSERT INTO Person (ID, Age, PhoneNumber, Name) VALUES (1195, 46, '0509852045', 'Nathan');
INSERT INTO Person (ID, Age, PhoneNumber, Name) VALUES (1196, 42, '0531388770', 'Kylie');
INSERT INTO Person (ID, Age, PhoneNumber, Name) VALUES (1197, 33, '0563528613', 'Claire');
INSERT INTO Person (ID, Age, PhoneNumber, Name) VALUES (1198, 30, '0511222178', 'Isabel');
INSERT INTO Person (ID, Age, PhoneNumber, Name) VALUES (1199, 31, '0526252527', 'Danielle');
INSERT INTO Person (ID, Age, PhoneNumber, Name) VALUES (1200, 26, '0583766107', 'Frank');
INSERT INTO Worker (ID, HireDate) VALUES (1, '2021-10-08');
INSERT INTO WorksIn (ID, BuildingID) VALUES (1, 357);
INSERT INTO Student (ID, RoomID, BuildingID, EnrollmentDate, Major) VALUES (401, 1, 383, '2002-11-03', 'Biology');
INSERT INTO Worker (ID, HireDate) VALUES (801, '2019-07-08');
INSERT INTO WorksIn (ID, BuildingID) VALUES (801, 66);
INSERT INTO Student (ID, RoomID, BuildingID, EnrollmentDate, Major) VALUES (2, 2, 277, '2021-12-06', 'Graphic Design');
INSERT INTO Worker (ID, HireDate) VALUES (402, '2006-08-30');
INSERT INTO WorksIn (ID, BuildingID) VALUES (402, 263);
INSERT INTO Worker (ID, HireDate) VALUES (802, '2009-06-12');
INSERT INTO WorksIn (ID, BuildingID) VALUES (802, 343);
INSERT INTO Student (ID, RoomID, BuildingID, EnrollmentDate, Major) VALUES (3, 1, 177, '2015-01-01', 'Accounting');
INSERT INTO Worker (ID, HireDate) VALUES (403, '2007-08-12');
INSERT INTO WorksIn (ID, BuildingID) VALUES (403, 53);
INSERT INTO Worker (ID, HireDate) VALUES (803, '2017-04-03');
INSERT INTO WorksIn (ID, BuildingID) VALUES (803, 22);
INSERT INTO Worker (ID, HireDate) VALUES (4, '2023-05-31');
INSERT INTO WorksIn (ID, BuildingID) VALUES (4, 195);
INSERT INTO Student (ID, RoomID, BuildingID, EnrollmentDate, Major) VALUES (404, 2, 304, '2003-06-24', 'Political Science');
INSERT INTO Worker (ID, HireDate) VALUES (804, '2000-06-12');
INSERT INTO WorksIn (ID, BuildingID) VALUES (804, 311);
INSERT INTO Worker (ID, HireDate) VALUES (5, '2014-07-23');
INSERT INTO WorksIn (ID, BuildingID) VALUES (5, 247);
INSERT INTO Worker (ID, HireDate) VALUES (405, '2011-09-28');
INSERT INTO WorksIn (ID, BuildingID) VALUES (405, 216);
INSERT INTO Student (ID, RoomID, BuildingID, EnrollmentDate, Major) VALUES (805, 1, 245, '2005-02-08', 'Biology');
INSERT INTO Worker (ID, HireDate) VALUES (6, '2010-11-18');
INSERT INTO WorksIn (ID, BuildingID) VALUES (6, 148);
INSERT INTO Worker (ID, HireDate) VALUES (406, '2001-09-07');
INSERT INTO WorksIn (ID, BuildingID) VALUES (406, 321);
INSERT INTO Student (ID, RoomID, BuildingID, EnrollmentDate, Major) VALUES (806, 1, 234, '2017-01-25', 'Accounting');
INSERT INTO Worker (ID, HireDate) VALUES (7, '2019-08-18');
INSERT INTO WorksIn (ID, BuildingID) VALUES (7, 72);
INSERT INTO Worker (ID, HireDate) VALUES (407, '2011-01-23');
INSERT INTO WorksIn (ID, BuildingID) VALUES (407, 128);
INSERT INTO Student (ID, RoomID, BuildingID, EnrollmentDate, Major) VALUES (807, 1, 200, '2007-09-17', 'Economics');
INSERT INTO Student (ID, RoomID, BuildingID, EnrollmentDate, Major) VALUES (8, 1, 7, '2017-07-30', 'Business Administration');
INSERT INTO Worker (ID, HireDate) VALUES (408, '2006-01-01');
INSERT INTO WorksIn (ID, BuildingID) VALUES (408, 226);
INSERT INTO Worker (ID, HireDate) VALUES (808, '2015-09-05');
INSERT INTO WorksIn (ID, BuildingID) VALUES (808, 339);
INSERT INTO Worker (ID, HireDate) VALUES (9, '2010-02-01');
INSERT INTO WorksIn (ID, BuildingID) VALUES (9, 105);
INSERT INTO Worker (ID, HireDate) VALUES (409, '2000-05-03');
INSERT INTO WorksIn (ID, BuildingID) VALUES (409, 42);
INSERT INTO Student (ID, RoomID, BuildingID, EnrollmentDate, Major) VALUES (809, 2, 181, '2023-06-09', 'Business Administration');
INSERT INTO Worker (ID, HireDate) VALUES (10, '2010-02-16');
INSERT INTO WorksIn (ID, BuildingID) VALUES (10, 32);
INSERT INTO Worker (ID, HireDate) VALUES (410, '2000-03-18');
INSERT INTO WorksIn (ID, BuildingID) VALUES (410, 321);
INSERT INTO Student (ID, RoomID, BuildingID, EnrollmentDate, Major) VALUES (810, 2, 85, '2020-10-27', 'Accounting');
INSERT INTO Student (ID, RoomID, BuildingID, EnrollmentDate, Major) VALUES (11, 2, 134, '2017-08-15', 'Environmental Science');
INSERT INTO Worker (ID, HireDate) VALUES (411, '2021-12-10');
INSERT INTO WorksIn (ID, BuildingID) VALUES (411, 47);
INSERT INTO Worker (ID, HireDate) VALUES (811, '2020-11-23');
INSERT INTO WorksIn (ID, BuildingID) VALUES (811, 250);
INSERT INTO Worker (ID, HireDate) VALUES (12, '2014-05-18');
INSERT INTO WorksIn (ID, BuildingID) VALUES (12, 141);
INSERT INTO Student (ID, RoomID, BuildingID, EnrollmentDate, Major) VALUES (412, 2, 328, '2009-11-06', 'Psychology');
INSERT INTO Worker (ID, HireDate) VALUES (812, '2017-11-16');
INSERT INTO WorksIn (ID, BuildingID) VALUES (812, 56);
INSERT INTO Worker (ID, HireDate) VALUES (13, '2001-10-21');
INSERT INTO WorksIn (ID, BuildingID) VALUES (13, 191);
INSERT INTO Student (ID, RoomID, BuildingID, EnrollmentDate, Major) VALUES (413, 1, 60, '2005-05-12', 'Economics');
INSERT INTO Worker (ID, HireDate) VALUES (813, '2016-11-09');
INSERT INTO WorksIn (ID, BuildingID) VALUES (813, 13);
INSERT INTO Student (ID, RoomID, BuildingID, EnrollmentDate, Major) VALUES (14, 1, 50, '2002-06-23', 'Graphic Design');
INSERT INTO Worker (ID, HireDate) VALUES (414, '2020-04-12');
INSERT INTO WorksIn (ID, BuildingID) VALUES (414, 264);
INSERT INTO Worker (ID, HireDate) VALUES (814, '2021-08-30');
INSERT INTO WorksIn (ID, BuildingID) VALUES (814, 36);
INSERT INTO Student (ID, RoomID, BuildingID, EnrollmentDate, Major) VALUES (15, 1, 206, '2018-03-04', 'Computer Science');
INSERT INTO Worker (ID, HireDate) VALUES (415, '2010-03-19');
INSERT INTO WorksIn (ID, BuildingID) VALUES (415, 77);
INSERT INTO Worker (ID, HireDate) VALUES (815, '2020-07-07');
INSERT INTO WorksIn (ID, BuildingID) VALUES (815, 342);
INSERT INTO Student (ID, RoomID, BuildingID, EnrollmentDate, Major) VALUES (16, 2, 69, '2000-05-09', 'Accounting');
INSERT INTO Worker (ID, HireDate) VALUES (416, '2021-10-01');
INSERT INTO WorksIn (ID, BuildingID) VALUES (416, 92);
INSERT INTO Worker (ID, HireDate) VALUES (816, '2015-01-26');
INSERT INTO WorksIn (ID, BuildingID) VALUES (816, 356);
INSERT INTO Worker (ID, HireDate) VALUES (17, '2006-02-10');
INSERT INTO WorksIn (ID, BuildingID) VALUES (17, 78);
INSERT INTO Worker (ID, HireDate) VALUES (417, '2009-05-26');
INSERT INTO WorksIn (ID, BuildingID) VALUES (417, 355);
INSERT INTO Student (ID, RoomID, BuildingID, EnrollmentDate, Major) VALUES (817, 1, 145, '2003-03-06', 'Accounting');
INSERT INTO Worker (ID, HireDate) VALUES (18, '2013-02-26');
INSERT INTO WorksIn (ID, BuildingID) VALUES (18, 351);
INSERT INTO Worker (ID, HireDate) VALUES (418, '2005-10-23');
INSERT INTO WorksIn (ID, BuildingID) VALUES (418, 112);
INSERT INTO Student (ID, RoomID, BuildingID, EnrollmentDate, Major) VALUES (818, 2, 65, '2014-01-16', 'Computer Science');
INSERT INTO Worker (ID, HireDate) VALUES (19, '2008-07-19');
INSERT INTO WorksIn (ID, BuildingID) VALUES (19, 146);
INSERT INTO Worker (ID, HireDate) VALUES (419, '2000-04-09');
INSERT INTO WorksIn (ID, BuildingID) VALUES (419, 222);
INSERT INTO Student (ID, RoomID, BuildingID, EnrollmentDate, Major) VALUES (819, 2, 163, '2006-02-28', 'Economics');
INSERT INTO Worker (ID, HireDate) VALUES (20, '2004-05-06');
INSERT INTO WorksIn (ID, BuildingID) VALUES (20, 297);
INSERT INTO Worker (ID, HireDate) VALUES (420, '2001-08-14');
INSERT INTO WorksIn (ID, BuildingID) VALUES (420, 191);
INSERT INTO Student (ID, RoomID, BuildingID, EnrollmentDate, Major) VALUES (820, 1, 169, '2013-04-23', 'Biology');
INSERT INTO Worker (ID, HireDate) VALUES (21, '2012-09-07');
INSERT INTO WorksIn (ID, BuildingID) VALUES (21, 344);
INSERT INTO Worker (ID, HireDate) VALUES (421, '2023-05-20');
INSERT INTO WorksIn (ID, BuildingID) VALUES (421, 130);
INSERT INTO Student (ID, RoomID, BuildingID, EnrollmentDate, Major) VALUES (821, 1, 391, '2000-03-13', 'Economics');
INSERT INTO Worker (ID, HireDate) VALUES (22, '2014-10-10');
INSERT INTO WorksIn (ID, BuildingID) VALUES (22, 385);
INSERT INTO Student (ID, RoomID, BuildingID, EnrollmentDate, Major) VALUES (422, 1, 44, '2018-03-20', 'Sociology');
INSERT INTO Worker (ID, HireDate) VALUES (822, '2019-07-13');
INSERT INTO WorksIn (ID, BuildingID) VALUES (822, 246);
INSERT INTO Worker (ID, HireDate) VALUES (23, '2022-10-24');
INSERT INTO WorksIn (ID, BuildingID) VALUES (23, 24);
INSERT INTO Worker (ID, HireDate) VALUES (423, '2004-03-11');
INSERT INTO WorksIn (ID, BuildingID) VALUES (423, 184);
INSERT INTO Student (ID, RoomID, BuildingID, EnrollmentDate, Major) VALUES (823, 1, 43, '2001-01-20', 'History');
INSERT INTO Student (ID, RoomID, BuildingID, EnrollmentDate, Major) VALUES (24, 2, 297, '2015-02-07', 'Physics');
INSERT INTO Worker (ID, HireDate) VALUES (424, '2023-08-06');
INSERT INTO WorksIn (ID, BuildingID) VALUES (424, 37);
INSERT INTO Worker (ID, HireDate) VALUES (824, '2018-09-13');
INSERT INTO WorksIn (ID, BuildingID) VALUES (824, 149);
INSERT INTO Worker (ID, HireDate) VALUES (25, '2001-09-04');
INSERT INTO WorksIn (ID, BuildingID) VALUES (25, 346);
INSERT INTO Worker (ID, HireDate) VALUES (425, '2011-08-16');
INSERT INTO WorksIn (ID, BuildingID) VALUES (425, 123);
INSERT INTO Student (ID, RoomID, BuildingID, EnrollmentDate, Major) VALUES (825, 2, 300, '2006-05-19', 'Mechanical Engineering');
INSERT INTO Worker (ID, HireDate) VALUES (26, '2011-01-12');
INSERT INTO WorksIn (ID, BuildingID) VALUES (26, 99);
INSERT INTO Worker (ID, HireDate) VALUES (426, '2014-08-27');
INSERT INTO WorksIn (ID, BuildingID) VALUES (426, 305);
INSERT INTO Student (ID, RoomID, BuildingID, EnrollmentDate, Major) VALUES (826, 1, 289, '2011-06-27', 'Graphic Design');
INSERT INTO Worker (ID, HireDate) VALUES (27, '2008-11-17');
INSERT INTO WorksIn (ID, BuildingID) VALUES (27, 257);
INSERT INTO Worker (ID, HireDate) VALUES (427, '2023-09-25');
INSERT INTO WorksIn (ID, BuildingID) VALUES (427, 243);
INSERT INTO Student (ID, RoomID, BuildingID, EnrollmentDate, Major) VALUES (827, 2, 169, '2017-07-31', 'Graphic Design');
INSERT INTO Student (ID, RoomID, BuildingID, EnrollmentDate, Major) VALUES (28, 2, 108, '2022-02-09', 'Biology');
INSERT INTO Worker (ID, HireDate) VALUES (428, '2019-04-04');
INSERT INTO WorksIn (ID, BuildingID) VALUES (428, 387);
INSERT INTO Worker (ID, HireDate) VALUES (828, '2020-09-08');
INSERT INTO WorksIn (ID, BuildingID) VALUES (828, 393);
INSERT INTO Worker (ID, HireDate) VALUES (29, '2005-04-01');
INSERT INTO WorksIn (ID, BuildingID) VALUES (29, 11);
INSERT INTO Worker (ID, HireDate) VALUES (429, '2011-01-12');
INSERT INTO WorksIn (ID, BuildingID) VALUES (429, 153);
INSERT INTO Student (ID, RoomID, BuildingID, EnrollmentDate, Major) VALUES (829, 2, 186, '2015-02-14', 'Sociology');
INSERT INTO Worker (ID, HireDate) VALUES (30, '2020-11-14');
INSERT INTO WorksIn (ID, BuildingID) VALUES (30, 179);
INSERT INTO Worker (ID, HireDate) VALUES (430, '2018-12-02');
INSERT INTO WorksIn (ID, BuildingID) VALUES (430, 221);
INSERT INTO Student (ID, RoomID, BuildingID, EnrollmentDate, Major) VALUES (830, 2, 223, '2013-05-29', 'Mechanical Engineering');
INSERT INTO Worker (ID, HireDate) VALUES (31, '2000-01-12');
INSERT INTO WorksIn (ID, BuildingID) VALUES (31, 165);
INSERT INTO Worker (ID, HireDate) VALUES (431, '2005-12-18');
INSERT INTO WorksIn (ID, BuildingID) VALUES (431, 344);
INSERT INTO Student (ID, RoomID, BuildingID, EnrollmentDate, Major) VALUES (831, 1, 177, '2005-10-01', 'Business Administration');
INSERT INTO Worker (ID, HireDate) VALUES (32, '2005-06-15');
INSERT INTO WorksIn (ID, BuildingID) VALUES (32, 176);
INSERT INTO Student (ID, RoomID, BuildingID, EnrollmentDate, Major) VALUES (432, 1, 111, '2011-08-04', 'Business Administration');
INSERT INTO Worker (ID, HireDate) VALUES (832, '2002-01-04');
INSERT INTO WorksIn (ID, BuildingID) VALUES (832, 110);
INSERT INTO Worker (ID, HireDate) VALUES (33, '2022-03-30');
INSERT INTO WorksIn (ID, BuildingID) VALUES (33, 287);
INSERT INTO Worker (ID, HireDate) VALUES (433, '2007-04-15');
INSERT INTO WorksIn (ID, BuildingID) VALUES (433, 199);
INSERT INTO Student (ID, RoomID, BuildingID, EnrollmentDate, Major) VALUES (833, 2, 149, '2022-05-30', 'English Literature');
INSERT INTO Worker (ID, HireDate) VALUES (34, '2011-04-24');
INSERT INTO WorksIn (ID, BuildingID) VALUES (34, 165);
INSERT INTO Worker (ID, HireDate) VALUES (434, '2017-12-11');
INSERT INTO WorksIn (ID, BuildingID) VALUES (434, 104);
INSERT INTO Student (ID, RoomID, BuildingID, EnrollmentDate, Major) VALUES (834, 1, 266, '2010-03-09', 'Computer Science');
INSERT INTO Worker (ID, HireDate) VALUES (35, '2000-05-26');
INSERT INTO WorksIn (ID, BuildingID) VALUES (35, 95);
INSERT INTO Worker (ID, HireDate) VALUES (435, '2008-09-04');
INSERT INTO WorksIn (ID, BuildingID) VALUES (435, 143);
INSERT INTO Student (ID, RoomID, BuildingID, EnrollmentDate, Major) VALUES (835, 2, 169, '2021-06-10', 'Nursing');
INSERT INTO Worker (ID, HireDate) VALUES (36, '2016-09-09');
INSERT INTO WorksIn (ID, BuildingID) VALUES (36, 20);
INSERT INTO Student (ID, RoomID, BuildingID, EnrollmentDate, Major) VALUES (436, 1, 158, '2023-01-01', 'Economics');
INSERT INTO Worker (ID, HireDate) VALUES (836, '2018-08-18');
INSERT INTO WorksIn (ID, BuildingID) VALUES (836, 70);
INSERT INTO Worker (ID, HireDate) VALUES (37, '2018-02-20');
INSERT INTO WorksIn (ID, BuildingID) VALUES (37, 43);
INSERT INTO Worker (ID, HireDate) VALUES (437, '2004-09-27');
INSERT INTO WorksIn (ID, BuildingID) VALUES (437, 400);
INSERT INTO Student (ID, RoomID, BuildingID, EnrollmentDate, Major) VALUES (837, 1, 399, '2012-03-28', 'Mechanical Engineering');
INSERT INTO Worker (ID, HireDate) VALUES (38, '2001-10-06');
INSERT INTO WorksIn (ID, BuildingID) VALUES (38, 110);
INSERT INTO Student (ID, RoomID, BuildingID, EnrollmentDate, Major) VALUES (438, 2, 32, '2016-06-25', 'English Literature');
INSERT INTO Worker (ID, HireDate) VALUES (838, '2020-04-21');
INSERT INTO WorksIn (ID, BuildingID) VALUES (838, 196);
INSERT INTO Student (ID, RoomID, BuildingID, EnrollmentDate, Major) VALUES (39, 1, 344, '2006-06-04', 'Biology');
INSERT INTO Worker (ID, HireDate) VALUES (439, '2011-04-16');
INSERT INTO WorksIn (ID, BuildingID) VALUES (439, 66);
INSERT INTO Worker (ID, HireDate) VALUES (839, '2001-06-27');
INSERT INTO WorksIn (ID, BuildingID) VALUES (839, 114);
INSERT INTO Student (ID, RoomID, BuildingID, EnrollmentDate, Major) VALUES (40, 2, 137, '2013-02-07', 'Economics');
INSERT INTO Worker (ID, HireDate) VALUES (440, '2005-08-29');
INSERT INTO WorksIn (ID, BuildingID) VALUES (440, 16);
INSERT INTO Worker (ID, HireDate) VALUES (840, '2003-06-08');
INSERT INTO WorksIn (ID, BuildingID) VALUES (840, 167);
INSERT INTO Worker (ID, HireDate) VALUES (41, '2022-02-15');
INSERT INTO WorksIn (ID, BuildingID) VALUES (41, 252);
INSERT INTO Worker (ID, HireDate) VALUES (441, '2021-11-19');
INSERT INTO WorksIn (ID, BuildingID) VALUES (441, 73);
INSERT INTO Student (ID, RoomID, BuildingID, EnrollmentDate, Major) VALUES (841, 2, 326, '2021-03-19', 'English Literature');
INSERT INTO Worker (ID, HireDate) VALUES (42, '2001-01-26');
INSERT INTO WorksIn (ID, BuildingID) VALUES (42, 194);
INSERT INTO Student (ID, RoomID, BuildingID, EnrollmentDate, Major) VALUES (442, 2, 239, '2019-08-17', 'English Literature');
INSERT INTO Worker (ID, HireDate) VALUES (842, '2022-09-20');
INSERT INTO WorksIn (ID, BuildingID) VALUES (842, 384);
INSERT INTO Worker (ID, HireDate) VALUES (43, '2002-09-02');
INSERT INTO WorksIn (ID, BuildingID) VALUES (43, 219);
INSERT INTO Worker (ID, HireDate) VALUES (443, '2017-10-03');
INSERT INTO WorksIn (ID, BuildingID) VALUES (443, 127);
INSERT INTO Student (ID, RoomID, BuildingID, EnrollmentDate, Major) VALUES (843, 1, 101, '2006-01-02', 'Graphic Design');
INSERT INTO Worker (ID, HireDate) VALUES (44, '2016-02-26');
INSERT INTO WorksIn (ID, BuildingID) VALUES (44, 27);
INSERT INTO Worker (ID, HireDate) VALUES (444, '2022-07-31');
INSERT INTO WorksIn (ID, BuildingID) VALUES (444, 265);
INSERT INTO Student (ID, RoomID, BuildingID, EnrollmentDate, Major) VALUES (844, 1, 151, '2002-01-25', 'Biology');
INSERT INTO Worker (ID, HireDate) VALUES (45, '2020-09-08');
INSERT INTO WorksIn (ID, BuildingID) VALUES (45, 249);
INSERT INTO Worker (ID, HireDate) VALUES (445, '2015-12-08');
INSERT INTO WorksIn (ID, BuildingID) VALUES (445, 72);
INSERT INTO Student (ID, RoomID, BuildingID, EnrollmentDate, Major) VALUES (845, 2, 261, '2022-06-22', 'Psychology');
INSERT INTO Worker (ID, HireDate) VALUES (46, '2001-11-30');
INSERT INTO WorksIn (ID, BuildingID) VALUES (46, 275);
INSERT INTO Worker (ID, HireDate) VALUES (446, '2021-05-29');
INSERT INTO WorksIn (ID, BuildingID) VALUES (446, 341);
INSERT INTO Student (ID, RoomID, BuildingID, EnrollmentDate, Major) VALUES (846, 2, 238, '2002-12-27', 'Physics');
INSERT INTO Worker (ID, HireDate) VALUES (47, '2013-07-14');
INSERT INTO WorksIn (ID, BuildingID) VALUES (47, 143);
INSERT INTO Student (ID, RoomID, BuildingID, EnrollmentDate, Major) VALUES (447, 1, 187, '2006-09-27', 'Psychology');
INSERT INTO Worker (ID, HireDate) VALUES (847, '2008-04-26');
INSERT INTO WorksIn (ID, BuildingID) VALUES (847, 211);
INSERT INTO Student (ID, RoomID, BuildingID, EnrollmentDate, Major) VALUES (48, 1, 172, '2010-10-05', 'Graphic Design');
INSERT INTO Worker (ID, HireDate) VALUES (448, '2014-10-13');
INSERT INTO WorksIn (ID, BuildingID) VALUES (448, 33);
INSERT INTO Worker (ID, HireDate) VALUES (848, '2000-04-06');
INSERT INTO WorksIn (ID, BuildingID) VALUES (848, 113);
INSERT INTO Student (ID, RoomID, BuildingID, EnrollmentDate, Major) VALUES (49, 2, 42, '2004-09-24', 'Economics');
INSERT INTO Worker (ID, HireDate) VALUES (449, '2022-04-09');
INSERT INTO WorksIn (ID, BuildingID) VALUES (449, 342);
INSERT INTO Worker (ID, HireDate) VALUES (849, '2021-01-18');
INSERT INTO WorksIn (ID, BuildingID) VALUES (849, 27);
INSERT INTO Student (ID, RoomID, BuildingID, EnrollmentDate, Major) VALUES (50, 1, 222, '2002-11-19', 'Computer Science');
INSERT INTO Worker (ID, HireDate) VALUES (450, '2003-09-28');
INSERT INTO WorksIn (ID, BuildingID) VALUES (450, 316);
INSERT INTO Worker (ID, HireDate) VALUES (850, '2007-05-06');
INSERT INTO WorksIn (ID, BuildingID) VALUES (850, 352);
INSERT INTO Worker (ID, HireDate) VALUES (51, '2019-06-02');
INSERT INTO WorksIn (ID, BuildingID) VALUES (51, 105);
INSERT INTO Worker (ID, HireDate) VALUES (451, '2004-10-15');
INSERT INTO WorksIn (ID, BuildingID) VALUES (451, 250);
INSERT INTO Student (ID, RoomID, BuildingID, EnrollmentDate, Major) VALUES (851, 2, 31, '2015-04-16', 'Physics');
INSERT INTO Worker (ID, HireDate) VALUES (52, '2000-07-28');
INSERT INTO WorksIn (ID, BuildingID) VALUES (52, 401);
INSERT INTO Worker (ID, HireDate) VALUES (452, '2006-07-06');
INSERT INTO WorksIn (ID, BuildingID) VALUES (452, 290);
INSERT INTO Student (ID, RoomID, BuildingID, EnrollmentDate, Major) VALUES (852, 1, 234, '2006-08-04', 'Sociology');
INSERT INTO Student (ID, RoomID, BuildingID, EnrollmentDate, Major) VALUES (53, 1, 313, '2012-07-12', 'Psychology');
INSERT INTO Worker (ID, HireDate) VALUES (453, '2001-04-15');
INSERT INTO WorksIn (ID, BuildingID) VALUES (453, 192);
INSERT INTO Worker (ID, HireDate) VALUES (853, '2007-07-17');
INSERT INTO WorksIn (ID, BuildingID) VALUES (853, 34);
INSERT INTO Worker (ID, HireDate) VALUES (54, '2016-04-16');
INSERT INTO WorksIn (ID, BuildingID) VALUES (54, 24);
INSERT INTO Worker (ID, HireDate) VALUES (454, '2003-12-06');
INSERT INTO WorksIn (ID, BuildingID) VALUES (454, 401);
INSERT INTO Student (ID, RoomID, BuildingID, EnrollmentDate, Major) VALUES (854, 2, 366, '2021-06-06', 'Business Administration');
INSERT INTO Student (ID, RoomID, BuildingID, EnrollmentDate, Major) VALUES (55, 2, 35, '2001-04-12', 'Sociology');
INSERT INTO Worker (ID, HireDate) VALUES (455, '2020-10-26');
INSERT INTO WorksIn (ID, BuildingID) VALUES (455, 149);
INSERT INTO Worker (ID, HireDate) VALUES (855, '2018-05-21');
INSERT INTO WorksIn (ID, BuildingID) VALUES (855, 132);
INSERT INTO Student (ID, RoomID, BuildingID, EnrollmentDate, Major) VALUES (56, 1, 275, '2011-08-10', 'English Literature');
INSERT INTO Worker (ID, HireDate) VALUES (456, '2016-07-31');
INSERT INTO WorksIn (ID, BuildingID) VALUES (456, 125);
INSERT INTO Worker (ID, HireDate) VALUES (856, '2018-05-29');
INSERT INTO WorksIn (ID, BuildingID) VALUES (856, 381);
INSERT INTO Worker (ID, HireDate) VALUES (57, '2009-03-08');
INSERT INTO WorksIn (ID, BuildingID) VALUES (57, 322);
INSERT INTO Student (ID, RoomID, BuildingID, EnrollmentDate, Major) VALUES (457, 2, 149, '2011-03-21', 'Environmental Science');
INSERT INTO Worker (ID, HireDate) VALUES (857, '2014-03-16');
INSERT INTO WorksIn (ID, BuildingID) VALUES (857, 83);
INSERT INTO Worker (ID, HireDate) VALUES (58, '2008-01-09');
INSERT INTO WorksIn (ID, BuildingID) VALUES (58, 89);
INSERT INTO Student (ID, RoomID, BuildingID, EnrollmentDate, Major) VALUES (458, 2, 47, '2011-02-19', 'Biology');
INSERT INTO Worker (ID, HireDate) VALUES (858, '2018-01-24');
INSERT INTO WorksIn (ID, BuildingID) VALUES (858, 115);
INSERT INTO Worker (ID, HireDate) VALUES (59, '2013-11-15');
INSERT INTO WorksIn (ID, BuildingID) VALUES (59, 1);
INSERT INTO Student (ID, RoomID, BuildingID, EnrollmentDate, Major) VALUES (459, 2, 68, '2020-06-14', 'Computer Science');
INSERT INTO Worker (ID, HireDate) VALUES (859, '2015-04-04');
INSERT INTO WorksIn (ID, BuildingID) VALUES (859, 149);
INSERT INTO Worker (ID, HireDate) VALUES (60, '2021-06-06');
INSERT INTO WorksIn (ID, BuildingID) VALUES (60, 85);
INSERT INTO Worker (ID, HireDate) VALUES (460, '2014-04-11');
INSERT INTO WorksIn (ID, BuildingID) VALUES (460, 77);
INSERT INTO Student (ID, RoomID, BuildingID, EnrollmentDate, Major) VALUES (860, 1, 280, '2017-01-15', 'English Literature');
INSERT INTO Worker (ID, HireDate) VALUES (61, '2019-03-20');
INSERT INTO WorksIn (ID, BuildingID) VALUES (61, 82);
INSERT INTO Worker (ID, HireDate) VALUES (461, '2002-04-18');
INSERT INTO WorksIn (ID, BuildingID) VALUES (461, 388);
INSERT INTO Student (ID, RoomID, BuildingID, EnrollmentDate, Major) VALUES (861, 1, 204, '2000-09-20', 'Graphic Design');
INSERT INTO Worker (ID, HireDate) VALUES (62, '2005-09-13');
INSERT INTO WorksIn (ID, BuildingID) VALUES (62, 112);
INSERT INTO Worker (ID, HireDate) VALUES (462, '2006-03-29');
INSERT INTO WorksIn (ID, BuildingID) VALUES (462, 53);
INSERT INTO Student (ID, RoomID, BuildingID, EnrollmentDate, Major) VALUES (862, 2, 122, '2015-02-19', 'Sociology');
INSERT INTO Worker (ID, HireDate) VALUES (63, '2005-01-07');
INSERT INTO WorksIn (ID, BuildingID) VALUES (63, 315);
INSERT INTO Worker (ID, HireDate) VALUES (463, '2013-11-03');
INSERT INTO WorksIn (ID, BuildingID) VALUES (463, 107);
INSERT INTO Student (ID, RoomID, BuildingID, EnrollmentDate, Major) VALUES (863, 1, 238, '2003-09-29', 'Computer Science');
INSERT INTO Worker (ID, HireDate) VALUES (64, '2021-04-02');
INSERT INTO WorksIn (ID, BuildingID) VALUES (64, 234);
INSERT INTO Student (ID, RoomID, BuildingID, EnrollmentDate, Major) VALUES (464, 1, 123, '2013-12-17', 'Psychology');
INSERT INTO Worker (ID, HireDate) VALUES (864, '2003-02-01');
INSERT INTO WorksIn (ID, BuildingID) VALUES (864, 1);
INSERT INTO Worker (ID, HireDate) VALUES (65, '2007-07-15');
INSERT INTO WorksIn (ID, BuildingID) VALUES (65, 378);
INSERT INTO Student (ID, RoomID, BuildingID, EnrollmentDate, Major) VALUES (465, 1, 193, '2017-09-27', 'English Literature');
INSERT INTO Worker (ID, HireDate) VALUES (865, '2002-06-02');
INSERT INTO WorksIn (ID, BuildingID) VALUES (865, 151);
INSERT INTO Student (ID, RoomID, BuildingID, EnrollmentDate, Major) VALUES (66, 1, 258, '2004-06-21', 'Computer Science');
INSERT INTO Worker (ID, HireDate) VALUES (466, '2020-11-01');
INSERT INTO WorksIn (ID, BuildingID) VALUES (466, 243);
INSERT INTO Worker (ID, HireDate) VALUES (866, '2002-10-26');
INSERT INTO WorksIn (ID, BuildingID) VALUES (866, 142);
INSERT INTO Worker (ID, HireDate) VALUES (67, '2022-01-14');
INSERT INTO WorksIn (ID, BuildingID) VALUES (67, 170);
INSERT INTO Worker (ID, HireDate) VALUES (467, '2009-10-09');
INSERT INTO WorksIn (ID, BuildingID) VALUES (467, 147);
INSERT INTO Student (ID, RoomID, BuildingID, EnrollmentDate, Major) VALUES (867, 1, 41, '2021-05-27', 'Biology');
INSERT INTO Worker (ID, HireDate) VALUES (68, '2012-09-17');
INSERT INTO WorksIn (ID, BuildingID) VALUES (68, 248);
INSERT INTO Student (ID, RoomID, BuildingID, EnrollmentDate, Major) VALUES (468, 1, 14, '2015-10-05', 'Psychology');
INSERT INTO Worker (ID, HireDate) VALUES (868, '2013-08-17');
INSERT INTO WorksIn (ID, BuildingID) VALUES (868, 99);
INSERT INTO Student (ID, RoomID, BuildingID, EnrollmentDate, Major) VALUES (69, 1, 124, '2015-10-09', 'Accounting');
INSERT INTO Worker (ID, HireDate) VALUES (469, '2015-02-15');
INSERT INTO WorksIn (ID, BuildingID) VALUES (469, 123);
INSERT INTO Worker (ID, HireDate) VALUES (869, '2013-06-09');
INSERT INTO WorksIn (ID, BuildingID) VALUES (869, 299);
INSERT INTO Worker (ID, HireDate) VALUES (70, '2014-08-13');
INSERT INTO WorksIn (ID, BuildingID) VALUES (70, 228);
INSERT INTO Worker (ID, HireDate) VALUES (470, '2010-01-14');
INSERT INTO WorksIn (ID, BuildingID) VALUES (470, 157);
INSERT INTO Student (ID, RoomID, BuildingID, EnrollmentDate, Major) VALUES (870, 1, 367, '2006-08-25', 'Business Administration');
INSERT INTO Worker (ID, HireDate) VALUES (71, '2015-01-10');
INSERT INTO WorksIn (ID, BuildingID) VALUES (71, 27);
INSERT INTO Worker (ID, HireDate) VALUES (471, '2016-07-19');
INSERT INTO WorksIn (ID, BuildingID) VALUES (471, 90);
INSERT INTO Student (ID, RoomID, BuildingID, EnrollmentDate, Major) VALUES (871, 2, 114, '2010-07-10', 'Political Science');
INSERT INTO Student (ID, RoomID, BuildingID, EnrollmentDate, Major) VALUES (72, 1, 357, '2000-04-22', 'Business Administration');
INSERT INTO Worker (ID, HireDate) VALUES (472, '2006-08-21');
INSERT INTO WorksIn (ID, BuildingID) VALUES (472, 309);
INSERT INTO Worker (ID, HireDate) VALUES (872, '2017-09-29');
INSERT INTO WorksIn (ID, BuildingID) VALUES (872, 40);
INSERT INTO Student (ID, RoomID, BuildingID, EnrollmentDate, Major) VALUES (73, 2, 70, '2023-10-17', 'Psychology');
INSERT INTO Worker (ID, HireDate) VALUES (473, '2020-08-01');
INSERT INTO WorksIn (ID, BuildingID) VALUES (473, 132);
INSERT INTO Worker (ID, HireDate) VALUES (873, '2010-10-24');
INSERT INTO WorksIn (ID, BuildingID) VALUES (873, 357);
INSERT INTO Worker (ID, HireDate) VALUES (74, '2000-06-01');
INSERT INTO WorksIn (ID, BuildingID) VALUES (74, 67);
INSERT INTO Worker (ID, HireDate) VALUES (474, '2010-11-22');
INSERT INTO WorksIn (ID, BuildingID) VALUES (474, 30);
INSERT INTO Student (ID, RoomID, BuildingID, EnrollmentDate, Major) VALUES (874, 2, 275, '2021-08-09', 'Mechanical Engineering');
INSERT INTO Student (ID, RoomID, BuildingID, EnrollmentDate, Major) VALUES (75, 1, 309, '2001-01-17', 'Environmental Science');
INSERT INTO Worker (ID, HireDate) VALUES (475, '2022-01-08');
INSERT INTO WorksIn (ID, BuildingID) VALUES (475, 255);
INSERT INTO Worker (ID, HireDate) VALUES (875, '2010-01-18');
INSERT INTO WorksIn (ID, BuildingID) VALUES (875, 65);
INSERT INTO Worker (ID, HireDate) VALUES (76, '2015-02-20');
INSERT INTO WorksIn (ID, BuildingID) VALUES (76, 119);
INSERT INTO Student (ID, RoomID, BuildingID, EnrollmentDate, Major) VALUES (476, 1, 301, '2019-06-10', 'Physics');
INSERT INTO Worker (ID, HireDate) VALUES (876, '2010-10-05');
INSERT INTO WorksIn (ID, BuildingID) VALUES (876, 354);
INSERT INTO Worker (ID, HireDate) VALUES (77, '2014-02-06');
INSERT INTO WorksIn (ID, BuildingID) VALUES (77, 183);
INSERT INTO Worker (ID, HireDate) VALUES (477, '2012-08-21');
INSERT INTO WorksIn (ID, BuildingID) VALUES (477, 284);
INSERT INTO Student (ID, RoomID, BuildingID, EnrollmentDate, Major) VALUES (877, 1, 330, '2013-03-21', 'Political Science');
INSERT INTO Student (ID, RoomID, BuildingID, EnrollmentDate, Major) VALUES (78, 1, 38, '2001-02-05', 'Computer Science');
INSERT INTO Worker (ID, HireDate) VALUES (478, '2023-10-10');
INSERT INTO WorksIn (ID, BuildingID) VALUES (478, 193);
INSERT INTO Worker (ID, HireDate) VALUES (878, '2004-06-10');
INSERT INTO WorksIn (ID, BuildingID) VALUES (878, 137);
INSERT INTO Worker (ID, HireDate) VALUES (79, '2015-03-22');
INSERT INTO WorksIn (ID, BuildingID) VALUES (79, 355);
INSERT INTO Worker (ID, HireDate) VALUES (479, '2014-09-28');
INSERT INTO WorksIn (ID, BuildingID) VALUES (479, 222);
INSERT INTO Student (ID, RoomID, BuildingID, EnrollmentDate, Major) VALUES (879, 2, 144, '2018-10-15', 'Business Administration');
INSERT INTO Student (ID, RoomID, BuildingID, EnrollmentDate, Major) VALUES (80, 2, 303, '2001-01-29', 'Mechanical Engineering');
INSERT INTO Worker (ID, HireDate) VALUES (480, '2012-11-01');
INSERT INTO WorksIn (ID, BuildingID) VALUES (480, 85);
INSERT INTO Worker (ID, HireDate) VALUES (880, '2008-04-13');
INSERT INTO WorksIn (ID, BuildingID) VALUES (880, 55);
INSERT INTO Worker (ID, HireDate) VALUES (81, '2021-09-22');
INSERT INTO WorksIn (ID, BuildingID) VALUES (81, 234);
INSERT INTO Worker (ID, HireDate) VALUES (481, '2009-06-30');
INSERT INTO WorksIn (ID, BuildingID) VALUES (481, 360);
INSERT INTO Student (ID, RoomID, BuildingID, EnrollmentDate, Major) VALUES (881, 1, 110, '2023-05-26', 'Mechanical Engineering');
INSERT INTO Student (ID, RoomID, BuildingID, EnrollmentDate, Major) VALUES (82, 1, 181, '2002-01-04', 'Mechanical Engineering');
INSERT INTO Worker (ID, HireDate) VALUES (482, '2000-01-05');
INSERT INTO WorksIn (ID, BuildingID) VALUES (482, 114);
INSERT INTO Worker (ID, HireDate) VALUES (882, '2014-01-19');
INSERT INTO WorksIn (ID, BuildingID) VALUES (882, 244);
INSERT INTO Worker (ID, HireDate) VALUES (83, '2019-12-15');
INSERT INTO WorksIn (ID, BuildingID) VALUES (83, 9);
INSERT INTO Worker (ID, HireDate) VALUES (483, '2001-12-29');
INSERT INTO WorksIn (ID, BuildingID) VALUES (483, 39);
INSERT INTO Student (ID, RoomID, BuildingID, EnrollmentDate, Major) VALUES (883, 1, 190, '2009-12-06', 'Biology');
INSERT INTO Worker (ID, HireDate) VALUES (84, '2019-12-03');
INSERT INTO WorksIn (ID, BuildingID) VALUES (84, 263);
INSERT INTO Student (ID, RoomID, BuildingID, EnrollmentDate, Major) VALUES (484, 1, 229, '2001-12-01', 'Psychology');
INSERT INTO Worker (ID, HireDate) VALUES (884, '2000-07-26');
INSERT INTO WorksIn (ID, BuildingID) VALUES (884, 400);
INSERT INTO Worker (ID, HireDate) VALUES (85, '2017-12-28');
INSERT INTO WorksIn (ID, BuildingID) VALUES (85, 4);
INSERT INTO Worker (ID, HireDate) VALUES (485, '2006-01-08');
INSERT INTO WorksIn (ID, BuildingID) VALUES (485, 348);
INSERT INTO Student (ID, RoomID, BuildingID, EnrollmentDate, Major) VALUES (885, 2, 121, '2019-07-03', 'Sociology');
INSERT INTO Student (ID, RoomID, BuildingID, EnrollmentDate, Major) VALUES (86, 1, 210, '2021-07-07', 'Accounting');
INSERT INTO Worker (ID, HireDate) VALUES (486, '2010-02-14');
INSERT INTO WorksIn (ID, BuildingID) VALUES (486, 22);
INSERT INTO Worker (ID, HireDate) VALUES (886, '2018-07-26');
INSERT INTO WorksIn (ID, BuildingID) VALUES (886, 23);
INSERT INTO Student (ID, RoomID, BuildingID, EnrollmentDate, Major) VALUES (87, 1, 10, '2023-01-09', 'Computer Science');
INSERT INTO Worker (ID, HireDate) VALUES (487, '2000-08-27');
INSERT INTO WorksIn (ID, BuildingID) VALUES (487, 152);
INSERT INTO Worker (ID, HireDate) VALUES (887, '2019-12-24');
INSERT INTO WorksIn (ID, BuildingID) VALUES (887, 379);
INSERT INTO Student (ID, RoomID, BuildingID, EnrollmentDate, Major) VALUES (88, 2, 237, '2013-05-07', 'Sociology');
INSERT INTO Worker (ID, HireDate) VALUES (488, '2016-07-11');
INSERT INTO WorksIn (ID, BuildingID) VALUES (488, 141);
INSERT INTO Worker (ID, HireDate) VALUES (888, '2007-06-11');
INSERT INTO WorksIn (ID, BuildingID) VALUES (888, 356);
INSERT INTO Worker (ID, HireDate) VALUES (89, '2021-05-16');
INSERT INTO WorksIn (ID, BuildingID) VALUES (89, 309);
INSERT INTO Worker (ID, HireDate) VALUES (489, '2021-04-20');
INSERT INTO WorksIn (ID, BuildingID) VALUES (489, 189);
INSERT INTO Student (ID, RoomID, BuildingID, EnrollmentDate, Major) VALUES (889, 2, 330, '2019-02-17', 'Sociology');
INSERT INTO Student (ID, RoomID, BuildingID, EnrollmentDate, Major) VALUES (90, 1, 15, '2004-05-19', 'Biology');
INSERT INTO Worker (ID, HireDate) VALUES (490, '2019-05-21');
INSERT INTO WorksIn (ID, BuildingID) VALUES (490, 304);
INSERT INTO Worker (ID, HireDate) VALUES (890, '2012-04-08');
INSERT INTO WorksIn (ID, BuildingID) VALUES (890, 105);
INSERT INTO Student (ID, RoomID, BuildingID, EnrollmentDate, Major) VALUES (91, 2, 35, '2021-10-17', 'Psychology');
INSERT INTO Worker (ID, HireDate) VALUES (491, '2023-07-18');
INSERT INTO WorksIn (ID, BuildingID) VALUES (491, 295);
INSERT INTO Worker (ID, HireDate) VALUES (891, '2003-02-16');
INSERT INTO WorksIn (ID, BuildingID) VALUES (891, 104);
INSERT INTO Worker (ID, HireDate) VALUES (92, '2006-10-15');
INSERT INTO WorksIn (ID, BuildingID) VALUES (92, 392);
INSERT INTO Worker (ID, HireDate) VALUES (492, '2004-10-28');
INSERT INTO WorksIn (ID, BuildingID) VALUES (492, 35);
INSERT INTO Student (ID, RoomID, BuildingID, EnrollmentDate, Major) VALUES (892, 2, 286, '2003-05-19', 'Mechanical Engineering');
INSERT INTO Worker (ID, HireDate) VALUES (93, '2022-02-02');
INSERT INTO WorksIn (ID, BuildingID) VALUES (93, 100);
INSERT INTO Student (ID, RoomID, BuildingID, EnrollmentDate, Major) VALUES (493, 2, 54, '2003-06-16', 'Nursing');
INSERT INTO Worker (ID, HireDate) VALUES (893, '2017-12-24');
INSERT INTO WorksIn (ID, BuildingID) VALUES (893, 392);
INSERT INTO Student (ID, RoomID, BuildingID, EnrollmentDate, Major) VALUES (94, 1, 47, '2012-10-11', 'Business Administration');
INSERT INTO Worker (ID, HireDate) VALUES (494, '2011-08-31');
INSERT INTO WorksIn (ID, BuildingID) VALUES (494, 43);
INSERT INTO Worker (ID, HireDate) VALUES (894, '2008-02-07');
INSERT INTO WorksIn (ID, BuildingID) VALUES (894, 142);
INSERT INTO Student (ID, RoomID, BuildingID, EnrollmentDate, Major) VALUES (95, 2, 107, '2021-08-16', 'Environmental Science');
INSERT INTO Worker (ID, HireDate) VALUES (495, '2003-09-03');
INSERT INTO WorksIn (ID, BuildingID) VALUES (495, 119);
INSERT INTO Worker (ID, HireDate) VALUES (895, '2017-07-03');
INSERT INTO WorksIn (ID, BuildingID) VALUES (895, 128);
INSERT INTO Worker (ID, HireDate) VALUES (96, '2010-02-05');
INSERT INTO WorksIn (ID, BuildingID) VALUES (96, 246);
INSERT INTO Worker (ID, HireDate) VALUES (496, '2016-02-06');
INSERT INTO WorksIn (ID, BuildingID) VALUES (496, 42);
INSERT INTO Student (ID, RoomID, BuildingID, EnrollmentDate, Major) VALUES (896, 2, 207, '2018-12-01', 'Graphic Design');
INSERT INTO Worker (ID, HireDate) VALUES (97, '2008-06-17');
INSERT INTO WorksIn (ID, BuildingID) VALUES (97, 309);
INSERT INTO Worker (ID, HireDate) VALUES (497, '2021-04-23');
INSERT INTO WorksIn (ID, BuildingID) VALUES (497, 112);
INSERT INTO Student (ID, RoomID, BuildingID, EnrollmentDate, Major) VALUES (897, 1, 4, '2011-02-03', 'History');
INSERT INTO Student (ID, RoomID, BuildingID, EnrollmentDate, Major) VALUES (98, 2, 347, '2020-08-30', 'Environmental Science');
INSERT INTO Worker (ID, HireDate) VALUES (498, '2011-11-28');
INSERT INTO WorksIn (ID, BuildingID) VALUES (498, 249);
INSERT INTO Worker (ID, HireDate) VALUES (898, '2000-10-21');
INSERT INTO WorksIn (ID, BuildingID) VALUES (898, 379);
INSERT INTO Student (ID, RoomID, BuildingID, EnrollmentDate, Major) VALUES (99, 1, 23, '2002-11-20', 'Biology');
INSERT INTO Worker (ID, HireDate) VALUES (499, '2016-04-16');
INSERT INTO WorksIn (ID, BuildingID) VALUES (499, 190);
INSERT INTO Worker (ID, HireDate) VALUES (899, '2011-09-04');
INSERT INTO WorksIn (ID, BuildingID) VALUES (899, 149);
INSERT INTO Worker (ID, HireDate) VALUES (100, '2003-08-28');
INSERT INTO WorksIn (ID, BuildingID) VALUES (100, 172);
INSERT INTO Worker (ID, HireDate) VALUES (500, '2005-05-12');
INSERT INTO WorksIn (ID, BuildingID) VALUES (500, 191);
INSERT INTO Student (ID, RoomID, BuildingID, EnrollmentDate, Major) VALUES (900, 1, 325, '2005-06-11', 'Psychology');
INSERT INTO Student (ID, RoomID, BuildingID, EnrollmentDate, Major) VALUES (101, 1, 142, '2006-09-03', 'Environmental Science');
INSERT INTO Worker (ID, HireDate) VALUES (501, '2014-11-20');
INSERT INTO WorksIn (ID, BuildingID) VALUES (501, 151);
INSERT INTO Worker (ID, HireDate) VALUES (901, '2015-03-29');
INSERT INTO WorksIn (ID, BuildingID) VALUES (901, 272);
INSERT INTO Worker (ID, HireDate) VALUES (102, '2000-08-03');
INSERT INTO WorksIn (ID, BuildingID) VALUES (102, 233);
INSERT INTO Student (ID, RoomID, BuildingID, EnrollmentDate, Major) VALUES (502, 1, 394, '2008-10-12', 'Nursing');
INSERT INTO Worker (ID, HireDate) VALUES (902, '2011-05-27');
INSERT INTO WorksIn (ID, BuildingID) VALUES (902, 31);
INSERT INTO Worker (ID, HireDate) VALUES (103, '2018-07-27');
INSERT INTO WorksIn (ID, BuildingID) VALUES (103, 393);
INSERT INTO Student (ID, RoomID, BuildingID, EnrollmentDate, Major) VALUES (503, 1, 296, '2005-07-26', 'History');
INSERT INTO Worker (ID, HireDate) VALUES (903, '2004-10-29');
INSERT INTO WorksIn (ID, BuildingID) VALUES (903, 62);
INSERT INTO Worker (ID, HireDate) VALUES (104, '2009-05-12');
INSERT INTO WorksIn (ID, BuildingID) VALUES (104, 65);
INSERT INTO Worker (ID, HireDate) VALUES (504, '2013-08-12');
INSERT INTO WorksIn (ID, BuildingID) VALUES (504, 184);
INSERT INTO Student (ID, RoomID, BuildingID, EnrollmentDate, Major) VALUES (904, 1, 67, '2002-08-24', 'English Literature');
INSERT INTO Worker (ID, HireDate) VALUES (105, '2022-08-05');
INSERT INTO WorksIn (ID, BuildingID) VALUES (105, 127);
INSERT INTO Worker (ID, HireDate) VALUES (505, '2020-05-01');
INSERT INTO WorksIn (ID, BuildingID) VALUES (505, 263);
INSERT INTO Student (ID, RoomID, BuildingID, EnrollmentDate, Major) VALUES (905, 2, 90, '2018-02-27', 'Psychology');
INSERT INTO Student (ID, RoomID, BuildingID, EnrollmentDate, Major) VALUES (106, 1, 156, '2004-10-21', 'Biology');
INSERT INTO Worker (ID, HireDate) VALUES (506, '2007-10-16');
INSERT INTO WorksIn (ID, BuildingID) VALUES (506, 364);
INSERT INTO Worker (ID, HireDate) VALUES (906, '2001-11-26');
INSERT INTO WorksIn (ID, BuildingID) VALUES (906, 56);
INSERT INTO Worker (ID, HireDate) VALUES (107, '2020-05-16');
INSERT INTO WorksIn (ID, BuildingID) VALUES (107, 171);
INSERT INTO Worker (ID, HireDate) VALUES (507, '2010-01-20');
INSERT INTO WorksIn (ID, BuildingID) VALUES (507, 182);
INSERT INTO Student (ID, RoomID, BuildingID, EnrollmentDate, Major) VALUES (907, 1, 167, '2023-10-03', 'Business Administration');
INSERT INTO Student (ID, RoomID, BuildingID, EnrollmentDate, Major) VALUES (108, 2, 251, '2006-05-24', 'Computer Science');
INSERT INTO Worker (ID, HireDate) VALUES (508, '2018-04-30');
INSERT INTO WorksIn (ID, BuildingID) VALUES (508, 119);
INSERT INTO Worker (ID, HireDate) VALUES (908, '2008-11-02');
INSERT INTO WorksIn (ID, BuildingID) VALUES (908, 134);
INSERT INTO Student (ID, RoomID, BuildingID, EnrollmentDate, Major) VALUES (109, 2, 254, '2000-12-17', 'Sociology');
INSERT INTO Worker (ID, HireDate) VALUES (509, '2008-07-18');
INSERT INTO WorksIn (ID, BuildingID) VALUES (509, 184);
INSERT INTO Worker (ID, HireDate) VALUES (909, '2009-08-15');
INSERT INTO WorksIn (ID, BuildingID) VALUES (909, 41);
INSERT INTO Worker (ID, HireDate) VALUES (110, '2016-09-25');
INSERT INTO WorksIn (ID, BuildingID) VALUES (110, 194);
INSERT INTO Student (ID, RoomID, BuildingID, EnrollmentDate, Major) VALUES (510, 1, 121, '2015-12-09', 'English Literature');
INSERT INTO Worker (ID, HireDate) VALUES (910, '2021-07-12');
INSERT INTO WorksIn (ID, BuildingID) VALUES (910, 201);
INSERT INTO Student (ID, RoomID, BuildingID, EnrollmentDate, Major) VALUES (111, 1, 296, '2018-03-31', 'Mechanical Engineering');
INSERT INTO Worker (ID, HireDate) VALUES (511, '2010-04-05');
INSERT INTO WorksIn (ID, BuildingID) VALUES (511, 54);
INSERT INTO Worker (ID, HireDate) VALUES (911, '2018-09-17');
INSERT INTO WorksIn (ID, BuildingID) VALUES (911, 87);
INSERT INTO Worker (ID, HireDate) VALUES (112, '2000-04-17');
INSERT INTO WorksIn (ID, BuildingID) VALUES (112, 39);
INSERT INTO Worker (ID, HireDate) VALUES (512, '2005-12-02');
INSERT INTO WorksIn (ID, BuildingID) VALUES (512, 225);
INSERT INTO Student (ID, RoomID, BuildingID, EnrollmentDate, Major) VALUES (912, 1, 7, '2015-01-13', 'Psychology');
INSERT INTO Worker (ID, HireDate) VALUES (113, '2015-07-31');
INSERT INTO WorksIn (ID, BuildingID) VALUES (113, 292);
INSERT INTO Student (ID, RoomID, BuildingID, EnrollmentDate, Major) VALUES (513, 2, 24, '2023-05-15', 'Graphic Design');
INSERT INTO Worker (ID, HireDate) VALUES (913, '2013-07-04');
INSERT INTO WorksIn (ID, BuildingID) VALUES (913, 395);
INSERT INTO Worker (ID, HireDate) VALUES (114, '2006-12-31');
INSERT INTO WorksIn (ID, BuildingID) VALUES (114, 303);
INSERT INTO Student (ID, RoomID, BuildingID, EnrollmentDate, Major) VALUES (514, 2, 218, '2007-11-17', 'Nursing');
INSERT INTO Worker (ID, HireDate) VALUES (914, '2021-06-15');
INSERT INTO WorksIn (ID, BuildingID) VALUES (914, 377);
INSERT INTO Student (ID, RoomID, BuildingID, EnrollmentDate, Major) VALUES (115, 1, 193, '2007-05-17', 'Biology');
INSERT INTO Worker (ID, HireDate) VALUES (515, '2021-08-15');
INSERT INTO WorksIn (ID, BuildingID) VALUES (515, 104);
INSERT INTO Worker (ID, HireDate) VALUES (915, '2015-12-27');
INSERT INTO WorksIn (ID, BuildingID) VALUES (915, 234);
INSERT INTO Student (ID, RoomID, BuildingID, EnrollmentDate, Major) VALUES (116, 1, 253, '2017-09-30', 'History');
INSERT INTO Worker (ID, HireDate) VALUES (516, '2006-11-24');
INSERT INTO WorksIn (ID, BuildingID) VALUES (516, 345);
INSERT INTO Worker (ID, HireDate) VALUES (916, '2015-05-27');
INSERT INTO WorksIn (ID, BuildingID) VALUES (916, 200);
INSERT INTO Worker (ID, HireDate) VALUES (117, '2007-06-07');
INSERT INTO WorksIn (ID, BuildingID) VALUES (117, 31);
INSERT INTO Student (ID, RoomID, BuildingID, EnrollmentDate, Major) VALUES (517, 1, 140, '2009-12-02', 'Biology');
INSERT INTO Worker (ID, HireDate) VALUES (917, '2006-07-06');
INSERT INTO WorksIn (ID, BuildingID) VALUES (917, 233);
INSERT INTO Worker (ID, HireDate) VALUES (118, '2020-05-13');
INSERT INTO WorksIn (ID, BuildingID) VALUES (118, 138);
INSERT INTO Student (ID, RoomID, BuildingID, EnrollmentDate, Major) VALUES (518, 1, 223, '2013-09-21', 'Mechanical Engineering');
INSERT INTO Worker (ID, HireDate) VALUES (918, '2011-11-06');
INSERT INTO WorksIn (ID, BuildingID) VALUES (918, 144);
INSERT INTO Worker (ID, HireDate) VALUES (119, '2011-11-12');
INSERT INTO WorksIn (ID, BuildingID) VALUES (119, 262);
INSERT INTO Student (ID, RoomID, BuildingID, EnrollmentDate, Major) VALUES (519, 2, 271, '2010-04-16', 'Graphic Design');
INSERT INTO Worker (ID, HireDate) VALUES (919, '2013-02-07');
INSERT INTO WorksIn (ID, BuildingID) VALUES (919, 306);
INSERT INTO Worker (ID, HireDate) VALUES (120, '2019-01-18');
INSERT INTO WorksIn (ID, BuildingID) VALUES (120, 344);
INSERT INTO Worker (ID, HireDate) VALUES (520, '2013-10-11');
INSERT INTO WorksIn (ID, BuildingID) VALUES (520, 88);
INSERT INTO Student (ID, RoomID, BuildingID, EnrollmentDate, Major) VALUES (920, 2, 354, '2008-12-30', 'Sociology');
INSERT INTO Worker (ID, HireDate) VALUES (121, '2003-01-16');
INSERT INTO WorksIn (ID, BuildingID) VALUES (121, 317);
INSERT INTO Student (ID, RoomID, BuildingID, EnrollmentDate, Major) VALUES (521, 1, 102, '2023-08-04', 'Economics');
INSERT INTO Worker (ID, HireDate) VALUES (921, '2015-10-25');
INSERT INTO WorksIn (ID, BuildingID) VALUES (921, 334);
INSERT INTO Worker (ID, HireDate) VALUES (122, '2022-09-16');
INSERT INTO WorksIn (ID, BuildingID) VALUES (122, 50);
INSERT INTO Worker (ID, HireDate) VALUES (522, '2020-01-13');
INSERT INTO WorksIn (ID, BuildingID) VALUES (522, 257);
INSERT INTO Student (ID, RoomID, BuildingID, EnrollmentDate, Major) VALUES (922, 1, 173, '2002-12-30', 'Biology');
INSERT INTO Worker (ID, HireDate) VALUES (123, '2020-07-06');
INSERT INTO WorksIn (ID, BuildingID) VALUES (123, 208);
INSERT INTO Student (ID, RoomID, BuildingID, EnrollmentDate, Major) VALUES (523, 1, 144, '2019-10-26', 'Nursing');
INSERT INTO Worker (ID, HireDate) VALUES (923, '2015-06-26');
INSERT INTO WorksIn (ID, BuildingID) VALUES (923, 176);
INSERT INTO Worker (ID, HireDate) VALUES (124, '2002-12-13');
INSERT INTO WorksIn (ID, BuildingID) VALUES (124, 15);
INSERT INTO Worker (ID, HireDate) VALUES (524, '2009-12-05');
INSERT INTO WorksIn (ID, BuildingID) VALUES (524, 227);
INSERT INTO Student (ID, RoomID, BuildingID, EnrollmentDate, Major) VALUES (924, 1, 260, '2004-04-16', 'Biology');
INSERT INTO Student (ID, RoomID, BuildingID, EnrollmentDate, Major) VALUES (125, 1, 157, '2018-11-25', 'Nursing');
INSERT INTO Worker (ID, HireDate) VALUES (525, '2005-07-01');
INSERT INTO WorksIn (ID, BuildingID) VALUES (525, 126);
INSERT INTO Worker (ID, HireDate) VALUES (925, '2018-01-07');
INSERT INTO WorksIn (ID, BuildingID) VALUES (925, 163);
INSERT INTO Worker (ID, HireDate) VALUES (126, '2000-01-25');
INSERT INTO WorksIn (ID, BuildingID) VALUES (126, 380);
INSERT INTO Worker (ID, HireDate) VALUES (526, '2003-01-31');
INSERT INTO WorksIn (ID, BuildingID) VALUES (526, 120);
INSERT INTO Student (ID, RoomID, BuildingID, EnrollmentDate, Major) VALUES (926, 2, 239, '2008-05-13', 'Economics');
INSERT INTO Worker (ID, HireDate) VALUES (127, '2015-03-05');
INSERT INTO WorksIn (ID, BuildingID) VALUES (127, 87);
INSERT INTO Student (ID, RoomID, BuildingID, EnrollmentDate, Major) VALUES (527, 1, 316, '2009-07-13', 'Accounting');
INSERT INTO Worker (ID, HireDate) VALUES (927, '2009-10-17');
INSERT INTO WorksIn (ID, BuildingID) VALUES (927, 74);
INSERT INTO Worker (ID, HireDate) VALUES (128, '2021-10-07');
INSERT INTO WorksIn (ID, BuildingID) VALUES (128, 294);
INSERT INTO Worker (ID, HireDate) VALUES (528, '2020-05-06');
INSERT INTO WorksIn (ID, BuildingID) VALUES (528, 332);
INSERT INTO Student (ID, RoomID, BuildingID, EnrollmentDate, Major) VALUES (928, 1, 307, '2012-07-08', 'Business Administration');
INSERT INTO Student (ID, RoomID, BuildingID, EnrollmentDate, Major) VALUES (129, 2, 361, '2021-02-12', 'Biology');
INSERT INTO Worker (ID, HireDate) VALUES (529, '2008-05-16');
INSERT INTO WorksIn (ID, BuildingID) VALUES (529, 210);
INSERT INTO Worker (ID, HireDate) VALUES (929, '2000-10-04');
INSERT INTO WorksIn (ID, BuildingID) VALUES (929, 272);
INSERT INTO Student (ID, RoomID, BuildingID, EnrollmentDate, Major) VALUES (130, 2, 261, '2010-10-24', 'Economics');
INSERT INTO Worker (ID, HireDate) VALUES (530, '2017-01-16');
INSERT INTO WorksIn (ID, BuildingID) VALUES (530, 345);
INSERT INTO Worker (ID, HireDate) VALUES (930, '2011-06-24');
INSERT INTO WorksIn (ID, BuildingID) VALUES (930, 86);
INSERT INTO Worker (ID, HireDate) VALUES (131, '2023-10-26');
INSERT INTO WorksIn (ID, BuildingID) VALUES (131, 182);
INSERT INTO Student (ID, RoomID, BuildingID, EnrollmentDate, Major) VALUES (531, 2, 219, '2008-03-24', 'Political Science');
INSERT INTO Worker (ID, HireDate) VALUES (931, '2021-11-18');
INSERT INTO WorksIn (ID, BuildingID) VALUES (931, 92);
INSERT INTO Worker (ID, HireDate) VALUES (132, '2018-07-10');
INSERT INTO WorksIn (ID, BuildingID) VALUES (132, 33);
INSERT INTO Worker (ID, HireDate) VALUES (532, '2008-06-27');
INSERT INTO WorksIn (ID, BuildingID) VALUES (532, 185);
INSERT INTO Student (ID, RoomID, BuildingID, EnrollmentDate, Major) VALUES (932, 1, 294, '2001-10-12', 'English Literature');
INSERT INTO Worker (ID, HireDate) VALUES (133, '2022-04-16');
INSERT INTO WorksIn (ID, BuildingID) VALUES (133, 192);
INSERT INTO Student (ID, RoomID, BuildingID, EnrollmentDate, Major) VALUES (533, 2, 48, '2022-07-05', 'Biology');
INSERT INTO Worker (ID, HireDate) VALUES (933, '2014-05-13');
INSERT INTO WorksIn (ID, BuildingID) VALUES (933, 99);
INSERT INTO Worker (ID, HireDate) VALUES (134, '2018-08-11');
INSERT INTO WorksIn (ID, BuildingID) VALUES (134, 198);
INSERT INTO Worker (ID, HireDate) VALUES (534, '2002-11-27');
INSERT INTO WorksIn (ID, BuildingID) VALUES (534, 366);
INSERT INTO Student (ID, RoomID, BuildingID, EnrollmentDate, Major) VALUES (934, 1, 389, '2009-04-22', 'Computer Science');
INSERT INTO Worker (ID, HireDate) VALUES (135, '2008-04-02');
INSERT INTO WorksIn (ID, BuildingID) VALUES (135, 47);
INSERT INTO Worker (ID, HireDate) VALUES (535, '2017-01-14');
INSERT INTO WorksIn (ID, BuildingID) VALUES (535, 207);
INSERT INTO Student (ID, RoomID, BuildingID, EnrollmentDate, Major) VALUES (935, 2, 347, '2020-07-26', 'English Literature');
INSERT INTO Student (ID, RoomID, BuildingID, EnrollmentDate, Major) VALUES (136, 2, 221, '2020-05-16', 'Environmental Science');
INSERT INTO Worker (ID, HireDate) VALUES (536, '2018-07-18');
INSERT INTO WorksIn (ID, BuildingID) VALUES (536, 176);
INSERT INTO Worker (ID, HireDate) VALUES (936, '2000-08-21');
INSERT INTO WorksIn (ID, BuildingID) VALUES (936, 376);
INSERT INTO Student (ID, RoomID, BuildingID, EnrollmentDate, Major) VALUES (137, 2, 73, '2002-01-06', 'Psychology');
INSERT INTO Worker (ID, HireDate) VALUES (537, '2007-09-27');
INSERT INTO WorksIn (ID, BuildingID) VALUES (537, 177);
INSERT INTO Worker (ID, HireDate) VALUES (937, '2023-12-03');
INSERT INTO WorksIn (ID, BuildingID) VALUES (937, 228);
INSERT INTO Worker (ID, HireDate) VALUES (138, '2014-09-02');
INSERT INTO WorksIn (ID, BuildingID) VALUES (138, 294);
INSERT INTO Student (ID, RoomID, BuildingID, EnrollmentDate, Major) VALUES (538, 2, 283, '2005-10-26', 'Psychology');
INSERT INTO Worker (ID, HireDate) VALUES (938, '2020-02-11');
INSERT INTO WorksIn (ID, BuildingID) VALUES (938, 239);
INSERT INTO Worker (ID, HireDate) VALUES (139, '2001-05-09');
INSERT INTO WorksIn (ID, BuildingID) VALUES (139, 104);
INSERT INTO Student (ID, RoomID, BuildingID, EnrollmentDate, Major) VALUES (539, 2, 47, '2017-12-13', 'Accounting');
INSERT INTO Worker (ID, HireDate) VALUES (939, '2013-11-12');
INSERT INTO WorksIn (ID, BuildingID) VALUES (939, 396);
INSERT INTO Worker (ID, HireDate) VALUES (140, '2014-07-21');
INSERT INTO WorksIn (ID, BuildingID) VALUES (140, 162);
INSERT INTO Student (ID, RoomID, BuildingID, EnrollmentDate, Major) VALUES (540, 2, 306, '2021-11-25', 'English Literature');
INSERT INTO Worker (ID, HireDate) VALUES (940, '2009-05-24');
INSERT INTO WorksIn (ID, BuildingID) VALUES (940, 188);
INSERT INTO Worker (ID, HireDate) VALUES (141, '2014-06-20');
INSERT INTO WorksIn (ID, BuildingID) VALUES (141, 347);
INSERT INTO Student (ID, RoomID, BuildingID, EnrollmentDate, Major) VALUES (541, 1, 26, '2002-09-10', 'Sociology');
INSERT INTO Worker (ID, HireDate) VALUES (941, '2020-10-26');
INSERT INTO WorksIn (ID, BuildingID) VALUES (941, 178);
INSERT INTO Worker (ID, HireDate) VALUES (142, '2023-05-20');
INSERT INTO WorksIn (ID, BuildingID) VALUES (142, 17);
INSERT INTO Worker (ID, HireDate) VALUES (542, '2018-11-08');
INSERT INTO WorksIn (ID, BuildingID) VALUES (542, 276);
INSERT INTO Student (ID, RoomID, BuildingID, EnrollmentDate, Major) VALUES (942, 2, 289, '2001-04-30', 'Physics');
INSERT INTO Worker (ID, HireDate) VALUES (143, '2013-07-30');
INSERT INTO WorksIn (ID, BuildingID) VALUES (143, 70);
INSERT INTO Worker (ID, HireDate) VALUES (543, '2008-07-31');
INSERT INTO WorksIn (ID, BuildingID) VALUES (543, 344);
INSERT INTO Student (ID, RoomID, BuildingID, EnrollmentDate, Major) VALUES (943, 1, 18, '2017-09-19', 'Physics');
INSERT INTO Worker (ID, HireDate) VALUES (144, '2019-01-16');
INSERT INTO WorksIn (ID, BuildingID) VALUES (144, 290);
INSERT INTO Worker (ID, HireDate) VALUES (544, '2020-11-06');
INSERT INTO WorksIn (ID, BuildingID) VALUES (544, 389);
INSERT INTO Student (ID, RoomID, BuildingID, EnrollmentDate, Major) VALUES (944, 2, 25, '2013-04-01', 'Mechanical Engineering');
INSERT INTO Worker (ID, HireDate) VALUES (145, '2016-10-13');
INSERT INTO WorksIn (ID, BuildingID) VALUES (145, 284);
INSERT INTO Worker (ID, HireDate) VALUES (545, '2004-03-10');
INSERT INTO WorksIn (ID, BuildingID) VALUES (545, 37);
INSERT INTO Student (ID, RoomID, BuildingID, EnrollmentDate, Major) VALUES (945, 2, 386, '2018-06-22', 'Business Administration');
INSERT INTO Worker (ID, HireDate) VALUES (146, '2000-04-26');
INSERT INTO WorksIn (ID, BuildingID) VALUES (146, 287);
INSERT INTO Student (ID, RoomID, BuildingID, EnrollmentDate, Major) VALUES (546, 1, 231, '2003-05-06', 'English Literature');
INSERT INTO Worker (ID, HireDate) VALUES (946, '2009-08-14');
INSERT INTO WorksIn (ID, BuildingID) VALUES (946, 282);
INSERT INTO Worker (ID, HireDate) VALUES (147, '2018-12-05');
INSERT INTO WorksIn (ID, BuildingID) VALUES (147, 45);
INSERT INTO Worker (ID, HireDate) VALUES (547, '2006-05-28');
INSERT INTO WorksIn (ID, BuildingID) VALUES (547, 243);
INSERT INTO Student (ID, RoomID, BuildingID, EnrollmentDate, Major) VALUES (947, 2, 250, '2009-03-31', 'English Literature');
INSERT INTO Worker (ID, HireDate) VALUES (148, '2013-08-07');
INSERT INTO WorksIn (ID, BuildingID) VALUES (148, 58);
INSERT INTO Worker (ID, HireDate) VALUES (548, '2000-02-06');
INSERT INTO WorksIn (ID, BuildingID) VALUES (548, 170);
INSERT INTO Student (ID, RoomID, BuildingID, EnrollmentDate, Major) VALUES (948, 1, 357, '2006-10-18', 'Computer Science');
INSERT INTO Worker (ID, HireDate) VALUES (149, '2017-02-01');
INSERT INTO WorksIn (ID, BuildingID) VALUES (149, 273);
INSERT INTO Student (ID, RoomID, BuildingID, EnrollmentDate, Major) VALUES (549, 2, 248, '2004-06-21', 'Environmental Science');
INSERT INTO Worker (ID, HireDate) VALUES (949, '2002-04-02');
INSERT INTO WorksIn (ID, BuildingID) VALUES (949, 346);
INSERT INTO Student (ID, RoomID, BuildingID, EnrollmentDate, Major) VALUES (150, 2, 64, '2017-06-05', 'Computer Science');
INSERT INTO Worker (ID, HireDate) VALUES (550, '2008-10-24');
INSERT INTO WorksIn (ID, BuildingID) VALUES (550, 31);
INSERT INTO Worker (ID, HireDate) VALUES (950, '2005-01-16');
INSERT INTO WorksIn (ID, BuildingID) VALUES (950, 383);
INSERT INTO Worker (ID, HireDate) VALUES (151, '2015-03-24');
INSERT INTO WorksIn (ID, BuildingID) VALUES (151, 371);
INSERT INTO Worker (ID, HireDate) VALUES (551, '2004-09-14');
INSERT INTO WorksIn (ID, BuildingID) VALUES (551, 240);
INSERT INTO Student (ID, RoomID, BuildingID, EnrollmentDate, Major) VALUES (951, 2, 48, '2011-06-19', 'Sociology');
INSERT INTO Worker (ID, HireDate) VALUES (152, '2015-04-26');
INSERT INTO WorksIn (ID, BuildingID) VALUES (152, 183);
INSERT INTO Student (ID, RoomID, BuildingID, EnrollmentDate, Major) VALUES (552, 1, 260, '2007-09-18', 'Environmental Science');
INSERT INTO Worker (ID, HireDate) VALUES (952, '2014-10-18');
INSERT INTO WorksIn (ID, BuildingID) VALUES (952, 74);
INSERT INTO Worker (ID, HireDate) VALUES (153, '2004-06-15');
INSERT INTO WorksIn (ID, BuildingID) VALUES (153, 65);
INSERT INTO Worker (ID, HireDate) VALUES (553, '2021-04-16');
INSERT INTO WorksIn (ID, BuildingID) VALUES (553, 118);
INSERT INTO Student (ID, RoomID, BuildingID, EnrollmentDate, Major) VALUES (953, 1, 303, '2020-01-07', 'Graphic Design');
INSERT INTO Worker (ID, HireDate) VALUES (154, '2000-05-01');
INSERT INTO WorksIn (ID, BuildingID) VALUES (154, 285);
INSERT INTO Worker (ID, HireDate) VALUES (554, '2017-01-22');
INSERT INTO WorksIn (ID, BuildingID) VALUES (554, 113);
INSERT INTO Student (ID, RoomID, BuildingID, EnrollmentDate, Major) VALUES (954, 2, 304, '2013-02-12', 'Physics');
INSERT INTO Worker (ID, HireDate) VALUES (155, '2016-08-13');
INSERT INTO WorksIn (ID, BuildingID) VALUES (155, 59);
INSERT INTO Student (ID, RoomID, BuildingID, EnrollmentDate, Major) VALUES (555, 2, 393, '2021-11-28', 'Business Administration');
INSERT INTO Worker (ID, HireDate) VALUES (955, '2002-09-03');
INSERT INTO WorksIn (ID, BuildingID) VALUES (955, 348);
INSERT INTO Worker (ID, HireDate) VALUES (156, '2014-02-21');
INSERT INTO WorksIn (ID, BuildingID) VALUES (156, 237);
INSERT INTO Student (ID, RoomID, BuildingID, EnrollmentDate, Major) VALUES (556, 2, 52, '2017-07-20', 'Graphic Design');
INSERT INTO Worker (ID, HireDate) VALUES (956, '2018-05-30');
INSERT INTO WorksIn (ID, BuildingID) VALUES (956, 360);
INSERT INTO Student (ID, RoomID, BuildingID, EnrollmentDate, Major) VALUES (157, 2, 84, '2012-07-19', 'History');
INSERT INTO Worker (ID, HireDate) VALUES (557, '2008-07-16');
INSERT INTO WorksIn (ID, BuildingID) VALUES (557, 220);
INSERT INTO Worker (ID, HireDate) VALUES (957, '2008-07-25');
INSERT INTO WorksIn (ID, BuildingID) VALUES (957, 151);
INSERT INTO Worker (ID, HireDate) VALUES (158, '2022-02-19');
INSERT INTO WorksIn (ID, BuildingID) VALUES (158, 79);
INSERT INTO Student (ID, RoomID, BuildingID, EnrollmentDate, Major) VALUES (558, 1, 188, '2000-02-07', 'Economics');
INSERT INTO Worker (ID, HireDate) VALUES (958, '2022-10-22');
INSERT INTO WorksIn (ID, BuildingID) VALUES (958, 364);
INSERT INTO Student (ID, RoomID, BuildingID, EnrollmentDate, Major) VALUES (159, 2, 1, '2023-11-20', 'Sociology');
INSERT INTO Worker (ID, HireDate) VALUES (559, '2022-11-13');
INSERT INTO WorksIn (ID, BuildingID) VALUES (559, 78);
INSERT INTO Worker (ID, HireDate) VALUES (959, '2016-05-09');
INSERT INTO WorksIn (ID, BuildingID) VALUES (959, 228);
INSERT INTO Worker (ID, HireDate) VALUES (160, '2022-01-12');
INSERT INTO WorksIn (ID, BuildingID) VALUES (160, 28);
INSERT INTO Worker (ID, HireDate) VALUES (560, '2016-03-25');
INSERT INTO WorksIn (ID, BuildingID) VALUES (560, 401);
INSERT INTO Student (ID, RoomID, BuildingID, EnrollmentDate, Major) VALUES (960, 1, 221, '2002-10-20', 'Biology');
INSERT INTO Student (ID, RoomID, BuildingID, EnrollmentDate, Major) VALUES (161, 1, 23, '2015-12-26', 'English Literature');
INSERT INTO Worker (ID, HireDate) VALUES (561, '2011-10-14');
INSERT INTO WorksIn (ID, BuildingID) VALUES (561, 8);
INSERT INTO Worker (ID, HireDate) VALUES (961, '2012-04-09');
INSERT INTO WorksIn (ID, BuildingID) VALUES (961, 238);
INSERT INTO Worker (ID, HireDate) VALUES (162, '2023-05-23');
INSERT INTO WorksIn (ID, BuildingID) VALUES (162, 309);
INSERT INTO Student (ID, RoomID, BuildingID, EnrollmentDate, Major) VALUES (562, 1, 393, '2012-09-06', 'Physics');
INSERT INTO Worker (ID, HireDate) VALUES (962, '2002-03-13');
INSERT INTO WorksIn (ID, BuildingID) VALUES (962, 309);
INSERT INTO Worker (ID, HireDate) VALUES (163, '2010-02-24');
INSERT INTO WorksIn (ID, BuildingID) VALUES (163, 256);
INSERT INTO Worker (ID, HireDate) VALUES (563, '2016-02-16');
INSERT INTO WorksIn (ID, BuildingID) VALUES (563, 195);
INSERT INTO Student (ID, RoomID, BuildingID, EnrollmentDate, Major) VALUES (963, 1, 189, '2013-11-06', 'Environmental Science');
INSERT INTO Worker (ID, HireDate) VALUES (164, '2009-06-01');
INSERT INTO WorksIn (ID, BuildingID) VALUES (164, 14);
INSERT INTO Worker (ID, HireDate) VALUES (564, '2008-02-21');
INSERT INTO WorksIn (ID, BuildingID) VALUES (564, 322);
INSERT INTO Student (ID, RoomID, BuildingID, EnrollmentDate, Major) VALUES (964, 2, 266, '2003-07-28', 'Computer Science');
INSERT INTO Student (ID, RoomID, BuildingID, EnrollmentDate, Major) VALUES (165, 2, 149, '2002-01-23', 'Environmental Science');
INSERT INTO Worker (ID, HireDate) VALUES (565, '2012-03-04');
INSERT INTO WorksIn (ID, BuildingID) VALUES (565, 308);
INSERT INTO Worker (ID, HireDate) VALUES (965, '2008-07-23');
INSERT INTO WorksIn (ID, BuildingID) VALUES (965, 39);
INSERT INTO Worker (ID, HireDate) VALUES (166, '2017-09-30');
INSERT INTO WorksIn (ID, BuildingID) VALUES (166, 147);
INSERT INTO Worker (ID, HireDate) VALUES (566, '2005-08-30');
INSERT INTO WorksIn (ID, BuildingID) VALUES (566, 401);
INSERT INTO Student (ID, RoomID, BuildingID, EnrollmentDate, Major) VALUES (966, 1, 49, '2016-06-15', 'Accounting');
INSERT INTO Worker (ID, HireDate) VALUES (167, '2016-03-06');
INSERT INTO WorksIn (ID, BuildingID) VALUES (167, 134);
INSERT INTO Student (ID, RoomID, BuildingID, EnrollmentDate, Major) VALUES (567, 1, 230, '2005-12-26', 'Environmental Science');
INSERT INTO Worker (ID, HireDate) VALUES (967, '2016-11-13');
INSERT INTO WorksIn (ID, BuildingID) VALUES (967, 290);
INSERT INTO Worker (ID, HireDate) VALUES (168, '2010-02-01');
INSERT INTO WorksIn (ID, BuildingID) VALUES (168, 16);
INSERT INTO Student (ID, RoomID, BuildingID, EnrollmentDate, Major) VALUES (568, 2, 106, '2003-07-23', 'English Literature');
INSERT INTO Worker (ID, HireDate) VALUES (968, '2003-06-24');
INSERT INTO WorksIn (ID, BuildingID) VALUES (968, 320);
INSERT INTO Student (ID, RoomID, BuildingID, EnrollmentDate, Major) VALUES (169, 1, 201, '2014-03-09', 'Biology');
INSERT INTO Worker (ID, HireDate) VALUES (569, '2020-08-26');
INSERT INTO WorksIn (ID, BuildingID) VALUES (569, 31);
INSERT INTO Worker (ID, HireDate) VALUES (969, '2017-11-13');
INSERT INTO WorksIn (ID, BuildingID) VALUES (969, 114);
INSERT INTO Worker (ID, HireDate) VALUES (170, '2001-03-25');
INSERT INTO WorksIn (ID, BuildingID) VALUES (170, 126);
INSERT INTO Worker (ID, HireDate) VALUES (570, '2022-10-24');
INSERT INTO WorksIn (ID, BuildingID) VALUES (570, 314);
INSERT INTO Student (ID, RoomID, BuildingID, EnrollmentDate, Major) VALUES (970, 1, 127, '2003-11-26', 'Biology');
INSERT INTO Worker (ID, HireDate) VALUES (171, '2016-10-19');
INSERT INTO WorksIn (ID, BuildingID) VALUES (171, 53);
INSERT INTO Student (ID, RoomID, BuildingID, EnrollmentDate, Major) VALUES (571, 1, 348, '2014-07-26', 'Political Science');
INSERT INTO Worker (ID, HireDate) VALUES (971, '2011-01-09');
INSERT INTO WorksIn (ID, BuildingID) VALUES (971, 232);
INSERT INTO Student (ID, RoomID, BuildingID, EnrollmentDate, Major) VALUES (172, 1, 195, '2014-01-27', 'Economics');
INSERT INTO Worker (ID, HireDate) VALUES (572, '2014-02-26');
INSERT INTO WorksIn (ID, BuildingID) VALUES (572, 36);
INSERT INTO Worker (ID, HireDate) VALUES (972, '2000-03-16');
INSERT INTO WorksIn (ID, BuildingID) VALUES (972, 83);
INSERT INTO Worker (ID, HireDate) VALUES (173, '2017-11-19');
INSERT INTO WorksIn (ID, BuildingID) VALUES (173, 95);
INSERT INTO Student (ID, RoomID, BuildingID, EnrollmentDate, Major) VALUES (573, 1, 297, '2012-03-09', 'Biology');
INSERT INTO Worker (ID, HireDate) VALUES (973, '2018-06-19');
INSERT INTO WorksIn (ID, BuildingID) VALUES (973, 308);
INSERT INTO Worker (ID, HireDate) VALUES (174, '2021-12-24');
INSERT INTO WorksIn (ID, BuildingID) VALUES (174, 302);
INSERT INTO Student (ID, RoomID, BuildingID, EnrollmentDate, Major) VALUES (574, 1, 98, '2010-05-10', 'Graphic Design');
INSERT INTO Worker (ID, HireDate) VALUES (974, '2009-11-18');
INSERT INTO WorksIn (ID, BuildingID) VALUES (974, 6);
INSERT INTO Worker (ID, HireDate) VALUES (175, '2017-07-08');
INSERT INTO WorksIn (ID, BuildingID) VALUES (175, 92);
INSERT INTO Worker (ID, HireDate) VALUES (575, '2006-03-09');
INSERT INTO WorksIn (ID, BuildingID) VALUES (575, 129);
INSERT INTO Student (ID, RoomID, BuildingID, EnrollmentDate, Major) VALUES (975, 2, 77, '2010-04-15', 'Accounting');
INSERT INTO Worker (ID, HireDate) VALUES (176, '2021-01-22');
INSERT INTO WorksIn (ID, BuildingID) VALUES (176, 375);
INSERT INTO Worker (ID, HireDate) VALUES (576, '2005-08-10');
INSERT INTO WorksIn (ID, BuildingID) VALUES (576, 33);
INSERT INTO Student (ID, RoomID, BuildingID, EnrollmentDate, Major) VALUES (976, 1, 369, '2021-04-26', 'Nursing');
INSERT INTO Student (ID, RoomID, BuildingID, EnrollmentDate, Major) VALUES (177, 2, 214, '2003-02-04', 'Accounting');
INSERT INTO Worker (ID, HireDate) VALUES (577, '2005-10-18');
INSERT INTO WorksIn (ID, BuildingID) VALUES (577, 19);
INSERT INTO Worker (ID, HireDate) VALUES (977, '2004-04-22');
INSERT INTO WorksIn (ID, BuildingID) VALUES (977, 180);
INSERT INTO Student (ID, RoomID, BuildingID, EnrollmentDate, Major) VALUES (178, 1, 64, '2004-02-09', 'Mechanical Engineering');
INSERT INTO Worker (ID, HireDate) VALUES (578, '2014-08-31');
INSERT INTO WorksIn (ID, BuildingID) VALUES (578, 43);
INSERT INTO Worker (ID, HireDate) VALUES (978, '2015-11-23');
INSERT INTO WorksIn (ID, BuildingID) VALUES (978, 7);
INSERT INTO Worker (ID, HireDate) VALUES (179, '2008-03-27');
INSERT INTO WorksIn (ID, BuildingID) VALUES (179, 27);
INSERT INTO Student (ID, RoomID, BuildingID, EnrollmentDate, Major) VALUES (579, 1, 38, '2000-10-09', 'Computer Science');
INSERT INTO Worker (ID, HireDate) VALUES (979, '2001-09-18');
INSERT INTO WorksIn (ID, BuildingID) VALUES (979, 159);
INSERT INTO Worker (ID, HireDate) VALUES (180, '2002-05-08');
INSERT INTO WorksIn (ID, BuildingID) VALUES (180, 393);
INSERT INTO Student (ID, RoomID, BuildingID, EnrollmentDate, Major) VALUES (580, 1, 373, '2015-10-10', 'Graphic Design');
INSERT INTO Worker (ID, HireDate) VALUES (980, '2001-01-20');
INSERT INTO WorksIn (ID, BuildingID) VALUES (980, 195);
INSERT INTO Student (ID, RoomID, BuildingID, EnrollmentDate, Major) VALUES (181, 1, 17, '2014-01-24', 'Psychology');
INSERT INTO Worker (ID, HireDate) VALUES (581, '2021-05-05');
INSERT INTO WorksIn (ID, BuildingID) VALUES (581, 314);
INSERT INTO Worker (ID, HireDate) VALUES (981, '2000-11-20');
INSERT INTO WorksIn (ID, BuildingID) VALUES (981, 363);
INSERT INTO Worker (ID, HireDate) VALUES (182, '2016-07-30');
INSERT INTO WorksIn (ID, BuildingID) VALUES (182, 37);
INSERT INTO Student (ID, RoomID, BuildingID, EnrollmentDate, Major) VALUES (582, 1, 211, '2013-08-08', 'Biology');
INSERT INTO Worker (ID, HireDate) VALUES (982, '2013-12-11');
INSERT INTO WorksIn (ID, BuildingID) VALUES (982, 96);
INSERT INTO Worker (ID, HireDate) VALUES (183, '2012-10-17');
INSERT INTO WorksIn (ID, BuildingID) VALUES (183, 333);
INSERT INTO Student (ID, RoomID, BuildingID, EnrollmentDate, Major) VALUES (583, 1, 237, '2019-06-12', 'Psychology');
INSERT INTO Worker (ID, HireDate) VALUES (983, '2008-06-21');
INSERT INTO WorksIn (ID, BuildingID) VALUES (983, 317);
INSERT INTO Worker (ID, HireDate) VALUES (184, '2019-10-12');
INSERT INTO WorksIn (ID, BuildingID) VALUES (184, 170);
INSERT INTO Worker (ID, HireDate) VALUES (584, '2004-12-02');
INSERT INTO WorksIn (ID, BuildingID) VALUES (584, 344);
INSERT INTO Student (ID, RoomID, BuildingID, EnrollmentDate, Major) VALUES (984, 2, 26, '2014-10-26', 'Political Science');
INSERT INTO Student (ID, RoomID, BuildingID, EnrollmentDate, Major) VALUES (185, 1, 309, '2014-02-25', 'Political Science');
INSERT INTO Worker (ID, HireDate) VALUES (585, '2000-08-04');
INSERT INTO WorksIn (ID, BuildingID) VALUES (585, 207);
INSERT INTO Worker (ID, HireDate) VALUES (985, '2018-06-26');
INSERT INTO WorksIn (ID, BuildingID) VALUES (985, 53);
INSERT INTO Worker (ID, HireDate) VALUES (186, '2000-10-18');
INSERT INTO WorksIn (ID, BuildingID) VALUES (186, 271);
INSERT INTO Worker (ID, HireDate) VALUES (586, '2003-11-22');
INSERT INTO WorksIn (ID, BuildingID) VALUES (586, 220);
INSERT INTO Student (ID, RoomID, BuildingID, EnrollmentDate, Major) VALUES (986, 2, 236, '2004-04-25', 'Graphic Design');
INSERT INTO Worker (ID, HireDate) VALUES (187, '2021-09-21');
INSERT INTO WorksIn (ID, BuildingID) VALUES (187, 311);
INSERT INTO Worker (ID, HireDate) VALUES (587, '2013-01-22');
INSERT INTO WorksIn (ID, BuildingID) VALUES (587, 77);
INSERT INTO Student (ID, RoomID, BuildingID, EnrollmentDate, Major) VALUES (987, 2, 274, '2015-03-12', 'Nursing');
INSERT INTO Student (ID, RoomID, BuildingID, EnrollmentDate, Major) VALUES (188, 1, 137, '2009-08-26', 'Political Science');
INSERT INTO Worker (ID, HireDate) VALUES (588, '2005-10-01');
INSERT INTO WorksIn (ID, BuildingID) VALUES (588, 49);
INSERT INTO Worker (ID, HireDate) VALUES (988, '2020-05-26');
INSERT INTO WorksIn (ID, BuildingID) VALUES (988, 280);
INSERT INTO Worker (ID, HireDate) VALUES (189, '2014-11-17');
INSERT INTO WorksIn (ID, BuildingID) VALUES (189, 356);
INSERT INTO Worker (ID, HireDate) VALUES (589, '2007-04-26');
INSERT INTO WorksIn (ID, BuildingID) VALUES (589, 3);
INSERT INTO Student (ID, RoomID, BuildingID, EnrollmentDate, Major) VALUES (989, 1, 232, '2008-07-28', 'Accounting');
INSERT INTO Worker (ID, HireDate) VALUES (190, '2015-01-04');
INSERT INTO WorksIn (ID, BuildingID) VALUES (190, 195);
INSERT INTO Student (ID, RoomID, BuildingID, EnrollmentDate, Major) VALUES (590, 1, 214, '2002-11-18', 'Mechanical Engineering');
INSERT INTO Worker (ID, HireDate) VALUES (990, '2020-05-24');
INSERT INTO WorksIn (ID, BuildingID) VALUES (990, 366);
INSERT INTO Worker (ID, HireDate) VALUES (191, '2022-04-21');
INSERT INTO WorksIn (ID, BuildingID) VALUES (191, 271);
INSERT INTO Worker (ID, HireDate) VALUES (591, '2003-12-28');
INSERT INTO WorksIn (ID, BuildingID) VALUES (591, 305);
INSERT INTO Student (ID, RoomID, BuildingID, EnrollmentDate, Major) VALUES (991, 2, 81, '2011-11-16', 'Business Administration');
INSERT INTO Student (ID, RoomID, BuildingID, EnrollmentDate, Major) VALUES (192, 2, 316, '2006-04-19', 'Political Science');
INSERT INTO Worker (ID, HireDate) VALUES (592, '2006-09-14');
INSERT INTO WorksIn (ID, BuildingID) VALUES (592, 277);
INSERT INTO Worker (ID, HireDate) VALUES (992, '2010-11-06');
INSERT INTO WorksIn (ID, BuildingID) VALUES (992, 401);
INSERT INTO Worker (ID, HireDate) VALUES (193, '2010-10-09');
INSERT INTO WorksIn (ID, BuildingID) VALUES (193, 217);
INSERT INTO Worker (ID, HireDate) VALUES (593, '2018-06-05');
INSERT INTO WorksIn (ID, BuildingID) VALUES (593, 283);
INSERT INTO Student (ID, RoomID, BuildingID, EnrollmentDate, Major) VALUES (993, 1, 236, '2020-10-19', 'Political Science');
INSERT INTO Worker (ID, HireDate) VALUES (194, '2014-07-01');
INSERT INTO WorksIn (ID, BuildingID) VALUES (194, 391);
INSERT INTO Worker (ID, HireDate) VALUES (594, '2003-02-26');
INSERT INTO WorksIn (ID, BuildingID) VALUES (594, 94);
INSERT INTO Student (ID, RoomID, BuildingID, EnrollmentDate, Major) VALUES (994, 2, 366, '2013-05-24', 'Mechanical Engineering');
INSERT INTO Worker (ID, HireDate) VALUES (195, '2001-08-17');
INSERT INTO WorksIn (ID, BuildingID) VALUES (195, 105);
INSERT INTO Student (ID, RoomID, BuildingID, EnrollmentDate, Major) VALUES (595, 2, 53, '2012-04-17', 'Graphic Design');
INSERT INTO Worker (ID, HireDate) VALUES (995, '2022-04-24');
INSERT INTO WorksIn (ID, BuildingID) VALUES (995, 18);
INSERT INTO Student (ID, RoomID, BuildingID, EnrollmentDate, Major) VALUES (196, 2, 285, '2008-11-11', 'Mechanical Engineering');
INSERT INTO Worker (ID, HireDate) VALUES (596, '2006-08-11');
INSERT INTO WorksIn (ID, BuildingID) VALUES (596, 342);
INSERT INTO Worker (ID, HireDate) VALUES (996, '2013-02-09');
INSERT INTO WorksIn (ID, BuildingID) VALUES (996, 317);
INSERT INTO Worker (ID, HireDate) VALUES (197, '2022-07-19');
INSERT INTO WorksIn (ID, BuildingID) VALUES (197, 380);
INSERT INTO Student (ID, RoomID, BuildingID, EnrollmentDate, Major) VALUES (597, 1, 204, '2003-05-14', 'Political Science');
INSERT INTO Worker (ID, HireDate) VALUES (997, '2013-08-30');
INSERT INTO WorksIn (ID, BuildingID) VALUES (997, 147);
INSERT INTO Worker (ID, HireDate) VALUES (198, '2019-12-03');
INSERT INTO WorksIn (ID, BuildingID) VALUES (198, 179);
INSERT INTO Worker (ID, HireDate) VALUES (598, '2007-04-26');
INSERT INTO WorksIn (ID, BuildingID) VALUES (598, 50);
INSERT INTO Student (ID, RoomID, BuildingID, EnrollmentDate, Major) VALUES (998, 1, 113, '2016-06-20', 'Physics');
INSERT INTO Worker (ID, HireDate) VALUES (199, '2008-07-07');
INSERT INTO WorksIn (ID, BuildingID) VALUES (199, 194);
INSERT INTO Student (ID, RoomID, BuildingID, EnrollmentDate, Major) VALUES (599, 2, 34, '2018-09-21', 'Business Administration');
INSERT INTO Worker (ID, HireDate) VALUES (999, '2003-06-27');
INSERT INTO WorksIn (ID, BuildingID) VALUES (999, 171);
INSERT INTO Worker (ID, HireDate) VALUES (200, '2006-08-23');
INSERT INTO WorksIn (ID, BuildingID) VALUES (200, 20);
INSERT INTO Student (ID, RoomID, BuildingID, EnrollmentDate, Major) VALUES (600, 2, 343, '2020-11-24', 'Sociology');
INSERT INTO Worker (ID, HireDate) VALUES (1000, '2003-10-07');
INSERT INTO WorksIn (ID, BuildingID) VALUES (1000, 231);
INSERT INTO Worker (ID, HireDate) VALUES (201, '2011-05-02');
INSERT INTO WorksIn (ID, BuildingID) VALUES (201, 264);
INSERT INTO Student (ID, RoomID, BuildingID, EnrollmentDate, Major) VALUES (601, 2, 89, '2002-04-04', 'Economics');
INSERT INTO Worker (ID, HireDate) VALUES (1001, '2022-12-11');
INSERT INTO WorksIn (ID, BuildingID) VALUES (1001, 366);
INSERT INTO Student (ID, RoomID, BuildingID, EnrollmentDate, Major) VALUES (202, 2, 148, '2004-06-15', 'Psychology');
INSERT INTO Worker (ID, HireDate) VALUES (602, '2000-07-06');
INSERT INTO WorksIn (ID, BuildingID) VALUES (602, 28);
INSERT INTO Worker (ID, HireDate) VALUES (1002, '2003-03-25');
INSERT INTO WorksIn (ID, BuildingID) VALUES (1002, 87);
INSERT INTO Student (ID, RoomID, BuildingID, EnrollmentDate, Major) VALUES (203, 1, 309, '2005-07-03', 'Environmental Science');
INSERT INTO Worker (ID, HireDate) VALUES (603, '2008-10-19');
INSERT INTO WorksIn (ID, BuildingID) VALUES (603, 261);
INSERT INTO Worker (ID, HireDate) VALUES (1003, '2016-03-23');
INSERT INTO WorksIn (ID, BuildingID) VALUES (1003, 334);
INSERT INTO Student (ID, RoomID, BuildingID, EnrollmentDate, Major) VALUES (204, 2, 367, '2017-06-06', 'Environmental Science');
INSERT INTO Worker (ID, HireDate) VALUES (604, '2021-09-27');
INSERT INTO WorksIn (ID, BuildingID) VALUES (604, 242);
INSERT INTO Worker (ID, HireDate) VALUES (1004, '2013-10-29');
INSERT INTO WorksIn (ID, BuildingID) VALUES (1004, 256);
INSERT INTO Student (ID, RoomID, BuildingID, EnrollmentDate, Major) VALUES (205, 1, 101, '2005-03-29', 'Mechanical Engineering');
INSERT INTO Worker (ID, HireDate) VALUES (605, '2015-09-11');
INSERT INTO WorksIn (ID, BuildingID) VALUES (605, 365);
INSERT INTO Worker (ID, HireDate) VALUES (1005, '2008-09-08');
INSERT INTO WorksIn (ID, BuildingID) VALUES (1005, 350);
INSERT INTO Worker (ID, HireDate) VALUES (206, '2000-09-18');
INSERT INTO WorksIn (ID, BuildingID) VALUES (206, 401);
INSERT INTO Student (ID, RoomID, BuildingID, EnrollmentDate, Major) VALUES (606, 2, 291, '2006-12-27', 'Biology');
INSERT INTO Worker (ID, HireDate) VALUES (1006, '2000-02-19');
INSERT INTO WorksIn (ID, BuildingID) VALUES (1006, 303);
INSERT INTO Student (ID, RoomID, BuildingID, EnrollmentDate, Major) VALUES (207, 2, 126, '2017-09-05', 'Physics');
INSERT INTO Worker (ID, HireDate) VALUES (607, '2022-07-19');
INSERT INTO WorksIn (ID, BuildingID) VALUES (607, 124);
INSERT INTO Worker (ID, HireDate) VALUES (1007, '2022-06-18');
INSERT INTO WorksIn (ID, BuildingID) VALUES (1007, 61);
INSERT INTO Worker (ID, HireDate) VALUES (208, '2011-10-22');
INSERT INTO WorksIn (ID, BuildingID) VALUES (208, 42);
INSERT INTO Worker (ID, HireDate) VALUES (608, '2002-02-07');
INSERT INTO WorksIn (ID, BuildingID) VALUES (608, 38);
INSERT INTO Student (ID, RoomID, BuildingID, EnrollmentDate, Major) VALUES (1008, 2, 56, '2014-07-28', 'Sociology');
INSERT INTO Student (ID, RoomID, BuildingID, EnrollmentDate, Major) VALUES (209, 1, 314, '2014-12-09', 'Accounting');
INSERT INTO Worker (ID, HireDate) VALUES (609, '2002-09-06');
INSERT INTO WorksIn (ID, BuildingID) VALUES (609, 270);
INSERT INTO Worker (ID, HireDate) VALUES (1009, '2014-10-16');
INSERT INTO WorksIn (ID, BuildingID) VALUES (1009, 400);
INSERT INTO Worker (ID, HireDate) VALUES (210, '2005-07-10');
INSERT INTO WorksIn (ID, BuildingID) VALUES (210, 44);
INSERT INTO Student (ID, RoomID, BuildingID, EnrollmentDate, Major) VALUES (610, 1, 219, '2002-11-26', 'Environmental Science');
INSERT INTO Worker (ID, HireDate) VALUES (1010, '2014-04-25');
INSERT INTO WorksIn (ID, BuildingID) VALUES (1010, 270);
INSERT INTO Worker (ID, HireDate) VALUES (211, '2009-12-10');
INSERT INTO WorksIn (ID, BuildingID) VALUES (211, 6);
INSERT INTO Worker (ID, HireDate) VALUES (611, '2015-10-23');
INSERT INTO WorksIn (ID, BuildingID) VALUES (611, 213);
INSERT INTO Student (ID, RoomID, BuildingID, EnrollmentDate, Major) VALUES (1011, 2, 391, '2000-10-19', 'Political Science');
INSERT INTO Worker (ID, HireDate) VALUES (212, '2007-08-09');
INSERT INTO WorksIn (ID, BuildingID) VALUES (212, 299);
INSERT INTO Worker (ID, HireDate) VALUES (612, '2014-02-09');
INSERT INTO WorksIn (ID, BuildingID) VALUES (612, 92);
INSERT INTO Student (ID, RoomID, BuildingID, EnrollmentDate, Major) VALUES (1012, 2, 226, '2007-02-06', 'History');
INSERT INTO Worker (ID, HireDate) VALUES (213, '2003-09-10');
INSERT INTO WorksIn (ID, BuildingID) VALUES (213, 215);
INSERT INTO Student (ID, RoomID, BuildingID, EnrollmentDate, Major) VALUES (613, 1, 333, '2003-10-04', 'Nursing');
INSERT INTO Worker (ID, HireDate) VALUES (1013, '2023-10-09');
INSERT INTO WorksIn (ID, BuildingID) VALUES (1013, 266);
INSERT INTO Worker (ID, HireDate) VALUES (214, '2013-08-18');
INSERT INTO WorksIn (ID, BuildingID) VALUES (214, 33);
INSERT INTO Worker (ID, HireDate) VALUES (614, '2013-11-05');
INSERT INTO WorksIn (ID, BuildingID) VALUES (614, 345);
INSERT INTO Student (ID, RoomID, BuildingID, EnrollmentDate, Major) VALUES (1014, 1, 386, '2013-05-12', 'Sociology');
INSERT INTO Worker (ID, HireDate) VALUES (215, '2020-03-31');
INSERT INTO WorksIn (ID, BuildingID) VALUES (215, 216);
INSERT INTO Student (ID, RoomID, BuildingID, EnrollmentDate, Major) VALUES (615, 2, 156, '2003-06-10', 'Environmental Science');
INSERT INTO Worker (ID, HireDate) VALUES (1015, '2010-10-23');
INSERT INTO WorksIn (ID, BuildingID) VALUES (1015, 157);
INSERT INTO Worker (ID, HireDate) VALUES (216, '2020-02-09');
INSERT INTO WorksIn (ID, BuildingID) VALUES (216, 134);
INSERT INTO Worker (ID, HireDate) VALUES (616, '2003-02-10');
INSERT INTO WorksIn (ID, BuildingID) VALUES (616, 323);
INSERT INTO Student (ID, RoomID, BuildingID, EnrollmentDate, Major) VALUES (1016, 1, 363, '2014-05-01', 'Graphic Design');
INSERT INTO Worker (ID, HireDate) VALUES (217, '2013-05-20');
INSERT INTO WorksIn (ID, BuildingID) VALUES (217, 216);
INSERT INTO Worker (ID, HireDate) VALUES (617, '2006-03-09');
INSERT INTO WorksIn (ID, BuildingID) VALUES (617, 64);
INSERT INTO Student (ID, RoomID, BuildingID, EnrollmentDate, Major) VALUES (1017, 2, 357, '2021-06-22', 'Economics');
INSERT INTO Worker (ID, HireDate) VALUES (218, '2010-08-25');
INSERT INTO WorksIn (ID, BuildingID) VALUES (218, 161);
INSERT INTO Worker (ID, HireDate) VALUES (618, '2013-04-18');
INSERT INTO WorksIn (ID, BuildingID) VALUES (618, 2);
INSERT INTO Student (ID, RoomID, BuildingID, EnrollmentDate, Major) VALUES (1018, 2, 230, '2022-10-25', 'Psychology');
INSERT INTO Worker (ID, HireDate) VALUES (219, '2007-01-26');
INSERT INTO WorksIn (ID, BuildingID) VALUES (219, 127);
INSERT INTO Worker (ID, HireDate) VALUES (619, '2001-11-13');
INSERT INTO WorksIn (ID, BuildingID) VALUES (619, 5);
INSERT INTO Student (ID, RoomID, BuildingID, EnrollmentDate, Major) VALUES (1019, 1, 317, '2020-11-08', 'Sociology');
INSERT INTO Student (ID, RoomID, BuildingID, EnrollmentDate, Major) VALUES (220, 2, 36, '2017-01-19', 'History');
INSERT INTO Worker (ID, HireDate) VALUES (620, '2009-03-09');
INSERT INTO WorksIn (ID, BuildingID) VALUES (620, 342);
INSERT INTO Worker (ID, HireDate) VALUES (1020, '2022-08-22');
INSERT INTO WorksIn (ID, BuildingID) VALUES (1020, 263);
INSERT INTO Worker (ID, HireDate) VALUES (221, '2010-07-07');
INSERT INTO WorksIn (ID, BuildingID) VALUES (221, 215);
INSERT INTO Worker (ID, HireDate) VALUES (621, '2008-11-05');
INSERT INTO WorksIn (ID, BuildingID) VALUES (621, 137);
INSERT INTO Student (ID, RoomID, BuildingID, EnrollmentDate, Major) VALUES (1021, 1, 291, '2003-08-20', 'Graphic Design');
INSERT INTO Worker (ID, HireDate) VALUES (222, '2004-11-20');
INSERT INTO WorksIn (ID, BuildingID) VALUES (222, 314);
INSERT INTO Student (ID, RoomID, BuildingID, EnrollmentDate, Major) VALUES (622, 1, 136, '2007-10-25', 'Physics');
INSERT INTO Worker (ID, HireDate) VALUES (1022, '2022-08-08');
INSERT INTO WorksIn (ID, BuildingID) VALUES (1022, 381);
INSERT INTO Student (ID, RoomID, BuildingID, EnrollmentDate, Major) VALUES (223, 1, 108, '2010-12-30', 'Mechanical Engineering');
INSERT INTO Worker (ID, HireDate) VALUES (623, '2016-11-08');
INSERT INTO WorksIn (ID, BuildingID) VALUES (623, 30);
INSERT INTO Worker (ID, HireDate) VALUES (1023, '2012-12-15');
INSERT INTO WorksIn (ID, BuildingID) VALUES (1023, 289);
INSERT INTO Worker (ID, HireDate) VALUES (224, '2012-04-21');
INSERT INTO WorksIn (ID, BuildingID) VALUES (224, 60);
INSERT INTO Worker (ID, HireDate) VALUES (624, '2003-04-11');
INSERT INTO WorksIn (ID, BuildingID) VALUES (624, 316);
INSERT INTO Student (ID, RoomID, BuildingID, EnrollmentDate, Major) VALUES (1024, 2, 112, '2009-10-24', 'Economics');
INSERT INTO Worker (ID, HireDate) VALUES (225, '2022-07-01');
INSERT INTO WorksIn (ID, BuildingID) VALUES (225, 27);
INSERT INTO Student (ID, RoomID, BuildingID, EnrollmentDate, Major) VALUES (625, 2, 393, '2003-07-24', 'Mechanical Engineering');
INSERT INTO Worker (ID, HireDate) VALUES (1025, '2002-06-06');
INSERT INTO WorksIn (ID, BuildingID) VALUES (1025, 106);
INSERT INTO Worker (ID, HireDate) VALUES (226, '2015-06-18');
INSERT INTO WorksIn (ID, BuildingID) VALUES (226, 90);
INSERT INTO Student (ID, RoomID, BuildingID, EnrollmentDate, Major) VALUES (626, 2, 53, '2005-02-13', 'Sociology');
INSERT INTO Worker (ID, HireDate) VALUES (1026, '2016-07-16');
INSERT INTO WorksIn (ID, BuildingID) VALUES (1026, 40);
INSERT INTO Student (ID, RoomID, BuildingID, EnrollmentDate, Major) VALUES (227, 2, 338, '2005-06-06', 'Political Science');
INSERT INTO Worker (ID, HireDate) VALUES (627, '2002-05-28');
INSERT INTO WorksIn (ID, BuildingID) VALUES (627, 341);
INSERT INTO Worker (ID, HireDate) VALUES (1027, '2008-07-21');
INSERT INTO WorksIn (ID, BuildingID) VALUES (1027, 327);
INSERT INTO Worker (ID, HireDate) VALUES (228, '2006-12-07');
INSERT INTO WorksIn (ID, BuildingID) VALUES (228, 49);
INSERT INTO Worker (ID, HireDate) VALUES (628, '2018-06-06');
INSERT INTO WorksIn (ID, BuildingID) VALUES (628, 113);
INSERT INTO Student (ID, RoomID, BuildingID, EnrollmentDate, Major) VALUES (1028, 1, 64, '2008-01-01', 'Biology');
INSERT INTO Student (ID, RoomID, BuildingID, EnrollmentDate, Major) VALUES (229, 2, 388, '2004-03-26', 'Sociology');
INSERT INTO Worker (ID, HireDate) VALUES (629, '2006-12-11');
INSERT INTO WorksIn (ID, BuildingID) VALUES (629, 179);
INSERT INTO Worker (ID, HireDate) VALUES (1029, '2008-12-03');
INSERT INTO WorksIn (ID, BuildingID) VALUES (1029, 396);
INSERT INTO Student (ID, RoomID, BuildingID, EnrollmentDate, Major) VALUES (230, 2, 34, '2011-06-17', 'History');
INSERT INTO Worker (ID, HireDate) VALUES (630, '2019-04-10');
INSERT INTO WorksIn (ID, BuildingID) VALUES (630, 215);
INSERT INTO Worker (ID, HireDate) VALUES (1030, '2023-02-17');
INSERT INTO WorksIn (ID, BuildingID) VALUES (1030, 210);
INSERT INTO Worker (ID, HireDate) VALUES (231, '2005-08-18');
INSERT INTO WorksIn (ID, BuildingID) VALUES (231, 268);
INSERT INTO Worker (ID, HireDate) VALUES (631, '2013-07-09');
INSERT INTO WorksIn (ID, BuildingID) VALUES (631, 157);
INSERT INTO Student (ID, RoomID, BuildingID, EnrollmentDate, Major) VALUES (1031, 2, 304, '2021-07-10', 'Sociology');
INSERT INTO Student (ID, RoomID, BuildingID, EnrollmentDate, Major) VALUES (232, 1, 345, '2012-02-27', 'Physics');
INSERT INTO Worker (ID, HireDate) VALUES (632, '2016-10-12');
INSERT INTO WorksIn (ID, BuildingID) VALUES (632, 394);
INSERT INTO Worker (ID, HireDate) VALUES (1032, '2003-12-09');
INSERT INTO WorksIn (ID, BuildingID) VALUES (1032, 13);
INSERT INTO Worker (ID, HireDate) VALUES (233, '2008-04-06');
INSERT INTO WorksIn (ID, BuildingID) VALUES (233, 184);
INSERT INTO Worker (ID, HireDate) VALUES (633, '2006-08-04');
INSERT INTO WorksIn (ID, BuildingID) VALUES (633, 368);
INSERT INTO Student (ID, RoomID, BuildingID, EnrollmentDate, Major) VALUES (1033, 1, 233, '2018-04-08', 'Sociology');
INSERT INTO Worker (ID, HireDate) VALUES (234, '2016-05-10');
INSERT INTO WorksIn (ID, BuildingID) VALUES (234, 15);
INSERT INTO Student (ID, RoomID, BuildingID, EnrollmentDate, Major) VALUES (634, 2, 319, '2007-05-25', 'Sociology');
INSERT INTO Worker (ID, HireDate) VALUES (1034, '2006-06-10');
INSERT INTO WorksIn (ID, BuildingID) VALUES (1034, 94);
INSERT INTO Worker (ID, HireDate) VALUES (235, '2010-11-10');
INSERT INTO WorksIn (ID, BuildingID) VALUES (235, 64);
INSERT INTO Student (ID, RoomID, BuildingID, EnrollmentDate, Major) VALUES (635, 2, 69, '2019-04-20', 'Environmental Science');
INSERT INTO Worker (ID, HireDate) VALUES (1035, '2006-03-16');
INSERT INTO WorksIn (ID, BuildingID) VALUES (1035, 197);
INSERT INTO Worker (ID, HireDate) VALUES (236, '2019-10-12');
INSERT INTO WorksIn (ID, BuildingID) VALUES (236, 144);
INSERT INTO Student (ID, RoomID, BuildingID, EnrollmentDate, Major) VALUES (636, 1, 185, '2023-09-09', 'Business Administration');
INSERT INTO Worker (ID, HireDate) VALUES (1036, '2009-04-21');
INSERT INTO WorksIn (ID, BuildingID) VALUES (1036, 146);
INSERT INTO Worker (ID, HireDate) VALUES (237, '2005-08-22');
INSERT INTO WorksIn (ID, BuildingID) VALUES (237, 57);
INSERT INTO Student (ID, RoomID, BuildingID, EnrollmentDate, Major) VALUES (637, 2, 272, '2020-08-20', 'Economics');
INSERT INTO Worker (ID, HireDate) VALUES (1037, '2022-12-19');
INSERT INTO WorksIn (ID, BuildingID) VALUES (1037, 25);
INSERT INTO Worker (ID, HireDate) VALUES (238, '2019-04-14');
INSERT INTO WorksIn (ID, BuildingID) VALUES (238, 292);
INSERT INTO Worker (ID, HireDate) VALUES (638, '2008-03-31');
INSERT INTO WorksIn (ID, BuildingID) VALUES (638, 125);
INSERT INTO Student (ID, RoomID, BuildingID, EnrollmentDate, Major) VALUES (1038, 1, 333, '2012-07-30', 'History');
INSERT INTO Worker (ID, HireDate) VALUES (239, '2022-04-21');
INSERT INTO WorksIn (ID, BuildingID) VALUES (239, 392);
INSERT INTO Worker (ID, HireDate) VALUES (639, '2003-08-25');
INSERT INTO WorksIn (ID, BuildingID) VALUES (639, 336);
INSERT INTO Student (ID, RoomID, BuildingID, EnrollmentDate, Major) VALUES (1039, 2, 394, '2005-07-12', 'Sociology');
INSERT INTO Student (ID, RoomID, BuildingID, EnrollmentDate, Major) VALUES (240, 1, 104, '2007-05-10', 'Business Administration');
INSERT INTO Worker (ID, HireDate) VALUES (640, '2003-12-26');
INSERT INTO WorksIn (ID, BuildingID) VALUES (640, 124);
INSERT INTO Worker (ID, HireDate) VALUES (1040, '2018-08-27');
INSERT INTO WorksIn (ID, BuildingID) VALUES (1040, 81);
INSERT INTO Worker (ID, HireDate) VALUES (241, '2007-06-12');
INSERT INTO WorksIn (ID, BuildingID) VALUES (241, 319);
INSERT INTO Worker (ID, HireDate) VALUES (641, '2005-11-21');
INSERT INTO WorksIn (ID, BuildingID) VALUES (641, 111);
INSERT INTO Student (ID, RoomID, BuildingID, EnrollmentDate, Major) VALUES (1041, 2, 57, '2005-08-14', 'Accounting');
INSERT INTO Student (ID, RoomID, BuildingID, EnrollmentDate, Major) VALUES (242, 2, 328, '2022-02-19', 'Environmental Science');
INSERT INTO Worker (ID, HireDate) VALUES (642, '2010-12-14');
INSERT INTO WorksIn (ID, BuildingID) VALUES (642, 222);
INSERT INTO Worker (ID, HireDate) VALUES (1042, '2008-10-22');
INSERT INTO WorksIn (ID, BuildingID) VALUES (1042, 126);
INSERT INTO Worker (ID, HireDate) VALUES (243, '2008-07-26');
INSERT INTO WorksIn (ID, BuildingID) VALUES (243, 67);
INSERT INTO Student (ID, RoomID, BuildingID, EnrollmentDate, Major) VALUES (643, 2, 253, '2018-12-08', 'Accounting');
INSERT INTO Worker (ID, HireDate) VALUES (1043, '2015-07-01');
INSERT INTO WorksIn (ID, BuildingID) VALUES (1043, 208);
INSERT INTO Student (ID, RoomID, BuildingID, EnrollmentDate, Major) VALUES (244, 2, 209, '2005-10-24', 'English Literature');
INSERT INTO Worker (ID, HireDate) VALUES (644, '2000-12-21');
INSERT INTO WorksIn (ID, BuildingID) VALUES (644, 324);
INSERT INTO Worker (ID, HireDate) VALUES (1044, '2002-12-26');
INSERT INTO WorksIn (ID, BuildingID) VALUES (1044, 185);
INSERT INTO Worker (ID, HireDate) VALUES (245, '2001-11-22');
INSERT INTO WorksIn (ID, BuildingID) VALUES (245, 7);
INSERT INTO Student (ID, RoomID, BuildingID, EnrollmentDate, Major) VALUES (645, 1, 379, '2008-04-18', 'Mechanical Engineering');
INSERT INTO Worker (ID, HireDate) VALUES (1045, '2014-07-25');
INSERT INTO WorksIn (ID, BuildingID) VALUES (1045, 251);
INSERT INTO Worker (ID, HireDate) VALUES (246, '2006-09-29');
INSERT INTO WorksIn (ID, BuildingID) VALUES (246, 372);
INSERT INTO Worker (ID, HireDate) VALUES (646, '2004-09-17');
INSERT INTO WorksIn (ID, BuildingID) VALUES (646, 48);
INSERT INTO Student (ID, RoomID, BuildingID, EnrollmentDate, Major) VALUES (1046, 1, 89, '2015-02-21', 'Nursing');
INSERT INTO Worker (ID, HireDate) VALUES (247, '2017-10-16');
INSERT INTO WorksIn (ID, BuildingID) VALUES (247, 140);
INSERT INTO Student (ID, RoomID, BuildingID, EnrollmentDate, Major) VALUES (647, 1, 48, '2001-05-22', 'English Literature');
INSERT INTO Worker (ID, HireDate) VALUES (1047, '2009-09-11');
INSERT INTO WorksIn (ID, BuildingID) VALUES (1047, 103);
INSERT INTO Worker (ID, HireDate) VALUES (248, '2007-06-13');
INSERT INTO WorksIn (ID, BuildingID) VALUES (248, 313);
INSERT INTO Student (ID, RoomID, BuildingID, EnrollmentDate, Major) VALUES (648, 1, 95, '2004-03-25', 'Graphic Design');
INSERT INTO Worker (ID, HireDate) VALUES (1048, '2007-09-10');
INSERT INTO WorksIn (ID, BuildingID) VALUES (1048, 362);
INSERT INTO Worker (ID, HireDate) VALUES (249, '2023-08-17');
INSERT INTO WorksIn (ID, BuildingID) VALUES (249, 194);
INSERT INTO Worker (ID, HireDate) VALUES (649, '2009-10-21');
INSERT INTO WorksIn (ID, BuildingID) VALUES (649, 344);
INSERT INTO Student (ID, RoomID, BuildingID, EnrollmentDate, Major) VALUES (1049, 2, 265, '2020-10-05', 'Biology');
INSERT INTO Worker (ID, HireDate) VALUES (250, '2005-10-31');
INSERT INTO WorksIn (ID, BuildingID) VALUES (250, 190);
INSERT INTO Student (ID, RoomID, BuildingID, EnrollmentDate, Major) VALUES (650, 2, 88, '2014-01-17', 'Economics');
INSERT INTO Worker (ID, HireDate) VALUES (1050, '2003-06-04');
INSERT INTO WorksIn (ID, BuildingID) VALUES (1050, 254);
INSERT INTO Worker (ID, HireDate) VALUES (251, '2015-12-28');
INSERT INTO WorksIn (ID, BuildingID) VALUES (251, 60);
INSERT INTO Student (ID, RoomID, BuildingID, EnrollmentDate, Major) VALUES (651, 1, 299, '2020-10-21', 'Nursing');
INSERT INTO Worker (ID, HireDate) VALUES (1051, '2008-12-23');
INSERT INTO WorksIn (ID, BuildingID) VALUES (1051, 352);
INSERT INTO Student (ID, RoomID, BuildingID, EnrollmentDate, Major) VALUES (252, 2, 172, '2003-09-05', 'History');
INSERT INTO Worker (ID, HireDate) VALUES (652, '2001-10-19');
INSERT INTO WorksIn (ID, BuildingID) VALUES (652, 199);
INSERT INTO Worker (ID, HireDate) VALUES (1052, '2015-09-20');
INSERT INTO WorksIn (ID, BuildingID) VALUES (1052, 380);
INSERT INTO Worker (ID, HireDate) VALUES (253, '2009-09-02');
INSERT INTO WorksIn (ID, BuildingID) VALUES (253, 274);
INSERT INTO Worker (ID, HireDate) VALUES (653, '2014-08-19');
INSERT INTO WorksIn (ID, BuildingID) VALUES (653, 167);
INSERT INTO Student (ID, RoomID, BuildingID, EnrollmentDate, Major) VALUES (1053, 1, 91, '2001-10-11', 'Psychology');
INSERT INTO Student (ID, RoomID, BuildingID, EnrollmentDate, Major) VALUES (254, 2, 12, '2002-10-26', 'English Literature');
INSERT INTO Worker (ID, HireDate) VALUES (654, '2015-09-22');
INSERT INTO WorksIn (ID, BuildingID) VALUES (654, 375);
INSERT INTO Worker (ID, HireDate) VALUES (1054, '2013-02-20');
INSERT INTO WorksIn (ID, BuildingID) VALUES (1054, 250);
INSERT INTO Worker (ID, HireDate) VALUES (255, '2002-05-09');
INSERT INTO WorksIn (ID, BuildingID) VALUES (255, 19);
INSERT INTO Student (ID, RoomID, BuildingID, EnrollmentDate, Major) VALUES (655, 1, 184, '2000-12-24', 'Computer Science');
INSERT INTO Worker (ID, HireDate) VALUES (1055, '2000-05-28');
INSERT INTO WorksIn (ID, BuildingID) VALUES (1055, 111);
INSERT INTO Student (ID, RoomID, BuildingID, EnrollmentDate, Major) VALUES (256, 2, 148, '2022-01-23', 'Sociology');
INSERT INTO Worker (ID, HireDate) VALUES (656, '2021-06-16');
INSERT INTO WorksIn (ID, BuildingID) VALUES (656, 315);
INSERT INTO Worker (ID, HireDate) VALUES (1056, '2000-05-18');
INSERT INTO WorksIn (ID, BuildingID) VALUES (1056, 59);
INSERT INTO Worker (ID, HireDate) VALUES (257, '2012-09-02');
INSERT INTO WorksIn (ID, BuildingID) VALUES (257, 220);
INSERT INTO Student (ID, RoomID, BuildingID, EnrollmentDate, Major) VALUES (657, 2, 335, '2010-09-28', 'Biology');
INSERT INTO Worker (ID, HireDate) VALUES (1057, '2006-10-06');
INSERT INTO WorksIn (ID, BuildingID) VALUES (1057, 390);
INSERT INTO Worker (ID, HireDate) VALUES (258, '2019-08-10');
INSERT INTO WorksIn (ID, BuildingID) VALUES (258, 359);
INSERT INTO Worker (ID, HireDate) VALUES (658, '2005-10-13');
INSERT INTO WorksIn (ID, BuildingID) VALUES (658, 294);
INSERT INTO Student (ID, RoomID, BuildingID, EnrollmentDate, Major) VALUES (1058, 1, 274, '2005-07-20', 'Mechanical Engineering');
INSERT INTO Worker (ID, HireDate) VALUES (259, '2019-08-08');
INSERT INTO WorksIn (ID, BuildingID) VALUES (259, 47);
INSERT INTO Worker (ID, HireDate) VALUES (659, '2012-08-16');
INSERT INTO WorksIn (ID, BuildingID) VALUES (659, 399);
INSERT INTO Student (ID, RoomID, BuildingID, EnrollmentDate, Major) VALUES (1059, 1, 94, '2009-06-17', 'Economics');
INSERT INTO Worker (ID, HireDate) VALUES (260, '2013-01-08');
INSERT INTO WorksIn (ID, BuildingID) VALUES (260, 203);
INSERT INTO Student (ID, RoomID, BuildingID, EnrollmentDate, Major) VALUES (660, 2, 131, '2010-06-17', 'Accounting');
INSERT INTO Worker (ID, HireDate) VALUES (1060, '2017-09-10');
INSERT INTO WorksIn (ID, BuildingID) VALUES (1060, 139);
INSERT INTO Worker (ID, HireDate) VALUES (261, '2008-06-07');
INSERT INTO WorksIn (ID, BuildingID) VALUES (261, 358);
INSERT INTO Student (ID, RoomID, BuildingID, EnrollmentDate, Major) VALUES (661, 2, 74, '2012-12-03', 'Physics');
INSERT INTO Worker (ID, HireDate) VALUES (1061, '2023-07-08');
INSERT INTO WorksIn (ID, BuildingID) VALUES (1061, 393);
INSERT INTO Student (ID, RoomID, BuildingID, EnrollmentDate, Major) VALUES (262, 1, 57, '2016-01-21', 'Psychology');
INSERT INTO Worker (ID, HireDate) VALUES (662, '2020-10-19');
INSERT INTO WorksIn (ID, BuildingID) VALUES (662, 195);
INSERT INTO Worker (ID, HireDate) VALUES (1062, '2020-01-07');
INSERT INTO WorksIn (ID, BuildingID) VALUES (1062, 26);
INSERT INTO Worker (ID, HireDate) VALUES (263, '2009-04-23');
INSERT INTO WorksIn (ID, BuildingID) VALUES (263, 378);
INSERT INTO Student (ID, RoomID, BuildingID, EnrollmentDate, Major) VALUES (663, 1, 71, '2000-05-19', 'Political Science');
INSERT INTO Worker (ID, HireDate) VALUES (1063, '2001-07-01');
INSERT INTO WorksIn (ID, BuildingID) VALUES (1063, 20);
INSERT INTO Worker (ID, HireDate) VALUES (264, '2010-01-20');
INSERT INTO WorksIn (ID, BuildingID) VALUES (264, 358);
INSERT INTO Worker (ID, HireDate) VALUES (664, '2009-10-01');
INSERT INTO WorksIn (ID, BuildingID) VALUES (664, 290);
INSERT INTO Student (ID, RoomID, BuildingID, EnrollmentDate, Major) VALUES (1064, 1, 316, '2000-11-05', 'Sociology');
INSERT INTO Worker (ID, HireDate) VALUES (265, '2015-07-21');
INSERT INTO WorksIn (ID, BuildingID) VALUES (265, 195);
INSERT INTO Worker (ID, HireDate) VALUES (665, '2016-01-07');
INSERT INTO WorksIn (ID, BuildingID) VALUES (665, 137);
INSERT INTO Student (ID, RoomID, BuildingID, EnrollmentDate, Major) VALUES (1065, 1, 308, '2013-05-31', 'Political Science');
INSERT INTO Worker (ID, HireDate) VALUES (266, '2005-09-29');
INSERT INTO WorksIn (ID, BuildingID) VALUES (266, 146);
INSERT INTO Student (ID, RoomID, BuildingID, EnrollmentDate, Major) VALUES (666, 1, 126, '2012-06-17', 'Economics');
INSERT INTO Worker (ID, HireDate) VALUES (1066, '2013-07-25');
INSERT INTO WorksIn (ID, BuildingID) VALUES (1066, 145);
INSERT INTO Worker (ID, HireDate) VALUES (267, '2023-03-28');
INSERT INTO WorksIn (ID, BuildingID) VALUES (267, 60);
INSERT INTO Worker (ID, HireDate) VALUES (667, '2004-11-21');
INSERT INTO WorksIn (ID, BuildingID) VALUES (667, 139);
INSERT INTO Student (ID, RoomID, BuildingID, EnrollmentDate, Major) VALUES (1067, 1, 182, '2001-02-22', 'Sociology');
INSERT INTO Worker (ID, HireDate) VALUES (268, '2010-08-30');
INSERT INTO WorksIn (ID, BuildingID) VALUES (268, 353);
INSERT INTO Student (ID, RoomID, BuildingID, EnrollmentDate, Major) VALUES (668, 2, 242, '2005-07-05', 'Graphic Design');
INSERT INTO Worker (ID, HireDate) VALUES (1068, '2011-03-09');
INSERT INTO WorksIn (ID, BuildingID) VALUES (1068, 88);
INSERT INTO Student (ID, RoomID, BuildingID, EnrollmentDate, Major) VALUES (269, 2, 169, '2009-06-09', 'Nursing');
INSERT INTO Worker (ID, HireDate) VALUES (669, '2020-06-28');
INSERT INTO WorksIn (ID, BuildingID) VALUES (669, 100);
INSERT INTO Worker (ID, HireDate) VALUES (1069, '2014-05-06');
INSERT INTO WorksIn (ID, BuildingID) VALUES (1069, 202);
INSERT INTO Worker (ID, HireDate) VALUES (270, '2003-02-25');
INSERT INTO WorksIn (ID, BuildingID) VALUES (270, 292);
INSERT INTO Student (ID, RoomID, BuildingID, EnrollmentDate, Major) VALUES (670, 2, 4, '2018-12-14', 'Political Science');
INSERT INTO Worker (ID, HireDate) VALUES (1070, '2016-09-28');
INSERT INTO WorksIn (ID, BuildingID) VALUES (1070, 54);
INSERT INTO Student (ID, RoomID, BuildingID, EnrollmentDate, Major) VALUES (271, 1, 233, '2015-06-18', 'Nursing');
INSERT INTO Worker (ID, HireDate) VALUES (671, '2019-09-16');
INSERT INTO WorksIn (ID, BuildingID) VALUES (671, 140);
INSERT INTO Worker (ID, HireDate) VALUES (1071, '2019-08-14');
INSERT INTO WorksIn (ID, BuildingID) VALUES (1071, 396);
INSERT INTO Student (ID, RoomID, BuildingID, EnrollmentDate, Major) VALUES (272, 1, 195, '2007-08-24', 'Business Administration');
INSERT INTO Worker (ID, HireDate) VALUES (672, '2003-07-12');
INSERT INTO WorksIn (ID, BuildingID) VALUES (672, 121);
INSERT INTO Worker (ID, HireDate) VALUES (1072, '2019-12-01');
INSERT INTO WorksIn (ID, BuildingID) VALUES (1072, 132);
INSERT INTO Worker (ID, HireDate) VALUES (273, '2000-04-17');
INSERT INTO WorksIn (ID, BuildingID) VALUES (273, 67);
INSERT INTO Worker (ID, HireDate) VALUES (673, '2004-01-18');
INSERT INTO WorksIn (ID, BuildingID) VALUES (673, 153);
INSERT INTO Student (ID, RoomID, BuildingID, EnrollmentDate, Major) VALUES (1073, 1, 343, '2004-09-08', 'Nursing');
INSERT INTO Worker (ID, HireDate) VALUES (274, '2019-07-10');
INSERT INTO WorksIn (ID, BuildingID) VALUES (274, 47);
INSERT INTO Worker (ID, HireDate) VALUES (674, '2023-04-10');
INSERT INTO WorksIn (ID, BuildingID) VALUES (674, 300);
INSERT INTO Student (ID, RoomID, BuildingID, EnrollmentDate, Major) VALUES (1074, 2, 179, '2013-05-30', 'History');
INSERT INTO Worker (ID, HireDate) VALUES (275, '2019-04-01');
INSERT INTO WorksIn (ID, BuildingID) VALUES (275, 212);
INSERT INTO Worker (ID, HireDate) VALUES (675, '2015-04-15');
INSERT INTO WorksIn (ID, BuildingID) VALUES (675, 226);
INSERT INTO Student (ID, RoomID, BuildingID, EnrollmentDate, Major) VALUES (1075, 1, 359, '2023-03-23', 'English Literature');
INSERT INTO Worker (ID, HireDate) VALUES (276, '2012-09-20');
INSERT INTO WorksIn (ID, BuildingID) VALUES (276, 53);
INSERT INTO Student (ID, RoomID, BuildingID, EnrollmentDate, Major) VALUES (676, 1, 362, '2018-05-25', 'Nursing');
INSERT INTO Worker (ID, HireDate) VALUES (1076, '2005-05-22');
INSERT INTO WorksIn (ID, BuildingID) VALUES (1076, 155);
INSERT INTO Worker (ID, HireDate) VALUES (277, '2013-08-24');
INSERT INTO WorksIn (ID, BuildingID) VALUES (277, 124);
INSERT INTO Worker (ID, HireDate) VALUES (677, '2004-07-11');
INSERT INTO WorksIn (ID, BuildingID) VALUES (677, 242);
INSERT INTO Student (ID, RoomID, BuildingID, EnrollmentDate, Major) VALUES (1077, 1, 332, '2006-10-08', 'Sociology');
INSERT INTO Worker (ID, HireDate) VALUES (278, '2015-11-07');
INSERT INTO WorksIn (ID, BuildingID) VALUES (278, 318);
INSERT INTO Student (ID, RoomID, BuildingID, EnrollmentDate, Major) VALUES (678, 2, 251, '2016-05-01', 'Accounting');
INSERT INTO Worker (ID, HireDate) VALUES (1078, '2010-10-23');
INSERT INTO WorksIn (ID, BuildingID) VALUES (1078, 317);
INSERT INTO Worker (ID, HireDate) VALUES (279, '2012-02-14');
INSERT INTO WorksIn (ID, BuildingID) VALUES (279, 290);
INSERT INTO Worker (ID, HireDate) VALUES (679, '2006-01-22');
INSERT INTO WorksIn (ID, BuildingID) VALUES (679, 381);
INSERT INTO Student (ID, RoomID, BuildingID, EnrollmentDate, Major) VALUES (1079, 1, 144, '2020-02-16', 'Business Administration');
INSERT INTO Worker (ID, HireDate) VALUES (280, '2016-12-12');
INSERT INTO WorksIn (ID, BuildingID) VALUES (280, 214);
INSERT INTO Worker (ID, HireDate) VALUES (680, '2016-04-14');
INSERT INTO WorksIn (ID, BuildingID) VALUES (680, 384);
INSERT INTO Student (ID, RoomID, BuildingID, EnrollmentDate, Major) VALUES (1080, 1, 166, '2018-08-29', 'History');
INSERT INTO Worker (ID, HireDate) VALUES (281, '2011-09-08');
INSERT INTO WorksIn (ID, BuildingID) VALUES (281, 140);
INSERT INTO Worker (ID, HireDate) VALUES (681, '2005-09-25');
INSERT INTO WorksIn (ID, BuildingID) VALUES (681, 212);
INSERT INTO Student (ID, RoomID, BuildingID, EnrollmentDate, Major) VALUES (1081, 1, 253, '2000-07-12', 'Computer Science');
INSERT INTO Worker (ID, HireDate) VALUES (282, '2005-03-29');
INSERT INTO WorksIn (ID, BuildingID) VALUES (282, 116);
INSERT INTO Student (ID, RoomID, BuildingID, EnrollmentDate, Major) VALUES (682, 1, 339, '2022-09-18', 'Mechanical Engineering');
INSERT INTO Worker (ID, HireDate) VALUES (1082, '2010-08-30');
INSERT INTO WorksIn (ID, BuildingID) VALUES (1082, 187);
INSERT INTO Worker (ID, HireDate) VALUES (283, '2015-04-09');
INSERT INTO WorksIn (ID, BuildingID) VALUES (283, 161);
INSERT INTO Worker (ID, HireDate) VALUES (683, '2006-05-23');
INSERT INTO WorksIn (ID, BuildingID) VALUES (683, 51);
INSERT INTO Student (ID, RoomID, BuildingID, EnrollmentDate, Major) VALUES (1083, 1, 17, '2008-07-02', 'Computer Science');
INSERT INTO Worker (ID, HireDate) VALUES (284, '2019-06-21');
INSERT INTO WorksIn (ID, BuildingID) VALUES (284, 279);
INSERT INTO Student (ID, RoomID, BuildingID, EnrollmentDate, Major) VALUES (684, 1, 64, '2003-06-08', 'Accounting');
INSERT INTO Worker (ID, HireDate) VALUES (1084, '2011-06-12');
INSERT INTO WorksIn (ID, BuildingID) VALUES (1084, 285);
INSERT INTO Worker (ID, HireDate) VALUES (285, '2015-08-22');
INSERT INTO WorksIn (ID, BuildingID) VALUES (285, 288);
INSERT INTO Student (ID, RoomID, BuildingID, EnrollmentDate, Major) VALUES (685, 1, 211, '2006-03-07', 'Economics');
INSERT INTO Worker (ID, HireDate) VALUES (1085, '2011-07-03');
INSERT INTO WorksIn (ID, BuildingID) VALUES (1085, 53);
INSERT INTO Worker (ID, HireDate) VALUES (286, '2023-06-07');
INSERT INTO WorksIn (ID, BuildingID) VALUES (286, 146);
INSERT INTO Worker (ID, HireDate) VALUES (686, '2017-05-30');
INSERT INTO WorksIn (ID, BuildingID) VALUES (686, 257);
INSERT INTO Student (ID, RoomID, BuildingID, EnrollmentDate, Major) VALUES (1086, 2, 311, '2011-02-18', 'Biology');
INSERT INTO Worker (ID, HireDate) VALUES (287, '2007-06-24');
INSERT INTO WorksIn (ID, BuildingID) VALUES (287, 182);
INSERT INTO Worker (ID, HireDate) VALUES (687, '2000-02-29');
INSERT INTO WorksIn (ID, BuildingID) VALUES (687, 40);
INSERT INTO Student (ID, RoomID, BuildingID, EnrollmentDate, Major) VALUES (1087, 2, 368, '2022-06-12', 'Graphic Design');
INSERT INTO Worker (ID, HireDate) VALUES (288, '2023-11-22');
INSERT INTO WorksIn (ID, BuildingID) VALUES (288, 376);
INSERT INTO Worker (ID, HireDate) VALUES (688, '2009-01-04');
INSERT INTO WorksIn (ID, BuildingID) VALUES (688, 112);
INSERT INTO Student (ID, RoomID, BuildingID, EnrollmentDate, Major) VALUES (1088, 1, 11, '2006-03-08', 'Business Administration');
INSERT INTO Worker (ID, HireDate) VALUES (289, '2021-05-08');
INSERT INTO WorksIn (ID, BuildingID) VALUES (289, 354);
INSERT INTO Student (ID, RoomID, BuildingID, EnrollmentDate, Major) VALUES (689, 2, 42, '2001-01-24', 'Sociology');
INSERT INTO Worker (ID, HireDate) VALUES (1089, '2009-06-22');
INSERT INTO WorksIn (ID, BuildingID) VALUES (1089, 345);
INSERT INTO Worker (ID, HireDate) VALUES (290, '2000-09-20');
INSERT INTO WorksIn (ID, BuildingID) VALUES (290, 341);
INSERT INTO Worker (ID, HireDate) VALUES (690, '2009-08-26');
INSERT INTO WorksIn (ID, BuildingID) VALUES (690, 382);
INSERT INTO Student (ID, RoomID, BuildingID, EnrollmentDate, Major) VALUES (1090, 2, 215, '2014-07-21', 'Physics');
INSERT INTO Worker (ID, HireDate) VALUES (291, '2022-11-21');
INSERT INTO WorksIn (ID, BuildingID) VALUES (291, 183);
INSERT INTO Student (ID, RoomID, BuildingID, EnrollmentDate, Major) VALUES (691, 2, 220, '2002-12-11', 'Graphic Design');
INSERT INTO Worker (ID, HireDate) VALUES (1091, '2001-08-26');
INSERT INTO WorksIn (ID, BuildingID) VALUES (1091, 284);
INSERT INTO Student (ID, RoomID, BuildingID, EnrollmentDate, Major) VALUES (292, 1, 191, '2017-12-21', 'History');
INSERT INTO Worker (ID, HireDate) VALUES (692, '2013-12-27');
INSERT INTO WorksIn (ID, BuildingID) VALUES (692, 94);
INSERT INTO Worker (ID, HireDate) VALUES (1092, '2020-10-27');
INSERT INTO WorksIn (ID, BuildingID) VALUES (1092, 111);
INSERT INTO Worker (ID, HireDate) VALUES (293, '2006-06-23');
INSERT INTO WorksIn (ID, BuildingID) VALUES (293, 106);
INSERT INTO Student (ID, RoomID, BuildingID, EnrollmentDate, Major) VALUES (693, 2, 391, '2001-11-04', 'Economics');
INSERT INTO Worker (ID, HireDate) VALUES (1093, '2007-07-12');
INSERT INTO WorksIn (ID, BuildingID) VALUES (1093, 56);
INSERT INTO Worker (ID, HireDate) VALUES (294, '2007-12-06');
INSERT INTO WorksIn (ID, BuildingID) VALUES (294, 45);
INSERT INTO Worker (ID, HireDate) VALUES (694, '2023-05-18');
INSERT INTO WorksIn (ID, BuildingID) VALUES (694, 221);
INSERT INTO Student (ID, RoomID, BuildingID, EnrollmentDate, Major) VALUES (1094, 1, 309, '2018-07-29', 'Psychology');
INSERT INTO Worker (ID, HireDate) VALUES (295, '2004-01-26');
INSERT INTO WorksIn (ID, BuildingID) VALUES (295, 297);
INSERT INTO Worker (ID, HireDate) VALUES (695, '2022-10-16');
INSERT INTO WorksIn (ID, BuildingID) VALUES (695, 201);
INSERT INTO Student (ID, RoomID, BuildingID, EnrollmentDate, Major) VALUES (1095, 1, 233, '2014-06-23', 'Computer Science');
INSERT INTO Worker (ID, HireDate) VALUES (296, '2023-01-24');
INSERT INTO WorksIn (ID, BuildingID) VALUES (296, 396);
INSERT INTO Worker (ID, HireDate) VALUES (696, '2009-02-18');
INSERT INTO WorksIn (ID, BuildingID) VALUES (696, 286);
INSERT INTO Student (ID, RoomID, BuildingID, EnrollmentDate, Major) VALUES (1096, 1, 203, '2007-10-24', 'Economics');
INSERT INTO Worker (ID, HireDate) VALUES (297, '2004-12-09');
INSERT INTO WorksIn (ID, BuildingID) VALUES (297, 272);
INSERT INTO Worker (ID, HireDate) VALUES (697, '2004-03-24');
INSERT INTO WorksIn (ID, BuildingID) VALUES (697, 137);
INSERT INTO Student (ID, RoomID, BuildingID, EnrollmentDate, Major) VALUES (1097, 2, 36, '2006-08-06', 'Mechanical Engineering');
INSERT INTO Student (ID, RoomID, BuildingID, EnrollmentDate, Major) VALUES (298, 2, 369, '2017-08-08', 'Nursing');
INSERT INTO Worker (ID, HireDate) VALUES (698, '2011-12-06');
INSERT INTO WorksIn (ID, BuildingID) VALUES (698, 345);
INSERT INTO Worker (ID, HireDate) VALUES (1098, '2006-02-21');
INSERT INTO WorksIn (ID, BuildingID) VALUES (1098, 133);
INSERT INTO Worker (ID, HireDate) VALUES (299, '2006-11-01');
INSERT INTO WorksIn (ID, BuildingID) VALUES (299, 134);
INSERT INTO Student (ID, RoomID, BuildingID, EnrollmentDate, Major) VALUES (699, 1, 35, '2007-03-30', 'Mechanical Engineering');
INSERT INTO Worker (ID, HireDate) VALUES (1099, '2020-01-16');
INSERT INTO WorksIn (ID, BuildingID) VALUES (1099, 219);
INSERT INTO Worker (ID, HireDate) VALUES (300, '2018-08-10');
INSERT INTO WorksIn (ID, BuildingID) VALUES (300, 332);
INSERT INTO Student (ID, RoomID, BuildingID, EnrollmentDate, Major) VALUES (700, 1, 263, '2009-04-22', 'Biology');
INSERT INTO Worker (ID, HireDate) VALUES (1100, '2013-10-04');
INSERT INTO WorksIn (ID, BuildingID) VALUES (1100, 42);
INSERT INTO Worker (ID, HireDate) VALUES (301, '2022-09-22');
INSERT INTO WorksIn (ID, BuildingID) VALUES (301, 235);
INSERT INTO Student (ID, RoomID, BuildingID, EnrollmentDate, Major) VALUES (701, 2, 88, '2019-05-20', 'Mechanical Engineering');
INSERT INTO Worker (ID, HireDate) VALUES (1101, '2014-04-15');
INSERT INTO WorksIn (ID, BuildingID) VALUES (1101, 107);
INSERT INTO Student (ID, RoomID, BuildingID, EnrollmentDate, Major) VALUES (302, 2, 183, '2018-05-17', 'Accounting');
INSERT INTO Worker (ID, HireDate) VALUES (702, '2008-12-13');
INSERT INTO WorksIn (ID, BuildingID) VALUES (702, 334);
INSERT INTO Worker (ID, HireDate) VALUES (1102, '2006-03-15');
INSERT INTO WorksIn (ID, BuildingID) VALUES (1102, 245);
INSERT INTO Worker (ID, HireDate) VALUES (303, '2014-07-02');
INSERT INTO WorksIn (ID, BuildingID) VALUES (303, 89);
INSERT INTO Student (ID, RoomID, BuildingID, EnrollmentDate, Major) VALUES (703, 1, 173, '2017-11-04', 'Mechanical Engineering');
INSERT INTO Worker (ID, HireDate) VALUES (1103, '2004-12-19');
INSERT INTO WorksIn (ID, BuildingID) VALUES (1103, 391);
INSERT INTO Worker (ID, HireDate) VALUES (304, '2000-01-10');
INSERT INTO WorksIn (ID, BuildingID) VALUES (304, 277);
INSERT INTO Worker (ID, HireDate) VALUES (704, '2002-01-01');
INSERT INTO WorksIn (ID, BuildingID) VALUES (704, 130);
INSERT INTO Student (ID, RoomID, BuildingID, EnrollmentDate, Major) VALUES (1104, 1, 123, '2022-05-15', 'Computer Science');
INSERT INTO Worker (ID, HireDate) VALUES (305, '2017-12-24');
INSERT INTO WorksIn (ID, BuildingID) VALUES (305, 16);
INSERT INTO Student (ID, RoomID, BuildingID, EnrollmentDate, Major) VALUES (705, 2, 118, '2014-01-25', 'Sociology');
INSERT INTO Worker (ID, HireDate) VALUES (1105, '2022-07-06');
INSERT INTO WorksIn (ID, BuildingID) VALUES (1105, 92);
INSERT INTO Student (ID, RoomID, BuildingID, EnrollmentDate, Major) VALUES (306, 1, 336, '2015-08-13', 'Mechanical Engineering');
INSERT INTO Worker (ID, HireDate) VALUES (706, '2000-12-29');
INSERT INTO WorksIn (ID, BuildingID) VALUES (706, 196);
INSERT INTO Worker (ID, HireDate) VALUES (1106, '2007-05-27');
INSERT INTO WorksIn (ID, BuildingID) VALUES (1106, 158);
INSERT INTO Student (ID, RoomID, BuildingID, EnrollmentDate, Major) VALUES (307, 1, 342, '2014-06-28', 'History');
INSERT INTO Worker (ID, HireDate) VALUES (707, '2023-10-08');
INSERT INTO WorksIn (ID, BuildingID) VALUES (707, 142);
INSERT INTO Worker (ID, HireDate) VALUES (1107, '2010-10-19');
INSERT INTO WorksIn (ID, BuildingID) VALUES (1107, 109);
INSERT INTO Worker (ID, HireDate) VALUES (308, '2002-09-08');
INSERT INTO WorksIn (ID, BuildingID) VALUES (308, 297);
INSERT INTO Worker (ID, HireDate) VALUES (708, '2022-07-19');
INSERT INTO WorksIn (ID, BuildingID) VALUES (708, 99);
INSERT INTO Student (ID, RoomID, BuildingID, EnrollmentDate, Major) VALUES (1108, 2, 173, '2021-11-16', 'Physics');
INSERT INTO Worker (ID, HireDate) VALUES (309, '2017-01-22');
INSERT INTO WorksIn (ID, BuildingID) VALUES (309, 121);
INSERT INTO Worker (ID, HireDate) VALUES (709, '2014-09-09');
INSERT INTO WorksIn (ID, BuildingID) VALUES (709, 219);
INSERT INTO Student (ID, RoomID, BuildingID, EnrollmentDate, Major) VALUES (1109, 2, 332, '2015-10-26', 'Business Administration');
INSERT INTO Worker (ID, HireDate) VALUES (310, '2023-07-28');
INSERT INTO WorksIn (ID, BuildingID) VALUES (310, 187);
INSERT INTO Worker (ID, HireDate) VALUES (710, '2006-10-17');
INSERT INTO WorksIn (ID, BuildingID) VALUES (710, 3);
INSERT INTO Student (ID, RoomID, BuildingID, EnrollmentDate, Major) VALUES (1110, 2, 10, '2023-01-15', 'Computer Science');
INSERT INTO Worker (ID, HireDate) VALUES (311, '2022-04-21');
INSERT INTO WorksIn (ID, BuildingID) VALUES (311, 356);
INSERT INTO Worker (ID, HireDate) VALUES (711, '2017-11-04');
INSERT INTO WorksIn (ID, BuildingID) VALUES (711, 400);
INSERT INTO Student (ID, RoomID, BuildingID, EnrollmentDate, Major) VALUES (1111, 1, 272, '2021-08-14', 'Mechanical Engineering');
INSERT INTO Student (ID, RoomID, BuildingID, EnrollmentDate, Major) VALUES (312, 2, 57, '2017-04-02', 'English Literature');
INSERT INTO Worker (ID, HireDate) VALUES (712, '2005-02-09');
INSERT INTO WorksIn (ID, BuildingID) VALUES (712, 246);
INSERT INTO Worker (ID, HireDate) VALUES (1112, '2007-12-26');
INSERT INTO WorksIn (ID, BuildingID) VALUES (1112, 123);
INSERT INTO Worker (ID, HireDate) VALUES (313, '2014-02-26');
INSERT INTO WorksIn (ID, BuildingID) VALUES (313, 371);
INSERT INTO Student (ID, RoomID, BuildingID, EnrollmentDate, Major) VALUES (713, 2, 72, '2012-02-25', 'Nursing');
INSERT INTO Worker (ID, HireDate) VALUES (1113, '2001-06-04');
INSERT INTO WorksIn (ID, BuildingID) VALUES (1113, 210);
INSERT INTO Worker (ID, HireDate) VALUES (314, '2019-10-14');
INSERT INTO WorksIn (ID, BuildingID) VALUES (314, 205);
INSERT INTO Worker (ID, HireDate) VALUES (714, '2004-01-17');
INSERT INTO WorksIn (ID, BuildingID) VALUES (714, 138);
INSERT INTO Student (ID, RoomID, BuildingID, EnrollmentDate, Major) VALUES (1114, 2, 322, '2022-02-10', 'Economics');
INSERT INTO Student (ID, RoomID, BuildingID, EnrollmentDate, Major) VALUES (315, 2, 262, '2002-06-24', 'Computer Science');
INSERT INTO Worker (ID, HireDate) VALUES (715, '2019-12-20');
INSERT INTO WorksIn (ID, BuildingID) VALUES (715, 196);
INSERT INTO Worker (ID, HireDate) VALUES (1115, '2015-11-06');
INSERT INTO WorksIn (ID, BuildingID) VALUES (1115, 93);
INSERT INTO Worker (ID, HireDate) VALUES (316, '2021-11-30');
INSERT INTO WorksIn (ID, BuildingID) VALUES (316, 99);
INSERT INTO Student (ID, RoomID, BuildingID, EnrollmentDate, Major) VALUES (716, 2, 32, '2005-08-24', 'Environmental Science');
INSERT INTO Worker (ID, HireDate) VALUES (1116, '2017-02-16');
INSERT INTO WorksIn (ID, BuildingID) VALUES (1116, 401);
INSERT INTO Worker (ID, HireDate) VALUES (317, '2000-06-11');
INSERT INTO WorksIn (ID, BuildingID) VALUES (317, 267);
INSERT INTO Worker (ID, HireDate) VALUES (717, '2015-01-04');
INSERT INTO WorksIn (ID, BuildingID) VALUES (717, 9);
INSERT INTO Student (ID, RoomID, BuildingID, EnrollmentDate, Major) VALUES (1117, 1, 225, '2010-12-11', 'Environmental Science');
INSERT INTO Worker (ID, HireDate) VALUES (318, '2021-06-24');
INSERT INTO WorksIn (ID, BuildingID) VALUES (318, 49);
INSERT INTO Student (ID, RoomID, BuildingID, EnrollmentDate, Major) VALUES (718, 2, 219, '2005-05-24', 'Biology');
INSERT INTO Worker (ID, HireDate) VALUES (1118, '2018-10-10');
INSERT INTO WorksIn (ID, BuildingID) VALUES (1118, 117);
INSERT INTO Worker (ID, HireDate) VALUES (319, '2016-03-02');
INSERT INTO WorksIn (ID, BuildingID) VALUES (319, 132);
INSERT INTO Student (ID, RoomID, BuildingID, EnrollmentDate, Major) VALUES (719, 2, 388, '2003-03-26', 'Physics');
INSERT INTO Worker (ID, HireDate) VALUES (1119, '2002-10-18');
INSERT INTO WorksIn (ID, BuildingID) VALUES (1119, 237);
INSERT INTO Worker (ID, HireDate) VALUES (320, '2008-02-12');
INSERT INTO WorksIn (ID, BuildingID) VALUES (320, 345);
INSERT INTO Worker (ID, HireDate) VALUES (720, '2002-02-26');
INSERT INTO WorksIn (ID, BuildingID) VALUES (720, 213);
INSERT INTO Student (ID, RoomID, BuildingID, EnrollmentDate, Major) VALUES (1120, 2, 159, '2022-03-23', 'History');
INSERT INTO Worker (ID, HireDate) VALUES (321, '2012-10-05');
INSERT INTO WorksIn (ID, BuildingID) VALUES (321, 180);
INSERT INTO Worker (ID, HireDate) VALUES (721, '2005-08-26');
INSERT INTO WorksIn (ID, BuildingID) VALUES (721, 176);
INSERT INTO Student (ID, RoomID, BuildingID, EnrollmentDate, Major) VALUES (1121, 1, 333, '2001-04-07', 'Sociology');
INSERT INTO Worker (ID, HireDate) VALUES (322, '2017-08-29');
INSERT INTO WorksIn (ID, BuildingID) VALUES (322, 23);
INSERT INTO Worker (ID, HireDate) VALUES (722, '2014-12-18');
INSERT INTO WorksIn (ID, BuildingID) VALUES (722, 303);
INSERT INTO Student (ID, RoomID, BuildingID, EnrollmentDate, Major) VALUES (1122, 2, 355, '2020-10-12', 'Business Administration');
INSERT INTO Worker (ID, HireDate) VALUES (323, '2005-04-05');
INSERT INTO WorksIn (ID, BuildingID) VALUES (323, 193);
INSERT INTO Worker (ID, HireDate) VALUES (723, '2015-06-12');
INSERT INTO WorksIn (ID, BuildingID) VALUES (723, 63);
INSERT INTO Student (ID, RoomID, BuildingID, EnrollmentDate, Major) VALUES (1123, 2, 299, '2022-10-23', 'Psychology');
INSERT INTO Worker (ID, HireDate) VALUES (324, '2018-07-08');
INSERT INTO WorksIn (ID, BuildingID) VALUES (324, 142);
INSERT INTO Student (ID, RoomID, BuildingID, EnrollmentDate, Major) VALUES (724, 2, 82, '2017-01-22', 'Environmental Science');
INSERT INTO Worker (ID, HireDate) VALUES (1124, '2023-05-03');
INSERT INTO WorksIn (ID, BuildingID) VALUES (1124, 134);
INSERT INTO Student (ID, RoomID, BuildingID, EnrollmentDate, Major) VALUES (325, 1, 41, '2021-05-04', 'Biology');
INSERT INTO Worker (ID, HireDate) VALUES (725, '2022-07-09');
INSERT INTO WorksIn (ID, BuildingID) VALUES (725, 11);
INSERT INTO Worker (ID, HireDate) VALUES (1125, '2000-09-06');
INSERT INTO WorksIn (ID, BuildingID) VALUES (1125, 164);
INSERT INTO Worker (ID, HireDate) VALUES (326, '2004-06-03');
INSERT INTO WorksIn (ID, BuildingID) VALUES (326, 152);
INSERT INTO Student (ID, RoomID, BuildingID, EnrollmentDate, Major) VALUES (726, 2, 208, '2008-12-07', 'Environmental Science');
INSERT INTO Worker (ID, HireDate) VALUES (1126, '2012-01-16');
INSERT INTO WorksIn (ID, BuildingID) VALUES (1126, 99);
INSERT INTO Worker (ID, HireDate) VALUES (327, '2019-06-15');
INSERT INTO WorksIn (ID, BuildingID) VALUES (327, 31);
INSERT INTO Student (ID, RoomID, BuildingID, EnrollmentDate, Major) VALUES (727, 1, 182, '2003-06-29', 'Mechanical Engineering');
INSERT INTO Worker (ID, HireDate) VALUES (1127, '2022-09-29');
INSERT INTO WorksIn (ID, BuildingID) VALUES (1127, 37);
INSERT INTO Worker (ID, HireDate) VALUES (328, '2009-02-10');
INSERT INTO WorksIn (ID, BuildingID) VALUES (328, 208);
INSERT INTO Student (ID, RoomID, BuildingID, EnrollmentDate, Major) VALUES (728, 1, 136, '2016-07-12', 'Psychology');
INSERT INTO Worker (ID, HireDate) VALUES (1128, '2016-08-14');
INSERT INTO WorksIn (ID, BuildingID) VALUES (1128, 360);
INSERT INTO Worker (ID, HireDate) VALUES (329, '2016-04-20');
INSERT INTO WorksIn (ID, BuildingID) VALUES (329, 44);
INSERT INTO Worker (ID, HireDate) VALUES (729, '2008-07-28');
INSERT INTO WorksIn (ID, BuildingID) VALUES (729, 35);
INSERT INTO Student (ID, RoomID, BuildingID, EnrollmentDate, Major) VALUES (1129, 2, 225, '2004-08-31', 'Sociology');
INSERT INTO Worker (ID, HireDate) VALUES (330, '2014-09-30');
INSERT INTO WorksIn (ID, BuildingID) VALUES (330, 300);
INSERT INTO Student (ID, RoomID, BuildingID, EnrollmentDate, Major) VALUES (730, 2, 270, '2015-03-07', 'Sociology');
INSERT INTO Worker (ID, HireDate) VALUES (1130, '2000-09-29');
INSERT INTO WorksIn (ID, BuildingID) VALUES (1130, 175);
INSERT INTO Student (ID, RoomID, BuildingID, EnrollmentDate, Major) VALUES (331, 1, 330, '2000-04-11', 'Physics');
INSERT INTO Worker (ID, HireDate) VALUES (731, '2005-02-05');
INSERT INTO WorksIn (ID, BuildingID) VALUES (731, 227);
INSERT INTO Worker (ID, HireDate) VALUES (1131, '2011-02-13');
INSERT INTO WorksIn (ID, BuildingID) VALUES (1131, 28);
INSERT INTO Student (ID, RoomID, BuildingID, EnrollmentDate, Major) VALUES (332, 2, 372, '2022-08-31', 'Environmental Science');
INSERT INTO Worker (ID, HireDate) VALUES (732, '2007-08-16');
INSERT INTO WorksIn (ID, BuildingID) VALUES (732, 25);
INSERT INTO Worker (ID, HireDate) VALUES (1132, '2021-10-27');
INSERT INTO WorksIn (ID, BuildingID) VALUES (1132, 234);
INSERT INTO Student (ID, RoomID, BuildingID, EnrollmentDate, Major) VALUES (333, 1, 181, '2005-02-14', 'Accounting');
INSERT INTO Worker (ID, HireDate) VALUES (733, '2004-10-30');
INSERT INTO WorksIn (ID, BuildingID) VALUES (733, 111);
INSERT INTO Worker (ID, HireDate) VALUES (1133, '2019-10-04');
INSERT INTO WorksIn (ID, BuildingID) VALUES (1133, 105);
INSERT INTO Worker (ID, HireDate) VALUES (334, '2014-04-06');
INSERT INTO WorksIn (ID, BuildingID) VALUES (334, 68);
INSERT INTO Worker (ID, HireDate) VALUES (734, '2009-09-29');
INSERT INTO WorksIn (ID, BuildingID) VALUES (734, 381);
INSERT INTO Student (ID, RoomID, BuildingID, EnrollmentDate, Major) VALUES (1134, 2, 374, '2012-12-10', 'Business Administration');
INSERT INTO Worker (ID, HireDate) VALUES (335, '2005-08-05');
INSERT INTO WorksIn (ID, BuildingID) VALUES (335, 218);
INSERT INTO Student (ID, RoomID, BuildingID, EnrollmentDate, Major) VALUES (735, 1, 70, '2018-03-09', 'Physics');
INSERT INTO Worker (ID, HireDate) VALUES (1135, '2014-01-31');
INSERT INTO WorksIn (ID, BuildingID) VALUES (1135, 102);
INSERT INTO Worker (ID, HireDate) VALUES (336, '2002-02-21');
INSERT INTO WorksIn (ID, BuildingID) VALUES (336, 84);
INSERT INTO Student (ID, RoomID, BuildingID, EnrollmentDate, Major) VALUES (736, 1, 238, '2011-12-25', 'Economics');
INSERT INTO Worker (ID, HireDate) VALUES (1136, '2001-06-04');
INSERT INTO WorksIn (ID, BuildingID) VALUES (1136, 346);
INSERT INTO Worker (ID, HireDate) VALUES (337, '2002-03-06');
INSERT INTO WorksIn (ID, BuildingID) VALUES (337, 394);
INSERT INTO Student (ID, RoomID, BuildingID, EnrollmentDate, Major) VALUES (737, 2, 226, '2016-07-03', 'Economics');
INSERT INTO Worker (ID, HireDate) VALUES (1137, '2001-01-01');
INSERT INTO WorksIn (ID, BuildingID) VALUES (1137, 390);
INSERT INTO Worker (ID, HireDate) VALUES (338, '2014-10-31');
INSERT INTO WorksIn (ID, BuildingID) VALUES (338, 400);
INSERT INTO Worker (ID, HireDate) VALUES (738, '2003-09-03');
INSERT INTO WorksIn (ID, BuildingID) VALUES (738, 164);
INSERT INTO Student (ID, RoomID, BuildingID, EnrollmentDate, Major) VALUES (1138, 2, 319, '2023-06-21', 'English Literature');
INSERT INTO Student (ID, RoomID, BuildingID, EnrollmentDate, Major) VALUES (339, 2, 378, '2016-07-14', 'Nursing');
INSERT INTO Worker (ID, HireDate) VALUES (739, '2003-06-13');
INSERT INTO WorksIn (ID, BuildingID) VALUES (739, 209);
INSERT INTO Worker (ID, HireDate) VALUES (1139, '2021-09-28');
INSERT INTO WorksIn (ID, BuildingID) VALUES (1139, 6);
INSERT INTO Student (ID, RoomID, BuildingID, EnrollmentDate, Major) VALUES (340, 1, 349, '2002-05-14', 'Graphic Design');
INSERT INTO Worker (ID, HireDate) VALUES (740, '2010-12-11');
INSERT INTO WorksIn (ID, BuildingID) VALUES (740, 76);
INSERT INTO Worker (ID, HireDate) VALUES (1140, '2013-09-09');
INSERT INTO WorksIn (ID, BuildingID) VALUES (1140, 59);
INSERT INTO Worker (ID, HireDate) VALUES (341, '2018-07-16');
INSERT INTO WorksIn (ID, BuildingID) VALUES (341, 336);
INSERT INTO Student (ID, RoomID, BuildingID, EnrollmentDate, Major) VALUES (741, 2, 32, '2010-02-02', 'History');
INSERT INTO Worker (ID, HireDate) VALUES (1141, '2008-04-19');
INSERT INTO WorksIn (ID, BuildingID) VALUES (1141, 5);
INSERT INTO Worker (ID, HireDate) VALUES (342, '2008-12-08');
INSERT INTO WorksIn (ID, BuildingID) VALUES (342, 150);
INSERT INTO Worker (ID, HireDate) VALUES (742, '2008-10-17');
INSERT INTO WorksIn (ID, BuildingID) VALUES (742, 319);
INSERT INTO Student (ID, RoomID, BuildingID, EnrollmentDate, Major) VALUES (1142, 1, 292, '2012-03-22', 'Graphic Design');
INSERT INTO Worker (ID, HireDate) VALUES (343, '2003-06-11');
INSERT INTO WorksIn (ID, BuildingID) VALUES (343, 72);
INSERT INTO Student (ID, RoomID, BuildingID, EnrollmentDate, Major) VALUES (743, 2, 151, '2010-05-10', 'Accounting');
INSERT INTO Worker (ID, HireDate) VALUES (1143, '2001-05-01');
INSERT INTO WorksIn (ID, BuildingID) VALUES (1143, 276);
INSERT INTO Worker (ID, HireDate) VALUES (344, '2011-10-13');
INSERT INTO WorksIn (ID, BuildingID) VALUES (344, 345);
INSERT INTO Student (ID, RoomID, BuildingID, EnrollmentDate, Major) VALUES (744, 2, 160, '2014-09-24', 'Computer Science');
INSERT INTO Worker (ID, HireDate) VALUES (1144, '2001-01-29');
INSERT INTO WorksIn (ID, BuildingID) VALUES (1144, 388);
INSERT INTO Student (ID, RoomID, BuildingID, EnrollmentDate, Major) VALUES (345, 1, 241, '2020-06-04', 'Business Administration');
INSERT INTO Worker (ID, HireDate) VALUES (745, '2015-08-23');
INSERT INTO WorksIn (ID, BuildingID) VALUES (745, 336);
INSERT INTO Worker (ID, HireDate) VALUES (1145, '2020-10-14');
INSERT INTO WorksIn (ID, BuildingID) VALUES (1145, 368);
INSERT INTO Student (ID, RoomID, BuildingID, EnrollmentDate, Major) VALUES (346, 2, 9, '2004-06-10', 'Economics');
INSERT INTO Worker (ID, HireDate) VALUES (746, '2014-04-05');
INSERT INTO WorksIn (ID, BuildingID) VALUES (746, 129);
INSERT INTO Worker (ID, HireDate) VALUES (1146, '2007-06-07');
INSERT INTO WorksIn (ID, BuildingID) VALUES (1146, 388);
INSERT INTO Worker (ID, HireDate) VALUES (347, '2017-01-22');
INSERT INTO WorksIn (ID, BuildingID) VALUES (347, 219);
INSERT INTO Student (ID, RoomID, BuildingID, EnrollmentDate, Major) VALUES (747, 2, 271, '2018-12-31', 'Accounting');
INSERT INTO Worker (ID, HireDate) VALUES (1147, '2004-09-28');
INSERT INTO WorksIn (ID, BuildingID) VALUES (1147, 309);
INSERT INTO Worker (ID, HireDate) VALUES (348, '2004-04-25');
INSERT INTO WorksIn (ID, BuildingID) VALUES (348, 197);
INSERT INTO Student (ID, RoomID, BuildingID, EnrollmentDate, Major) VALUES (748, 2, 293, '2008-03-27', 'Economics');
INSERT INTO Worker (ID, HireDate) VALUES (1148, '2008-12-25');
INSERT INTO WorksIn (ID, BuildingID) VALUES (1148, 165);
INSERT INTO Worker (ID, HireDate) VALUES (349, '2002-07-03');
INSERT INTO WorksIn (ID, BuildingID) VALUES (349, 66);
INSERT INTO Worker (ID, HireDate) VALUES (749, '2001-02-27');
INSERT INTO WorksIn (ID, BuildingID) VALUES (749, 91);
INSERT INTO Student (ID, RoomID, BuildingID, EnrollmentDate, Major) VALUES (1149, 1, 20, '2001-09-25', 'Physics');
INSERT INTO Student (ID, RoomID, BuildingID, EnrollmentDate, Major) VALUES (350, 2, 388, '2020-06-15', 'Psychology');
INSERT INTO Worker (ID, HireDate) VALUES (750, '2018-11-09');
INSERT INTO WorksIn (ID, BuildingID) VALUES (750, 192);
INSERT INTO Worker (ID, HireDate) VALUES (1150, '2009-06-20');
INSERT INTO WorksIn (ID, BuildingID) VALUES (1150, 114);
INSERT INTO Worker (ID, HireDate) VALUES (351, '2009-06-17');
INSERT INTO WorksIn (ID, BuildingID) VALUES (351, 93);
INSERT INTO Worker (ID, HireDate) VALUES (751, '2010-05-29');
INSERT INTO WorksIn (ID, BuildingID) VALUES (751, 98);
INSERT INTO Student (ID, RoomID, BuildingID, EnrollmentDate, Major) VALUES (1151, 2, 311, '2005-06-18', 'Computer Science');
INSERT INTO Student (ID, RoomID, BuildingID, EnrollmentDate, Major) VALUES (352, 1, 140, '2001-02-17', 'Sociology');
INSERT INTO Worker (ID, HireDate) VALUES (752, '2014-03-07');
INSERT INTO WorksIn (ID, BuildingID) VALUES (752, 149);
INSERT INTO Worker (ID, HireDate) VALUES (1152, '2020-08-03');
INSERT INTO WorksIn (ID, BuildingID) VALUES (1152, 109);
INSERT INTO Worker (ID, HireDate) VALUES (353, '2012-02-06');
INSERT INTO WorksIn (ID, BuildingID) VALUES (353, 348);
INSERT INTO Student (ID, RoomID, BuildingID, EnrollmentDate, Major) VALUES (753, 1, 57, '2001-05-02', 'Psychology');
INSERT INTO Worker (ID, HireDate) VALUES (1153, '2002-06-15');
INSERT INTO WorksIn (ID, BuildingID) VALUES (1153, 380);
INSERT INTO Worker (ID, HireDate) VALUES (354, '2012-07-16');
INSERT INTO WorksIn (ID, BuildingID) VALUES (354, 332);
INSERT INTO Worker (ID, HireDate) VALUES (754, '2001-08-29');
INSERT INTO WorksIn (ID, BuildingID) VALUES (754, 209);
INSERT INTO Student (ID, RoomID, BuildingID, EnrollmentDate, Major) VALUES (1154, 2, 24, '2014-03-28', 'Environmental Science');
INSERT INTO Worker (ID, HireDate) VALUES (355, '2006-12-23');
INSERT INTO WorksIn (ID, BuildingID) VALUES (355, 255);
INSERT INTO Worker (ID, HireDate) VALUES (755, '2021-03-15');
INSERT INTO WorksIn (ID, BuildingID) VALUES (755, 37);
INSERT INTO Student (ID, RoomID, BuildingID, EnrollmentDate, Major) VALUES (1155, 1, 201, '2019-05-09', 'Mechanical Engineering');
INSERT INTO Student (ID, RoomID, BuildingID, EnrollmentDate, Major) VALUES (356, 1, 39, '2007-12-05', 'Psychology');
INSERT INTO Worker (ID, HireDate) VALUES (756, '2014-03-16');
INSERT INTO WorksIn (ID, BuildingID) VALUES (756, 31);
INSERT INTO Worker (ID, HireDate) VALUES (1156, '2002-11-19');
INSERT INTO WorksIn (ID, BuildingID) VALUES (1156, 144);
INSERT INTO Worker (ID, HireDate) VALUES (357, '2009-12-12');
INSERT INTO WorksIn (ID, BuildingID) VALUES (357, 90);
INSERT INTO Worker (ID, HireDate) VALUES (757, '2009-11-30');
INSERT INTO WorksIn (ID, BuildingID) VALUES (757, 110);
INSERT INTO Student (ID, RoomID, BuildingID, EnrollmentDate, Major) VALUES (1157, 1, 382, '2013-03-14', 'Economics');
INSERT INTO Student (ID, RoomID, BuildingID, EnrollmentDate, Major) VALUES (358, 2, 131, '2003-06-27', 'Economics');
INSERT INTO Worker (ID, HireDate) VALUES (758, '2023-11-28');
INSERT INTO WorksIn (ID, BuildingID) VALUES (758, 332);
INSERT INTO Worker (ID, HireDate) VALUES (1158, '2023-05-10');
INSERT INTO WorksIn (ID, BuildingID) VALUES (1158, 398);
INSERT INTO Worker (ID, HireDate) VALUES (359, '2014-03-29');
INSERT INTO WorksIn (ID, BuildingID) VALUES (359, 240);
INSERT INTO Student (ID, RoomID, BuildingID, EnrollmentDate, Major) VALUES (759, 2, 188, '2017-04-23', 'Accounting');
INSERT INTO Worker (ID, HireDate) VALUES (1159, '2014-02-12');
INSERT INTO WorksIn (ID, BuildingID) VALUES (1159, 392);
INSERT INTO Student (ID, RoomID, BuildingID, EnrollmentDate, Major) VALUES (360, 2, 165, '2014-07-07', 'Nursing');
INSERT INTO Worker (ID, HireDate) VALUES (760, '2023-09-07');
INSERT INTO WorksIn (ID, BuildingID) VALUES (760, 92);
INSERT INTO Worker (ID, HireDate) VALUES (1160, '2012-03-04');
INSERT INTO WorksIn (ID, BuildingID) VALUES (1160, 99);
INSERT INTO Worker (ID, HireDate) VALUES (361, '2017-09-11');
INSERT INTO WorksIn (ID, BuildingID) VALUES (361, 385);
INSERT INTO Student (ID, RoomID, BuildingID, EnrollmentDate, Major) VALUES (761, 1, 393, '2013-02-13', 'Biology');
INSERT INTO Worker (ID, HireDate) VALUES (1161, '2006-01-14');
INSERT INTO WorksIn (ID, BuildingID) VALUES (1161, 225);
INSERT INTO Worker (ID, HireDate) VALUES (362, '2000-12-16');
INSERT INTO WorksIn (ID, BuildingID) VALUES (362, 389);
INSERT INTO Worker (ID, HireDate) VALUES (762, '2021-04-01');
INSERT INTO WorksIn (ID, BuildingID) VALUES (762, 342);
INSERT INTO Student (ID, RoomID, BuildingID, EnrollmentDate, Major) VALUES (1162, 1, 303, '2010-11-18', 'English Literature');
INSERT INTO Worker (ID, HireDate) VALUES (363, '2006-03-04');
INSERT INTO WorksIn (ID, BuildingID) VALUES (363, 179);
INSERT INTO Worker (ID, HireDate) VALUES (763, '2018-09-12');
INSERT INTO WorksIn (ID, BuildingID) VALUES (763, 5);
INSERT INTO Student (ID, RoomID, BuildingID, EnrollmentDate, Major) VALUES (1163, 1, 229, '2009-01-21', 'Physics');
INSERT INTO Student (ID, RoomID, BuildingID, EnrollmentDate, Major) VALUES (364, 2, 65, '2019-01-03', 'Business Administration');
INSERT INTO Worker (ID, HireDate) VALUES (764, '2023-06-09');
INSERT INTO WorksIn (ID, BuildingID) VALUES (764, 41);
INSERT INTO Worker (ID, HireDate) VALUES (1164, '2011-04-17');
INSERT INTO WorksIn (ID, BuildingID) VALUES (1164, 323);
INSERT INTO Student (ID, RoomID, BuildingID, EnrollmentDate, Major) VALUES (365, 1, 82, '2022-03-15', 'Accounting');
INSERT INTO Worker (ID, HireDate) VALUES (765, '2000-02-21');
INSERT INTO WorksIn (ID, BuildingID) VALUES (765, 140);
INSERT INTO Worker (ID, HireDate) VALUES (1165, '2005-02-02');
INSERT INTO WorksIn (ID, BuildingID) VALUES (1165, 372);
INSERT INTO Worker (ID, HireDate) VALUES (366, '2021-10-06');
INSERT INTO WorksIn (ID, BuildingID) VALUES (366, 387);
INSERT INTO Worker (ID, HireDate) VALUES (766, '2003-06-10');
INSERT INTO WorksIn (ID, BuildingID) VALUES (766, 166);
INSERT INTO Student (ID, RoomID, BuildingID, EnrollmentDate, Major) VALUES (1166, 2, 219, '2018-09-17', 'English Literature');
INSERT INTO Worker (ID, HireDate) VALUES (367, '2017-05-19');
INSERT INTO WorksIn (ID, BuildingID) VALUES (367, 222);
INSERT INTO Student (ID, RoomID, BuildingID, EnrollmentDate, Major) VALUES (767, 2, 334, '2008-03-21', 'Mechanical Engineering');
INSERT INTO Worker (ID, HireDate) VALUES (1167, '2021-05-06');
INSERT INTO WorksIn (ID, BuildingID) VALUES (1167, 78);
INSERT INTO Worker (ID, HireDate) VALUES (368, '2010-11-10');
INSERT INTO WorksIn (ID, BuildingID) VALUES (368, 333);
INSERT INTO Student (ID, RoomID, BuildingID, EnrollmentDate, Major) VALUES (768, 1, 391, '2019-11-01', 'Sociology');
INSERT INTO Worker (ID, HireDate) VALUES (1168, '2023-05-09');
INSERT INTO WorksIn (ID, BuildingID) VALUES (1168, 135);
INSERT INTO Student (ID, RoomID, BuildingID, EnrollmentDate, Major) VALUES (369, 2, 179, '2007-08-30', 'Accounting');
INSERT INTO Worker (ID, HireDate) VALUES (769, '2023-09-28');
INSERT INTO WorksIn (ID, BuildingID) VALUES (769, 166);
INSERT INTO Worker (ID, HireDate) VALUES (1169, '2014-07-13');
INSERT INTO WorksIn (ID, BuildingID) VALUES (1169, 337);
INSERT INTO Worker (ID, HireDate) VALUES (370, '2011-06-25');
INSERT INTO WorksIn (ID, BuildingID) VALUES (370, 111);
INSERT INTO Student (ID, RoomID, BuildingID, EnrollmentDate, Major) VALUES (770, 1, 73, '2015-01-19', 'Economics');
INSERT INTO Worker (ID, HireDate) VALUES (1170, '2005-03-13');
INSERT INTO WorksIn (ID, BuildingID) VALUES (1170, 72);
INSERT INTO Student (ID, RoomID, BuildingID, EnrollmentDate, Major) VALUES (371, 1, 24, '2010-10-14', 'Political Science');
INSERT INTO Worker (ID, HireDate) VALUES (771, '2009-04-28');
INSERT INTO WorksIn (ID, BuildingID) VALUES (771, 282);
INSERT INTO Worker (ID, HireDate) VALUES (1171, '2021-10-04');
INSERT INTO WorksIn (ID, BuildingID) VALUES (1171, 78);
INSERT INTO Worker (ID, HireDate) VALUES (372, '2015-04-13');
INSERT INTO WorksIn (ID, BuildingID) VALUES (372, 364);
INSERT INTO Worker (ID, HireDate) VALUES (772, '2009-02-07');
INSERT INTO WorksIn (ID, BuildingID) VALUES (772, 118);
INSERT INTO Student (ID, RoomID, BuildingID, EnrollmentDate, Major) VALUES (1172, 1, 135, '2001-09-20', 'Graphic Design');
INSERT INTO Student (ID, RoomID, BuildingID, EnrollmentDate, Major) VALUES (373, 2, 168, '2020-05-19', 'Physics');
INSERT INTO Worker (ID, HireDate) VALUES (773, '2000-09-07');
INSERT INTO WorksIn (ID, BuildingID) VALUES (773, 159);
INSERT INTO Worker (ID, HireDate) VALUES (1173, '2008-03-09');
INSERT INTO WorksIn (ID, BuildingID) VALUES (1173, 128);
INSERT INTO Worker (ID, HireDate) VALUES (374, '2014-12-05');
INSERT INTO WorksIn (ID, BuildingID) VALUES (374, 234);
INSERT INTO Student (ID, RoomID, BuildingID, EnrollmentDate, Major) VALUES (774, 2, 1, '2007-11-27', 'Business Administration');
INSERT INTO Worker (ID, HireDate) VALUES (1174, '2017-05-20');
INSERT INTO WorksIn (ID, BuildingID) VALUES (1174, 300);
INSERT INTO Worker (ID, HireDate) VALUES (375, '2009-11-23');
INSERT INTO WorksIn (ID, BuildingID) VALUES (375, 192);
INSERT INTO Student (ID, RoomID, BuildingID, EnrollmentDate, Major) VALUES (775, 1, 130, '2012-09-14', 'Computer Science');
INSERT INTO Worker (ID, HireDate) VALUES (1175, '2007-08-13');
INSERT INTO WorksIn (ID, BuildingID) VALUES (1175, 180);
INSERT INTO Student (ID, RoomID, BuildingID, EnrollmentDate, Major) VALUES (376, 2, 120, '2010-09-11', 'Computer Science');
INSERT INTO Worker (ID, HireDate) VALUES (776, '2020-06-10');
INSERT INTO WorksIn (ID, BuildingID) VALUES (776, 310);
INSERT INTO Worker (ID, HireDate) VALUES (1176, '2021-05-19');
INSERT INTO WorksIn (ID, BuildingID) VALUES (1176, 292);
INSERT INTO Worker (ID, HireDate) VALUES (377, '2014-10-23');
INSERT INTO WorksIn (ID, BuildingID) VALUES (377, 196);
INSERT INTO Worker (ID, HireDate) VALUES (777, '2001-12-13');
INSERT INTO WorksIn (ID, BuildingID) VALUES (777, 114);
INSERT INTO Student (ID, RoomID, BuildingID, EnrollmentDate, Major) VALUES (1177, 1, 361, '2009-02-03', 'History');
INSERT INTO Worker (ID, HireDate) VALUES (378, '2014-07-26');
INSERT INTO WorksIn (ID, BuildingID) VALUES (378, 162);
INSERT INTO Worker (ID, HireDate) VALUES (778, '2001-03-21');
INSERT INTO WorksIn (ID, BuildingID) VALUES (778, 64);
INSERT INTO Student (ID, RoomID, BuildingID, EnrollmentDate, Major) VALUES (1178, 1, 175, '2009-09-24', 'Computer Science');
INSERT INTO Student (ID, RoomID, BuildingID, EnrollmentDate, Major) VALUES (379, 2, 383, '2007-05-15', 'Sociology');
INSERT INTO Worker (ID, HireDate) VALUES (779, '2004-11-21');
INSERT INTO WorksIn (ID, BuildingID) VALUES (779, 195);
INSERT INTO Worker (ID, HireDate) VALUES (1179, '2002-10-15');
INSERT INTO WorksIn (ID, BuildingID) VALUES (1179, 329);
INSERT INTO Worker (ID, HireDate) VALUES (380, '2007-05-27');
INSERT INTO WorksIn (ID, BuildingID) VALUES (380, 383);
INSERT INTO Worker (ID, HireDate) VALUES (780, '2005-05-05');
INSERT INTO WorksIn (ID, BuildingID) VALUES (780, 328);
INSERT INTO Student (ID, RoomID, BuildingID, EnrollmentDate, Major) VALUES (1180, 2, 312, '2013-03-02', 'Political Science');
INSERT INTO Student (ID, RoomID, BuildingID, EnrollmentDate, Major) VALUES (381, 1, 358, '2001-04-17', 'Business Administration');
INSERT INTO Worker (ID, HireDate) VALUES (781, '2002-02-18');
INSERT INTO WorksIn (ID, BuildingID) VALUES (781, 294);
INSERT INTO Worker (ID, HireDate) VALUES (1181, '2016-02-02');
INSERT INTO WorksIn (ID, BuildingID) VALUES (1181, 213);
INSERT INTO Worker (ID, HireDate) VALUES (382, '2018-06-21');
INSERT INTO WorksIn (ID, BuildingID) VALUES (382, 148);
INSERT INTO Student (ID, RoomID, BuildingID, EnrollmentDate, Major) VALUES (782, 2, 270, '2007-09-12', 'Political Science');
INSERT INTO Worker (ID, HireDate) VALUES (1182, '2006-09-05');
INSERT INTO WorksIn (ID, BuildingID) VALUES (1182, 318);
INSERT INTO Student (ID, RoomID, BuildingID, EnrollmentDate, Major) VALUES (383, 2, 161, '2002-10-15', 'Physics');
INSERT INTO Worker (ID, HireDate) VALUES (783, '2001-05-11');
INSERT INTO WorksIn (ID, BuildingID) VALUES (783, 303);
INSERT INTO Worker (ID, HireDate) VALUES (1183, '2021-08-25');
INSERT INTO WorksIn (ID, BuildingID) VALUES (1183, 364);
INSERT INTO Worker (ID, HireDate) VALUES (384, '2009-04-05');
INSERT INTO WorksIn (ID, BuildingID) VALUES (384, 332);
INSERT INTO Student (ID, RoomID, BuildingID, EnrollmentDate, Major) VALUES (784, 2, 291, '2001-11-28', 'Mechanical Engineering');
INSERT INTO Worker (ID, HireDate) VALUES (1184, '2001-04-20');
INSERT INTO WorksIn (ID, BuildingID) VALUES (1184, 398);
INSERT INTO Worker (ID, HireDate) VALUES (385, '2018-07-20');
INSERT INTO WorksIn (ID, BuildingID) VALUES (385, 75);
INSERT INTO Worker (ID, HireDate) VALUES (785, '2019-11-29');
INSERT INTO WorksIn (ID, BuildingID) VALUES (785, 95);
INSERT INTO Student (ID, RoomID, BuildingID, EnrollmentDate, Major) VALUES (1185, 2, 172, '2003-12-01', 'Physics');
INSERT INTO Worker (ID, HireDate) VALUES (386, '2008-07-15');
INSERT INTO WorksIn (ID, BuildingID) VALUES (386, 74);
INSERT INTO Worker (ID, HireDate) VALUES (786, '2016-10-11');
INSERT INTO WorksIn (ID, BuildingID) VALUES (786, 167);
INSERT INTO Student (ID, RoomID, BuildingID, EnrollmentDate, Major) VALUES (1186, 1, 149, '2009-08-10', 'Business Administration');
INSERT INTO Worker (ID, HireDate) VALUES (387, '2005-02-21');
INSERT INTO WorksIn (ID, BuildingID) VALUES (387, 79);
INSERT INTO Student (ID, RoomID, BuildingID, EnrollmentDate, Major) VALUES (787, 2, 334, '2003-02-25', 'Political Science');
INSERT INTO Worker (ID, HireDate) VALUES (1187, '2001-03-16');
INSERT INTO WorksIn (ID, BuildingID) VALUES (1187, 7);
INSERT INTO Worker (ID, HireDate) VALUES (388, '2011-12-07');
INSERT INTO WorksIn (ID, BuildingID) VALUES (388, 123);
INSERT INTO Worker (ID, HireDate) VALUES (788, '2012-11-10');
INSERT INTO WorksIn (ID, BuildingID) VALUES (788, 196);
INSERT INTO Student (ID, RoomID, BuildingID, EnrollmentDate, Major) VALUES (1188, 1, 19, '2016-07-04', 'Political Science');
INSERT INTO Worker (ID, HireDate) VALUES (389, '2015-07-10');
INSERT INTO WorksIn (ID, BuildingID) VALUES (389, 165);
INSERT INTO Student (ID, RoomID, BuildingID, EnrollmentDate, Major) VALUES (789, 2, 199, '2018-01-11', 'Physics');
INSERT INTO Worker (ID, HireDate) VALUES (1189, '2023-05-18');
INSERT INTO WorksIn (ID, BuildingID) VALUES (1189, 239);
INSERT INTO Student (ID, RoomID, BuildingID, EnrollmentDate, Major) VALUES (390, 1, 265, '2002-11-17', 'Environmental Science');
INSERT INTO Worker (ID, HireDate) VALUES (790, '2011-01-26');
INSERT INTO WorksIn (ID, BuildingID) VALUES (790, 173);
INSERT INTO Worker (ID, HireDate) VALUES (1190, '2016-08-18');
INSERT INTO WorksIn (ID, BuildingID) VALUES (1190, 319);
INSERT INTO Worker (ID, HireDate) VALUES (391, '2001-08-20');
INSERT INTO WorksIn (ID, BuildingID) VALUES (391, 126);
INSERT INTO Student (ID, RoomID, BuildingID, EnrollmentDate, Major) VALUES (791, 2, 88, '2015-06-05', 'Political Science');
INSERT INTO Worker (ID, HireDate) VALUES (1191, '2012-09-27');
INSERT INTO WorksIn (ID, BuildingID) VALUES (1191, 346);
INSERT INTO Worker (ID, HireDate) VALUES (392, '2018-11-02');
INSERT INTO WorksIn (ID, BuildingID) VALUES (392, 253);
INSERT INTO Student (ID, RoomID, BuildingID, EnrollmentDate, Major) VALUES (792, 1, 6, '2001-03-29', 'Nursing');
INSERT INTO Worker (ID, HireDate) VALUES (1192, '2008-02-09');
INSERT INTO WorksIn (ID, BuildingID) VALUES (1192, 396);
INSERT INTO Worker (ID, HireDate) VALUES (393, '2010-02-04');
INSERT INTO WorksIn (ID, BuildingID) VALUES (393, 135);
INSERT INTO Student (ID, RoomID, BuildingID, EnrollmentDate, Major) VALUES (793, 2, 335, '2015-08-14', 'Physics');
INSERT INTO Worker (ID, HireDate) VALUES (1193, '2002-07-25');
INSERT INTO WorksIn (ID, BuildingID) VALUES (1193, 185);
INSERT INTO Worker (ID, HireDate) VALUES (394, '2004-09-30');
INSERT INTO WorksIn (ID, BuildingID) VALUES (394, 163);
INSERT INTO Worker (ID, HireDate) VALUES (794, '2013-04-03');
INSERT INTO WorksIn (ID, BuildingID) VALUES (794, 54);
INSERT INTO Student (ID, RoomID, BuildingID, EnrollmentDate, Major) VALUES (1194, 2, 129, '2006-08-19', 'Political Science');
INSERT INTO Student (ID, RoomID, BuildingID, EnrollmentDate, Major) VALUES (395, 1, 189, '2000-05-05', 'Political Science');
INSERT INTO Worker (ID, HireDate) VALUES (795, '2009-07-02');
INSERT INTO WorksIn (ID, BuildingID) VALUES (795, 44);
INSERT INTO Worker (ID, HireDate) VALUES (1195, '2019-11-01');
INSERT INTO WorksIn (ID, BuildingID) VALUES (1195, 255);
INSERT INTO Worker (ID, HireDate) VALUES (396, '2001-05-06');
INSERT INTO WorksIn (ID, BuildingID) VALUES (396, 252);
INSERT INTO Student (ID, RoomID, BuildingID, EnrollmentDate, Major) VALUES (796, 2, 144, '2004-02-19', 'Mechanical Engineering');
INSERT INTO Worker (ID, HireDate) VALUES (1196, '2019-02-15');
INSERT INTO WorksIn (ID, BuildingID) VALUES (1196, 355);
INSERT INTO Student (ID, RoomID, BuildingID, EnrollmentDate, Major) VALUES (397, 2, 78, '2012-06-21', 'Sociology');
INSERT INTO Worker (ID, HireDate) VALUES (797, '2000-08-08');
INSERT INTO WorksIn (ID, BuildingID) VALUES (797, 178);
INSERT INTO Worker (ID, HireDate) VALUES (1197, '2006-06-21');
INSERT INTO WorksIn (ID, BuildingID) VALUES (1197, 346);
INSERT INTO Student (ID, RoomID, BuildingID, EnrollmentDate, Major) VALUES (398, 2, 174, '2020-10-29', 'Political Science');
INSERT INTO Worker (ID, HireDate) VALUES (798, '2007-06-24');
INSERT INTO WorksIn (ID, BuildingID) VALUES (798, 315);
INSERT INTO Worker (ID, HireDate) VALUES (1198, '2020-01-20');
INSERT INTO WorksIn (ID, BuildingID) VALUES (1198, 291);
INSERT INTO Worker (ID, HireDate) VALUES (399, '2014-10-05');
INSERT INTO WorksIn (ID, BuildingID) VALUES (399, 294);
INSERT INTO Worker (ID, HireDate) VALUES (799, '2015-10-11');
INSERT INTO WorksIn (ID, BuildingID) VALUES (799, 253);
INSERT INTO Student (ID, RoomID, BuildingID, EnrollmentDate, Major) VALUES (1199, 1, 158, '2022-07-21', 'Computer Science');
INSERT INTO Student (ID, RoomID, BuildingID, EnrollmentDate, Major) VALUES (400, 1, 187, '2001-08-08', 'Sociology');
INSERT INTO Worker (ID, HireDate) VALUES (800, '2005-03-06');
INSERT INTO WorksIn (ID, BuildingID) VALUES (800, 73);
INSERT INTO Worker (ID, HireDate) VALUES (1200, '2022-12-30');
INSERT INTO WorksIn (ID, BuildingID) VALUES (1200, 316);
INSERT INTO Cleaner (ID, Shift) VALUES (1, 'noon');
INSERT INTO Manager (ID, Department) VALUES (401, 'Customer Service');
INSERT INTO Cleaner (ID, Shift) VALUES (2, 'noon');
INSERT INTO Manager (ID, Department) VALUES (402, 'Legal Department');
INSERT INTO Manager (ID, Department) VALUES (3, 'Customer Service');
INSERT INTO Cleaner (ID, Shift) VALUES (403, 'evening');
INSERT INTO Cleaner (ID, Shift) VALUES (4, 'noon');
INSERT INTO Manager (ID, Department) VALUES (404, 'Finances');
INSERT INTO Cleaner (ID, Shift) VALUES (5, 'morning');
INSERT INTO Manager (ID, Department) VALUES (405, 'Research and Development');
INSERT INTO Cleaner (ID, Shift) VALUES (6, 'morning');
INSERT INTO Manager (ID, Department) VALUES (406, 'Finances');
INSERT INTO Manager (ID, Department) VALUES (7, 'Legal Department');
INSERT INTO Cleaner (ID, Shift) VALUES (407, 'morning');
INSERT INTO Manager (ID, Department) VALUES (8, 'Research and Development');
INSERT INTO Cleaner (ID, Shift) VALUES (408, 'morning');
INSERT INTO Cleaner (ID, Shift) VALUES (9, 'evening');
INSERT INTO Manager (ID, Department) VALUES (409, 'Finances');
INSERT INTO Cleaner (ID, Shift) VALUES (10, 'noon');
INSERT INTO Manager (ID, Department) VALUES (410, 'Research and Development');
INSERT INTO Manager (ID, Department) VALUES (11, 'Finances');
INSERT INTO Cleaner (ID, Shift) VALUES (411, 'noon');
INSERT INTO Cleaner (ID, Shift) VALUES (12, 'noon');
INSERT INTO Manager (ID, Department) VALUES (412, 'Finances');
INSERT INTO Manager (ID, Department) VALUES (13, 'Research and Development');
INSERT INTO Cleaner (ID, Shift) VALUES (413, 'morning');
INSERT INTO Manager (ID, Department) VALUES (14, 'Finances');
INSERT INTO Cleaner (ID, Shift) VALUES (414, 'morning');
INSERT INTO Cleaner (ID, Shift) VALUES (15, 'morning');
INSERT INTO Manager (ID, Department) VALUES (415, 'Quality Assurance');
INSERT INTO Cleaner (ID, Shift) VALUES (16, 'noon');
INSERT INTO Manager (ID, Department) VALUES (416, 'Finances');
INSERT INTO Manager (ID, Department) VALUES (17, 'Asset Management');
INSERT INTO Cleaner (ID, Shift) VALUES (417, 'morning');
INSERT INTO Manager (ID, Department) VALUES (18, 'Legal Department');
INSERT INTO Cleaner (ID, Shift) VALUES (418, 'evening');
INSERT INTO Manager (ID, Department) VALUES (19, 'Legal Department');
INSERT INTO Cleaner (ID, Shift) VALUES (419, 'noon');
INSERT INTO Cleaner (ID, Shift) VALUES (20, 'morning');
INSERT INTO Manager (ID, Department) VALUES (420, 'Asset Management');
INSERT INTO Manager (ID, Department) VALUES (21, 'Public Relations');
INSERT INTO Cleaner (ID, Shift) VALUES (421, 'noon');
INSERT INTO Manager (ID, Department) VALUES (22, 'Research and Development');
INSERT INTO Cleaner (ID, Shift) VALUES (422, 'evening');
INSERT INTO Manager (ID, Department) VALUES (23, 'Finances');
INSERT INTO Cleaner (ID, Shift) VALUES (423, 'evening');
INSERT INTO Cleaner (ID, Shift) VALUES (24, 'morning');
INSERT INTO Manager (ID, Department) VALUES (424, 'Public Relations');
INSERT INTO Manager (ID, Department) VALUES (25, 'Public Relations');
INSERT INTO Cleaner (ID, Shift) VALUES (425, 'morning');
INSERT INTO Manager (ID, Department) VALUES (26, 'Customer Service');
INSERT INTO Cleaner (ID, Shift) VALUES (426, 'morning');
INSERT INTO Cleaner (ID, Shift) VALUES (27, 'morning');
INSERT INTO Manager (ID, Department) VALUES (427, 'Asset Management');
INSERT INTO Cleaner (ID, Shift) VALUES (28, 'evening');
INSERT INTO Manager (ID, Department) VALUES (428, 'Public Relations');
INSERT INTO Manager (ID, Department) VALUES (29, 'Asset Management');
INSERT INTO Cleaner (ID, Shift) VALUES (429, 'noon');
INSERT INTO Cleaner (ID, Shift) VALUES (30, 'morning');
INSERT INTO Manager (ID, Department) VALUES (430, 'Legal Department');
INSERT INTO Manager (ID, Department) VALUES (31, 'Asset Management');
INSERT INTO Cleaner (ID, Shift) VALUES (431, 'morning');
INSERT INTO Cleaner (ID, Shift) VALUES (32, 'morning');
INSERT INTO Manager (ID, Department) VALUES (432, 'Quality Assurance');
INSERT INTO Manager (ID, Department) VALUES (33, 'Finances');
INSERT INTO Cleaner (ID, Shift) VALUES (433, 'noon');
INSERT INTO Cleaner (ID, Shift) VALUES (34, 'morning');
INSERT INTO Manager (ID, Department) VALUES (434, 'Finances');
INSERT INTO Manager (ID, Department) VALUES (35, 'Finances');
INSERT INTO Cleaner (ID, Shift) VALUES (435, 'evening');
INSERT INTO Cleaner (ID, Shift) VALUES (36, 'morning');
INSERT INTO Manager (ID, Department) VALUES (436, 'Finances');
INSERT INTO Manager (ID, Department) VALUES (37, 'Legal Department');
INSERT INTO Cleaner (ID, Shift) VALUES (437, 'evening');
INSERT INTO Cleaner (ID, Shift) VALUES (38, 'evening');
INSERT INTO Manager (ID, Department) VALUES (438, 'Finances');
INSERT INTO Manager (ID, Department) VALUES (39, 'Public Relations');
INSERT INTO Cleaner (ID, Shift) VALUES (439, 'noon');
INSERT INTO Cleaner (ID, Shift) VALUES (40, 'noon');
INSERT INTO Manager (ID, Department) VALUES (440, 'Asset Management');
INSERT INTO Manager (ID, Department) VALUES (41, 'Asset Management');
INSERT INTO Cleaner (ID, Shift) VALUES (441, 'evening');
INSERT INTO Manager (ID, Department) VALUES (42, 'Legal Department');
INSERT INTO Cleaner (ID, Shift) VALUES (442, 'evening');
INSERT INTO Manager (ID, Department) VALUES (43, 'Research and Development');
INSERT INTO Cleaner (ID, Shift) VALUES (443, 'noon');
INSERT INTO Manager (ID, Department) VALUES (44, 'Public Relations');
INSERT INTO Cleaner (ID, Shift) VALUES (444, 'evening');
INSERT INTO Cleaner (ID, Shift) VALUES (45, 'noon');
INSERT INTO Manager (ID, Department) VALUES (445, 'Asset Management');
INSERT INTO Manager (ID, Department) VALUES (46, 'Research and Development');
INSERT INTO Cleaner (ID, Shift) VALUES (446, 'evening');
INSERT INTO Cleaner (ID, Shift) VALUES (47, 'morning');
INSERT INTO Manager (ID, Department) VALUES (447, 'Quality Assurance');
INSERT INTO Manager (ID, Department) VALUES (48, 'Asset Management');
INSERT INTO Cleaner (ID, Shift) VALUES (448, 'evening');
INSERT INTO Cleaner (ID, Shift) VALUES (49, 'evening');
INSERT INTO Manager (ID, Department) VALUES (449, 'Legal Department');
INSERT INTO Cleaner (ID, Shift) VALUES (50, 'morning');
INSERT INTO Manager (ID, Department) VALUES (450, 'Research and Development');
INSERT INTO Cleaner (ID, Shift) VALUES (51, 'evening');
INSERT INTO Manager (ID, Department) VALUES (451, 'Finances');
INSERT INTO Cleaner (ID, Shift) VALUES (52, 'evening');
INSERT INTO Manager (ID, Department) VALUES (452, 'Quality Assurance');
INSERT INTO Cleaner (ID, Shift) VALUES (53, 'noon');
INSERT INTO Manager (ID, Department) VALUES (453, 'Finances');
INSERT INTO Cleaner (ID, Shift) VALUES (54, 'noon');
INSERT INTO Manager (ID, Department) VALUES (454, 'Finances');
INSERT INTO Manager (ID, Department) VALUES (55, 'Legal Department');
INSERT INTO Cleaner (ID, Shift) VALUES (455, 'noon');
INSERT INTO Cleaner (ID, Shift) VALUES (56, 'evening');
INSERT INTO Manager (ID, Department) VALUES (456, 'Asset Management');
INSERT INTO Cleaner (ID, Shift) VALUES (57, 'morning');
INSERT INTO Manager (ID, Department) VALUES (457, 'Public Relations');
INSERT INTO Manager (ID, Department) VALUES (58, 'Quality Assurance');
INSERT INTO Cleaner (ID, Shift) VALUES (458, 'noon');
INSERT INTO Cleaner (ID, Shift) VALUES (59, 'noon');
INSERT INTO Manager (ID, Department) VALUES (459, 'Customer Service');
INSERT INTO Manager (ID, Department) VALUES (60, 'Asset Management');
INSERT INTO Cleaner (ID, Shift) VALUES (460, 'noon');
INSERT INTO Cleaner (ID, Shift) VALUES (61, 'noon');
INSERT INTO Manager (ID, Department) VALUES (461, 'Asset Management');
INSERT INTO Cleaner (ID, Shift) VALUES (62, 'noon');
INSERT INTO Manager (ID, Department) VALUES (462, 'Public Relations');
INSERT INTO Manager (ID, Department) VALUES (63, 'Public Relations');
INSERT INTO Cleaner (ID, Shift) VALUES (463, 'evening');
INSERT INTO Cleaner (ID, Shift) VALUES (64, 'evening');
INSERT INTO Manager (ID, Department) VALUES (464, 'Asset Management');
INSERT INTO Cleaner (ID, Shift) VALUES (65, 'evening');
INSERT INTO Manager (ID, Department) VALUES (465, 'Legal Department');
INSERT INTO Manager (ID, Department) VALUES (66, 'Legal Department');
INSERT INTO Cleaner (ID, Shift) VALUES (466, 'noon');
INSERT INTO Manager (ID, Department) VALUES (67, 'Legal Department');
INSERT INTO Cleaner (ID, Shift) VALUES (467, 'morning');
INSERT INTO Cleaner (ID, Shift) VALUES (68, 'morning');
INSERT INTO Manager (ID, Department) VALUES (468, 'Asset Management');
INSERT INTO Cleaner (ID, Shift) VALUES (69, 'noon');
INSERT INTO Manager (ID, Department) VALUES (469, 'Research and Development');
INSERT INTO Cleaner (ID, Shift) VALUES (70, 'evening');
INSERT INTO Manager (ID, Department) VALUES (470, 'Legal Department');
INSERT INTO Cleaner (ID, Shift) VALUES (71, 'evening');
INSERT INTO Manager (ID, Department) VALUES (471, 'Asset Management');
INSERT INTO Manager (ID, Department) VALUES (72, 'Asset Management');
INSERT INTO Cleaner (ID, Shift) VALUES (472, 'noon');
INSERT INTO Manager (ID, Department) VALUES (73, 'Quality Assurance');
INSERT INTO Cleaner (ID, Shift) VALUES (473, 'noon');
INSERT INTO Manager (ID, Department) VALUES (74, 'Legal Department');
INSERT INTO Cleaner (ID, Shift) VALUES (474, 'morning');
INSERT INTO Cleaner (ID, Shift) VALUES (75, 'morning');
INSERT INTO Manager (ID, Department) VALUES (475, 'Asset Management');
INSERT INTO Cleaner (ID, Shift) VALUES (76, 'morning');
INSERT INTO Manager (ID, Department) VALUES (476, 'Finances');
INSERT INTO Cleaner (ID, Shift) VALUES (77, 'morning');
INSERT INTO Manager (ID, Department) VALUES (477, 'Legal Department');
INSERT INTO Manager (ID, Department) VALUES (78, 'Customer Service');
INSERT INTO Cleaner (ID, Shift) VALUES (478, 'noon');
INSERT INTO Manager (ID, Department) VALUES (79, 'Asset Management');
INSERT INTO Cleaner (ID, Shift) VALUES (479, 'morning');
INSERT INTO Manager (ID, Department) VALUES (80, 'Research and Development');
INSERT INTO Cleaner (ID, Shift) VALUES (480, 'evening');
INSERT INTO Cleaner (ID, Shift) VALUES (81, 'evening');
INSERT INTO Manager (ID, Department) VALUES (481, 'Customer Service');
INSERT INTO Manager (ID, Department) VALUES (82, 'Legal Department');
INSERT INTO Cleaner (ID, Shift) VALUES (482, 'noon');
INSERT INTO Manager (ID, Department) VALUES (83, 'Finances');
INSERT INTO Cleaner (ID, Shift) VALUES (483, 'morning');
INSERT INTO Cleaner (ID, Shift) VALUES (84, 'evening');
INSERT INTO Manager (ID, Department) VALUES (484, 'Asset Management');
INSERT INTO Manager (ID, Department) VALUES (85, 'Quality Assurance');
INSERT INTO Cleaner (ID, Shift) VALUES (485, 'evening');
INSERT INTO Manager (ID, Department) VALUES (86, 'Customer Service');
INSERT INTO Cleaner (ID, Shift) VALUES (486, 'noon');
INSERT INTO Manager (ID, Department) VALUES (87, 'Asset Management');
INSERT INTO Cleaner (ID, Shift) VALUES (487, 'noon');
INSERT INTO Cleaner (ID, Shift) VALUES (88, 'evening');
INSERT INTO Manager (ID, Department) VALUES (488, 'Quality Assurance');
INSERT INTO Cleaner (ID, Shift) VALUES (89, 'noon');
INSERT INTO Manager (ID, Department) VALUES (489, 'Legal Department');
INSERT INTO Manager (ID, Department) VALUES (90, 'Legal Department');
INSERT INTO Cleaner (ID, Shift) VALUES (490, 'evening');
INSERT INTO Cleaner (ID, Shift) VALUES (91, 'noon');
INSERT INTO Manager (ID, Department) VALUES (491, 'Finances');
INSERT INTO Cleaner (ID, Shift) VALUES (92, 'morning');
INSERT INTO Manager (ID, Department) VALUES (492, 'Public Relations');
INSERT INTO Manager (ID, Department) VALUES (93, 'Quality Assurance');
INSERT INTO Cleaner (ID, Shift) VALUES (493, 'evening');
INSERT INTO Cleaner (ID, Shift) VALUES (94, 'evening');
INSERT INTO Manager (ID, Department) VALUES (494, 'Research and Development');
INSERT INTO Cleaner (ID, Shift) VALUES (95, 'morning');
INSERT INTO Manager (ID, Department) VALUES (495, 'Asset Management');
INSERT INTO Cleaner (ID, Shift) VALUES (96, 'noon');
INSERT INTO Manager (ID, Department) VALUES (496, 'Asset Management');
INSERT INTO Cleaner (ID, Shift) VALUES (97, 'evening');
INSERT INTO Manager (ID, Department) VALUES (497, 'Asset Management');
INSERT INTO Manager (ID, Department) VALUES (98, 'Finances');
INSERT INTO Cleaner (ID, Shift) VALUES (498, 'evening');
INSERT INTO Cleaner (ID, Shift) VALUES (99, 'morning');
INSERT INTO Manager (ID, Department) VALUES (499, 'Quality Assurance');
INSERT INTO Manager (ID, Department) VALUES (100, 'Legal Department');
INSERT INTO Cleaner (ID, Shift) VALUES (500, 'noon');
INSERT INTO Manager (ID, Department) VALUES (101, 'Legal Department');
INSERT INTO Cleaner (ID, Shift) VALUES (501, 'evening');
INSERT INTO Cleaner (ID, Shift) VALUES (102, 'morning');
INSERT INTO Manager (ID, Department) VALUES (502, 'Asset Management');
INSERT INTO Manager (ID, Department) VALUES (103, 'Public Relations');
INSERT INTO Cleaner (ID, Shift) VALUES (503, 'morning');
INSERT INTO Manager (ID, Department) VALUES (104, 'Finances');
INSERT INTO Cleaner (ID, Shift) VALUES (504, 'evening');
INSERT INTO Cleaner (ID, Shift) VALUES (105, 'evening');
INSERT INTO Manager (ID, Department) VALUES (505, 'Legal Department');
INSERT INTO Cleaner (ID, Shift) VALUES (106, 'noon');
INSERT INTO Manager (ID, Department) VALUES (506, 'Asset Management');
INSERT INTO Cleaner (ID, Shift) VALUES (107, 'noon');
INSERT INTO Manager (ID, Department) VALUES (507, 'Asset Management');
INSERT INTO Cleaner (ID, Shift) VALUES (108, 'evening');
INSERT INTO Manager (ID, Department) VALUES (508, 'Quality Assurance');
INSERT INTO Manager (ID, Department) VALUES (109, 'Finances');
INSERT INTO Cleaner (ID, Shift) VALUES (509, 'noon');
INSERT INTO Cleaner (ID, Shift) VALUES (110, 'evening');
INSERT INTO Manager (ID, Department) VALUES (510, 'Asset Management');
INSERT INTO Cleaner (ID, Shift) VALUES (111, 'evening');
INSERT INTO Manager (ID, Department) VALUES (511, 'Legal Department');
INSERT INTO Manager (ID, Department) VALUES (112, 'Customer Service');
INSERT INTO Cleaner (ID, Shift) VALUES (512, 'noon');
INSERT INTO Cleaner (ID, Shift) VALUES (113, 'noon');
INSERT INTO Manager (ID, Department) VALUES (513, 'Finances');
INSERT INTO Manager (ID, Department) VALUES (114, 'Quality Assurance');
INSERT INTO Cleaner (ID, Shift) VALUES (514, 'noon');
INSERT INTO Manager (ID, Department) VALUES (115, 'Customer Service');
INSERT INTO Cleaner (ID, Shift) VALUES (515, 'noon');
INSERT INTO Manager (ID, Department) VALUES (116, 'Finances');
INSERT INTO Cleaner (ID, Shift) VALUES (516, 'evening');
INSERT INTO Cleaner (ID, Shift) VALUES (117, 'morning');
INSERT INTO Manager (ID, Department) VALUES (517, 'Asset Management');
INSERT INTO Cleaner (ID, Shift) VALUES (118, 'noon');
INSERT INTO Manager (ID, Department) VALUES (518, 'Legal Department');
INSERT INTO Cleaner (ID, Shift) VALUES (119, 'evening');
INSERT INTO Manager (ID, Department) VALUES (519, 'Customer Service');
INSERT INTO Cleaner (ID, Shift) VALUES (120, 'evening');
INSERT INTO Manager (ID, Department) VALUES (520, 'Public Relations');
INSERT INTO Manager (ID, Department) VALUES (121, 'Customer Service');
INSERT INTO Cleaner (ID, Shift) VALUES (521, 'morning');
INSERT INTO Manager (ID, Department) VALUES (122, 'Asset Management');
INSERT INTO Cleaner (ID, Shift) VALUES (522, 'noon');
INSERT INTO Manager (ID, Department) VALUES (123, 'Finances');
INSERT INTO Cleaner (ID, Shift) VALUES (523, 'morning');
INSERT INTO Cleaner (ID, Shift) VALUES (124, 'noon');
INSERT INTO Manager (ID, Department) VALUES (524, 'Public Relations');
INSERT INTO Manager (ID, Department) VALUES (125, 'Quality Assurance');
INSERT INTO Cleaner (ID, Shift) VALUES (525, 'evening');
INSERT INTO Cleaner (ID, Shift) VALUES (126, 'morning');
INSERT INTO Manager (ID, Department) VALUES (526, 'Quality Assurance');
INSERT INTO Cleaner (ID, Shift) VALUES (127, 'noon');
INSERT INTO Manager (ID, Department) VALUES (527, 'Public Relations');
INSERT INTO Manager (ID, Department) VALUES (128, 'Public Relations');
INSERT INTO Cleaner (ID, Shift) VALUES (528, 'evening');
INSERT INTO Manager (ID, Department) VALUES (129, 'Asset Management');
INSERT INTO Cleaner (ID, Shift) VALUES (529, 'morning');
INSERT INTO Cleaner (ID, Shift) VALUES (130, 'morning');
INSERT INTO Manager (ID, Department) VALUES (530, 'Asset Management');
INSERT INTO Cleaner (ID, Shift) VALUES (131, 'evening');
INSERT INTO Manager (ID, Department) VALUES (531, 'Quality Assurance');
INSERT INTO Cleaner (ID, Shift) VALUES (132, 'morning');
INSERT INTO Manager (ID, Department) VALUES (532, 'Public Relations');
INSERT INTO Manager (ID, Department) VALUES (133, 'Finances');
INSERT INTO Cleaner (ID, Shift) VALUES (533, 'morning');
INSERT INTO Manager (ID, Department) VALUES (134, 'Asset Management');
INSERT INTO Cleaner (ID, Shift) VALUES (534, 'noon');
INSERT INTO Cleaner (ID, Shift) VALUES (135, 'evening');
INSERT INTO Manager (ID, Department) VALUES (535, 'Public Relations');
INSERT INTO Cleaner (ID, Shift) VALUES (136, 'morning');
INSERT INTO Manager (ID, Department) VALUES (536, 'Finances');
INSERT INTO Manager (ID, Department) VALUES (137, 'Finances');
INSERT INTO Cleaner (ID, Shift) VALUES (537, 'morning');
INSERT INTO Cleaner (ID, Shift) VALUES (138, 'morning');
INSERT INTO Manager (ID, Department) VALUES (538, 'Legal Department');
INSERT INTO Manager (ID, Department) VALUES (139, 'Asset Management');
INSERT INTO Cleaner (ID, Shift) VALUES (539, 'noon');
INSERT INTO Cleaner (ID, Shift) VALUES (140, 'evening');
INSERT INTO Manager (ID, Department) VALUES (540, 'Customer Service');
INSERT INTO Cleaner (ID, Shift) VALUES (141, 'morning');
INSERT INTO Manager (ID, Department) VALUES (541, 'Public Relations');
INSERT INTO Cleaner (ID, Shift) VALUES (142, 'noon');
INSERT INTO Manager (ID, Department) VALUES (542, 'Finances');
INSERT INTO Cleaner (ID, Shift) VALUES (143, 'evening');
INSERT INTO Manager (ID, Department) VALUES (543, 'Finances');
INSERT INTO Manager (ID, Department) VALUES (144, 'Legal Department');
INSERT INTO Cleaner (ID, Shift) VALUES (544, 'noon');
INSERT INTO Manager (ID, Department) VALUES (145, 'Asset Management');
INSERT INTO Cleaner (ID, Shift) VALUES (545, 'noon');
INSERT INTO Cleaner (ID, Shift) VALUES (146, 'evening');
INSERT INTO Manager (ID, Department) VALUES (546, 'Quality Assurance');
INSERT INTO Manager (ID, Department) VALUES (147, 'Asset Management');
INSERT INTO Cleaner (ID, Shift) VALUES (547, 'evening');
INSERT INTO Cleaner (ID, Shift) VALUES (148, 'morning');
INSERT INTO Manager (ID, Department) VALUES (548, 'Asset Management');
INSERT INTO Cleaner (ID, Shift) VALUES (149, 'noon');
INSERT INTO Manager (ID, Department) VALUES (549, 'Asset Management');
INSERT INTO Manager (ID, Department) VALUES (150, 'Asset Management');
INSERT INTO Cleaner (ID, Shift) VALUES (550, 'morning');
INSERT INTO Cleaner (ID, Shift) VALUES (151, 'noon');
INSERT INTO Manager (ID, Department) VALUES (551, 'Research and Development');
INSERT INTO Manager (ID, Department) VALUES (152, 'Asset Management');
INSERT INTO Cleaner (ID, Shift) VALUES (552, 'morning');
INSERT INTO Manager (ID, Department) VALUES (153, 'Quality Assurance');
INSERT INTO Cleaner (ID, Shift) VALUES (553, 'morning');
INSERT INTO Cleaner (ID, Shift) VALUES (154, 'evening');
INSERT INTO Manager (ID, Department) VALUES (554, 'Quality Assurance');
INSERT INTO Cleaner (ID, Shift) VALUES (155, 'evening');
INSERT INTO Manager (ID, Department) VALUES (555, 'Public Relations');
INSERT INTO Manager (ID, Department) VALUES (156, 'Quality Assurance');
INSERT INTO Cleaner (ID, Shift) VALUES (556, 'noon');
INSERT INTO Manager (ID, Department) VALUES (157, 'Finances');
INSERT INTO Cleaner (ID, Shift) VALUES (557, 'noon');
INSERT INTO Manager (ID, Department) VALUES (158, 'Asset Management');
INSERT INTO Cleaner (ID, Shift) VALUES (558, 'noon');
INSERT INTO Cleaner (ID, Shift) VALUES (159, 'evening');
INSERT INTO Manager (ID, Department) VALUES (559, 'Public Relations');
INSERT INTO Cleaner (ID, Shift) VALUES (160, 'morning');
INSERT INTO Manager (ID, Department) VALUES (560, 'Research and Development');
INSERT INTO Manager (ID, Department) VALUES (161, 'Legal Department');
INSERT INTO Cleaner (ID, Shift) VALUES (561, 'noon');
INSERT INTO Cleaner (ID, Shift) VALUES (162, 'noon');
INSERT INTO Manager (ID, Department) VALUES (562, 'Research and Development');
INSERT INTO Cleaner (ID, Shift) VALUES (163, 'morning');
INSERT INTO Manager (ID, Department) VALUES (563, 'Public Relations');
INSERT INTO Cleaner (ID, Shift) VALUES (164, 'evening');
INSERT INTO Manager (ID, Department) VALUES (564, 'Public Relations');
INSERT INTO Cleaner (ID, Shift) VALUES (165, 'evening');
INSERT INTO Manager (ID, Department) VALUES (565, 'Customer Service');
INSERT INTO Manager (ID, Department) VALUES (166, 'Quality Assurance');
INSERT INTO Cleaner (ID, Shift) VALUES (566, 'evening');
INSERT INTO Cleaner (ID, Shift) VALUES (167, 'morning');
INSERT INTO Manager (ID, Department) VALUES (567, 'Asset Management');
INSERT INTO Cleaner (ID, Shift) VALUES (168, 'evening');
INSERT INTO Manager (ID, Department) VALUES (568, 'Asset Management');
INSERT INTO Manager (ID, Department) VALUES (169, 'Finances');
INSERT INTO Cleaner (ID, Shift) VALUES (569, 'morning');
INSERT INTO Manager (ID, Department) VALUES (170, 'Public Relations');
INSERT INTO Cleaner (ID, Shift) VALUES (570, 'evening');
INSERT INTO Cleaner (ID, Shift) VALUES (171, 'morning');
INSERT INTO Manager (ID, Department) VALUES (571, 'Asset Management');
INSERT INTO Manager (ID, Department) VALUES (172, 'Finances');
INSERT INTO Cleaner (ID, Shift) VALUES (572, 'evening');
INSERT INTO Manager (ID, Department) VALUES (173, 'Legal Department');
INSERT INTO Cleaner (ID, Shift) VALUES (573, 'noon');
INSERT INTO Cleaner (ID, Shift) VALUES (174, 'morning');
INSERT INTO Manager (ID, Department) VALUES (574, 'Quality Assurance');
INSERT INTO Manager (ID, Department) VALUES (175, 'Asset Management');
INSERT INTO Cleaner (ID, Shift) VALUES (575, 'morning');
INSERT INTO Cleaner (ID, Shift) VALUES (176, 'morning');
INSERT INTO Manager (ID, Department) VALUES (576, 'Legal Department');
INSERT INTO Manager (ID, Department) VALUES (177, 'Public Relations');
INSERT INTO Cleaner (ID, Shift) VALUES (577, 'morning');
INSERT INTO Cleaner (ID, Shift) VALUES (178, 'morning');
INSERT INTO Manager (ID, Department) VALUES (578, 'Customer Service');
INSERT INTO Manager (ID, Department) VALUES (179, 'Research and Development');
INSERT INTO Cleaner (ID, Shift) VALUES (579, 'noon');
INSERT INTO Manager (ID, Department) VALUES (180, 'Research and Development');
INSERT INTO Cleaner (ID, Shift) VALUES (580, 'morning');
INSERT INTO Cleaner (ID, Shift) VALUES (181, 'noon');
INSERT INTO Manager (ID, Department) VALUES (581, 'Legal Department');
INSERT INTO Manager (ID, Department) VALUES (182, 'Finances');
INSERT INTO Cleaner (ID, Shift) VALUES (582, 'evening');
INSERT INTO Manager (ID, Department) VALUES (183, 'Customer Service');
INSERT INTO Cleaner (ID, Shift) VALUES (583, 'evening');
INSERT INTO Cleaner (ID, Shift) VALUES (184, 'evening');
INSERT INTO Manager (ID, Department) VALUES (584, 'Legal Department');
INSERT INTO Manager (ID, Department) VALUES (185, 'Legal Department');
INSERT INTO Cleaner (ID, Shift) VALUES (585, 'evening');
INSERT INTO Cleaner (ID, Shift) VALUES (186, 'morning');
INSERT INTO Manager (ID, Department) VALUES (586, 'Finances');
INSERT INTO Cleaner (ID, Shift) VALUES (187, 'noon');
INSERT INTO Manager (ID, Department) VALUES (587, 'Quality Assurance');
INSERT INTO Manager (ID, Department) VALUES (188, 'Legal Department');
INSERT INTO Cleaner (ID, Shift) VALUES (588, 'morning');
INSERT INTO Manager (ID, Department) VALUES (189, 'Quality Assurance');
INSERT INTO Cleaner (ID, Shift) VALUES (589, 'noon');
INSERT INTO Cleaner (ID, Shift) VALUES (190, 'noon');
INSERT INTO Manager (ID, Department) VALUES (590, 'Customer Service');
INSERT INTO Manager (ID, Department) VALUES (191, 'Research and Development');
INSERT INTO Cleaner (ID, Shift) VALUES (591, 'noon');
INSERT INTO Cleaner (ID, Shift) VALUES (192, 'morning');
INSERT INTO Manager (ID, Department) VALUES (592, 'Finances');
INSERT INTO Cleaner (ID, Shift) VALUES (193, 'morning');
INSERT INTO Manager (ID, Department) VALUES (593, 'Finances');
INSERT INTO Cleaner (ID, Shift) VALUES (194, 'evening');
INSERT INTO Manager (ID, Department) VALUES (594, 'Legal Department');
INSERT INTO Cleaner (ID, Shift) VALUES (195, 'morning');
INSERT INTO Manager (ID, Department) VALUES (595, 'Quality Assurance');
INSERT INTO Cleaner (ID, Shift) VALUES (196, 'evening');
INSERT INTO Manager (ID, Department) VALUES (596, 'Public Relations');
INSERT INTO Manager (ID, Department) VALUES (197, 'Legal Department');
INSERT INTO Cleaner (ID, Shift) VALUES (597, 'noon');
INSERT INTO Cleaner (ID, Shift) VALUES (198, 'morning');
INSERT INTO Manager (ID, Department) VALUES (598, 'Asset Management');
INSERT INTO Cleaner (ID, Shift) VALUES (199, 'morning');
INSERT INTO Manager (ID, Department) VALUES (599, 'Legal Department');
INSERT INTO Cleaner (ID, Shift) VALUES (200, 'evening');
INSERT INTO Manager (ID, Department) VALUES (600, 'Finances');
INSERT INTO Cleaner (ID, Shift) VALUES (201, 'noon');
INSERT INTO Manager (ID, Department) VALUES (601, 'Finances');
INSERT INTO Cleaner (ID, Shift) VALUES (202, 'noon');
INSERT INTO Manager (ID, Department) VALUES (602, 'Quality Assurance');
INSERT INTO Manager (ID, Department) VALUES (203, 'Finances');
INSERT INTO Cleaner (ID, Shift) VALUES (603, 'evening');
INSERT INTO Cleaner (ID, Shift) VALUES (204, 'noon');
INSERT INTO Manager (ID, Department) VALUES (604, 'Asset Management');
INSERT INTO Cleaner (ID, Shift) VALUES (205, 'morning');
INSERT INTO Manager (ID, Department) VALUES (605, 'Customer Service');
INSERT INTO Cleaner (ID, Shift) VALUES (206, 'noon');
INSERT INTO Manager (ID, Department) VALUES (606, 'Quality Assurance');
INSERT INTO Cleaner (ID, Shift) VALUES (207, 'morning');
INSERT INTO Manager (ID, Department) VALUES (607, 'Asset Management');
INSERT INTO Manager (ID, Department) VALUES (208, 'Public Relations');
INSERT INTO Cleaner (ID, Shift) VALUES (608, 'evening');
INSERT INTO Manager (ID, Department) VALUES (209, 'Asset Management');
INSERT INTO Cleaner (ID, Shift) VALUES (609, 'evening');
INSERT INTO Cleaner (ID, Shift) VALUES (210, 'morning');
INSERT INTO Manager (ID, Department) VALUES (610, 'Asset Management');
INSERT INTO Manager (ID, Department) VALUES (211, 'Research and Development');
INSERT INTO Cleaner (ID, Shift) VALUES (611, 'noon');
INSERT INTO Cleaner (ID, Shift) VALUES (212, 'evening');
INSERT INTO Manager (ID, Department) VALUES (612, 'Asset Management');
INSERT INTO Manager (ID, Department) VALUES (213, 'Public Relations');
INSERT INTO Cleaner (ID, Shift) VALUES (613, 'noon');
INSERT INTO Manager (ID, Department) VALUES (214, 'Asset Management');
INSERT INTO Cleaner (ID, Shift) VALUES (614, 'morning');
INSERT INTO Cleaner (ID, Shift) VALUES (215, 'evening');
INSERT INTO Manager (ID, Department) VALUES (615, 'Finances');
INSERT INTO Cleaner (ID, Shift) VALUES (216, 'morning');
INSERT INTO Manager (ID, Department) VALUES (616, 'Public Relations');
INSERT INTO Manager (ID, Department) VALUES (217, 'Quality Assurance');
INSERT INTO Cleaner (ID, Shift) VALUES (617, 'noon');
INSERT INTO Manager (ID, Department) VALUES (218, 'Legal Department');
INSERT INTO Cleaner (ID, Shift) VALUES (618, 'noon');
INSERT INTO Manager (ID, Department) VALUES (219, 'Public Relations');
INSERT INTO Cleaner (ID, Shift) VALUES (619, 'noon');
INSERT INTO Cleaner (ID, Shift) VALUES (220, 'noon');
INSERT INTO Manager (ID, Department) VALUES (620, 'Asset Management');
INSERT INTO Manager (ID, Department) VALUES (221, 'Legal Department');
INSERT INTO Cleaner (ID, Shift) VALUES (621, 'morning');
INSERT INTO Manager (ID, Department) VALUES (222, 'Finances');
INSERT INTO Cleaner (ID, Shift) VALUES (622, 'morning');
INSERT INTO Cleaner (ID, Shift) VALUES (223, 'morning');
INSERT INTO Manager (ID, Department) VALUES (623, 'Customer Service');
INSERT INTO Cleaner (ID, Shift) VALUES (224, 'morning');
INSERT INTO Manager (ID, Department) VALUES (624, 'Asset Management');
INSERT INTO Cleaner (ID, Shift) VALUES (225, 'noon');
INSERT INTO Manager (ID, Department) VALUES (625, 'Legal Department');
INSERT INTO Manager (ID, Department) VALUES (226, 'Asset Management');
INSERT INTO Cleaner (ID, Shift) VALUES (626, 'evening');
INSERT INTO Cleaner (ID, Shift) VALUES (227, 'noon');
INSERT INTO Manager (ID, Department) VALUES (627, 'Finances');
INSERT INTO Cleaner (ID, Shift) VALUES (228, 'evening');
INSERT INTO Manager (ID, Department) VALUES (628, 'Public Relations');
INSERT INTO Cleaner (ID, Shift) VALUES (229, 'noon');
INSERT INTO Manager (ID, Department) VALUES (629, 'Public Relations');
INSERT INTO Manager (ID, Department) VALUES (230, 'Public Relations');
INSERT INTO Cleaner (ID, Shift) VALUES (630, 'morning');
INSERT INTO Cleaner (ID, Shift) VALUES (231, 'morning');
INSERT INTO Manager (ID, Department) VALUES (631, 'Public Relations');
INSERT INTO Cleaner (ID, Shift) VALUES (232, 'evening');
INSERT INTO Manager (ID, Department) VALUES (632, 'Customer Service');
INSERT INTO Manager (ID, Department) VALUES (233, 'Public Relations');
INSERT INTO Cleaner (ID, Shift) VALUES (633, 'morning');
INSERT INTO Cleaner (ID, Shift) VALUES (234, 'evening');
INSERT INTO Manager (ID, Department) VALUES (634, 'Asset Management');
INSERT INTO Manager (ID, Department) VALUES (235, 'Finances');
INSERT INTO Cleaner (ID, Shift) VALUES (635, 'evening');
INSERT INTO Manager (ID, Department) VALUES (236, 'Legal Department');
INSERT INTO Cleaner (ID, Shift) VALUES (636, 'evening');
INSERT INTO Manager (ID, Department) VALUES (237, 'Public Relations');
INSERT INTO Cleaner (ID, Shift) VALUES (637, 'evening');
INSERT INTO Manager (ID, Department) VALUES (238, 'Customer Service');
INSERT INTO Cleaner (ID, Shift) VALUES (638, 'noon');
INSERT INTO Cleaner (ID, Shift) VALUES (239, 'noon');
INSERT INTO Manager (ID, Department) VALUES (639, 'Asset Management');
INSERT INTO Cleaner (ID, Shift) VALUES (240, 'morning');
INSERT INTO Manager (ID, Department) VALUES (640, 'Finances');
INSERT INTO Cleaner (ID, Shift) VALUES (241, 'evening');
INSERT INTO Manager (ID, Department) VALUES (641, 'Public Relations');
INSERT INTO Cleaner (ID, Shift) VALUES (242, 'morning');
INSERT INTO Manager (ID, Department) VALUES (642, 'Finances');
INSERT INTO Cleaner (ID, Shift) VALUES (243, 'evening');
INSERT INTO Manager (ID, Department) VALUES (643, 'Finances');
INSERT INTO Cleaner (ID, Shift) VALUES (244, 'evening');
INSERT INTO Manager (ID, Department) VALUES (644, 'Research and Development');
INSERT INTO Manager (ID, Department) VALUES (245, 'Asset Management');
INSERT INTO Cleaner (ID, Shift) VALUES (645, 'evening');
INSERT INTO Manager (ID, Department) VALUES (246, 'Asset Management');
INSERT INTO Cleaner (ID, Shift) VALUES (646, 'noon');
INSERT INTO Cleaner (ID, Shift) VALUES (247, 'evening');
INSERT INTO Manager (ID, Department) VALUES (647, 'Quality Assurance');
INSERT INTO Manager (ID, Department) VALUES (248, 'Finances');
INSERT INTO Cleaner (ID, Shift) VALUES (648, 'morning');
INSERT INTO Cleaner (ID, Shift) VALUES (249, 'evening');
INSERT INTO Manager (ID, Department) VALUES (649, 'Research and Development');
INSERT INTO Cleaner (ID, Shift) VALUES (250, 'noon');
INSERT INTO Manager (ID, Department) VALUES (650, 'Asset Management');
INSERT INTO Manager (ID, Department) VALUES (251, 'Legal Department');
INSERT INTO Cleaner (ID, Shift) VALUES (651, 'noon');
INSERT INTO Manager (ID, Department) VALUES (252, 'Asset Management');
INSERT INTO Cleaner (ID, Shift) VALUES (652, 'noon');
INSERT INTO Cleaner (ID, Shift) VALUES (253, 'evening');
INSERT INTO Manager (ID, Department) VALUES (653, 'Finances');
INSERT INTO Manager (ID, Department) VALUES (254, 'Finances');
INSERT INTO Cleaner (ID, Shift) VALUES (654, 'evening');
INSERT INTO Manager (ID, Department) VALUES (255, 'Finances');
INSERT INTO Cleaner (ID, Shift) VALUES (655, 'evening');
INSERT INTO Manager (ID, Department) VALUES (256, 'Asset Management');
INSERT INTO Cleaner (ID, Shift) VALUES (656, 'morning');
INSERT INTO Cleaner (ID, Shift) VALUES (257, 'morning');
INSERT INTO Manager (ID, Department) VALUES (657, 'Finances');
INSERT INTO Cleaner (ID, Shift) VALUES (258, 'evening');
INSERT INTO Manager (ID, Department) VALUES (658, 'Asset Management');
INSERT INTO Cleaner (ID, Shift) VALUES (259, 'morning');
INSERT INTO Manager (ID, Department) VALUES (659, 'Quality Assurance');
INSERT INTO Manager (ID, Department) VALUES (260, 'Customer Service');
INSERT INTO Cleaner (ID, Shift) VALUES (660, 'noon');
INSERT INTO Manager (ID, Department) VALUES (261, 'Legal Department');
INSERT INTO Cleaner (ID, Shift) VALUES (661, 'evening');
INSERT INTO Manager (ID, Department) VALUES (262, 'Asset Management');
INSERT INTO Cleaner (ID, Shift) VALUES (662, 'morning');
INSERT INTO Cleaner (ID, Shift) VALUES (263, 'evening');
INSERT INTO Manager (ID, Department) VALUES (663, 'Legal Department');
INSERT INTO Manager (ID, Department) VALUES (264, 'Public Relations');
INSERT INTO Cleaner (ID, Shift) VALUES (664, 'noon');
INSERT INTO Cleaner (ID, Shift) VALUES (265, 'evening');
INSERT INTO Manager (ID, Department) VALUES (665, 'Asset Management');
INSERT INTO Cleaner (ID, Shift) VALUES (266, 'evening');
INSERT INTO Manager (ID, Department) VALUES (666, 'Public Relations');
INSERT INTO Cleaner (ID, Shift) VALUES (267, 'morning');
INSERT INTO Manager (ID, Department) VALUES (667, 'Legal Department');
INSERT INTO Manager (ID, Department) VALUES (268, 'Legal Department');
INSERT INTO Cleaner (ID, Shift) VALUES (668, 'evening');
INSERT INTO Manager (ID, Department) VALUES (269, 'Customer Service');
INSERT INTO Cleaner (ID, Shift) VALUES (669, 'noon');
INSERT INTO Manager (ID, Department) VALUES (270, 'Quality Assurance');
INSERT INTO Cleaner (ID, Shift) VALUES (670, 'morning');
INSERT INTO Manager (ID, Department) VALUES (271, 'Research and Development');
INSERT INTO Cleaner (ID, Shift) VALUES (671, 'noon');
INSERT INTO Manager (ID, Department) VALUES (272, 'Public Relations');
INSERT INTO Cleaner (ID, Shift) VALUES (672, 'evening');
INSERT INTO Cleaner (ID, Shift) VALUES (273, 'morning');
INSERT INTO Manager (ID, Department) VALUES (673, 'Asset Management');
INSERT INTO Manager (ID, Department) VALUES (274, 'Quality Assurance');
INSERT INTO Cleaner (ID, Shift) VALUES (674, 'morning');
INSERT INTO Cleaner (ID, Shift) VALUES (275, 'noon');
INSERT INTO Manager (ID, Department) VALUES (675, 'Asset Management');
INSERT INTO Manager (ID, Department) VALUES (276, 'Legal Department');
INSERT INTO Cleaner (ID, Shift) VALUES (676, 'morning');
INSERT INTO Manager (ID, Department) VALUES (277, 'Customer Service');
INSERT INTO Cleaner (ID, Shift) VALUES (677, 'noon');
INSERT INTO Cleaner (ID, Shift) VALUES (278, 'noon');
INSERT INTO Manager (ID, Department) VALUES (678, 'Asset Management');
INSERT INTO Manager (ID, Department) VALUES (279, 'Legal Department');
INSERT INTO Cleaner (ID, Shift) VALUES (679, 'evening');
INSERT INTO Cleaner (ID, Shift) VALUES (280, 'noon');
INSERT INTO Manager (ID, Department) VALUES (680, 'Customer Service');
INSERT INTO Manager (ID, Department) VALUES (281, 'Quality Assurance');
INSERT INTO Cleaner (ID, Shift) VALUES (681, 'evening');
INSERT INTO Manager (ID, Department) VALUES (282, 'Finances');
INSERT INTO Cleaner (ID, Shift) VALUES (682, 'noon');
INSERT INTO Manager (ID, Department) VALUES (283, 'Customer Service');
INSERT INTO Cleaner (ID, Shift) VALUES (683, 'evening');
INSERT INTO Manager (ID, Department) VALUES (284, 'Finances');
INSERT INTO Cleaner (ID, Shift) VALUES (684, 'noon');
INSERT INTO Manager (ID, Department) VALUES (285, 'Quality Assurance');
INSERT INTO Cleaner (ID, Shift) VALUES (685, 'noon');
INSERT INTO Cleaner (ID, Shift) VALUES (286, 'evening');
INSERT INTO Manager (ID, Department) VALUES (686, 'Asset Management');
INSERT INTO Manager (ID, Department) VALUES (287, 'Finances');
INSERT INTO Cleaner (ID, Shift) VALUES (687, 'noon');
INSERT INTO Cleaner (ID, Shift) VALUES (288, 'evening');
INSERT INTO Manager (ID, Department) VALUES (688, 'Quality Assurance');
INSERT INTO Cleaner (ID, Shift) VALUES (289, 'noon');
INSERT INTO Manager (ID, Department) VALUES (689, 'Asset Management');
INSERT INTO Cleaner (ID, Shift) VALUES (290, 'noon');
INSERT INTO Manager (ID, Department) VALUES (690, 'Legal Department');
INSERT INTO Cleaner (ID, Shift) VALUES (291, 'noon');
INSERT INTO Manager (ID, Department) VALUES (691, 'Legal Department');
INSERT INTO Cleaner (ID, Shift) VALUES (292, 'morning');
INSERT INTO Manager (ID, Department) VALUES (692, 'Asset Management');
INSERT INTO Manager (ID, Department) VALUES (293, 'Asset Management');
INSERT INTO Cleaner (ID, Shift) VALUES (693, 'noon');
INSERT INTO Manager (ID, Department) VALUES (294, 'Research and Development');
INSERT INTO Cleaner (ID, Shift) VALUES (694, 'evening');
INSERT INTO Cleaner (ID, Shift) VALUES (295, 'noon');
INSERT INTO Manager (ID, Department) VALUES (695, 'Asset Management');
INSERT INTO Manager (ID, Department) VALUES (296, 'Asset Management');
INSERT INTO Cleaner (ID, Shift) VALUES (696, 'morning');
INSERT INTO Manager (ID, Department) VALUES (297, 'Research and Development');
INSERT INTO Cleaner (ID, Shift) VALUES (697, 'noon');
INSERT INTO Cleaner (ID, Shift) VALUES (298, 'evening');
INSERT INTO Manager (ID, Department) VALUES (698, 'Legal Department');
INSERT INTO Manager (ID, Department) VALUES (299, 'Legal Department');
INSERT INTO Cleaner (ID, Shift) VALUES (699, 'morning');
INSERT INTO Cleaner (ID, Shift) VALUES (300, 'noon');
INSERT INTO Manager (ID, Department) VALUES (700, 'Finances');
INSERT INTO Cleaner (ID, Shift) VALUES (301, 'evening');
INSERT INTO Manager (ID, Department) VALUES (701, 'Legal Department');
INSERT INTO Cleaner (ID, Shift) VALUES (302, 'evening');
INSERT INTO Manager (ID, Department) VALUES (702, 'Finances');
INSERT INTO Cleaner (ID, Shift) VALUES (303, 'evening');
INSERT INTO Manager (ID, Department) VALUES (703, 'Finances');
INSERT INTO Cleaner (ID, Shift) VALUES (304, 'noon');
INSERT INTO Manager (ID, Department) VALUES (704, 'Finances');
INSERT INTO Manager (ID, Department) VALUES (305, 'Customer Service');
INSERT INTO Cleaner (ID, Shift) VALUES (705, 'noon');
INSERT INTO Cleaner (ID, Shift) VALUES (306, 'noon');
INSERT INTO Manager (ID, Department) VALUES (706, 'Asset Management');
INSERT INTO Cleaner (ID, Shift) VALUES (307, 'evening');
INSERT INTO Manager (ID, Department) VALUES (707, 'Legal Department');
INSERT INTO Cleaner (ID, Shift) VALUES (308, 'morning');
INSERT INTO Manager (ID, Department) VALUES (708, 'Legal Department');
INSERT INTO Manager (ID, Department) VALUES (309, 'Asset Management');
INSERT INTO Cleaner (ID, Shift) VALUES (709, 'evening');
INSERT INTO Manager (ID, Department) VALUES (310, 'Research and Development');
INSERT INTO Cleaner (ID, Shift) VALUES (710, 'evening');
INSERT INTO Cleaner (ID, Shift) VALUES (311, 'evening');
INSERT INTO Manager (ID, Department) VALUES (711, 'Public Relations');
INSERT INTO Manager (ID, Department) VALUES (312, 'Research and Development');
INSERT INTO Cleaner (ID, Shift) VALUES (712, 'morning');
INSERT INTO Manager (ID, Department) VALUES (313, 'Finances');
INSERT INTO Cleaner (ID, Shift) VALUES (713, 'evening');
INSERT INTO Manager (ID, Department) VALUES (314, 'Finances');
INSERT INTO Cleaner (ID, Shift) VALUES (714, 'evening');
INSERT INTO Manager (ID, Department) VALUES (315, 'Legal Department');
INSERT INTO Cleaner (ID, Shift) VALUES (715, 'evening');
INSERT INTO Cleaner (ID, Shift) VALUES (316, 'evening');
INSERT INTO Manager (ID, Department) VALUES (716, 'Legal Department');
INSERT INTO Cleaner (ID, Shift) VALUES (317, 'morning');
INSERT INTO Manager (ID, Department) VALUES (717, 'Asset Management');
INSERT INTO Cleaner (ID, Shift) VALUES (318, 'evening');
INSERT INTO Manager (ID, Department) VALUES (718, 'Asset Management');
INSERT INTO Manager (ID, Department) VALUES (319, 'Legal Department');
INSERT INTO Cleaner (ID, Shift) VALUES (719, 'noon');
INSERT INTO Manager (ID, Department) VALUES (320, 'Quality Assurance');
INSERT INTO Cleaner (ID, Shift) VALUES (720, 'evening');
INSERT INTO Cleaner (ID, Shift) VALUES (321, 'noon');
INSERT INTO Manager (ID, Department) VALUES (721, 'Customer Service');
INSERT INTO Manager (ID, Department) VALUES (322, 'Asset Management');
INSERT INTO Cleaner (ID, Shift) VALUES (722, 'evening');
INSERT INTO Manager (ID, Department) VALUES (323, 'Legal Department');
INSERT INTO Cleaner (ID, Shift) VALUES (723, 'noon');
INSERT INTO Cleaner (ID, Shift) VALUES (324, 'evening');
INSERT INTO Manager (ID, Department) VALUES (724, 'Asset Management');
INSERT INTO Cleaner (ID, Shift) VALUES (325, 'morning');
INSERT INTO Manager (ID, Department) VALUES (725, 'Legal Department');
INSERT INTO Cleaner (ID, Shift) VALUES (326, 'morning');
INSERT INTO Manager (ID, Department) VALUES (726, 'Quality Assurance');
INSERT INTO Cleaner (ID, Shift) VALUES (327, 'morning');
INSERT INTO Manager (ID, Department) VALUES (727, 'Finances');
INSERT INTO Cleaner (ID, Shift) VALUES (328, 'morning');
INSERT INTO Manager (ID, Department) VALUES (728, 'Finances');
INSERT INTO Manager (ID, Department) VALUES (329, 'Public Relations');
INSERT INTO Cleaner (ID, Shift) VALUES (729, 'morning');
INSERT INTO Manager (ID, Department) VALUES (330, 'Public Relations');
INSERT INTO Cleaner (ID, Shift) VALUES (730, 'evening');
INSERT INTO Cleaner (ID, Shift) VALUES (331, 'evening');
INSERT INTO Manager (ID, Department) VALUES (731, 'Customer Service');
INSERT INTO Manager (ID, Department) VALUES (332, 'Public Relations');
INSERT INTO Cleaner (ID, Shift) VALUES (732, 'evening');
INSERT INTO Cleaner (ID, Shift) VALUES (333, 'morning');
INSERT INTO Manager (ID, Department) VALUES (733, 'Asset Management');
INSERT INTO Manager (ID, Department) VALUES (334, 'Legal Department');
INSERT INTO Cleaner (ID, Shift) VALUES (734, 'noon');
INSERT INTO Manager (ID, Department) VALUES (335, 'Public Relations');
INSERT INTO Cleaner (ID, Shift) VALUES (735, 'evening');
INSERT INTO Manager (ID, Department) VALUES (336, 'Customer Service');
INSERT INTO Cleaner (ID, Shift) VALUES (736, 'morning');
INSERT INTO Cleaner (ID, Shift) VALUES (337, 'evening');
INSERT INTO Manager (ID, Department) VALUES (737, 'Asset Management');
INSERT INTO Cleaner (ID, Shift) VALUES (338, 'morning');
INSERT INTO Manager (ID, Department) VALUES (738, 'Asset Management');
INSERT INTO Manager (ID, Department) VALUES (339, 'Research and Development');
INSERT INTO Cleaner (ID, Shift) VALUES (739, 'evening');
INSERT INTO Manager (ID, Department) VALUES (340, 'Public Relations');
INSERT INTO Cleaner (ID, Shift) VALUES (740, 'morning');
INSERT INTO Cleaner (ID, Shift) VALUES (341, 'noon');
INSERT INTO Manager (ID, Department) VALUES (741, 'Research and Development');
INSERT INTO Cleaner (ID, Shift) VALUES (342, 'noon');
INSERT INTO Manager (ID, Department) VALUES (742, 'Finances');
INSERT INTO Cleaner (ID, Shift) VALUES (343, 'noon');
INSERT INTO Manager (ID, Department) VALUES (743, 'Public Relations');
INSERT INTO Manager (ID, Department) VALUES (344, 'Asset Management');
INSERT INTO Cleaner (ID, Shift) VALUES (744, 'morning');
INSERT INTO Cleaner (ID, Shift) VALUES (345, 'morning');
INSERT INTO Manager (ID, Department) VALUES (745, 'Legal Department');
INSERT INTO Manager (ID, Department) VALUES (346, 'Asset Management');
INSERT INTO Cleaner (ID, Shift) VALUES (746, 'evening');
INSERT INTO Manager (ID, Department) VALUES (347, 'Public Relations');
INSERT INTO Cleaner (ID, Shift) VALUES (747, 'evening');
INSERT INTO Cleaner (ID, Shift) VALUES (348, 'noon');
INSERT INTO Manager (ID, Department) VALUES (748, 'Finances');
INSERT INTO Manager (ID, Department) VALUES (349, 'Legal Department');
INSERT INTO Cleaner (ID, Shift) VALUES (749, 'noon');
INSERT INTO Manager (ID, Department) VALUES (350, 'Research and Development');
INSERT INTO Cleaner (ID, Shift) VALUES (750, 'noon');
INSERT INTO Manager (ID, Department) VALUES (351, 'Asset Management');
INSERT INTO Cleaner (ID, Shift) VALUES (751, 'evening');
INSERT INTO Manager (ID, Department) VALUES (352, 'Asset Management');
INSERT INTO Cleaner (ID, Shift) VALUES (752, 'noon');
INSERT INTO Cleaner (ID, Shift) VALUES (353, 'evening');
INSERT INTO Manager (ID, Department) VALUES (753, 'Legal Department');
INSERT INTO Cleaner (ID, Shift) VALUES (354, 'evening');
INSERT INTO Manager (ID, Department) VALUES (754, 'Legal Department');
INSERT INTO Cleaner (ID, Shift) VALUES (355, 'noon');
INSERT INTO Manager (ID, Department) VALUES (755, 'Finances');
INSERT INTO Cleaner (ID, Shift) VALUES (356, 'evening');
INSERT INTO Manager (ID, Department) VALUES (756, 'Public Relations');
INSERT INTO Manager (ID, Department) VALUES (357, 'Asset Management');
INSERT INTO Cleaner (ID, Shift) VALUES (757, 'evening');
INSERT INTO Manager (ID, Department) VALUES (358, 'Research and Development');
INSERT INTO Cleaner (ID, Shift) VALUES (758, 'morning');
INSERT INTO Manager (ID, Department) VALUES (359, 'Asset Management');
INSERT INTO Cleaner (ID, Shift) VALUES (759, 'noon');
INSERT INTO Cleaner (ID, Shift) VALUES (360, 'evening');
INSERT INTO Manager (ID, Department) VALUES (760, 'Finances');
INSERT INTO Manager (ID, Department) VALUES (361, 'Asset Management');
INSERT INTO Cleaner (ID, Shift) VALUES (761, 'evening');
INSERT INTO Cleaner (ID, Shift) VALUES (362, 'evening');
INSERT INTO Manager (ID, Department) VALUES (762, 'Legal Department');
INSERT INTO Cleaner (ID, Shift) VALUES (363, 'morning');
INSERT INTO Manager (ID, Department) VALUES (763, 'Customer Service');
INSERT INTO Cleaner (ID, Shift) VALUES (364, 'evening');
INSERT INTO Manager (ID, Department) VALUES (764, 'Finances');
INSERT INTO Cleaner (ID, Shift) VALUES (365, 'noon');
INSERT INTO Manager (ID, Department) VALUES (765, 'Finances');
INSERT INTO Manager (ID, Department) VALUES (366, 'Public Relations');
INSERT INTO Cleaner (ID, Shift) VALUES (766, 'noon');
INSERT INTO Cleaner (ID, Shift) VALUES (367, 'morning');
INSERT INTO Manager (ID, Department) VALUES (767, 'Asset Management');
INSERT INTO Cleaner (ID, Shift) VALUES (368, 'evening');
INSERT INTO Manager (ID, Department) VALUES (768, 'Quality Assurance');
INSERT INTO Manager (ID, Department) VALUES (369, 'Legal Department');
INSERT INTO Cleaner (ID, Shift) VALUES (769, 'morning');
INSERT INTO Manager (ID, Department) VALUES (370, 'Legal Department');
INSERT INTO Cleaner (ID, Shift) VALUES (770, 'morning');
INSERT INTO Manager (ID, Department) VALUES (371, 'Asset Management');
INSERT INTO Cleaner (ID, Shift) VALUES (771, 'noon');
INSERT INTO Manager (ID, Department) VALUES (372, 'Asset Management');
INSERT INTO Cleaner (ID, Shift) VALUES (772, 'noon');
INSERT INTO Manager (ID, Department) VALUES (373, 'Legal Department');
INSERT INTO Cleaner (ID, Shift) VALUES (773, 'morning');
INSERT INTO Cleaner (ID, Shift) VALUES (374, 'evening');
INSERT INTO Manager (ID, Department) VALUES (774, 'Asset Management');
INSERT INTO Cleaner (ID, Shift) VALUES (375, 'noon');
INSERT INTO Manager (ID, Department) VALUES (775, 'Customer Service');
INSERT INTO Manager (ID, Department) VALUES (376, 'Finances');
INSERT INTO Cleaner (ID, Shift) VALUES (776, 'evening');
INSERT INTO Cleaner (ID, Shift) VALUES (377, 'evening');
INSERT INTO Manager (ID, Department) VALUES (777, 'Asset Management');
INSERT INTO Cleaner (ID, Shift) VALUES (378, 'morning');
INSERT INTO Manager (ID, Department) VALUES (778, 'Legal Department');
INSERT INTO Cleaner (ID, Shift) VALUES (379, 'noon');
INSERT INTO Manager (ID, Department) VALUES (779, 'Legal Department');
INSERT INTO Cleaner (ID, Shift) VALUES (380, 'morning');
INSERT INTO Manager (ID, Department) VALUES (780, 'Research and Development');
INSERT INTO Manager (ID, Department) VALUES (381, 'Legal Department');
INSERT INTO Cleaner (ID, Shift) VALUES (781, 'noon');
INSERT INTO Cleaner (ID, Shift) VALUES (382, 'evening');
INSERT INTO Manager (ID, Department) VALUES (782, 'Legal Department');
INSERT INTO Cleaner (ID, Shift) VALUES (383, 'morning');
INSERT INTO Manager (ID, Department) VALUES (783, 'Legal Department');
INSERT INTO Manager (ID, Department) VALUES (384, 'Legal Department');
INSERT INTO Cleaner (ID, Shift) VALUES (784, 'morning');
INSERT INTO Cleaner (ID, Shift) VALUES (385, 'morning');
INSERT INTO Manager (ID, Department) VALUES (785, 'Legal Department');
INSERT INTO Cleaner (ID, Shift) VALUES (386, 'morning');
INSERT INTO Manager (ID, Department) VALUES (786, 'Finances');
INSERT INTO Cleaner (ID, Shift) VALUES (387, 'morning');
INSERT INTO Manager (ID, Department) VALUES (787, 'Quality Assurance');
INSERT INTO Manager (ID, Department) VALUES (388, 'Research and Development');
INSERT INTO Cleaner (ID, Shift) VALUES (788, 'noon');
INSERT INTO Cleaner (ID, Shift) VALUES (389, 'noon');
INSERT INTO Manager (ID, Department) VALUES (789, 'Asset Management');
INSERT INTO Manager (ID, Department) VALUES (390, 'Asset Management');
INSERT INTO Cleaner (ID, Shift) VALUES (790, 'evening');
INSERT INTO Cleaner (ID, Shift) VALUES (391, 'evening');
INSERT INTO Manager (ID, Department) VALUES (791, 'Legal Department');
INSERT INTO Cleaner (ID, Shift) VALUES (392, 'morning');
INSERT INTO Manager (ID, Department) VALUES (792, 'Research and Development');
INSERT INTO Cleaner (ID, Shift) VALUES (393, 'morning');
INSERT INTO Manager (ID, Department) VALUES (793, 'Finances');
INSERT INTO Cleaner (ID, Shift) VALUES (394, 'noon');
INSERT INTO Manager (ID, Department) VALUES (794, 'Public Relations');
INSERT INTO Manager (ID, Department) VALUES (395, 'Customer Service');
INSERT INTO Cleaner (ID, Shift) VALUES (795, 'morning');
INSERT INTO Cleaner (ID, Shift) VALUES (396, 'morning');
INSERT INTO Manager (ID, Department) VALUES (796, 'Finances');
INSERT INTO Manager (ID, Department) VALUES (397, 'Legal Department');
INSERT INTO Cleaner (ID, Shift) VALUES (797, 'noon');
INSERT INTO Cleaner (ID, Shift) VALUES (398, 'morning');
INSERT INTO Manager (ID, Department) VALUES (798, 'Finances');
INSERT INTO Manager (ID, Department) VALUES (399, 'Legal Department');
INSERT INTO Cleaner (ID, Shift) VALUES (799, 'noon');
INSERT INTO Manager (ID, Department) VALUES (400, 'Legal Department');
INSERT INTO Cleaner (ID, Shift) VALUES (800, 'evening');
INSERT INTO Manager (ID, Department) VALUES (401, 'Asset Management');
INSERT INTO Cleaner (ID, Shift) VALUES (801, 'evening');
INSERT INTO Manager (ID, Department) VALUES (402, 'Finances');
INSERT INTO Cleaner (ID, Shift) VALUES (802, 'noon');
INSERT INTO Manager (ID, Department) VALUES (403, 'Legal Department');
INSERT INTO Cleaner (ID, Shift) VALUES (803, 'evening');
INSERT INTO Manager (ID, Department) VALUES (404, 'Finances');
INSERT INTO Cleaner (ID, Shift) VALUES (804, 'morning');
INSERT INTO Manager (ID, Department) VALUES (405, 'Asset Management');
INSERT INTO Cleaner (ID, Shift) VALUES (805, 'morning');
INSERT INTO Cleaner (ID, Shift) VALUES (406, 'evening');
INSERT INTO Manager (ID, Department) VALUES (806, 'Finances');
INSERT INTO Cleaner (ID, Shift) VALUES (407, 'noon');
INSERT INTO Manager (ID, Department) VALUES (807, 'Finances');
INSERT INTO Manager (ID, Department) VALUES (408, 'Asset Management');
INSERT INTO Cleaner (ID, Shift) VALUES (808, 'morning');
INSERT INTO Manager (ID, Department) VALUES (409, 'Legal Department');
INSERT INTO Cleaner (ID, Shift) VALUES (809, 'noon');
INSERT INTO Cleaner (ID, Shift) VALUES (410, 'evening');
INSERT INTO Manager (ID, Department) VALUES (810, 'Legal Department');
INSERT INTO Cleaner (ID, Shift) VALUES (411, 'noon');
INSERT INTO Manager (ID, Department) VALUES (811, 'Asset Management');
INSERT INTO Cleaner (ID, Shift) VALUES (412, 'noon');
INSERT INTO Manager (ID, Department) VALUES (812, 'Asset Management');
INSERT INTO Manager (ID, Department) VALUES (413, 'Quality Assurance');
INSERT INTO Cleaner (ID, Shift) VALUES (813, 'morning');
INSERT INTO Cleaner (ID, Shift) VALUES (414, 'noon');
INSERT INTO Manager (ID, Department) VALUES (814, 'Customer Service');
INSERT INTO Manager (ID, Department) VALUES (415, 'Customer Service');
INSERT INTO Cleaner (ID, Shift) VALUES (815, 'noon');
INSERT INTO Cleaner (ID, Shift) VALUES (416, 'morning');
INSERT INTO Manager (ID, Department) VALUES (816, 'Quality Assurance');
INSERT INTO Cleaner (ID, Shift) VALUES (417, 'morning');
INSERT INTO Manager (ID, Department) VALUES (817, 'Asset Management');
INSERT INTO Cleaner (ID, Shift) VALUES (418, 'morning');
INSERT INTO Manager (ID, Department) VALUES (818, 'Quality Assurance');
INSERT INTO Manager (ID, Department) VALUES (419, 'Finances');
INSERT INTO Cleaner (ID, Shift) VALUES (819, 'evening');
INSERT INTO Manager (ID, Department) VALUES (420, 'Public Relations');
INSERT INTO Cleaner (ID, Shift) VALUES (820, 'evening');
INSERT INTO Cleaner (ID, Shift) VALUES (421, 'evening');
INSERT INTO Manager (ID, Department) VALUES (821, 'Legal Department');
INSERT INTO Cleaner (ID, Shift) VALUES (422, 'noon');
INSERT INTO Manager (ID, Department) VALUES (822, 'Finances');
INSERT INTO Manager (ID, Department) VALUES (423, 'Quality Assurance');
INSERT INTO Cleaner (ID, Shift) VALUES (823, 'evening');
INSERT INTO Cleaner (ID, Shift) VALUES (424, 'morning');
INSERT INTO Manager (ID, Department) VALUES (824, 'Research and Development');
INSERT INTO Cleaner (ID, Shift) VALUES (425, 'evening');
INSERT INTO Manager (ID, Department) VALUES (825, 'Quality Assurance');
INSERT INTO Manager (ID, Department) VALUES (426, 'Public Relations');
INSERT INTO Cleaner (ID, Shift) VALUES (826, 'noon');
INSERT INTO Manager (ID, Department) VALUES (427, 'Legal Department');
INSERT INTO Cleaner (ID, Shift) VALUES (827, 'evening');
INSERT INTO Cleaner (ID, Shift) VALUES (428, 'evening');
INSERT INTO Manager (ID, Department) VALUES (828, 'Finances');
INSERT INTO Manager (ID, Department) VALUES (429, 'Finances');
INSERT INTO Cleaner (ID, Shift) VALUES (829, 'noon');
INSERT INTO Manager (ID, Department) VALUES (430, 'Finances');
INSERT INTO Cleaner (ID, Shift) VALUES (830, 'evening');
INSERT INTO Cleaner (ID, Shift) VALUES (431, 'morning');
INSERT INTO Manager (ID, Department) VALUES (831, 'Customer Service');
INSERT INTO Cleaner (ID, Shift) VALUES (432, 'noon');
INSERT INTO Manager (ID, Department) VALUES (832, 'Finances');
INSERT INTO Cleaner (ID, Shift) VALUES (433, 'noon');
INSERT INTO Manager (ID, Department) VALUES (833, 'Asset Management');
INSERT INTO Manager (ID, Department) VALUES (434, 'Quality Assurance');
INSERT INTO Cleaner (ID, Shift) VALUES (834, 'evening');
INSERT INTO Cleaner (ID, Shift) VALUES (435, 'noon');
INSERT INTO Manager (ID, Department) VALUES (835, 'Finances');
INSERT INTO Cleaner (ID, Shift) VALUES (436, 'evening');
INSERT INTO Manager (ID, Department) VALUES (836, 'Customer Service');
INSERT INTO Cleaner (ID, Shift) VALUES (437, 'morning');
INSERT INTO Manager (ID, Department) VALUES (837, 'Quality Assurance');
INSERT INTO Cleaner (ID, Shift) VALUES (438, 'morning');
INSERT INTO Manager (ID, Department) VALUES (838, 'Customer Service');
INSERT INTO Cleaner (ID, Shift) VALUES (439, 'evening');
INSERT INTO Manager (ID, Department) VALUES (839, 'Asset Management');
INSERT INTO Cleaner (ID, Shift) VALUES (440, 'morning');
INSERT INTO Manager (ID, Department) VALUES (840, 'Customer Service');
INSERT INTO Manager (ID, Department) VALUES (441, 'Finances');
INSERT INTO Cleaner (ID, Shift) VALUES (841, 'evening');
INSERT INTO Cleaner (ID, Shift) VALUES (442, 'evening');
INSERT INTO Manager (ID, Department) VALUES (842, 'Legal Department');
INSERT INTO Cleaner (ID, Shift) VALUES (443, 'morning');
INSERT INTO Manager (ID, Department) VALUES (843, 'Research and Development');
INSERT INTO Cleaner (ID, Shift) VALUES (444, 'morning');
INSERT INTO Manager (ID, Department) VALUES (844, 'Legal Department');
INSERT INTO Cleaner (ID, Shift) VALUES (445, 'noon');
INSERT INTO Manager (ID, Department) VALUES (845, 'Public Relations');
INSERT INTO Manager (ID, Department) VALUES (446, 'Asset Management');
INSERT INTO Cleaner (ID, Shift) VALUES (846, 'evening');
INSERT INTO Cleaner (ID, Shift) VALUES (447, 'noon');
INSERT INTO Manager (ID, Department) VALUES (847, 'Finances');
INSERT INTO Manager (ID, Department) VALUES (448, 'Customer Service');
INSERT INTO Cleaner (ID, Shift) VALUES (848, 'evening');
INSERT INTO Cleaner (ID, Shift) VALUES (449, 'morning');
INSERT INTO Manager (ID, Department) VALUES (849, 'Legal Department');
INSERT INTO Manager (ID, Department) VALUES (450, 'Asset Management');
INSERT INTO Cleaner (ID, Shift) VALUES (850, 'noon');
INSERT INTO Manager (ID, Department) VALUES (451, 'Customer Service');
INSERT INTO Cleaner (ID, Shift) VALUES (851, 'evening');
INSERT INTO Manager (ID, Department) VALUES (452, 'Public Relations');
INSERT INTO Cleaner (ID, Shift) VALUES (852, 'morning');
INSERT INTO Manager (ID, Department) VALUES (453, 'Quality Assurance');
INSERT INTO Cleaner (ID, Shift) VALUES (853, 'noon');
INSERT INTO Cleaner (ID, Shift) VALUES (454, 'evening');
INSERT INTO Manager (ID, Department) VALUES (854, 'Asset Management');
INSERT INTO Manager (ID, Department) VALUES (455, 'Finances');
INSERT INTO Cleaner (ID, Shift) VALUES (855, 'noon');
INSERT INTO Cleaner (ID, Shift) VALUES (456, 'evening');
INSERT INTO Manager (ID, Department) VALUES (856, 'Public Relations');
INSERT INTO Cleaner (ID, Shift) VALUES (457, 'evening');
INSERT INTO Manager (ID, Department) VALUES (857, 'Quality Assurance');
INSERT INTO Cleaner (ID, Shift) VALUES (458, 'evening');
INSERT INTO Manager (ID, Department) VALUES (858, 'Finances');
INSERT INTO Manager (ID, Department) VALUES (459, 'Legal Department');
INSERT INTO Cleaner (ID, Shift) VALUES (859, 'noon');
INSERT INTO Cleaner (ID, Shift) VALUES (460, 'morning');
INSERT INTO Manager (ID, Department) VALUES (860, 'Research and Development');
INSERT INTO Manager (ID, Department) VALUES (461, 'Asset Management');
INSERT INTO Cleaner (ID, Shift) VALUES (861, 'morning');
INSERT INTO Cleaner (ID, Shift) VALUES (462, 'noon');
INSERT INTO Manager (ID, Department) VALUES (862, 'Research and Development');
INSERT INTO Manager (ID, Department) VALUES (463, 'Finances');
INSERT INTO Cleaner (ID, Shift) VALUES (863, 'noon');
INSERT INTO Cleaner (ID, Shift) VALUES (464, 'morning');
INSERT INTO Manager (ID, Department) VALUES (864, 'Finances');
INSERT INTO Cleaner (ID, Shift) VALUES (465, 'morning');
INSERT INTO Manager (ID, Department) VALUES (865, 'Legal Department');
INSERT INTO Manager (ID, Department) VALUES (466, 'Asset Management');
INSERT INTO Cleaner (ID, Shift) VALUES (866, 'morning');
INSERT INTO Manager (ID, Department) VALUES (467, 'Finances');
INSERT INTO Cleaner (ID, Shift) VALUES (867, 'noon');
INSERT INTO Cleaner (ID, Shift) VALUES (468, 'morning');
INSERT INTO Manager (ID, Department) VALUES (868, 'Finances');
INSERT INTO Cleaner (ID, Shift) VALUES (469, 'noon');
INSERT INTO Manager (ID, Department) VALUES (869, 'Asset Management');
INSERT INTO Cleaner (ID, Shift) VALUES (470, 'morning');
INSERT INTO Manager (ID, Department) VALUES (870, 'Customer Service');
INSERT INTO Manager (ID, Department) VALUES (471, 'Quality Assurance');
INSERT INTO Cleaner (ID, Shift) VALUES (871, 'noon');
INSERT INTO Cleaner (ID, Shift) VALUES (472, 'morning');
INSERT INTO Manager (ID, Department) VALUES (872, 'Legal Department');
INSERT INTO Cleaner (ID, Shift) VALUES (473, 'noon');
INSERT INTO Manager (ID, Department) VALUES (873, 'Legal Department');
INSERT INTO Manager (ID, Department) VALUES (474, 'Asset Management');
INSERT INTO Cleaner (ID, Shift) VALUES (874, 'noon');
INSERT INTO Cleaner (ID, Shift) VALUES (475, 'noon');
INSERT INTO Manager (ID, Department) VALUES (875, 'Customer Service');
INSERT INTO Manager (ID, Department) VALUES (476, 'Public Relations');
INSERT INTO Cleaner (ID, Shift) VALUES (876, 'evening');
INSERT INTO Cleaner (ID, Shift) VALUES (477, 'noon');
INSERT INTO Manager (ID, Department) VALUES (877, 'Legal Department');
INSERT INTO Cleaner (ID, Shift) VALUES (478, 'evening');
INSERT INTO Manager (ID, Department) VALUES (878, 'Quality Assurance');
INSERT INTO Manager (ID, Department) VALUES (479, 'Research and Development');
INSERT INTO Cleaner (ID, Shift) VALUES (879, 'morning');
INSERT INTO Manager (ID, Department) VALUES (480, 'Quality Assurance');
INSERT INTO Cleaner (ID, Shift) VALUES (880, 'morning');
INSERT INTO Manager (ID, Department) VALUES (481, 'Public Relations');
INSERT INTO Cleaner (ID, Shift) VALUES (881, 'morning');
INSERT INTO Cleaner (ID, Shift) VALUES (482, 'noon');
INSERT INTO Manager (ID, Department) VALUES (882, 'Research and Development');
INSERT INTO Manager (ID, Department) VALUES (483, 'Asset Management');
INSERT INTO Cleaner (ID, Shift) VALUES (883, 'morning');
INSERT INTO Manager (ID, Department) VALUES (484, 'Asset Management');
INSERT INTO Cleaner (ID, Shift) VALUES (884, 'noon');
INSERT INTO Cleaner (ID, Shift) VALUES (485, 'noon');
INSERT INTO Manager (ID, Department) VALUES (885, 'Asset Management');
INSERT INTO Manager (ID, Department) VALUES (486, 'Asset Management');
INSERT INTO Cleaner (ID, Shift) VALUES (886, 'morning');
INSERT INTO Manager (ID, Department) VALUES (487, 'Asset Management');
INSERT INTO Cleaner (ID, Shift) VALUES (887, 'evening');
INSERT INTO Manager (ID, Department) VALUES (488, 'Customer Service');
INSERT INTO Cleaner (ID, Shift) VALUES (888, 'morning');
INSERT INTO Manager (ID, Department) VALUES (489, 'Asset Management');
INSERT INTO Cleaner (ID, Shift) VALUES (889, 'morning');
INSERT INTO Manager (ID, Department) VALUES (490, 'Quality Assurance');
INSERT INTO Cleaner (ID, Shift) VALUES (890, 'evening');
INSERT INTO Cleaner (ID, Shift) VALUES (491, 'noon');
INSERT INTO Manager (ID, Department) VALUES (891, 'Legal Department');
INSERT INTO Manager (ID, Department) VALUES (492, 'Research and Development');
INSERT INTO Cleaner (ID, Shift) VALUES (892, 'evening');
INSERT INTO Cleaner (ID, Shift) VALUES (493, 'evening');
INSERT INTO Manager (ID, Department) VALUES (893, 'Legal Department');
INSERT INTO Manager (ID, Department) VALUES (494, 'Legal Department');
INSERT INTO Cleaner (ID, Shift) VALUES (894, 'noon');
INSERT INTO Cleaner (ID, Shift) VALUES (495, 'morning');
INSERT INTO Manager (ID, Department) VALUES (895, 'Finances');
INSERT INTO Cleaner (ID, Shift) VALUES (496, 'morning');
INSERT INTO Manager (ID, Department) VALUES (896, 'Public Relations');
INSERT INTO Manager (ID, Department) VALUES (497, 'Research and Development');
INSERT INTO Cleaner (ID, Shift) VALUES (897, 'noon');
INSERT INTO Cleaner (ID, Shift) VALUES (498, 'evening');
INSERT INTO Manager (ID, Department) VALUES (898, 'Customer Service');
INSERT INTO Manager (ID, Department) VALUES (499, 'Asset Management');
INSERT INTO Cleaner (ID, Shift) VALUES (899, 'noon');
INSERT INTO Manager (ID, Department) VALUES (500, 'Legal Department');
INSERT INTO Cleaner (ID, Shift) VALUES (900, 'morning');
INSERT INTO Cleaner (ID, Shift) VALUES (501, 'morning');
INSERT INTO Manager (ID, Department) VALUES (901, 'Finances');
INSERT INTO Cleaner (ID, Shift) VALUES (502, 'evening');
INSERT INTO Manager (ID, Department) VALUES (902, 'Quality Assurance');
INSERT INTO Cleaner (ID, Shift) VALUES (503, 'evening');
INSERT INTO Manager (ID, Department) VALUES (903, 'Legal Department');
INSERT INTO Manager (ID, Department) VALUES (504, 'Public Relations');
INSERT INTO Cleaner (ID, Shift) VALUES (904, 'evening');
INSERT INTO Manager (ID, Department) VALUES (505, 'Customer Service');
INSERT INTO Cleaner (ID, Shift) VALUES (905, 'evening');
INSERT INTO Cleaner (ID, Shift) VALUES (506, 'noon');
INSERT INTO Manager (ID, Department) VALUES (906, 'Asset Management');
INSERT INTO Cleaner (ID, Shift) VALUES (507, 'noon');
INSERT INTO Manager (ID, Department) VALUES (907, 'Finances');
INSERT INTO Cleaner (ID, Shift) VALUES (508, 'morning');
INSERT INTO Manager (ID, Department) VALUES (908, 'Finances');
INSERT INTO Manager (ID, Department) VALUES (509, 'Research and Development');
INSERT INTO Cleaner (ID, Shift) VALUES (909, 'morning');
INSERT INTO Cleaner (ID, Shift) VALUES (510, 'evening');
INSERT INTO Manager (ID, Department) VALUES (910, 'Legal Department');
INSERT INTO Manager (ID, Department) VALUES (511, 'Legal Department');
INSERT INTO Cleaner (ID, Shift) VALUES (911, 'evening');
INSERT INTO Manager (ID, Department) VALUES (512, 'Customer Service');
INSERT INTO Cleaner (ID, Shift) VALUES (912, 'noon');
INSERT INTO Manager (ID, Department) VALUES (513, 'Research and Development');
INSERT INTO Cleaner (ID, Shift) VALUES (913, 'morning');
INSERT INTO Cleaner (ID, Shift) VALUES (514, 'evening');
INSERT INTO Manager (ID, Department) VALUES (914, 'Customer Service');
INSERT INTO Manager (ID, Department) VALUES (515, 'Customer Service');
INSERT INTO Cleaner (ID, Shift) VALUES (915, 'morning');
INSERT INTO Cleaner (ID, Shift) VALUES (516, 'morning');
INSERT INTO Manager (ID, Department) VALUES (916, 'Legal Department');
INSERT INTO Manager (ID, Department) VALUES (517, 'Legal Department');
INSERT INTO Cleaner (ID, Shift) VALUES (917, 'noon');
INSERT INTO Cleaner (ID, Shift) VALUES (518, 'noon');
INSERT INTO Manager (ID, Department) VALUES (918, 'Finances');
INSERT INTO Cleaner (ID, Shift) VALUES (519, 'noon');
INSERT INTO Manager (ID, Department) VALUES (919, 'Legal Department');
INSERT INTO Cleaner (ID, Shift) VALUES (520, 'morning');
INSERT INTO Manager (ID, Department) VALUES (920, 'Research and Development');
INSERT INTO Cleaner (ID, Shift) VALUES (521, 'noon');
INSERT INTO Manager (ID, Department) VALUES (921, 'Finances');
INSERT INTO Manager (ID, Department) VALUES (522, 'Asset Management');
INSERT INTO Cleaner (ID, Shift) VALUES (922, 'noon');
INSERT INTO Cleaner (ID, Shift) VALUES (523, 'noon');
INSERT INTO Manager (ID, Department) VALUES (923, 'Finances');
INSERT INTO Manager (ID, Department) VALUES (524, 'Asset Management');
INSERT INTO Cleaner (ID, Shift) VALUES (924, 'morning');
INSERT INTO Cleaner (ID, Shift) VALUES (525, 'morning');
INSERT INTO Manager (ID, Department) VALUES (925, 'Public Relations');
INSERT INTO Manager (ID, Department) VALUES (526, 'Asset Management');
INSERT INTO Cleaner (ID, Shift) VALUES (926, 'evening');
INSERT INTO Manager (ID, Department) VALUES (527, 'Finances');
INSERT INTO Cleaner (ID, Shift) VALUES (927, 'evening');
INSERT INTO Manager (ID, Department) VALUES (528, 'Legal Department');
INSERT INTO Cleaner (ID, Shift) VALUES (928, 'evening');
INSERT INTO Manager (ID, Department) VALUES (529, 'Asset Management');
INSERT INTO Cleaner (ID, Shift) VALUES (929, 'noon');
INSERT INTO Cleaner (ID, Shift) VALUES (530, 'morning');
INSERT INTO Manager (ID, Department) VALUES (930, 'Research and Development');
INSERT INTO Manager (ID, Department) VALUES (531, 'Research and Development');
INSERT INTO Cleaner (ID, Shift) VALUES (931, 'morning');
INSERT INTO Manager (ID, Department) VALUES (532, 'Legal Department');
INSERT INTO Cleaner (ID, Shift) VALUES (932, 'noon');
INSERT INTO Cleaner (ID, Shift) VALUES (533, 'noon');
INSERT INTO Manager (ID, Department) VALUES (933, 'Public Relations');
INSERT INTO Manager (ID, Department) VALUES (534, 'Quality Assurance');
INSERT INTO Cleaner (ID, Shift) VALUES (934, 'noon');
INSERT INTO Cleaner (ID, Shift) VALUES (535, 'evening');
INSERT INTO Manager (ID, Department) VALUES (935, 'Public Relations');
INSERT INTO Cleaner (ID, Shift) VALUES (536, 'evening');
INSERT INTO Manager (ID, Department) VALUES (936, 'Customer Service');
INSERT INTO Cleaner (ID, Shift) VALUES (537, 'morning');
INSERT INTO Manager (ID, Department) VALUES (937, 'Customer Service');
INSERT INTO Cleaner (ID, Shift) VALUES (538, 'evening');
INSERT INTO Manager (ID, Department) VALUES (938, 'Asset Management');
INSERT INTO Manager (ID, Department) VALUES (539, 'Legal Department');
INSERT INTO Cleaner (ID, Shift) VALUES (939, 'evening');
INSERT INTO Manager (ID, Department) VALUES (540, 'Public Relations');
INSERT INTO Cleaner (ID, Shift) VALUES (940, 'noon');
INSERT INTO Manager (ID, Department) VALUES (541, 'Legal Department');
INSERT INTO Cleaner (ID, Shift) VALUES (941, 'morning');
INSERT INTO Cleaner (ID, Shift) VALUES (542, 'noon');
INSERT INTO Manager (ID, Department) VALUES (942, 'Quality Assurance');
INSERT INTO Cleaner (ID, Shift) VALUES (543, 'morning');
INSERT INTO Manager (ID, Department) VALUES (943, 'Legal Department');
INSERT INTO Cleaner (ID, Shift) VALUES (544, 'noon');
INSERT INTO Manager (ID, Department) VALUES (944, 'Legal Department');
INSERT INTO Manager (ID, Department) VALUES (545, 'Legal Department');
INSERT INTO Cleaner (ID, Shift) VALUES (945, 'noon');
INSERT INTO Manager (ID, Department) VALUES (546, 'Research and Development');
INSERT INTO Cleaner (ID, Shift) VALUES (946, 'noon');
INSERT INTO Manager (ID, Department) VALUES (547, 'Quality Assurance');
INSERT INTO Cleaner (ID, Shift) VALUES (947, 'morning');
INSERT INTO Manager (ID, Department) VALUES (548, 'Public Relations');
INSERT INTO Cleaner (ID, Shift) VALUES (948, 'evening');
INSERT INTO Manager (ID, Department) VALUES (549, 'Finances');
INSERT INTO Cleaner (ID, Shift) VALUES (949, 'noon');
INSERT INTO Cleaner (ID, Shift) VALUES (550, 'noon');
INSERT INTO Manager (ID, Department) VALUES (950, 'Research and Development');
INSERT INTO Manager (ID, Department) VALUES (551, 'Legal Department');
INSERT INTO Cleaner (ID, Shift) VALUES (951, 'noon');
INSERT INTO Manager (ID, Department) VALUES (552, 'Customer Service');
INSERT INTO Cleaner (ID, Shift) VALUES (952, 'morning');
INSERT INTO Manager (ID, Department) VALUES (553, 'Finances');
INSERT INTO Cleaner (ID, Shift) VALUES (953, 'noon');
INSERT INTO Manager (ID, Department) VALUES (554, 'Finances');
INSERT INTO Cleaner (ID, Shift) VALUES (954, 'evening');
INSERT INTO Cleaner (ID, Shift) VALUES (555, 'noon');
INSERT INTO Manager (ID, Department) VALUES (955, 'Customer Service');
INSERT INTO Cleaner (ID, Shift) VALUES (556, 'morning');
INSERT INTO Manager (ID, Department) VALUES (956, 'Customer Service');
INSERT INTO Cleaner (ID, Shift) VALUES (557, 'morning');
INSERT INTO Manager (ID, Department) VALUES (957, 'Legal Department');
INSERT INTO Manager (ID, Department) VALUES (558, 'Asset Management');
INSERT INTO Cleaner (ID, Shift) VALUES (958, 'morning');
INSERT INTO Manager (ID, Department) VALUES (559, 'Asset Management');
INSERT INTO Cleaner (ID, Shift) VALUES (959, 'morning');
INSERT INTO Manager (ID, Department) VALUES (560, 'Public Relations');
INSERT INTO Cleaner (ID, Shift) VALUES (960, 'noon');
INSERT INTO Cleaner (ID, Shift) VALUES (561, 'morning');
INSERT INTO Manager (ID, Department) VALUES (961, 'Legal Department');
INSERT INTO Manager (ID, Department) VALUES (562, 'Legal Department');
INSERT INTO Cleaner (ID, Shift) VALUES (962, 'morning');
INSERT INTO Manager (ID, Department) VALUES (563, 'Asset Management');
INSERT INTO Cleaner (ID, Shift) VALUES (963, 'evening');
INSERT INTO Manager (ID, Department) VALUES (564, 'Legal Department');
INSERT INTO Cleaner (ID, Shift) VALUES (964, 'noon');
INSERT INTO Manager (ID, Department) VALUES (565, 'Quality Assurance');
INSERT INTO Cleaner (ID, Shift) VALUES (965, 'noon');
INSERT INTO Manager (ID, Department) VALUES (566, 'Customer Service');
INSERT INTO Cleaner (ID, Shift) VALUES (966, 'evening');
INSERT INTO Manager (ID, Department) VALUES (567, 'Finances');
INSERT INTO Cleaner (ID, Shift) VALUES (967, 'noon');
INSERT INTO Cleaner (ID, Shift) VALUES (568, 'morning');
INSERT INTO Manager (ID, Department) VALUES (968, 'Finances');
INSERT INTO Manager (ID, Department) VALUES (569, 'Finances');
INSERT INTO Cleaner (ID, Shift) VALUES (969, 'evening');
INSERT INTO Cleaner (ID, Shift) VALUES (570, 'morning');
INSERT INTO Manager (ID, Department) VALUES (970, 'Asset Management');
INSERT INTO Manager (ID, Department) VALUES (571, 'Asset Management');
INSERT INTO Cleaner (ID, Shift) VALUES (971, 'evening');
INSERT INTO Manager (ID, Department) VALUES (572, 'Finances');
INSERT INTO Cleaner (ID, Shift) VALUES (972, 'morning');
INSERT INTO Cleaner (ID, Shift) VALUES (573, 'morning');
INSERT INTO Manager (ID, Department) VALUES (973, 'Legal Department');
INSERT INTO Cleaner (ID, Shift) VALUES (574, 'evening');
INSERT INTO Manager (ID, Department) VALUES (974, 'Customer Service');
INSERT INTO Cleaner (ID, Shift) VALUES (575, 'morning');
INSERT INTO Manager (ID, Department) VALUES (975, 'Asset Management');
INSERT INTO Manager (ID, Department) VALUES (576, 'Research and Development');
INSERT INTO Cleaner (ID, Shift) VALUES (976, 'noon');
INSERT INTO Cleaner (ID, Shift) VALUES (577, 'evening');
INSERT INTO Manager (ID, Department) VALUES (977, 'Research and Development');
INSERT INTO Cleaner (ID, Shift) VALUES (578, 'noon');
INSERT INTO Manager (ID, Department) VALUES (978, 'Research and Development');
INSERT INTO Manager (ID, Department) VALUES (579, 'Finances');
INSERT INTO Cleaner (ID, Shift) VALUES (979, 'noon');
INSERT INTO Cleaner (ID, Shift) VALUES (580, 'noon');
INSERT INTO Manager (ID, Department) VALUES (980, 'Public Relations');
INSERT INTO Cleaner (ID, Shift) VALUES (581, 'morning');
INSERT INTO Manager (ID, Department) VALUES (981, 'Quality Assurance');
INSERT INTO Manager (ID, Department) VALUES (582, 'Quality Assurance');
INSERT INTO Cleaner (ID, Shift) VALUES (982, 'evening');
INSERT INTO Cleaner (ID, Shift) VALUES (583, 'noon');
INSERT INTO Manager (ID, Department) VALUES (983, 'Finances');
INSERT INTO Manager (ID, Department) VALUES (584, 'Asset Management');
INSERT INTO Cleaner (ID, Shift) VALUES (984, 'morning');
INSERT INTO Cleaner (ID, Shift) VALUES (585, 'noon');
INSERT INTO Manager (ID, Department) VALUES (985, 'Customer Service');
INSERT INTO Cleaner (ID, Shift) VALUES (586, 'morning');
INSERT INTO Manager (ID, Department) VALUES (986, 'Quality Assurance');
INSERT INTO Manager (ID, Department) VALUES (587, 'Finances');
INSERT INTO Cleaner (ID, Shift) VALUES (987, 'evening');
INSERT INTO Cleaner (ID, Shift) VALUES (588, 'evening');
INSERT INTO Manager (ID, Department) VALUES (988, 'Public Relations');
INSERT INTO Cleaner (ID, Shift) VALUES (589, 'noon');
INSERT INTO Manager (ID, Department) VALUES (989, 'Finances');
INSERT INTO Manager (ID, Department) VALUES (590, 'Finances');
INSERT INTO Cleaner (ID, Shift) VALUES (990, 'noon');
INSERT INTO Manager (ID, Department) VALUES (591, 'Quality Assurance');
INSERT INTO Cleaner (ID, Shift) VALUES (991, 'morning');
INSERT INTO Manager (ID, Department) VALUES (592, 'Quality Assurance');
INSERT INTO Cleaner (ID, Shift) VALUES (992, 'morning');
INSERT INTO Manager (ID, Department) VALUES (593, 'Quality Assurance');
INSERT INTO Cleaner (ID, Shift) VALUES (993, 'noon');
INSERT INTO Cleaner (ID, Shift) VALUES (594, 'noon');
INSERT INTO Manager (ID, Department) VALUES (994, 'Finances');
INSERT INTO Cleaner (ID, Shift) VALUES (595, 'noon');
INSERT INTO Manager (ID, Department) VALUES (995, 'Finances');
INSERT INTO Cleaner (ID, Shift) VALUES (596, 'evening');
INSERT INTO Manager (ID, Department) VALUES (996, 'Research and Development');
INSERT INTO Cleaner (ID, Shift) VALUES (597, 'evening');
INSERT INTO Manager (ID, Department) VALUES (997, 'Asset Management');
INSERT INTO Manager (ID, Department) VALUES (598, 'Legal Department');
INSERT INTO Cleaner (ID, Shift) VALUES (998, 'evening');
INSERT INTO Manager (ID, Department) VALUES (599, 'Asset Management');
INSERT INTO Cleaner (ID, Shift) VALUES (999, 'evening');
INSERT INTO Cleaner (ID, Shift) VALUES (600, 'noon');
INSERT INTO Manager (ID, Department) VALUES (1000, 'Public Relations');
INSERT INTO Cleaner (ID, Shift) VALUES (601, 'noon');
INSERT INTO Manager (ID, Department) VALUES (1001, 'Asset Management');
INSERT INTO Manager (ID, Department) VALUES (602, 'Asset Management');
INSERT INTO Cleaner (ID, Shift) VALUES (1002, 'noon');
INSERT INTO Manager (ID, Department) VALUES (603, 'Customer Service');
INSERT INTO Cleaner (ID, Shift) VALUES (1003, 'noon');
INSERT INTO Cleaner (ID, Shift) VALUES (604, 'evening');
INSERT INTO Manager (ID, Department) VALUES (1004, 'Asset Management');
INSERT INTO Cleaner (ID, Shift) VALUES (605, 'evening');
INSERT INTO Manager (ID, Department) VALUES (1005, 'Research and Development');
INSERT INTO Manager (ID, Department) VALUES (606, 'Asset Management');
INSERT INTO Cleaner (ID, Shift) VALUES (1006, 'evening');
INSERT INTO Cleaner (ID, Shift) VALUES (607, 'evening');
INSERT INTO Manager (ID, Department) VALUES (1007, 'Research and Development');
INSERT INTO Cleaner (ID, Shift) VALUES (608, 'evening');
INSERT INTO Manager (ID, Department) VALUES (1008, 'Public Relations');
INSERT INTO Manager (ID, Department) VALUES (609, 'Finances');
INSERT INTO Cleaner (ID, Shift) VALUES (1009, 'evening');
INSERT INTO Cleaner (ID, Shift) VALUES (610, 'morning');
INSERT INTO Manager (ID, Department) VALUES (1010, 'Asset Management');
INSERT INTO Manager (ID, Department) VALUES (611, 'Research and Development');
INSERT INTO Cleaner (ID, Shift) VALUES (1011, 'morning');
INSERT INTO Manager (ID, Department) VALUES (612, 'Finances');
INSERT INTO Cleaner (ID, Shift) VALUES (1012, 'evening');
INSERT INTO Cleaner (ID, Shift) VALUES (613, 'evening');
INSERT INTO Manager (ID, Department) VALUES (1013, 'Asset Management');
INSERT INTO Cleaner (ID, Shift) VALUES (614, 'evening');
INSERT INTO Manager (ID, Department) VALUES (1014, 'Customer Service');
INSERT INTO Cleaner (ID, Shift) VALUES (615, 'morning');
INSERT INTO Manager (ID, Department) VALUES (1015, 'Research and Development');
INSERT INTO Manager (ID, Department) VALUES (616, 'Research and Development');
INSERT INTO Cleaner (ID, Shift) VALUES (1016, 'noon');
INSERT INTO Cleaner (ID, Shift) VALUES (617, 'evening');
INSERT INTO Manager (ID, Department) VALUES (1017, 'Quality Assurance');
INSERT INTO Manager (ID, Department) VALUES (618, 'Asset Management');
INSERT INTO Cleaner (ID, Shift) VALUES (1018, 'evening');
INSERT INTO Manager (ID, Department) VALUES (619, 'Research and Development');
INSERT INTO Cleaner (ID, Shift) VALUES (1019, 'noon');
INSERT INTO Manager (ID, Department) VALUES (620, 'Public Relations');
INSERT INTO Cleaner (ID, Shift) VALUES (1020, 'morning');
INSERT INTO Manager (ID, Department) VALUES (621, 'Legal Department');
INSERT INTO Cleaner (ID, Shift) VALUES (1021, 'evening');
INSERT INTO Manager (ID, Department) VALUES (622, 'Quality Assurance');
INSERT INTO Cleaner (ID, Shift) VALUES (1022, 'morning');
INSERT INTO Manager (ID, Department) VALUES (623, 'Research and Development');
INSERT INTO Cleaner (ID, Shift) VALUES (1023, 'morning');
INSERT INTO Manager (ID, Department) VALUES (624, 'Research and Development');
INSERT INTO Cleaner (ID, Shift) VALUES (1024, 'evening');
INSERT INTO Cleaner (ID, Shift) VALUES (625, 'morning');
INSERT INTO Manager (ID, Department) VALUES (1025, 'Finances');
INSERT INTO Manager (ID, Department) VALUES (626, 'Quality Assurance');
INSERT INTO Cleaner (ID, Shift) VALUES (1026, 'noon');
INSERT INTO Manager (ID, Department) VALUES (627, 'Finances');
INSERT INTO Cleaner (ID, Shift) VALUES (1027, 'morning');
INSERT INTO Cleaner (ID, Shift) VALUES (628, 'noon');
INSERT INTO Manager (ID, Department) VALUES (1028, 'Asset Management');
INSERT INTO Cleaner (ID, Shift) VALUES (629, 'morning');
INSERT INTO Manager (ID, Department) VALUES (1029, 'Asset Management');
INSERT INTO Manager (ID, Department) VALUES (630, 'Customer Service');
INSERT INTO Cleaner (ID, Shift) VALUES (1030, 'noon');
INSERT INTO Manager (ID, Department) VALUES (631, 'Quality Assurance');
INSERT INTO Cleaner (ID, Shift) VALUES (1031, 'morning');
INSERT INTO Manager (ID, Department) VALUES (632, 'Finances');
INSERT INTO Cleaner (ID, Shift) VALUES (1032, 'noon');
INSERT INTO Manager (ID, Department) VALUES (633, 'Finances');
INSERT INTO Cleaner (ID, Shift) VALUES (1033, 'morning');
INSERT INTO Cleaner (ID, Shift) VALUES (634, 'noon');
INSERT INTO Manager (ID, Department) VALUES (1034, 'Finances');
INSERT INTO Manager (ID, Department) VALUES (635, 'Legal Department');
INSERT INTO Cleaner (ID, Shift) VALUES (1035, 'morning');
INSERT INTO Cleaner (ID, Shift) VALUES (636, 'morning');
INSERT INTO Manager (ID, Department) VALUES (1036, 'Legal Department');
INSERT INTO Manager (ID, Department) VALUES (637, 'Finances');
INSERT INTO Cleaner (ID, Shift) VALUES (1037, 'noon');
INSERT INTO Manager (ID, Department) VALUES (638, 'Finances');
INSERT INTO Cleaner (ID, Shift) VALUES (1038, 'noon');
INSERT INTO Cleaner (ID, Shift) VALUES (639, 'noon');
INSERT INTO Manager (ID, Department) VALUES (1039, 'Finances');
INSERT INTO Manager (ID, Department) VALUES (640, 'Asset Management');
INSERT INTO Cleaner (ID, Shift) VALUES (1040, 'evening');
INSERT INTO Manager (ID, Department) VALUES (641, 'Asset Management');
INSERT INTO Cleaner (ID, Shift) VALUES (1041, 'noon');
INSERT INTO Cleaner (ID, Shift) VALUES (642, 'noon');
INSERT INTO Manager (ID, Department) VALUES (1042, 'Research and Development');
INSERT INTO Cleaner (ID, Shift) VALUES (643, 'noon');
INSERT INTO Manager (ID, Department) VALUES (1043, 'Public Relations');
INSERT INTO Manager (ID, Department) VALUES (644, 'Finances');
INSERT INTO Cleaner (ID, Shift) VALUES (1044, 'evening');
INSERT INTO Manager (ID, Department) VALUES (645, 'Asset Management');
INSERT INTO Cleaner (ID, Shift) VALUES (1045, 'morning');
INSERT INTO Cleaner (ID, Shift) VALUES (646, 'evening');
INSERT INTO Manager (ID, Department) VALUES (1046, 'Public Relations');
INSERT INTO Manager (ID, Department) VALUES (647, 'Finances');
INSERT INTO Cleaner (ID, Shift) VALUES (1047, 'evening');
INSERT INTO Manager (ID, Department) VALUES (648, 'Quality Assurance');
INSERT INTO Cleaner (ID, Shift) VALUES (1048, 'morning');
INSERT INTO Manager (ID, Department) VALUES (649, 'Finances');
INSERT INTO Cleaner (ID, Shift) VALUES (1049, 'evening');
INSERT INTO Manager (ID, Department) VALUES (650, 'Asset Management');
INSERT INTO Cleaner (ID, Shift) VALUES (1050, 'noon');
INSERT INTO Cleaner (ID, Shift) VALUES (651, 'noon');
INSERT INTO Manager (ID, Department) VALUES (1051, 'Finances');
INSERT INTO Cleaner (ID, Shift) VALUES (652, 'morning');
INSERT INTO Manager (ID, Department) VALUES (1052, 'Finances');
INSERT INTO Manager (ID, Department) VALUES (653, 'Finances');
INSERT INTO Cleaner (ID, Shift) VALUES (1053, 'morning');
INSERT INTO Manager (ID, Department) VALUES (654, 'Finances');
INSERT INTO Cleaner (ID, Shift) VALUES (1054, 'noon');
INSERT INTO Cleaner (ID, Shift) VALUES (655, 'evening');
INSERT INTO Manager (ID, Department) VALUES (1055, 'Customer Service');
INSERT INTO Cleaner (ID, Shift) VALUES (656, 'evening');
INSERT INTO Manager (ID, Department) VALUES (1056, 'Asset Management');
INSERT INTO Manager (ID, Department) VALUES (657, 'Customer Service');
INSERT INTO Cleaner (ID, Shift) VALUES (1057, 'morning');
INSERT INTO Cleaner (ID, Shift) VALUES (658, 'evening');
INSERT INTO Manager (ID, Department) VALUES (1058, 'Legal Department');
INSERT INTO Manager (ID, Department) VALUES (659, 'Quality Assurance');
INSERT INTO Cleaner (ID, Shift) VALUES (1059, 'noon');
INSERT INTO Cleaner (ID, Shift) VALUES (660, 'evening');
INSERT INTO Manager (ID, Department) VALUES (1060, 'Legal Department');
INSERT INTO Cleaner (ID, Shift) VALUES (661, 'evening');
INSERT INTO Manager (ID, Department) VALUES (1061, 'Quality Assurance');
INSERT INTO Manager (ID, Department) VALUES (662, 'Quality Assurance');
INSERT INTO Cleaner (ID, Shift) VALUES (1062, 'noon');
INSERT INTO Cleaner (ID, Shift) VALUES (663, 'evening');
INSERT INTO Manager (ID, Department) VALUES (1063, 'Asset Management');
INSERT INTO Cleaner (ID, Shift) VALUES (664, 'morning');
INSERT INTO Manager (ID, Department) VALUES (1064, 'Legal Department');
INSERT INTO Cleaner (ID, Shift) VALUES (665, 'noon');
INSERT INTO Manager (ID, Department) VALUES (1065, 'Public Relations');
INSERT INTO Cleaner (ID, Shift) VALUES (666, 'morning');
INSERT INTO Manager (ID, Department) VALUES (1066, 'Legal Department');
INSERT INTO Cleaner (ID, Shift) VALUES (667, 'morning');
INSERT INTO Manager (ID, Department) VALUES (1067, 'Public Relations');
INSERT INTO Manager (ID, Department) VALUES (668, 'Asset Management');
INSERT INTO Cleaner (ID, Shift) VALUES (1068, 'evening');
INSERT INTO Manager (ID, Department) VALUES (669, 'Legal Department');
INSERT INTO Cleaner (ID, Shift) VALUES (1069, 'evening');
INSERT INTO Manager (ID, Department) VALUES (670, 'Customer Service');
INSERT INTO Cleaner (ID, Shift) VALUES (1070, 'noon');
INSERT INTO Cleaner (ID, Shift) VALUES (671, 'evening');
INSERT INTO Manager (ID, Department) VALUES (1071, 'Legal Department');
INSERT INTO Cleaner (ID, Shift) VALUES (672, 'noon');
INSERT INTO Manager (ID, Department) VALUES (1072, 'Finances');
INSERT INTO Manager (ID, Department) VALUES (673, 'Asset Management');
INSERT INTO Cleaner (ID, Shift) VALUES (1073, 'morning');
INSERT INTO Cleaner (ID, Shift) VALUES (674, 'evening');
INSERT INTO Manager (ID, Department) VALUES (1074, 'Research and Development');
INSERT INTO Manager (ID, Department) VALUES (675, 'Asset Management');
INSERT INTO Cleaner (ID, Shift) VALUES (1075, 'evening');
INSERT INTO Manager (ID, Department) VALUES (676, 'Quality Assurance');
INSERT INTO Cleaner (ID, Shift) VALUES (1076, 'morning');
INSERT INTO Cleaner (ID, Shift) VALUES (677, 'noon');
INSERT INTO Manager (ID, Department) VALUES (1077, 'Asset Management');
INSERT INTO Manager (ID, Department) VALUES (678, 'Legal Department');
INSERT INTO Cleaner (ID, Shift) VALUES (1078, 'evening');
INSERT INTO Manager (ID, Department) VALUES (679, 'Legal Department');
INSERT INTO Cleaner (ID, Shift) VALUES (1079, 'morning');
INSERT INTO Manager (ID, Department) VALUES (680, 'Finances');
INSERT INTO Cleaner (ID, Shift) VALUES (1080, 'evening');
INSERT INTO Cleaner (ID, Shift) VALUES (681, 'evening');
INSERT INTO Manager (ID, Department) VALUES (1081, 'Asset Management');
INSERT INTO Cleaner (ID, Shift) VALUES (682, 'evening');
INSERT INTO Manager (ID, Department) VALUES (1082, 'Research and Development');
INSERT INTO Cleaner (ID, Shift) VALUES (683, 'morning');
INSERT INTO Manager (ID, Department) VALUES (1083, 'Finances');
INSERT INTO Manager (ID, Department) VALUES (684, 'Research and Development');
INSERT INTO Cleaner (ID, Shift) VALUES (1084, 'noon');
INSERT INTO Manager (ID, Department) VALUES (685, 'Finances');
INSERT INTO Cleaner (ID, Shift) VALUES (1085, 'morning');
INSERT INTO Cleaner (ID, Shift) VALUES (686, 'evening');
INSERT INTO Manager (ID, Department) VALUES (1086, 'Quality Assurance');
INSERT INTO Manager (ID, Department) VALUES (687, 'Quality Assurance');
INSERT INTO Cleaner (ID, Shift) VALUES (1087, 'noon');
INSERT INTO Cleaner (ID, Shift) VALUES (688, 'noon');
INSERT INTO Manager (ID, Department) VALUES (1088, 'Asset Management');
INSERT INTO Manager (ID, Department) VALUES (689, 'Asset Management');
INSERT INTO Cleaner (ID, Shift) VALUES (1089, 'evening');
INSERT INTO Manager (ID, Department) VALUES (690, 'Customer Service');
INSERT INTO Cleaner (ID, Shift) VALUES (1090, 'morning');
INSERT INTO Manager (ID, Department) VALUES (691, 'Asset Management');
INSERT INTO Cleaner (ID, Shift) VALUES (1091, 'morning');
INSERT INTO Cleaner (ID, Shift) VALUES (692, 'morning');
INSERT INTO Manager (ID, Department) VALUES (1092, 'Public Relations');
INSERT INTO Cleaner (ID, Shift) VALUES (693, 'morning');
INSERT INTO Manager (ID, Department) VALUES (1093, 'Asset Management');
INSERT INTO Cleaner (ID, Shift) VALUES (694, 'evening');
INSERT INTO Manager (ID, Department) VALUES (1094, 'Finances');
INSERT INTO Cleaner (ID, Shift) VALUES (695, 'morning');
INSERT INTO Manager (ID, Department) VALUES (1095, 'Legal Department');
INSERT INTO Cleaner (ID, Shift) VALUES (696, 'noon');
INSERT INTO Manager (ID, Department) VALUES (1096, 'Finances');
INSERT INTO Cleaner (ID, Shift) VALUES (697, 'evening');
INSERT INTO Manager (ID, Department) VALUES (1097, 'Asset Management');
INSERT INTO Manager (ID, Department) VALUES (698, 'Asset Management');
INSERT INTO Cleaner (ID, Shift) VALUES (1098, 'noon');
INSERT INTO Cleaner (ID, Shift) VALUES (699, 'morning');
INSERT INTO Manager (ID, Department) VALUES (1099, 'Finances');
INSERT INTO Cleaner (ID, Shift) VALUES (700, 'morning');
INSERT INTO Manager (ID, Department) VALUES (1100, 'Finances');
INSERT INTO Manager (ID, Department) VALUES (701, 'Finances');
INSERT INTO Cleaner (ID, Shift) VALUES (1101, 'morning');
INSERT INTO Cleaner (ID, Shift) VALUES (702, 'noon');
INSERT INTO Manager (ID, Department) VALUES (1102, 'Asset Management');
INSERT INTO Manager (ID, Department) VALUES (703, 'Finances');
INSERT INTO Cleaner (ID, Shift) VALUES (1103, 'evening');
INSERT INTO Cleaner (ID, Shift) VALUES (704, 'evening');
INSERT INTO Manager (ID, Department) VALUES (1104, 'Quality Assurance');
INSERT INTO Cleaner (ID, Shift) VALUES (705, 'noon');
INSERT INTO Manager (ID, Department) VALUES (1105, 'Finances');
INSERT INTO Cleaner (ID, Shift) VALUES (706, 'morning');
INSERT INTO Manager (ID, Department) VALUES (1106, 'Public Relations');
INSERT INTO Manager (ID, Department) VALUES (707, 'Asset Management');
INSERT INTO Cleaner (ID, Shift) VALUES (1107, 'morning');
INSERT INTO Cleaner (ID, Shift) VALUES (708, 'evening');
INSERT INTO Manager (ID, Department) VALUES (1108, 'Finances');
INSERT INTO Cleaner (ID, Shift) VALUES (709, 'noon');
INSERT INTO Manager (ID, Department) VALUES (1109, 'Research and Development');
INSERT INTO Manager (ID, Department) VALUES (710, 'Legal Department');
INSERT INTO Cleaner (ID, Shift) VALUES (1110, 'evening');
INSERT INTO Manager (ID, Department) VALUES (711, 'Quality Assurance');
INSERT INTO Cleaner (ID, Shift) VALUES (1111, 'evening');
INSERT INTO Manager (ID, Department) VALUES (712, 'Quality Assurance');
INSERT INTO Cleaner (ID, Shift) VALUES (1112, 'noon');
INSERT INTO Manager (ID, Department) VALUES (713, 'Finances');
INSERT INTO Cleaner (ID, Shift) VALUES (1113, 'evening');
INSERT INTO Cleaner (ID, Shift) VALUES (714, 'morning');
INSERT INTO Manager (ID, Department) VALUES (1114, 'Public Relations');
INSERT INTO Manager (ID, Department) VALUES (715, 'Finances');
INSERT INTO Cleaner (ID, Shift) VALUES (1115, 'evening');
INSERT INTO Cleaner (ID, Shift) VALUES (716, 'morning');
INSERT INTO Manager (ID, Department) VALUES (1116, 'Customer Service');
INSERT INTO Manager (ID, Department) VALUES (717, 'Public Relations');
INSERT INTO Cleaner (ID, Shift) VALUES (1117, 'evening');
INSERT INTO Cleaner (ID, Shift) VALUES (718, 'morning');
INSERT INTO Manager (ID, Department) VALUES (1118, 'Asset Management');
INSERT INTO Cleaner (ID, Shift) VALUES (719, 'noon');
INSERT INTO Manager (ID, Department) VALUES (1119, 'Legal Department');
INSERT INTO Manager (ID, Department) VALUES (720, 'Finances');
INSERT INTO Cleaner (ID, Shift) VALUES (1120, 'noon');
INSERT INTO Cleaner (ID, Shift) VALUES (721, 'noon');
INSERT INTO Manager (ID, Department) VALUES (1121, 'Asset Management');
INSERT INTO Manager (ID, Department) VALUES (722, 'Public Relations');
INSERT INTO Cleaner (ID, Shift) VALUES (1122, 'morning');
INSERT INTO Manager (ID, Department) VALUES (723, 'Asset Management');
INSERT INTO Cleaner (ID, Shift) VALUES (1123, 'noon');
INSERT INTO Cleaner (ID, Shift) VALUES (724, 'morning');
INSERT INTO Manager (ID, Department) VALUES (1124, 'Customer Service');
INSERT INTO Cleaner (ID, Shift) VALUES (725, 'morning');
INSERT INTO Manager (ID, Department) VALUES (1125, 'Legal Department');
INSERT INTO Manager (ID, Department) VALUES (726, 'Legal Department');
INSERT INTO Cleaner (ID, Shift) VALUES (1126, 'noon');
INSERT INTO Manager (ID, Department) VALUES (727, 'Asset Management');
INSERT INTO Cleaner (ID, Shift) VALUES (1127, 'noon');
INSERT INTO Cleaner (ID, Shift) VALUES (728, 'noon');
INSERT INTO Manager (ID, Department) VALUES (1128, 'Quality Assurance');
INSERT INTO Cleaner (ID, Shift) VALUES (729, 'morning');
INSERT INTO Manager (ID, Department) VALUES (1129, 'Research and Development');
INSERT INTO Manager (ID, Department) VALUES (730, 'Legal Department');
INSERT INTO Cleaner (ID, Shift) VALUES (1130, 'evening');
INSERT INTO Cleaner (ID, Shift) VALUES (731, 'morning');
INSERT INTO Manager (ID, Department) VALUES (1131, 'Asset Management');
INSERT INTO Cleaner (ID, Shift) VALUES (732, 'morning');
INSERT INTO Manager (ID, Department) VALUES (1132, 'Quality Assurance');
INSERT INTO Manager (ID, Department) VALUES (733, 'Finances');
INSERT INTO Cleaner (ID, Shift) VALUES (1133, 'morning');
INSERT INTO Cleaner (ID, Shift) VALUES (734, 'noon');
INSERT INTO Manager (ID, Department) VALUES (1134, 'Finances');
INSERT INTO Cleaner (ID, Shift) VALUES (735, 'noon');
INSERT INTO Manager (ID, Department) VALUES (1135, 'Customer Service');
INSERT INTO Manager (ID, Department) VALUES (736, 'Asset Management');
INSERT INTO Cleaner (ID, Shift) VALUES (1136, 'morning');
INSERT INTO Cleaner (ID, Shift) VALUES (737, 'evening');
INSERT INTO Manager (ID, Department) VALUES (1137, 'Public Relations');
INSERT INTO Cleaner (ID, Shift) VALUES (738, 'noon');
INSERT INTO Manager (ID, Department) VALUES (1138, 'Public Relations');
INSERT INTO Cleaner (ID, Shift) VALUES (739, 'morning');
INSERT INTO Manager (ID, Department) VALUES (1139, 'Research and Development');
INSERT INTO Cleaner (ID, Shift) VALUES (740, 'noon');
INSERT INTO Manager (ID, Department) VALUES (1140, 'Customer Service');
INSERT INTO Cleaner (ID, Shift) VALUES (741, 'morning');
INSERT INTO Manager (ID, Department) VALUES (1141, 'Asset Management');
INSERT INTO Manager (ID, Department) VALUES (742, 'Public Relations');
INSERT INTO Cleaner (ID, Shift) VALUES (1142, 'evening');
INSERT INTO Cleaner (ID, Shift) VALUES (743, 'noon');
INSERT INTO Manager (ID, Department) VALUES (1143, 'Finances');
INSERT INTO Cleaner (ID, Shift) VALUES (744, 'morning');
INSERT INTO Manager (ID, Department) VALUES (1144, 'Asset Management');
INSERT INTO Manager (ID, Department) VALUES (745, 'Research and Development');
INSERT INTO Cleaner (ID, Shift) VALUES (1145, 'evening');
INSERT INTO Manager (ID, Department) VALUES (746, 'Public Relations');
INSERT INTO Cleaner (ID, Shift) VALUES (1146, 'evening');
INSERT INTO Cleaner (ID, Shift) VALUES (747, 'noon');
INSERT INTO Manager (ID, Department) VALUES (1147, 'Asset Management');
INSERT INTO Manager (ID, Department) VALUES (748, 'Legal Department');
INSERT INTO Cleaner (ID, Shift) VALUES (1148, 'morning');
INSERT INTO Cleaner (ID, Shift) VALUES (749, 'morning');
INSERT INTO Manager (ID, Department) VALUES (1149, 'Finances');
INSERT INTO Manager (ID, Department) VALUES (750, 'Legal Department');
INSERT INTO Cleaner (ID, Shift) VALUES (1150, 'evening');
INSERT INTO Cleaner (ID, Shift) VALUES (751, 'noon');
INSERT INTO Manager (ID, Department) VALUES (1151, 'Customer Service');
INSERT INTO Manager (ID, Department) VALUES (752, 'Asset Management');
INSERT INTO Cleaner (ID, Shift) VALUES (1152, 'evening');
INSERT INTO Cleaner (ID, Shift) VALUES (753, 'morning');
INSERT INTO Manager (ID, Department) VALUES (1153, 'Asset Management');
INSERT INTO Cleaner (ID, Shift) VALUES (754, 'morning');
INSERT INTO Manager (ID, Department) VALUES (1154, 'Legal Department');
INSERT INTO Cleaner (ID, Shift) VALUES (755, 'evening');
INSERT INTO Manager (ID, Department) VALUES (1155, 'Asset Management');
INSERT INTO Cleaner (ID, Shift) VALUES (756, 'noon');
INSERT INTO Manager (ID, Department) VALUES (1156, 'Finances');
INSERT INTO Cleaner (ID, Shift) VALUES (757, 'noon');
INSERT INTO Manager (ID, Department) VALUES (1157, 'Customer Service');
INSERT INTO Cleaner (ID, Shift) VALUES (758, 'morning');
INSERT INTO Manager (ID, Department) VALUES (1158, 'Legal Department');
INSERT INTO Cleaner (ID, Shift) VALUES (759, 'evening');
INSERT INTO Manager (ID, Department) VALUES (1159, 'Legal Department');
INSERT INTO Manager (ID, Department) VALUES (760, 'Finances');
INSERT INTO Cleaner (ID, Shift) VALUES (1160, 'morning');
INSERT INTO Cleaner (ID, Shift) VALUES (761, 'morning');
INSERT INTO Manager (ID, Department) VALUES (1161, 'Finances');
INSERT INTO Cleaner (ID, Shift) VALUES (762, 'evening');
INSERT INTO Manager (ID, Department) VALUES (1162, 'Finances');
INSERT INTO Manager (ID, Department) VALUES (763, 'Legal Department');
INSERT INTO Cleaner (ID, Shift) VALUES (1163, 'evening');
INSERT INTO Cleaner (ID, Shift) VALUES (764, 'morning');
INSERT INTO Manager (ID, Department) VALUES (1164, 'Finances');
INSERT INTO Manager (ID, Department) VALUES (765, 'Public Relations');
INSERT INTO Cleaner (ID, Shift) VALUES (1165, 'evening');
INSERT INTO Cleaner (ID, Shift) VALUES (766, 'morning');
INSERT INTO Manager (ID, Department) VALUES (1166, 'Research and Development');
INSERT INTO Cleaner (ID, Shift) VALUES (767, 'noon');
INSERT INTO Manager (ID, Department) VALUES (1167, 'Asset Management');
INSERT INTO Manager (ID, Department) VALUES (768, 'Finances');
INSERT INTO Cleaner (ID, Shift) VALUES (1168, 'noon');
INSERT INTO Manager (ID, Department) VALUES (769, 'Finances');
INSERT INTO Cleaner (ID, Shift) VALUES (1169, 'morning');
INSERT INTO Manager (ID, Department) VALUES (770, 'Asset Management');
INSERT INTO Cleaner (ID, Shift) VALUES (1170, 'noon');
INSERT INTO Cleaner (ID, Shift) VALUES (771, 'morning');
INSERT INTO Manager (ID, Department) VALUES (1171, 'Quality Assurance');
INSERT INTO Cleaner (ID, Shift) VALUES (772, 'noon');
INSERT INTO Manager (ID, Department) VALUES (1172, 'Quality Assurance');
INSERT INTO Manager (ID, Department) VALUES (773, 'Legal Department');
INSERT INTO Cleaner (ID, Shift) VALUES (1173, 'morning');
INSERT INTO Cleaner (ID, Shift) VALUES (774, 'noon');
INSERT INTO Manager (ID, Department) VALUES (1174, 'Customer Service');
INSERT INTO Manager (ID, Department) VALUES (775, 'Quality Assurance');
INSERT INTO Cleaner (ID, Shift) VALUES (1175, 'evening');
INSERT INTO Manager (ID, Department) VALUES (776, 'Asset Management');
INSERT INTO Cleaner (ID, Shift) VALUES (1176, 'evening');
INSERT INTO Cleaner (ID, Shift) VALUES (777, 'noon');
INSERT INTO Manager (ID, Department) VALUES (1177, 'Finances');
INSERT INTO Cleaner (ID, Shift) VALUES (778, 'evening');
INSERT INTO Manager (ID, Department) VALUES (1178, 'Asset Management');
INSERT INTO Cleaner (ID, Shift) VALUES (779, 'noon');
INSERT INTO Manager (ID, Department) VALUES (1179, 'Finances');
INSERT INTO Manager (ID, Department) VALUES (780, 'Quality Assurance');
INSERT INTO Cleaner (ID, Shift) VALUES (1180, 'evening');
INSERT INTO Cleaner (ID, Shift) VALUES (781, 'noon');
INSERT INTO Manager (ID, Department) VALUES (1181, 'Public Relations');
INSERT INTO Cleaner (ID, Shift) VALUES (782, 'morning');
INSERT INTO Manager (ID, Department) VALUES (1182, 'Asset Management');
INSERT INTO Cleaner (ID, Shift) VALUES (783, 'evening');
INSERT INTO Manager (ID, Department) VALUES (1183, 'Customer Service');
INSERT INTO Manager (ID, Department) VALUES (784, 'Asset Management');
INSERT INTO Cleaner (ID, Shift) VALUES (1184, 'noon');
INSERT INTO Cleaner (ID, Shift) VALUES (785, 'evening');
INSERT INTO Manager (ID, Department) VALUES (1185, 'Finances');
INSERT INTO Cleaner (ID, Shift) VALUES (786, 'evening');
INSERT INTO Manager (ID, Department) VALUES (1186, 'Asset Management');
INSERT INTO Cleaner (ID, Shift) VALUES (787, 'noon');
INSERT INTO Manager (ID, Department) VALUES (1187, 'Quality Assurance');
INSERT INTO Manager (ID, Department) VALUES (788, 'Asset Management');
INSERT INTO Cleaner (ID, Shift) VALUES (1188, 'evening');
INSERT INTO Cleaner (ID, Shift) VALUES (789, 'morning');
INSERT INTO Manager (ID, Department) VALUES (1189, 'Research and Development');
INSERT INTO Manager (ID, Department) VALUES (790, 'Public Relations');
INSERT INTO Cleaner (ID, Shift) VALUES (1190, 'evening');
INSERT INTO Manager (ID, Department) VALUES (791, 'Asset Management');
INSERT INTO Cleaner (ID, Shift) VALUES (1191, 'noon');
INSERT INTO Manager (ID, Department) VALUES (792, 'Research and Development');
INSERT INTO Cleaner (ID, Shift) VALUES (1192, 'evening');
INSERT INTO Manager (ID, Department) VALUES (793, 'Asset Management');
INSERT INTO Cleaner (ID, Shift) VALUES (1193, 'evening');
INSERT INTO Manager (ID, Department) VALUES (794, 'Finances');
INSERT INTO Cleaner (ID, Shift) VALUES (1194, 'noon');
INSERT INTO Manager (ID, Department) VALUES (795, 'Research and Development');
INSERT INTO Cleaner (ID, Shift) VALUES (1195, 'evening');
INSERT INTO Manager (ID, Department) VALUES (796, 'Asset Management');
INSERT INTO Cleaner (ID, Shift) VALUES (1196, 'evening');
INSERT INTO Manager (ID, Department) VALUES (797, 'Customer Service');
INSERT INTO Cleaner (ID, Shift) VALUES (1197, 'morning');
INSERT INTO Cleaner (ID, Shift) VALUES (798, 'noon');
INSERT INTO Manager (ID, Department) VALUES (1198, 'Legal Department');
INSERT INTO Manager (ID, Department) VALUES (799, 'Finances');
INSERT INTO Cleaner (ID, Shift) VALUES (1199, 'noon');
INSERT INTO Cleaner (ID, Shift) VALUES (800, 'evening');
INSERT INTO Manager (ID, Department) VALUES (1200, 'Research and Development');