INSERT INTO Building (BuildingID) VALUES (1);
INSERT INTO Room (RoomID, BuildingID, MaxCapacity) VALUES (1, 1, 4);
INSERT INTO Room (RoomID, BuildingID, MaxCapacity) VALUES (2, 1, 7);
INSERT INTO Building (BuildingID) VALUES (2);
INSERT INTO Room (RoomID, BuildingID, MaxCapacity) VALUES (1, 2, 5);
INSERT INTO Room (RoomID, BuildingID, MaxCapacity) VALUES (2, 2, 5);
INSERT INTO Building (BuildingID) VALUES (3);
INSERT INTO Room (RoomID, BuildingID, MaxCapacity) VALUES (1, 3, 4);
INSERT INTO Room (RoomID, BuildingID, MaxCapacity) VALUES (2, 3, 7);
INSERT INTO Building (BuildingID) VALUES (4);
INSERT INTO Room (RoomID, BuildingID, MaxCapacity) VALUES (1, 4, 7);
INSERT INTO Room (RoomID, BuildingID, MaxCapacity) VALUES (2, 4, 4);
INSERT INTO Building (BuildingID) VALUES (5);
INSERT INTO Room (RoomID, BuildingID, MaxCapacity) VALUES (1, 5, 5);
INSERT INTO Room (RoomID, BuildingID, MaxCapacity) VALUES (2, 5, 7);
INSERT INTO Building (BuildingID) VALUES (6);
INSERT INTO Room (RoomID, BuildingID, MaxCapacity) VALUES (1, 6, 5);
INSERT INTO Room (RoomID, BuildingID, MaxCapacity) VALUES (2, 6, 6);
INSERT INTO Building (BuildingID) VALUES (7);
INSERT INTO Room (RoomID, BuildingID, MaxCapacity) VALUES (1, 7, 5);
INSERT INTO Room (RoomID, BuildingID, MaxCapacity) VALUES (2, 7, 4);
INSERT INTO Building (BuildingID) VALUES (8);
INSERT INTO Room (RoomID, BuildingID, MaxCapacity) VALUES (1, 8, 5);
INSERT INTO Room (RoomID, BuildingID, MaxCapacity) VALUES (2, 8, 6);
INSERT INTO Building (BuildingID) VALUES (9);
INSERT INTO Room (RoomID, BuildingID, MaxCapacity) VALUES (1, 9, 6);
INSERT INTO Room (RoomID, BuildingID, MaxCapacity) VALUES (2, 9, 7);
INSERT INTO Building (BuildingID) VALUES (10);
INSERT INTO Room (RoomID, BuildingID, MaxCapacity) VALUES (1, 10, 7);
INSERT INTO Room (RoomID, BuildingID, MaxCapacity) VALUES (2, 10, 6);
INSERT INTO Building (BuildingID) VALUES (11);
INSERT INTO Room (RoomID, BuildingID, MaxCapacity) VALUES (1, 11, 8);
INSERT INTO Room (RoomID, BuildingID, MaxCapacity) VALUES (2, 11, 7);
INSERT INTO Building (BuildingID) VALUES (12);
INSERT INTO Room (RoomID, BuildingID, MaxCapacity) VALUES (1, 12, 6);
INSERT INTO Room (RoomID, BuildingID, MaxCapacity) VALUES (2, 12, 6);
INSERT INTO Building (BuildingID) VALUES (13);
INSERT INTO Room (RoomID, BuildingID, MaxCapacity) VALUES (1, 13, 5);
INSERT INTO Room (RoomID, BuildingID, MaxCapacity) VALUES (2, 13, 8);
INSERT INTO Building (BuildingID) VALUES (14);
INSERT INTO Room (RoomID, BuildingID, MaxCapacity) VALUES (1, 14, 7);
INSERT INTO Room (RoomID, BuildingID, MaxCapacity) VALUES (2, 14, 6);
INSERT INTO Building (BuildingID) VALUES (15);
INSERT INTO Room (RoomID, BuildingID, MaxCapacity) VALUES (1, 15, 5);
INSERT INTO Room (RoomID, BuildingID, MaxCapacity) VALUES (2, 15, 4);
INSERT INTO Building (BuildingID) VALUES (16);
INSERT INTO Room (RoomID, BuildingID, MaxCapacity) VALUES (1, 16, 7);
INSERT INTO Room (RoomID, BuildingID, MaxCapacity) VALUES (2, 16, 5);
INSERT INTO Building (BuildingID) VALUES (17);
INSERT INTO Room (RoomID, BuildingID, MaxCapacity) VALUES (1, 17, 5);
INSERT INTO Room (RoomID, BuildingID, MaxCapacity) VALUES (2, 17, 7);
INSERT INTO Building (BuildingID) VALUES (18);
INSERT INTO Room (RoomID, BuildingID, MaxCapacity) VALUES (1, 18, 5);
INSERT INTO Room (RoomID, BuildingID, MaxCapacity) VALUES (2, 18, 7);
INSERT INTO Building (BuildingID) VALUES (19);
INSERT INTO Room (RoomID, BuildingID, MaxCapacity) VALUES (1, 19, 4);
INSERT INTO Room (RoomID, BuildingID, MaxCapacity) VALUES (2, 19, 6);
INSERT INTO Building (BuildingID) VALUES (20);
INSERT INTO Room (RoomID, BuildingID, MaxCapacity) VALUES (1, 20, 8);
INSERT INTO Room (RoomID, BuildingID, MaxCapacity) VALUES (2, 20, 6);
INSERT INTO Building (BuildingID) VALUES (21);
INSERT INTO Room (RoomID, BuildingID, MaxCapacity) VALUES (1, 21, 4);
INSERT INTO Room (RoomID, BuildingID, MaxCapacity) VALUES (2, 21, 8);
INSERT INTO Building (BuildingID) VALUES (22);
INSERT INTO Room (RoomID, BuildingID, MaxCapacity) VALUES (1, 22, 5);
INSERT INTO Room (RoomID, BuildingID, MaxCapacity) VALUES (2, 22, 6);
INSERT INTO Building (BuildingID) VALUES (23);
INSERT INTO Room (RoomID, BuildingID, MaxCapacity) VALUES (1, 23, 6);
INSERT INTO Room (RoomID, BuildingID, MaxCapacity) VALUES (2, 23, 6);
INSERT INTO Building (BuildingID) VALUES (24);
INSERT INTO Room (RoomID, BuildingID, MaxCapacity) VALUES (1, 24, 8);
INSERT INTO Room (RoomID, BuildingID, MaxCapacity) VALUES (2, 24, 4);
INSERT INTO Building (BuildingID) VALUES (25);
INSERT INTO Room (RoomID, BuildingID, MaxCapacity) VALUES (1, 25, 5);
INSERT INTO Room (RoomID, BuildingID, MaxCapacity) VALUES (2, 25, 4);
INSERT INTO Building (BuildingID) VALUES (26);
INSERT INTO Room (RoomID, BuildingID, MaxCapacity) VALUES (1, 26, 6);
INSERT INTO Room (RoomID, BuildingID, MaxCapacity) VALUES (2, 26, 6);
INSERT INTO Building (BuildingID) VALUES (27);
INSERT INTO Room (RoomID, BuildingID, MaxCapacity) VALUES (1, 27, 6);
INSERT INTO Room (RoomID, BuildingID, MaxCapacity) VALUES (2, 27, 8);
INSERT INTO Building (BuildingID) VALUES (28);
INSERT INTO Room (RoomID, BuildingID, MaxCapacity) VALUES (1, 28, 6);
INSERT INTO Room (RoomID, BuildingID, MaxCapacity) VALUES (2, 28, 5);
INSERT INTO Building (BuildingID) VALUES (29);
INSERT INTO Room (RoomID, BuildingID, MaxCapacity) VALUES (1, 29, 6);
INSERT INTO Room (RoomID, BuildingID, MaxCapacity) VALUES (2, 29, 5);
INSERT INTO Building (BuildingID) VALUES (30);
INSERT INTO Room (RoomID, BuildingID, MaxCapacity) VALUES (1, 30, 6);
INSERT INTO Room (RoomID, BuildingID, MaxCapacity) VALUES (2, 30, 8);
INSERT INTO Building (BuildingID) VALUES (31);
INSERT INTO Room (RoomID, BuildingID, MaxCapacity) VALUES (1, 31, 6);
INSERT INTO Room (RoomID, BuildingID, MaxCapacity) VALUES (2, 31, 4);
INSERT INTO Building (BuildingID) VALUES (32);
INSERT INTO Room (RoomID, BuildingID, MaxCapacity) VALUES (1, 32, 4);
INSERT INTO Room (RoomID, BuildingID, MaxCapacity) VALUES (2, 32, 4);
INSERT INTO Building (BuildingID) VALUES (33);
INSERT INTO Room (RoomID, BuildingID, MaxCapacity) VALUES (1, 33, 8);
INSERT INTO Room (RoomID, BuildingID, MaxCapacity) VALUES (2, 33, 8);
INSERT INTO Building (BuildingID) VALUES (34);
INSERT INTO Room (RoomID, BuildingID, MaxCapacity) VALUES (1, 34, 5);
INSERT INTO Room (RoomID, BuildingID, MaxCapacity) VALUES (2, 34, 6);
INSERT INTO Building (BuildingID) VALUES (35);
INSERT INTO Room (RoomID, BuildingID, MaxCapacity) VALUES (1, 35, 8);
INSERT INTO Room (RoomID, BuildingID, MaxCapacity) VALUES (2, 35, 7);
INSERT INTO Building (BuildingID) VALUES (36);
INSERT INTO Room (RoomID, BuildingID, MaxCapacity) VALUES (1, 36, 7);
INSERT INTO Room (RoomID, BuildingID, MaxCapacity) VALUES (2, 36, 4);
INSERT INTO Building (BuildingID) VALUES (37);
INSERT INTO Room (RoomID, BuildingID, MaxCapacity) VALUES (1, 37, 7);
INSERT INTO Room (RoomID, BuildingID, MaxCapacity) VALUES (2, 37, 6);
INSERT INTO Building (BuildingID) VALUES (38);
INSERT INTO Room (RoomID, BuildingID, MaxCapacity) VALUES (1, 38, 8);
INSERT INTO Room (RoomID, BuildingID, MaxCapacity) VALUES (2, 38, 8);
INSERT INTO Building (BuildingID) VALUES (39);
INSERT INTO Room (RoomID, BuildingID, MaxCapacity) VALUES (1, 39, 7);
INSERT INTO Room (RoomID, BuildingID, MaxCapacity) VALUES (2, 39, 6);
INSERT INTO Building (BuildingID) VALUES (40);
INSERT INTO Room (RoomID, BuildingID, MaxCapacity) VALUES (1, 40, 5);
INSERT INTO Room (RoomID, BuildingID, MaxCapacity) VALUES (2, 40, 4);
INSERT INTO Building (BuildingID) VALUES (41);
INSERT INTO Room (RoomID, BuildingID, MaxCapacity) VALUES (1, 41, 4);
INSERT INTO Room (RoomID, BuildingID, MaxCapacity) VALUES (2, 41, 4);
INSERT INTO Building (BuildingID) VALUES (42);
INSERT INTO Room (RoomID, BuildingID, MaxCapacity) VALUES (1, 42, 6);
INSERT INTO Room (RoomID, BuildingID, MaxCapacity) VALUES (2, 42, 8);
INSERT INTO Building (BuildingID) VALUES (43);
INSERT INTO Room (RoomID, BuildingID, MaxCapacity) VALUES (1, 43, 8);
INSERT INTO Room (RoomID, BuildingID, MaxCapacity) VALUES (2, 43, 8);
INSERT INTO Building (BuildingID) VALUES (44);
INSERT INTO Room (RoomID, BuildingID, MaxCapacity) VALUES (1, 44, 4);
INSERT INTO Room (RoomID, BuildingID, MaxCapacity) VALUES (2, 44, 8);
INSERT INTO Building (BuildingID) VALUES (45);
INSERT INTO Room (RoomID, BuildingID, MaxCapacity) VALUES (1, 45, 4);
INSERT INTO Room (RoomID, BuildingID, MaxCapacity) VALUES (2, 45, 8);
INSERT INTO Building (BuildingID) VALUES (46);
INSERT INTO Room (RoomID, BuildingID, MaxCapacity) VALUES (1, 46, 4);
INSERT INTO Room (RoomID, BuildingID, MaxCapacity) VALUES (2, 46, 5);
INSERT INTO Building (BuildingID) VALUES (47);
INSERT INTO Room (RoomID, BuildingID, MaxCapacity) VALUES (1, 47, 4);
INSERT INTO Room (RoomID, BuildingID, MaxCapacity) VALUES (2, 47, 8);
INSERT INTO Building (BuildingID) VALUES (48);
INSERT INTO Room (RoomID, BuildingID, MaxCapacity) VALUES (1, 48, 6);
INSERT INTO Room (RoomID, BuildingID, MaxCapacity) VALUES (2, 48, 8);
INSERT INTO Building (BuildingID) VALUES (49);
INSERT INTO Room (RoomID, BuildingID, MaxCapacity) VALUES (1, 49, 8);
INSERT INTO Room (RoomID, BuildingID, MaxCapacity) VALUES (2, 49, 4);
INSERT INTO Building (BuildingID) VALUES (50);
INSERT INTO Room (RoomID, BuildingID, MaxCapacity) VALUES (1, 50, 4);
INSERT INTO Room (RoomID, BuildingID, MaxCapacity) VALUES (2, 50, 8);
INSERT INTO Building (BuildingID) VALUES (51);
INSERT INTO Room (RoomID, BuildingID, MaxCapacity) VALUES (1, 51, 4);
INSERT INTO Room (RoomID, BuildingID, MaxCapacity) VALUES (2, 51, 8);
INSERT INTO Building (BuildingID) VALUES (52);
INSERT INTO Room (RoomID, BuildingID, MaxCapacity) VALUES (1, 52, 8);
INSERT INTO Room (RoomID, BuildingID, MaxCapacity) VALUES (2, 52, 6);
INSERT INTO Building (BuildingID) VALUES (53);
INSERT INTO Room (RoomID, BuildingID, MaxCapacity) VALUES (1, 53, 6);
INSERT INTO Room (RoomID, BuildingID, MaxCapacity) VALUES (2, 53, 8);
INSERT INTO Building (BuildingID) VALUES (54);
INSERT INTO Room (RoomID, BuildingID, MaxCapacity) VALUES (1, 54, 5);
INSERT INTO Room (RoomID, BuildingID, MaxCapacity) VALUES (2, 54, 6);
INSERT INTO Building (BuildingID) VALUES (55);
INSERT INTO Room (RoomID, BuildingID, MaxCapacity) VALUES (1, 55, 4);
INSERT INTO Room (RoomID, BuildingID, MaxCapacity) VALUES (2, 55, 4);
INSERT INTO Building (BuildingID) VALUES (56);
INSERT INTO Room (RoomID, BuildingID, MaxCapacity) VALUES (1, 56, 8);
INSERT INTO Room (RoomID, BuildingID, MaxCapacity) VALUES (2, 56, 5);
INSERT INTO Building (BuildingID) VALUES (57);
INSERT INTO Room (RoomID, BuildingID, MaxCapacity) VALUES (1, 57, 6);
INSERT INTO Room (RoomID, BuildingID, MaxCapacity) VALUES (2, 57, 5);
INSERT INTO Building (BuildingID) VALUES (58);
INSERT INTO Room (RoomID, BuildingID, MaxCapacity) VALUES (1, 58, 6);
INSERT INTO Room (RoomID, BuildingID, MaxCapacity) VALUES (2, 58, 7);
INSERT INTO Building (BuildingID) VALUES (59);
INSERT INTO Room (RoomID, BuildingID, MaxCapacity) VALUES (1, 59, 6);
INSERT INTO Room (RoomID, BuildingID, MaxCapacity) VALUES (2, 59, 8);
INSERT INTO Building (BuildingID) VALUES (60);
INSERT INTO Room (RoomID, BuildingID, MaxCapacity) VALUES (1, 60, 7);
INSERT INTO Room (RoomID, BuildingID, MaxCapacity) VALUES (2, 60, 8);
INSERT INTO Building (BuildingID) VALUES (61);
INSERT INTO Room (RoomID, BuildingID, MaxCapacity) VALUES (1, 61, 8);
INSERT INTO Room (RoomID, BuildingID, MaxCapacity) VALUES (2, 61, 4);
INSERT INTO Building (BuildingID) VALUES (62);
INSERT INTO Room (RoomID, BuildingID, MaxCapacity) VALUES (1, 62, 7);
INSERT INTO Room (RoomID, BuildingID, MaxCapacity) VALUES (2, 62, 6);
INSERT INTO Building (BuildingID) VALUES (63);
INSERT INTO Room (RoomID, BuildingID, MaxCapacity) VALUES (1, 63, 7);
INSERT INTO Room (RoomID, BuildingID, MaxCapacity) VALUES (2, 63, 4);
INSERT INTO Building (BuildingID) VALUES (64);
INSERT INTO Room (RoomID, BuildingID, MaxCapacity) VALUES (1, 64, 8);
INSERT INTO Room (RoomID, BuildingID, MaxCapacity) VALUES (2, 64, 8);
INSERT INTO Building (BuildingID) VALUES (65);
INSERT INTO Room (RoomID, BuildingID, MaxCapacity) VALUES (1, 65, 5);
INSERT INTO Room (RoomID, BuildingID, MaxCapacity) VALUES (2, 65, 8);
INSERT INTO Building (BuildingID) VALUES (66);
INSERT INTO Room (RoomID, BuildingID, MaxCapacity) VALUES (1, 66, 7);
INSERT INTO Room (RoomID, BuildingID, MaxCapacity) VALUES (2, 66, 5);
INSERT INTO Building (BuildingID) VALUES (67);
INSERT INTO Room (RoomID, BuildingID, MaxCapacity) VALUES (1, 67, 6);
INSERT INTO Room (RoomID, BuildingID, MaxCapacity) VALUES (2, 67, 6);
INSERT INTO Building (BuildingID) VALUES (68);
INSERT INTO Room (RoomID, BuildingID, MaxCapacity) VALUES (1, 68, 6);
INSERT INTO Room (RoomID, BuildingID, MaxCapacity) VALUES (2, 68, 7);
INSERT INTO Building (BuildingID) VALUES (69);
INSERT INTO Room (RoomID, BuildingID, MaxCapacity) VALUES (1, 69, 7);
INSERT INTO Room (RoomID, BuildingID, MaxCapacity) VALUES (2, 69, 4);
INSERT INTO Building (BuildingID) VALUES (70);
INSERT INTO Room (RoomID, BuildingID, MaxCapacity) VALUES (1, 70, 4);
INSERT INTO Room (RoomID, BuildingID, MaxCapacity) VALUES (2, 70, 7);
INSERT INTO Building (BuildingID) VALUES (71);
INSERT INTO Room (RoomID, BuildingID, MaxCapacity) VALUES (1, 71, 7);
INSERT INTO Room (RoomID, BuildingID, MaxCapacity) VALUES (2, 71, 4);
INSERT INTO Building (BuildingID) VALUES (72);
INSERT INTO Room (RoomID, BuildingID, MaxCapacity) VALUES (1, 72, 5);
INSERT INTO Room (RoomID, BuildingID, MaxCapacity) VALUES (2, 72, 4);
INSERT INTO Building (BuildingID) VALUES (73);
INSERT INTO Room (RoomID, BuildingID, MaxCapacity) VALUES (1, 73, 7);
INSERT INTO Room (RoomID, BuildingID, MaxCapacity) VALUES (2, 73, 4);
INSERT INTO Building (BuildingID) VALUES (74);
INSERT INTO Room (RoomID, BuildingID, MaxCapacity) VALUES (1, 74, 5);
INSERT INTO Room (RoomID, BuildingID, MaxCapacity) VALUES (2, 74, 8);
INSERT INTO Building (BuildingID) VALUES (75);
INSERT INTO Room (RoomID, BuildingID, MaxCapacity) VALUES (1, 75, 4);
INSERT INTO Room (RoomID, BuildingID, MaxCapacity) VALUES (2, 75, 8);
INSERT INTO Building (BuildingID) VALUES (76);
INSERT INTO Room (RoomID, BuildingID, MaxCapacity) VALUES (1, 76, 7);
INSERT INTO Room (RoomID, BuildingID, MaxCapacity) VALUES (2, 76, 7);
INSERT INTO Building (BuildingID) VALUES (77);
INSERT INTO Room (RoomID, BuildingID, MaxCapacity) VALUES (1, 77, 4);
INSERT INTO Room (RoomID, BuildingID, MaxCapacity) VALUES (2, 77, 5);
INSERT INTO Building (BuildingID) VALUES (78);
INSERT INTO Room (RoomID, BuildingID, MaxCapacity) VALUES (1, 78, 6);
INSERT INTO Room (RoomID, BuildingID, MaxCapacity) VALUES (2, 78, 8);
INSERT INTO Building (BuildingID) VALUES (79);
INSERT INTO Room (RoomID, BuildingID, MaxCapacity) VALUES (1, 79, 7);
INSERT INTO Room (RoomID, BuildingID, MaxCapacity) VALUES (2, 79, 4);
INSERT INTO Building (BuildingID) VALUES (80);
INSERT INTO Room (RoomID, BuildingID, MaxCapacity) VALUES (1, 80, 7);
INSERT INTO Room (RoomID, BuildingID, MaxCapacity) VALUES (2, 80, 7);
INSERT INTO Building (BuildingID) VALUES (81);
INSERT INTO Room (RoomID, BuildingID, MaxCapacity) VALUES (1, 81, 4);
INSERT INTO Room (RoomID, BuildingID, MaxCapacity) VALUES (2, 81, 7);
INSERT INTO Building (BuildingID) VALUES (82);
INSERT INTO Room (RoomID, BuildingID, MaxCapacity) VALUES (1, 82, 8);
INSERT INTO Room (RoomID, BuildingID, MaxCapacity) VALUES (2, 82, 5);
INSERT INTO Building (BuildingID) VALUES (83);
INSERT INTO Room (RoomID, BuildingID, MaxCapacity) VALUES (1, 83, 7);
INSERT INTO Room (RoomID, BuildingID, MaxCapacity) VALUES (2, 83, 7);
INSERT INTO Building (BuildingID) VALUES (84);
INSERT INTO Room (RoomID, BuildingID, MaxCapacity) VALUES (1, 84, 7);
INSERT INTO Room (RoomID, BuildingID, MaxCapacity) VALUES (2, 84, 7);
INSERT INTO Building (BuildingID) VALUES (85);
INSERT INTO Room (RoomID, BuildingID, MaxCapacity) VALUES (1, 85, 8);
INSERT INTO Room (RoomID, BuildingID, MaxCapacity) VALUES (2, 85, 8);
INSERT INTO Building (BuildingID) VALUES (86);
INSERT INTO Room (RoomID, BuildingID, MaxCapacity) VALUES (1, 86, 7);
INSERT INTO Room (RoomID, BuildingID, MaxCapacity) VALUES (2, 86, 6);
INSERT INTO Building (BuildingID) VALUES (87);
INSERT INTO Room (RoomID, BuildingID, MaxCapacity) VALUES (1, 87, 8);
INSERT INTO Room (RoomID, BuildingID, MaxCapacity) VALUES (2, 87, 8);
INSERT INTO Building (BuildingID) VALUES (88);
INSERT INTO Room (RoomID, BuildingID, MaxCapacity) VALUES (1, 88, 5);
INSERT INTO Room (RoomID, BuildingID, MaxCapacity) VALUES (2, 88, 7);
INSERT INTO Building (BuildingID) VALUES (89);
INSERT INTO Room (RoomID, BuildingID, MaxCapacity) VALUES (1, 89, 4);
INSERT INTO Room (RoomID, BuildingID, MaxCapacity) VALUES (2, 89, 7);
INSERT INTO Building (BuildingID) VALUES (90);
INSERT INTO Room (RoomID, BuildingID, MaxCapacity) VALUES (1, 90, 4);
INSERT INTO Room (RoomID, BuildingID, MaxCapacity) VALUES (2, 90, 8);
INSERT INTO Building (BuildingID) VALUES (91);
INSERT INTO Room (RoomID, BuildingID, MaxCapacity) VALUES (1, 91, 5);
INSERT INTO Room (RoomID, BuildingID, MaxCapacity) VALUES (2, 91, 7);
INSERT INTO Building (BuildingID) VALUES (92);
INSERT INTO Room (RoomID, BuildingID, MaxCapacity) VALUES (1, 92, 5);
INSERT INTO Room (RoomID, BuildingID, MaxCapacity) VALUES (2, 92, 7);
INSERT INTO Building (BuildingID) VALUES (93);
INSERT INTO Room (RoomID, BuildingID, MaxCapacity) VALUES (1, 93, 6);
INSERT INTO Room (RoomID, BuildingID, MaxCapacity) VALUES (2, 93, 6);
INSERT INTO Building (BuildingID) VALUES (94);
INSERT INTO Room (RoomID, BuildingID, MaxCapacity) VALUES (1, 94, 8);
INSERT INTO Room (RoomID, BuildingID, MaxCapacity) VALUES (2, 94, 5);
INSERT INTO Building (BuildingID) VALUES (95);
INSERT INTO Room (RoomID, BuildingID, MaxCapacity) VALUES (1, 95, 8);
INSERT INTO Room (RoomID, BuildingID, MaxCapacity) VALUES (2, 95, 8);
INSERT INTO Building (BuildingID) VALUES (96);
INSERT INTO Room (RoomID, BuildingID, MaxCapacity) VALUES (1, 96, 8);
INSERT INTO Room (RoomID, BuildingID, MaxCapacity) VALUES (2, 96, 5);
INSERT INTO Building (BuildingID) VALUES (97);
INSERT INTO Room (RoomID, BuildingID, MaxCapacity) VALUES (1, 97, 5);
INSERT INTO Room (RoomID, BuildingID, MaxCapacity) VALUES (2, 97, 6);
INSERT INTO Building (BuildingID) VALUES (98);
INSERT INTO Room (RoomID, BuildingID, MaxCapacity) VALUES (1, 98, 6);
INSERT INTO Room (RoomID, BuildingID, MaxCapacity) VALUES (2, 98, 6);
INSERT INTO Building (BuildingID) VALUES (99);
INSERT INTO Room (RoomID, BuildingID, MaxCapacity) VALUES (1, 99, 8);
INSERT INTO Room (RoomID, BuildingID, MaxCapacity) VALUES (2, 99, 7);
INSERT INTO Building (BuildingID) VALUES (100);
INSERT INTO Room (RoomID, BuildingID, MaxCapacity) VALUES (1, 100, 5);
INSERT INTO Room (RoomID, BuildingID, MaxCapacity) VALUES (2, 100, 8);
INSERT INTO Building (BuildingID) VALUES (101);
INSERT INTO Room (RoomID, BuildingID, MaxCapacity) VALUES (1, 101, 5);
INSERT INTO Room (RoomID, BuildingID, MaxCapacity) VALUES (2, 101, 6);
INSERT INTO Building (BuildingID) VALUES (102);
INSERT INTO Room (RoomID, BuildingID, MaxCapacity) VALUES (1, 102, 5);
INSERT INTO Room (RoomID, BuildingID, MaxCapacity) VALUES (2, 102, 8);
INSERT INTO Building (BuildingID) VALUES (103);
INSERT INTO Room (RoomID, BuildingID, MaxCapacity) VALUES (1, 103, 8);
INSERT INTO Room (RoomID, BuildingID, MaxCapacity) VALUES (2, 103, 5);
INSERT INTO Building (BuildingID) VALUES (104);
INSERT INTO Room (RoomID, BuildingID, MaxCapacity) VALUES (1, 104, 7);
INSERT INTO Room (RoomID, BuildingID, MaxCapacity) VALUES (2, 104, 4);
INSERT INTO Building (BuildingID) VALUES (105);
INSERT INTO Room (RoomID, BuildingID, MaxCapacity) VALUES (1, 105, 4);
INSERT INTO Room (RoomID, BuildingID, MaxCapacity) VALUES (2, 105, 4);
INSERT INTO Building (BuildingID) VALUES (106);
INSERT INTO Room (RoomID, BuildingID, MaxCapacity) VALUES (1, 106, 7);
INSERT INTO Room (RoomID, BuildingID, MaxCapacity) VALUES (2, 106, 5);
INSERT INTO Building (BuildingID) VALUES (107);
INSERT INTO Room (RoomID, BuildingID, MaxCapacity) VALUES (1, 107, 7);
INSERT INTO Room (RoomID, BuildingID, MaxCapacity) VALUES (2, 107, 7);
INSERT INTO Building (BuildingID) VALUES (108);
INSERT INTO Room (RoomID, BuildingID, MaxCapacity) VALUES (1, 108, 5);
INSERT INTO Room (RoomID, BuildingID, MaxCapacity) VALUES (2, 108, 7);
INSERT INTO Building (BuildingID) VALUES (109);
INSERT INTO Room (RoomID, BuildingID, MaxCapacity) VALUES (1, 109, 7);
INSERT INTO Room (RoomID, BuildingID, MaxCapacity) VALUES (2, 109, 7);
INSERT INTO Building (BuildingID) VALUES (110);
INSERT INTO Room (RoomID, BuildingID, MaxCapacity) VALUES (1, 110, 4);
INSERT INTO Room (RoomID, BuildingID, MaxCapacity) VALUES (2, 110, 6);
INSERT INTO Building (BuildingID) VALUES (111);
INSERT INTO Room (RoomID, BuildingID, MaxCapacity) VALUES (1, 111, 8);
INSERT INTO Room (RoomID, BuildingID, MaxCapacity) VALUES (2, 111, 6);
INSERT INTO Building (BuildingID) VALUES (112);
INSERT INTO Room (RoomID, BuildingID, MaxCapacity) VALUES (1, 112, 5);
INSERT INTO Room (RoomID, BuildingID, MaxCapacity) VALUES (2, 112, 6);
INSERT INTO Building (BuildingID) VALUES (113);
INSERT INTO Room (RoomID, BuildingID, MaxCapacity) VALUES (1, 113, 4);
INSERT INTO Room (RoomID, BuildingID, MaxCapacity) VALUES (2, 113, 6);
INSERT INTO Building (BuildingID) VALUES (114);
INSERT INTO Room (RoomID, BuildingID, MaxCapacity) VALUES (1, 114, 5);
INSERT INTO Room (RoomID, BuildingID, MaxCapacity) VALUES (2, 114, 6);
INSERT INTO Building (BuildingID) VALUES (115);
INSERT INTO Room (RoomID, BuildingID, MaxCapacity) VALUES (1, 115, 5);
INSERT INTO Room (RoomID, BuildingID, MaxCapacity) VALUES (2, 115, 8);
INSERT INTO Building (BuildingID) VALUES (116);
INSERT INTO Room (RoomID, BuildingID, MaxCapacity) VALUES (1, 116, 5);
INSERT INTO Room (RoomID, BuildingID, MaxCapacity) VALUES (2, 116, 6);
INSERT INTO Building (BuildingID) VALUES (117);
INSERT INTO Room (RoomID, BuildingID, MaxCapacity) VALUES (1, 117, 4);
INSERT INTO Room (RoomID, BuildingID, MaxCapacity) VALUES (2, 117, 5);
INSERT INTO Building (BuildingID) VALUES (118);
INSERT INTO Room (RoomID, BuildingID, MaxCapacity) VALUES (1, 118, 4);
INSERT INTO Room (RoomID, BuildingID, MaxCapacity) VALUES (2, 118, 8);
INSERT INTO Building (BuildingID) VALUES (119);
INSERT INTO Room (RoomID, BuildingID, MaxCapacity) VALUES (1, 119, 7);
INSERT INTO Room (RoomID, BuildingID, MaxCapacity) VALUES (2, 119, 4);
INSERT INTO Building (BuildingID) VALUES (120);
INSERT INTO Room (RoomID, BuildingID, MaxCapacity) VALUES (1, 120, 4);
INSERT INTO Room (RoomID, BuildingID, MaxCapacity) VALUES (2, 120, 4);
INSERT INTO Building (BuildingID) VALUES (121);
INSERT INTO Room (RoomID, BuildingID, MaxCapacity) VALUES (1, 121, 8);
INSERT INTO Room (RoomID, BuildingID, MaxCapacity) VALUES (2, 121, 4);
INSERT INTO Building (BuildingID) VALUES (122);
INSERT INTO Room (RoomID, BuildingID, MaxCapacity) VALUES (1, 122, 7);
INSERT INTO Room (RoomID, BuildingID, MaxCapacity) VALUES (2, 122, 4);
INSERT INTO Building (BuildingID) VALUES (123);
INSERT INTO Room (RoomID, BuildingID, MaxCapacity) VALUES (1, 123, 8);
INSERT INTO Room (RoomID, BuildingID, MaxCapacity) VALUES (2, 123, 7);
INSERT INTO Building (BuildingID) VALUES (124);
INSERT INTO Room (RoomID, BuildingID, MaxCapacity) VALUES (1, 124, 6);
INSERT INTO Room (RoomID, BuildingID, MaxCapacity) VALUES (2, 124, 7);
INSERT INTO Building (BuildingID) VALUES (125);
INSERT INTO Room (RoomID, BuildingID, MaxCapacity) VALUES (1, 125, 7);
INSERT INTO Room (RoomID, BuildingID, MaxCapacity) VALUES (2, 125, 5);
INSERT INTO Building (BuildingID) VALUES (126);
INSERT INTO Room (RoomID, BuildingID, MaxCapacity) VALUES (1, 126, 7);
INSERT INTO Room (RoomID, BuildingID, MaxCapacity) VALUES (2, 126, 6);
INSERT INTO Building (BuildingID) VALUES (127);
INSERT INTO Room (RoomID, BuildingID, MaxCapacity) VALUES (1, 127, 5);
INSERT INTO Room (RoomID, BuildingID, MaxCapacity) VALUES (2, 127, 6);
INSERT INTO Building (BuildingID) VALUES (128);
INSERT INTO Room (RoomID, BuildingID, MaxCapacity) VALUES (1, 128, 6);
INSERT INTO Room (RoomID, BuildingID, MaxCapacity) VALUES (2, 128, 5);
INSERT INTO Building (BuildingID) VALUES (129);
INSERT INTO Room (RoomID, BuildingID, MaxCapacity) VALUES (1, 129, 4);
INSERT INTO Room (RoomID, BuildingID, MaxCapacity) VALUES (2, 129, 6);
INSERT INTO Building (BuildingID) VALUES (130);
INSERT INTO Room (RoomID, BuildingID, MaxCapacity) VALUES (1, 130, 8);
INSERT INTO Room (RoomID, BuildingID, MaxCapacity) VALUES (2, 130, 7);
INSERT INTO Building (BuildingID) VALUES (131);
INSERT INTO Room (RoomID, BuildingID, MaxCapacity) VALUES (1, 131, 8);
INSERT INTO Room (RoomID, BuildingID, MaxCapacity) VALUES (2, 131, 4);
INSERT INTO Building (BuildingID) VALUES (132);
INSERT INTO Room (RoomID, BuildingID, MaxCapacity) VALUES (1, 132, 5);
INSERT INTO Room (RoomID, BuildingID, MaxCapacity) VALUES (2, 132, 7);
INSERT INTO Building (BuildingID) VALUES (133);
INSERT INTO Room (RoomID, BuildingID, MaxCapacity) VALUES (1, 133, 4);
INSERT INTO Room (RoomID, BuildingID, MaxCapacity) VALUES (2, 133, 8);
INSERT INTO Building (BuildingID) VALUES (134);
INSERT INTO Room (RoomID, BuildingID, MaxCapacity) VALUES (1, 134, 8);
INSERT INTO Room (RoomID, BuildingID, MaxCapacity) VALUES (2, 134, 8);
INSERT INTO Building (BuildingID) VALUES (135);
INSERT INTO Room (RoomID, BuildingID, MaxCapacity) VALUES (1, 135, 4);
INSERT INTO Room (RoomID, BuildingID, MaxCapacity) VALUES (2, 135, 8);
INSERT INTO Building (BuildingID) VALUES (136);
INSERT INTO Room (RoomID, BuildingID, MaxCapacity) VALUES (1, 136, 6);
INSERT INTO Room (RoomID, BuildingID, MaxCapacity) VALUES (2, 136, 4);
INSERT INTO Building (BuildingID) VALUES (137);
INSERT INTO Room (RoomID, BuildingID, MaxCapacity) VALUES (1, 137, 8);
INSERT INTO Room (RoomID, BuildingID, MaxCapacity) VALUES (2, 137, 7);
INSERT INTO Building (BuildingID) VALUES (138);
INSERT INTO Room (RoomID, BuildingID, MaxCapacity) VALUES (1, 138, 6);
INSERT INTO Room (RoomID, BuildingID, MaxCapacity) VALUES (2, 138, 7);
INSERT INTO Building (BuildingID) VALUES (139);
INSERT INTO Room (RoomID, BuildingID, MaxCapacity) VALUES (1, 139, 7);
INSERT INTO Room (RoomID, BuildingID, MaxCapacity) VALUES (2, 139, 6);
INSERT INTO Building (BuildingID) VALUES (140);
INSERT INTO Room (RoomID, BuildingID, MaxCapacity) VALUES (1, 140, 7);
INSERT INTO Room (RoomID, BuildingID, MaxCapacity) VALUES (2, 140, 4);
INSERT INTO Building (BuildingID) VALUES (141);
INSERT INTO Room (RoomID, BuildingID, MaxCapacity) VALUES (1, 141, 7);
INSERT INTO Room (RoomID, BuildingID, MaxCapacity) VALUES (2, 141, 6);
INSERT INTO Building (BuildingID) VALUES (142);
INSERT INTO Room (RoomID, BuildingID, MaxCapacity) VALUES (1, 142, 7);
INSERT INTO Room (RoomID, BuildingID, MaxCapacity) VALUES (2, 142, 7);
INSERT INTO Building (BuildingID) VALUES (143);
INSERT INTO Room (RoomID, BuildingID, MaxCapacity) VALUES (1, 143, 6);
INSERT INTO Room (RoomID, BuildingID, MaxCapacity) VALUES (2, 143, 8);
INSERT INTO Building (BuildingID) VALUES (144);
INSERT INTO Room (RoomID, BuildingID, MaxCapacity) VALUES (1, 144, 5);
INSERT INTO Room (RoomID, BuildingID, MaxCapacity) VALUES (2, 144, 4);
INSERT INTO Building (BuildingID) VALUES (145);
INSERT INTO Room (RoomID, BuildingID, MaxCapacity) VALUES (1, 145, 8);
INSERT INTO Room (RoomID, BuildingID, MaxCapacity) VALUES (2, 145, 6);
INSERT INTO Building (BuildingID) VALUES (146);
INSERT INTO Room (RoomID, BuildingID, MaxCapacity) VALUES (1, 146, 4);
INSERT INTO Room (RoomID, BuildingID, MaxCapacity) VALUES (2, 146, 6);
INSERT INTO Building (BuildingID) VALUES (147);
INSERT INTO Room (RoomID, BuildingID, MaxCapacity) VALUES (1, 147, 7);
INSERT INTO Room (RoomID, BuildingID, MaxCapacity) VALUES (2, 147, 5);
INSERT INTO Building (BuildingID) VALUES (148);
INSERT INTO Room (RoomID, BuildingID, MaxCapacity) VALUES (1, 148, 6);
INSERT INTO Room (RoomID, BuildingID, MaxCapacity) VALUES (2, 148, 5);
INSERT INTO Building (BuildingID) VALUES (149);
INSERT INTO Room (RoomID, BuildingID, MaxCapacity) VALUES (1, 149, 4);
INSERT INTO Room (RoomID, BuildingID, MaxCapacity) VALUES (2, 149, 4);
INSERT INTO Building (BuildingID) VALUES (150);
INSERT INTO Room (RoomID, BuildingID, MaxCapacity) VALUES (1, 150, 8);
INSERT INTO Room (RoomID, BuildingID, MaxCapacity) VALUES (2, 150, 6);
INSERT INTO Building (BuildingID) VALUES (151);
INSERT INTO Room (RoomID, BuildingID, MaxCapacity) VALUES (1, 151, 7);
INSERT INTO Room (RoomID, BuildingID, MaxCapacity) VALUES (2, 151, 7);
INSERT INTO Building (BuildingID) VALUES (152);
INSERT INTO Room (RoomID, BuildingID, MaxCapacity) VALUES (1, 152, 8);
INSERT INTO Room (RoomID, BuildingID, MaxCapacity) VALUES (2, 152, 6);
INSERT INTO Building (BuildingID) VALUES (153);
INSERT INTO Room (RoomID, BuildingID, MaxCapacity) VALUES (1, 153, 6);
INSERT INTO Room (RoomID, BuildingID, MaxCapacity) VALUES (2, 153, 5);
INSERT INTO Building (BuildingID) VALUES (154);
INSERT INTO Room (RoomID, BuildingID, MaxCapacity) VALUES (1, 154, 5);
INSERT INTO Room (RoomID, BuildingID, MaxCapacity) VALUES (2, 154, 4);
INSERT INTO Building (BuildingID) VALUES (155);
INSERT INTO Room (RoomID, BuildingID, MaxCapacity) VALUES (1, 155, 7);
INSERT INTO Room (RoomID, BuildingID, MaxCapacity) VALUES (2, 155, 7);
INSERT INTO Building (BuildingID) VALUES (156);
INSERT INTO Room (RoomID, BuildingID, MaxCapacity) VALUES (1, 156, 6);
INSERT INTO Room (RoomID, BuildingID, MaxCapacity) VALUES (2, 156, 7);
INSERT INTO Building (BuildingID) VALUES (157);
INSERT INTO Room (RoomID, BuildingID, MaxCapacity) VALUES (1, 157, 8);
INSERT INTO Room (RoomID, BuildingID, MaxCapacity) VALUES (2, 157, 8);
INSERT INTO Building (BuildingID) VALUES (158);
INSERT INTO Room (RoomID, BuildingID, MaxCapacity) VALUES (1, 158, 7);
INSERT INTO Room (RoomID, BuildingID, MaxCapacity) VALUES (2, 158, 7);
INSERT INTO Building (BuildingID) VALUES (159);
INSERT INTO Room (RoomID, BuildingID, MaxCapacity) VALUES (1, 159, 8);
INSERT INTO Room (RoomID, BuildingID, MaxCapacity) VALUES (2, 159, 5);
INSERT INTO Building (BuildingID) VALUES (160);
INSERT INTO Room (RoomID, BuildingID, MaxCapacity) VALUES (1, 160, 6);
INSERT INTO Room (RoomID, BuildingID, MaxCapacity) VALUES (2, 160, 4);
INSERT INTO Building (BuildingID) VALUES (161);
INSERT INTO Room (RoomID, BuildingID, MaxCapacity) VALUES (1, 161, 8);
INSERT INTO Room (RoomID, BuildingID, MaxCapacity) VALUES (2, 161, 5);
INSERT INTO Building (BuildingID) VALUES (162);
INSERT INTO Room (RoomID, BuildingID, MaxCapacity) VALUES (1, 162, 6);
INSERT INTO Room (RoomID, BuildingID, MaxCapacity) VALUES (2, 162, 7);
INSERT INTO Building (BuildingID) VALUES (163);
INSERT INTO Room (RoomID, BuildingID, MaxCapacity) VALUES (1, 163, 4);
INSERT INTO Room (RoomID, BuildingID, MaxCapacity) VALUES (2, 163, 6);
INSERT INTO Building (BuildingID) VALUES (164);
INSERT INTO Room (RoomID, BuildingID, MaxCapacity) VALUES (1, 164, 7);
INSERT INTO Room (RoomID, BuildingID, MaxCapacity) VALUES (2, 164, 6);
INSERT INTO Building (BuildingID) VALUES (165);
INSERT INTO Room (RoomID, BuildingID, MaxCapacity) VALUES (1, 165, 4);
INSERT INTO Room (RoomID, BuildingID, MaxCapacity) VALUES (2, 165, 5);
INSERT INTO Building (BuildingID) VALUES (166);
INSERT INTO Room (RoomID, BuildingID, MaxCapacity) VALUES (1, 166, 7);
INSERT INTO Room (RoomID, BuildingID, MaxCapacity) VALUES (2, 166, 4);
INSERT INTO Building (BuildingID) VALUES (167);
INSERT INTO Room (RoomID, BuildingID, MaxCapacity) VALUES (1, 167, 8);
INSERT INTO Room (RoomID, BuildingID, MaxCapacity) VALUES (2, 167, 8);
INSERT INTO Building (BuildingID) VALUES (168);
INSERT INTO Room (RoomID, BuildingID, MaxCapacity) VALUES (1, 168, 8);
INSERT INTO Room (RoomID, BuildingID, MaxCapacity) VALUES (2, 168, 5);
INSERT INTO Building (BuildingID) VALUES (169);
INSERT INTO Room (RoomID, BuildingID, MaxCapacity) VALUES (1, 169, 8);
INSERT INTO Room (RoomID, BuildingID, MaxCapacity) VALUES (2, 169, 5);
INSERT INTO Building (BuildingID) VALUES (170);
INSERT INTO Room (RoomID, BuildingID, MaxCapacity) VALUES (1, 170, 8);
INSERT INTO Room (RoomID, BuildingID, MaxCapacity) VALUES (2, 170, 7);
INSERT INTO Building (BuildingID) VALUES (171);
INSERT INTO Room (RoomID, BuildingID, MaxCapacity) VALUES (1, 171, 7);
INSERT INTO Room (RoomID, BuildingID, MaxCapacity) VALUES (2, 171, 6);
INSERT INTO Building (BuildingID) VALUES (172);
INSERT INTO Room (RoomID, BuildingID, MaxCapacity) VALUES (1, 172, 5);
INSERT INTO Room (RoomID, BuildingID, MaxCapacity) VALUES (2, 172, 8);
INSERT INTO Building (BuildingID) VALUES (173);
INSERT INTO Room (RoomID, BuildingID, MaxCapacity) VALUES (1, 173, 5);
INSERT INTO Room (RoomID, BuildingID, MaxCapacity) VALUES (2, 173, 6);
INSERT INTO Building (BuildingID) VALUES (174);
INSERT INTO Room (RoomID, BuildingID, MaxCapacity) VALUES (1, 174, 4);
INSERT INTO Room (RoomID, BuildingID, MaxCapacity) VALUES (2, 174, 8);
INSERT INTO Building (BuildingID) VALUES (175);
INSERT INTO Room (RoomID, BuildingID, MaxCapacity) VALUES (1, 175, 8);
INSERT INTO Room (RoomID, BuildingID, MaxCapacity) VALUES (2, 175, 4);
INSERT INTO Building (BuildingID) VALUES (176);
INSERT INTO Room (RoomID, BuildingID, MaxCapacity) VALUES (1, 176, 5);
INSERT INTO Room (RoomID, BuildingID, MaxCapacity) VALUES (2, 176, 6);
INSERT INTO Building (BuildingID) VALUES (177);
INSERT INTO Room (RoomID, BuildingID, MaxCapacity) VALUES (1, 177, 5);
INSERT INTO Room (RoomID, BuildingID, MaxCapacity) VALUES (2, 177, 6);
INSERT INTO Building (BuildingID) VALUES (178);
INSERT INTO Room (RoomID, BuildingID, MaxCapacity) VALUES (1, 178, 7);
INSERT INTO Room (RoomID, BuildingID, MaxCapacity) VALUES (2, 178, 8);
INSERT INTO Building (BuildingID) VALUES (179);
INSERT INTO Room (RoomID, BuildingID, MaxCapacity) VALUES (1, 179, 5);
INSERT INTO Room (RoomID, BuildingID, MaxCapacity) VALUES (2, 179, 4);
INSERT INTO Building (BuildingID) VALUES (180);
INSERT INTO Room (RoomID, BuildingID, MaxCapacity) VALUES (1, 180, 7);
INSERT INTO Room (RoomID, BuildingID, MaxCapacity) VALUES (2, 180, 8);
INSERT INTO Building (BuildingID) VALUES (181);
INSERT INTO Room (RoomID, BuildingID, MaxCapacity) VALUES (1, 181, 4);
INSERT INTO Room (RoomID, BuildingID, MaxCapacity) VALUES (2, 181, 5);
INSERT INTO Building (BuildingID) VALUES (182);
INSERT INTO Room (RoomID, BuildingID, MaxCapacity) VALUES (1, 182, 4);
INSERT INTO Room (RoomID, BuildingID, MaxCapacity) VALUES (2, 182, 4);
INSERT INTO Building (BuildingID) VALUES (183);
INSERT INTO Room (RoomID, BuildingID, MaxCapacity) VALUES (1, 183, 7);
INSERT INTO Room (RoomID, BuildingID, MaxCapacity) VALUES (2, 183, 6);
INSERT INTO Building (BuildingID) VALUES (184);
INSERT INTO Room (RoomID, BuildingID, MaxCapacity) VALUES (1, 184, 4);
INSERT INTO Room (RoomID, BuildingID, MaxCapacity) VALUES (2, 184, 5);
INSERT INTO Building (BuildingID) VALUES (185);
INSERT INTO Room (RoomID, BuildingID, MaxCapacity) VALUES (1, 185, 8);
INSERT INTO Room (RoomID, BuildingID, MaxCapacity) VALUES (2, 185, 4);
INSERT INTO Building (BuildingID) VALUES (186);
INSERT INTO Room (RoomID, BuildingID, MaxCapacity) VALUES (1, 186, 4);
INSERT INTO Room (RoomID, BuildingID, MaxCapacity) VALUES (2, 186, 6);
INSERT INTO Building (BuildingID) VALUES (187);
INSERT INTO Room (RoomID, BuildingID, MaxCapacity) VALUES (1, 187, 7);
INSERT INTO Room (RoomID, BuildingID, MaxCapacity) VALUES (2, 187, 4);
INSERT INTO Building (BuildingID) VALUES (188);
INSERT INTO Room (RoomID, BuildingID, MaxCapacity) VALUES (1, 188, 8);
INSERT INTO Room (RoomID, BuildingID, MaxCapacity) VALUES (2, 188, 4);
INSERT INTO Building (BuildingID) VALUES (189);
INSERT INTO Room (RoomID, BuildingID, MaxCapacity) VALUES (1, 189, 6);
INSERT INTO Room (RoomID, BuildingID, MaxCapacity) VALUES (2, 189, 7);
INSERT INTO Building (BuildingID) VALUES (190);
INSERT INTO Room (RoomID, BuildingID, MaxCapacity) VALUES (1, 190, 7);
INSERT INTO Room (RoomID, BuildingID, MaxCapacity) VALUES (2, 190, 4);
INSERT INTO Building (BuildingID) VALUES (191);
INSERT INTO Room (RoomID, BuildingID, MaxCapacity) VALUES (1, 191, 7);
INSERT INTO Room (RoomID, BuildingID, MaxCapacity) VALUES (2, 191, 5);
INSERT INTO Building (BuildingID) VALUES (192);
INSERT INTO Room (RoomID, BuildingID, MaxCapacity) VALUES (1, 192, 7);
INSERT INTO Room (RoomID, BuildingID, MaxCapacity) VALUES (2, 192, 5);
INSERT INTO Building (BuildingID) VALUES (193);
INSERT INTO Room (RoomID, BuildingID, MaxCapacity) VALUES (1, 193, 4);
INSERT INTO Room (RoomID, BuildingID, MaxCapacity) VALUES (2, 193, 6);
INSERT INTO Building (BuildingID) VALUES (194);
INSERT INTO Room (RoomID, BuildingID, MaxCapacity) VALUES (1, 194, 8);
INSERT INTO Room (RoomID, BuildingID, MaxCapacity) VALUES (2, 194, 5);
INSERT INTO Building (BuildingID) VALUES (195);
INSERT INTO Room (RoomID, BuildingID, MaxCapacity) VALUES (1, 195, 4);
INSERT INTO Room (RoomID, BuildingID, MaxCapacity) VALUES (2, 195, 5);
INSERT INTO Building (BuildingID) VALUES (196);
INSERT INTO Room (RoomID, BuildingID, MaxCapacity) VALUES (1, 196, 5);
INSERT INTO Room (RoomID, BuildingID, MaxCapacity) VALUES (2, 196, 8);
INSERT INTO Building (BuildingID) VALUES (197);
INSERT INTO Room (RoomID, BuildingID, MaxCapacity) VALUES (1, 197, 5);
INSERT INTO Room (RoomID, BuildingID, MaxCapacity) VALUES (2, 197, 4);
INSERT INTO Building (BuildingID) VALUES (198);
INSERT INTO Room (RoomID, BuildingID, MaxCapacity) VALUES (1, 198, 8);
INSERT INTO Room (RoomID, BuildingID, MaxCapacity) VALUES (2, 198, 5);
INSERT INTO Building (BuildingID) VALUES (199);
INSERT INTO Room (RoomID, BuildingID, MaxCapacity) VALUES (1, 199, 8);
INSERT INTO Room (RoomID, BuildingID, MaxCapacity) VALUES (2, 199, 8);
INSERT INTO Building (BuildingID) VALUES (200);
INSERT INTO Room (RoomID, BuildingID, MaxCapacity) VALUES (1, 200, 7);
INSERT INTO Room (RoomID, BuildingID, MaxCapacity) VALUES (2, 200, 6);
INSERT INTO Building (BuildingID) VALUES (201);
INSERT INTO Room (RoomID, BuildingID, MaxCapacity) VALUES (1, 201, 5);
INSERT INTO Room (RoomID, BuildingID, MaxCapacity) VALUES (2, 201, 4);
INSERT INTO Building (BuildingID) VALUES (202);
INSERT INTO Room (RoomID, BuildingID, MaxCapacity) VALUES (1, 202, 8);
INSERT INTO Room (RoomID, BuildingID, MaxCapacity) VALUES (2, 202, 4);
INSERT INTO Building (BuildingID) VALUES (203);
INSERT INTO Room (RoomID, BuildingID, MaxCapacity) VALUES (1, 203, 5);
INSERT INTO Room (RoomID, BuildingID, MaxCapacity) VALUES (2, 203, 7);
INSERT INTO Building (BuildingID) VALUES (204);
INSERT INTO Room (RoomID, BuildingID, MaxCapacity) VALUES (1, 204, 5);
INSERT INTO Room (RoomID, BuildingID, MaxCapacity) VALUES (2, 204, 7);
INSERT INTO Building (BuildingID) VALUES (205);
INSERT INTO Room (RoomID, BuildingID, MaxCapacity) VALUES (1, 205, 6);
INSERT INTO Room (RoomID, BuildingID, MaxCapacity) VALUES (2, 205, 5);
INSERT INTO Building (BuildingID) VALUES (206);
INSERT INTO Room (RoomID, BuildingID, MaxCapacity) VALUES (1, 206, 7);
INSERT INTO Room (RoomID, BuildingID, MaxCapacity) VALUES (2, 206, 5);
INSERT INTO Building (BuildingID) VALUES (207);
INSERT INTO Room (RoomID, BuildingID, MaxCapacity) VALUES (1, 207, 6);
INSERT INTO Room (RoomID, BuildingID, MaxCapacity) VALUES (2, 207, 5);
INSERT INTO Building (BuildingID) VALUES (208);
INSERT INTO Room (RoomID, BuildingID, MaxCapacity) VALUES (1, 208, 8);
INSERT INTO Room (RoomID, BuildingID, MaxCapacity) VALUES (2, 208, 8);
INSERT INTO Building (BuildingID) VALUES (209);
INSERT INTO Room (RoomID, BuildingID, MaxCapacity) VALUES (1, 209, 5);
INSERT INTO Room (RoomID, BuildingID, MaxCapacity) VALUES (2, 209, 6);
INSERT INTO Building (BuildingID) VALUES (210);
INSERT INTO Room (RoomID, BuildingID, MaxCapacity) VALUES (1, 210, 5);
INSERT INTO Room (RoomID, BuildingID, MaxCapacity) VALUES (2, 210, 7);
INSERT INTO Building (BuildingID) VALUES (211);
INSERT INTO Room (RoomID, BuildingID, MaxCapacity) VALUES (1, 211, 6);
INSERT INTO Room (RoomID, BuildingID, MaxCapacity) VALUES (2, 211, 7);
INSERT INTO Building (BuildingID) VALUES (212);
INSERT INTO Room (RoomID, BuildingID, MaxCapacity) VALUES (1, 212, 6);
INSERT INTO Room (RoomID, BuildingID, MaxCapacity) VALUES (2, 212, 5);
INSERT INTO Building (BuildingID) VALUES (213);
INSERT INTO Room (RoomID, BuildingID, MaxCapacity) VALUES (1, 213, 6);
INSERT INTO Room (RoomID, BuildingID, MaxCapacity) VALUES (2, 213, 6);
INSERT INTO Building (BuildingID) VALUES (214);
INSERT INTO Room (RoomID, BuildingID, MaxCapacity) VALUES (1, 214, 6);
INSERT INTO Room (RoomID, BuildingID, MaxCapacity) VALUES (2, 214, 7);
INSERT INTO Building (BuildingID) VALUES (215);
INSERT INTO Room (RoomID, BuildingID, MaxCapacity) VALUES (1, 215, 8);
INSERT INTO Room (RoomID, BuildingID, MaxCapacity) VALUES (2, 215, 7);
INSERT INTO Building (BuildingID) VALUES (216);
INSERT INTO Room (RoomID, BuildingID, MaxCapacity) VALUES (1, 216, 8);
INSERT INTO Room (RoomID, BuildingID, MaxCapacity) VALUES (2, 216, 6);
INSERT INTO Building (BuildingID) VALUES (217);
INSERT INTO Room (RoomID, BuildingID, MaxCapacity) VALUES (1, 217, 6);
INSERT INTO Room (RoomID, BuildingID, MaxCapacity) VALUES (2, 217, 7);
INSERT INTO Building (BuildingID) VALUES (218);
INSERT INTO Room (RoomID, BuildingID, MaxCapacity) VALUES (1, 218, 5);
INSERT INTO Room (RoomID, BuildingID, MaxCapacity) VALUES (2, 218, 7);
INSERT INTO Building (BuildingID) VALUES (219);
INSERT INTO Room (RoomID, BuildingID, MaxCapacity) VALUES (1, 219, 4);
INSERT INTO Room (RoomID, BuildingID, MaxCapacity) VALUES (2, 219, 5);
INSERT INTO Building (BuildingID) VALUES (220);
INSERT INTO Room (RoomID, BuildingID, MaxCapacity) VALUES (1, 220, 7);
INSERT INTO Room (RoomID, BuildingID, MaxCapacity) VALUES (2, 220, 8);
INSERT INTO Building (BuildingID) VALUES (221);
INSERT INTO Room (RoomID, BuildingID, MaxCapacity) VALUES (1, 221, 5);
INSERT INTO Room (RoomID, BuildingID, MaxCapacity) VALUES (2, 221, 5);
INSERT INTO Building (BuildingID) VALUES (222);
INSERT INTO Room (RoomID, BuildingID, MaxCapacity) VALUES (1, 222, 7);
INSERT INTO Room (RoomID, BuildingID, MaxCapacity) VALUES (2, 222, 6);
INSERT INTO Building (BuildingID) VALUES (223);
INSERT INTO Room (RoomID, BuildingID, MaxCapacity) VALUES (1, 223, 7);
INSERT INTO Room (RoomID, BuildingID, MaxCapacity) VALUES (2, 223, 8);
INSERT INTO Building (BuildingID) VALUES (224);
INSERT INTO Room (RoomID, BuildingID, MaxCapacity) VALUES (1, 224, 7);
INSERT INTO Room (RoomID, BuildingID, MaxCapacity) VALUES (2, 224, 5);
INSERT INTO Building (BuildingID) VALUES (225);
INSERT INTO Room (RoomID, BuildingID, MaxCapacity) VALUES (1, 225, 5);
INSERT INTO Room (RoomID, BuildingID, MaxCapacity) VALUES (2, 225, 8);
INSERT INTO Building (BuildingID) VALUES (226);
INSERT INTO Room (RoomID, BuildingID, MaxCapacity) VALUES (1, 226, 4);
INSERT INTO Room (RoomID, BuildingID, MaxCapacity) VALUES (2, 226, 6);
INSERT INTO Building (BuildingID) VALUES (227);
INSERT INTO Room (RoomID, BuildingID, MaxCapacity) VALUES (1, 227, 4);
INSERT INTO Room (RoomID, BuildingID, MaxCapacity) VALUES (2, 227, 4);
INSERT INTO Building (BuildingID) VALUES (228);
INSERT INTO Room (RoomID, BuildingID, MaxCapacity) VALUES (1, 228, 6);
INSERT INTO Room (RoomID, BuildingID, MaxCapacity) VALUES (2, 228, 8);
INSERT INTO Building (BuildingID) VALUES (229);
INSERT INTO Room (RoomID, BuildingID, MaxCapacity) VALUES (1, 229, 7);
INSERT INTO Room (RoomID, BuildingID, MaxCapacity) VALUES (2, 229, 8);
INSERT INTO Building (BuildingID) VALUES (230);
INSERT INTO Room (RoomID, BuildingID, MaxCapacity) VALUES (1, 230, 6);
INSERT INTO Room (RoomID, BuildingID, MaxCapacity) VALUES (2, 230, 7);
INSERT INTO Building (BuildingID) VALUES (231);
INSERT INTO Room (RoomID, BuildingID, MaxCapacity) VALUES (1, 231, 7);
INSERT INTO Room (RoomID, BuildingID, MaxCapacity) VALUES (2, 231, 6);
INSERT INTO Building (BuildingID) VALUES (232);
INSERT INTO Room (RoomID, BuildingID, MaxCapacity) VALUES (1, 232, 5);
INSERT INTO Room (RoomID, BuildingID, MaxCapacity) VALUES (2, 232, 8);
INSERT INTO Building (BuildingID) VALUES (233);
INSERT INTO Room (RoomID, BuildingID, MaxCapacity) VALUES (1, 233, 6);
INSERT INTO Room (RoomID, BuildingID, MaxCapacity) VALUES (2, 233, 6);
INSERT INTO Building (BuildingID) VALUES (234);
INSERT INTO Room (RoomID, BuildingID, MaxCapacity) VALUES (1, 234, 4);
INSERT INTO Room (RoomID, BuildingID, MaxCapacity) VALUES (2, 234, 6);
INSERT INTO Building (BuildingID) VALUES (235);
INSERT INTO Room (RoomID, BuildingID, MaxCapacity) VALUES (1, 235, 8);
INSERT INTO Room (RoomID, BuildingID, MaxCapacity) VALUES (2, 235, 4);
INSERT INTO Building (BuildingID) VALUES (236);
INSERT INTO Room (RoomID, BuildingID, MaxCapacity) VALUES (1, 236, 6);
INSERT INTO Room (RoomID, BuildingID, MaxCapacity) VALUES (2, 236, 6);
INSERT INTO Building (BuildingID) VALUES (237);
INSERT INTO Room (RoomID, BuildingID, MaxCapacity) VALUES (1, 237, 6);
INSERT INTO Room (RoomID, BuildingID, MaxCapacity) VALUES (2, 237, 7);
INSERT INTO Building (BuildingID) VALUES (238);
INSERT INTO Room (RoomID, BuildingID, MaxCapacity) VALUES (1, 238, 4);
INSERT INTO Room (RoomID, BuildingID, MaxCapacity) VALUES (2, 238, 4);
INSERT INTO Building (BuildingID) VALUES (239);
INSERT INTO Room (RoomID, BuildingID, MaxCapacity) VALUES (1, 239, 6);
INSERT INTO Room (RoomID, BuildingID, MaxCapacity) VALUES (2, 239, 6);
INSERT INTO Building (BuildingID) VALUES (240);
INSERT INTO Room (RoomID, BuildingID, MaxCapacity) VALUES (1, 240, 8);
INSERT INTO Room (RoomID, BuildingID, MaxCapacity) VALUES (2, 240, 4);
INSERT INTO Building (BuildingID) VALUES (241);
INSERT INTO Room (RoomID, BuildingID, MaxCapacity) VALUES (1, 241, 6);
INSERT INTO Room (RoomID, BuildingID, MaxCapacity) VALUES (2, 241, 8);
INSERT INTO Building (BuildingID) VALUES (242);
INSERT INTO Room (RoomID, BuildingID, MaxCapacity) VALUES (1, 242, 6);
INSERT INTO Room (RoomID, BuildingID, MaxCapacity) VALUES (2, 242, 4);
INSERT INTO Building (BuildingID) VALUES (243);
INSERT INTO Room (RoomID, BuildingID, MaxCapacity) VALUES (1, 243, 7);
INSERT INTO Room (RoomID, BuildingID, MaxCapacity) VALUES (2, 243, 8);
INSERT INTO Building (BuildingID) VALUES (244);
INSERT INTO Room (RoomID, BuildingID, MaxCapacity) VALUES (1, 244, 5);
INSERT INTO Room (RoomID, BuildingID, MaxCapacity) VALUES (2, 244, 5);
INSERT INTO Building (BuildingID) VALUES (245);
INSERT INTO Room (RoomID, BuildingID, MaxCapacity) VALUES (1, 245, 6);
INSERT INTO Room (RoomID, BuildingID, MaxCapacity) VALUES (2, 245, 6);
INSERT INTO Building (BuildingID) VALUES (246);
INSERT INTO Room (RoomID, BuildingID, MaxCapacity) VALUES (1, 246, 5);
INSERT INTO Room (RoomID, BuildingID, MaxCapacity) VALUES (2, 246, 6);
INSERT INTO Building (BuildingID) VALUES (247);
INSERT INTO Room (RoomID, BuildingID, MaxCapacity) VALUES (1, 247, 5);
INSERT INTO Room (RoomID, BuildingID, MaxCapacity) VALUES (2, 247, 7);
INSERT INTO Building (BuildingID) VALUES (248);
INSERT INTO Room (RoomID, BuildingID, MaxCapacity) VALUES (1, 248, 6);
INSERT INTO Room (RoomID, BuildingID, MaxCapacity) VALUES (2, 248, 8);
INSERT INTO Building (BuildingID) VALUES (249);
INSERT INTO Room (RoomID, BuildingID, MaxCapacity) VALUES (1, 249, 8);
INSERT INTO Room (RoomID, BuildingID, MaxCapacity) VALUES (2, 249, 7);
INSERT INTO Building (BuildingID) VALUES (250);
INSERT INTO Room (RoomID, BuildingID, MaxCapacity) VALUES (1, 250, 5);
INSERT INTO Room (RoomID, BuildingID, MaxCapacity) VALUES (2, 250, 7);
INSERT INTO Building (BuildingID) VALUES (251);
INSERT INTO Room (RoomID, BuildingID, MaxCapacity) VALUES (1, 251, 5);
INSERT INTO Room (RoomID, BuildingID, MaxCapacity) VALUES (2, 251, 8);
INSERT INTO Building (BuildingID) VALUES (252);
INSERT INTO Room (RoomID, BuildingID, MaxCapacity) VALUES (1, 252, 8);
INSERT INTO Room (RoomID, BuildingID, MaxCapacity) VALUES (2, 252, 6);
INSERT INTO Building (BuildingID) VALUES (253);
INSERT INTO Room (RoomID, BuildingID, MaxCapacity) VALUES (1, 253, 7);
INSERT INTO Room (RoomID, BuildingID, MaxCapacity) VALUES (2, 253, 7);
INSERT INTO Building (BuildingID) VALUES (254);
INSERT INTO Room (RoomID, BuildingID, MaxCapacity) VALUES (1, 254, 4);
INSERT INTO Room (RoomID, BuildingID, MaxCapacity) VALUES (2, 254, 5);
INSERT INTO Building (BuildingID) VALUES (255);
INSERT INTO Room (RoomID, BuildingID, MaxCapacity) VALUES (1, 255, 5);
INSERT INTO Room (RoomID, BuildingID, MaxCapacity) VALUES (2, 255, 8);
INSERT INTO Building (BuildingID) VALUES (256);
INSERT INTO Room (RoomID, BuildingID, MaxCapacity) VALUES (1, 256, 4);
INSERT INTO Room (RoomID, BuildingID, MaxCapacity) VALUES (2, 256, 8);
INSERT INTO Building (BuildingID) VALUES (257);
INSERT INTO Room (RoomID, BuildingID, MaxCapacity) VALUES (1, 257, 4);
INSERT INTO Room (RoomID, BuildingID, MaxCapacity) VALUES (2, 257, 7);
INSERT INTO Building (BuildingID) VALUES (258);
INSERT INTO Room (RoomID, BuildingID, MaxCapacity) VALUES (1, 258, 7);
INSERT INTO Room (RoomID, BuildingID, MaxCapacity) VALUES (2, 258, 4);
INSERT INTO Building (BuildingID) VALUES (259);
INSERT INTO Room (RoomID, BuildingID, MaxCapacity) VALUES (1, 259, 5);
INSERT INTO Room (RoomID, BuildingID, MaxCapacity) VALUES (2, 259, 7);
INSERT INTO Building (BuildingID) VALUES (260);
INSERT INTO Room (RoomID, BuildingID, MaxCapacity) VALUES (1, 260, 6);
INSERT INTO Room (RoomID, BuildingID, MaxCapacity) VALUES (2, 260, 6);
INSERT INTO Building (BuildingID) VALUES (261);
INSERT INTO Room (RoomID, BuildingID, MaxCapacity) VALUES (1, 261, 7);
INSERT INTO Room (RoomID, BuildingID, MaxCapacity) VALUES (2, 261, 7);
INSERT INTO Building (BuildingID) VALUES (262);
INSERT INTO Room (RoomID, BuildingID, MaxCapacity) VALUES (1, 262, 7);
INSERT INTO Room (RoomID, BuildingID, MaxCapacity) VALUES (2, 262, 4);
INSERT INTO Building (BuildingID) VALUES (263);
INSERT INTO Room (RoomID, BuildingID, MaxCapacity) VALUES (1, 263, 5);
INSERT INTO Room (RoomID, BuildingID, MaxCapacity) VALUES (2, 263, 7);
INSERT INTO Building (BuildingID) VALUES (264);
INSERT INTO Room (RoomID, BuildingID, MaxCapacity) VALUES (1, 264, 8);
INSERT INTO Room (RoomID, BuildingID, MaxCapacity) VALUES (2, 264, 7);
INSERT INTO Building (BuildingID) VALUES (265);
INSERT INTO Room (RoomID, BuildingID, MaxCapacity) VALUES (1, 265, 7);
INSERT INTO Room (RoomID, BuildingID, MaxCapacity) VALUES (2, 265, 5);
INSERT INTO Building (BuildingID) VALUES (266);
INSERT INTO Room (RoomID, BuildingID, MaxCapacity) VALUES (1, 266, 4);
INSERT INTO Room (RoomID, BuildingID, MaxCapacity) VALUES (2, 266, 4);
INSERT INTO Building (BuildingID) VALUES (267);
INSERT INTO Room (RoomID, BuildingID, MaxCapacity) VALUES (1, 267, 6);
INSERT INTO Room (RoomID, BuildingID, MaxCapacity) VALUES (2, 267, 7);
INSERT INTO Building (BuildingID) VALUES (268);
INSERT INTO Room (RoomID, BuildingID, MaxCapacity) VALUES (1, 268, 5);
INSERT INTO Room (RoomID, BuildingID, MaxCapacity) VALUES (2, 268, 5);
INSERT INTO Building (BuildingID) VALUES (269);
INSERT INTO Room (RoomID, BuildingID, MaxCapacity) VALUES (1, 269, 7);
INSERT INTO Room (RoomID, BuildingID, MaxCapacity) VALUES (2, 269, 7);
INSERT INTO Building (BuildingID) VALUES (270);
INSERT INTO Room (RoomID, BuildingID, MaxCapacity) VALUES (1, 270, 5);
INSERT INTO Room (RoomID, BuildingID, MaxCapacity) VALUES (2, 270, 7);
INSERT INTO Building (BuildingID) VALUES (271);
INSERT INTO Room (RoomID, BuildingID, MaxCapacity) VALUES (1, 271, 7);
INSERT INTO Room (RoomID, BuildingID, MaxCapacity) VALUES (2, 271, 5);
INSERT INTO Building (BuildingID) VALUES (272);
INSERT INTO Room (RoomID, BuildingID, MaxCapacity) VALUES (1, 272, 6);
INSERT INTO Room (RoomID, BuildingID, MaxCapacity) VALUES (2, 272, 7);
INSERT INTO Building (BuildingID) VALUES (273);
INSERT INTO Room (RoomID, BuildingID, MaxCapacity) VALUES (1, 273, 4);
INSERT INTO Room (RoomID, BuildingID, MaxCapacity) VALUES (2, 273, 5);
INSERT INTO Building (BuildingID) VALUES (274);
INSERT INTO Room (RoomID, BuildingID, MaxCapacity) VALUES (1, 274, 7);
INSERT INTO Room (RoomID, BuildingID, MaxCapacity) VALUES (2, 274, 4);
INSERT INTO Building (BuildingID) VALUES (275);
INSERT INTO Room (RoomID, BuildingID, MaxCapacity) VALUES (1, 275, 5);
INSERT INTO Room (RoomID, BuildingID, MaxCapacity) VALUES (2, 275, 4);
INSERT INTO Building (BuildingID) VALUES (276);
INSERT INTO Room (RoomID, BuildingID, MaxCapacity) VALUES (1, 276, 8);
INSERT INTO Room (RoomID, BuildingID, MaxCapacity) VALUES (2, 276, 4);
INSERT INTO Building (BuildingID) VALUES (277);
INSERT INTO Room (RoomID, BuildingID, MaxCapacity) VALUES (1, 277, 5);
INSERT INTO Room (RoomID, BuildingID, MaxCapacity) VALUES (2, 277, 8);
INSERT INTO Building (BuildingID) VALUES (278);
INSERT INTO Room (RoomID, BuildingID, MaxCapacity) VALUES (1, 278, 7);
INSERT INTO Room (RoomID, BuildingID, MaxCapacity) VALUES (2, 278, 6);
INSERT INTO Building (BuildingID) VALUES (279);
INSERT INTO Room (RoomID, BuildingID, MaxCapacity) VALUES (1, 279, 5);
INSERT INTO Room (RoomID, BuildingID, MaxCapacity) VALUES (2, 279, 5);
INSERT INTO Building (BuildingID) VALUES (280);
INSERT INTO Room (RoomID, BuildingID, MaxCapacity) VALUES (1, 280, 4);
INSERT INTO Room (RoomID, BuildingID, MaxCapacity) VALUES (2, 280, 6);
INSERT INTO Building (BuildingID) VALUES (281);
INSERT INTO Room (RoomID, BuildingID, MaxCapacity) VALUES (1, 281, 5);
INSERT INTO Room (RoomID, BuildingID, MaxCapacity) VALUES (2, 281, 7);
INSERT INTO Building (BuildingID) VALUES (282);
INSERT INTO Room (RoomID, BuildingID, MaxCapacity) VALUES (1, 282, 7);
INSERT INTO Room (RoomID, BuildingID, MaxCapacity) VALUES (2, 282, 7);
INSERT INTO Building (BuildingID) VALUES (283);
INSERT INTO Room (RoomID, BuildingID, MaxCapacity) VALUES (1, 283, 4);
INSERT INTO Room (RoomID, BuildingID, MaxCapacity) VALUES (2, 283, 6);
INSERT INTO Building (BuildingID) VALUES (284);
INSERT INTO Room (RoomID, BuildingID, MaxCapacity) VALUES (1, 284, 8);
INSERT INTO Room (RoomID, BuildingID, MaxCapacity) VALUES (2, 284, 7);
INSERT INTO Building (BuildingID) VALUES (285);
INSERT INTO Room (RoomID, BuildingID, MaxCapacity) VALUES (1, 285, 6);
INSERT INTO Room (RoomID, BuildingID, MaxCapacity) VALUES (2, 285, 5);
INSERT INTO Building (BuildingID) VALUES (286);
INSERT INTO Room (RoomID, BuildingID, MaxCapacity) VALUES (1, 286, 6);
INSERT INTO Room (RoomID, BuildingID, MaxCapacity) VALUES (2, 286, 8);
INSERT INTO Building (BuildingID) VALUES (287);
INSERT INTO Room (RoomID, BuildingID, MaxCapacity) VALUES (1, 287, 7);
INSERT INTO Room (RoomID, BuildingID, MaxCapacity) VALUES (2, 287, 4);
INSERT INTO Building (BuildingID) VALUES (288);
INSERT INTO Room (RoomID, BuildingID, MaxCapacity) VALUES (1, 288, 8);
INSERT INTO Room (RoomID, BuildingID, MaxCapacity) VALUES (2, 288, 8);
INSERT INTO Building (BuildingID) VALUES (289);
INSERT INTO Room (RoomID, BuildingID, MaxCapacity) VALUES (1, 289, 5);
INSERT INTO Room (RoomID, BuildingID, MaxCapacity) VALUES (2, 289, 4);
INSERT INTO Building (BuildingID) VALUES (290);
INSERT INTO Room (RoomID, BuildingID, MaxCapacity) VALUES (1, 290, 5);
INSERT INTO Room (RoomID, BuildingID, MaxCapacity) VALUES (2, 290, 4);
INSERT INTO Building (BuildingID) VALUES (291);
INSERT INTO Room (RoomID, BuildingID, MaxCapacity) VALUES (1, 291, 6);
INSERT INTO Room (RoomID, BuildingID, MaxCapacity) VALUES (2, 291, 4);
INSERT INTO Building (BuildingID) VALUES (292);
INSERT INTO Room (RoomID, BuildingID, MaxCapacity) VALUES (1, 292, 8);
INSERT INTO Room (RoomID, BuildingID, MaxCapacity) VALUES (2, 292, 8);
INSERT INTO Building (BuildingID) VALUES (293);
INSERT INTO Room (RoomID, BuildingID, MaxCapacity) VALUES (1, 293, 5);
INSERT INTO Room (RoomID, BuildingID, MaxCapacity) VALUES (2, 293, 6);
INSERT INTO Building (BuildingID) VALUES (294);
INSERT INTO Room (RoomID, BuildingID, MaxCapacity) VALUES (1, 294, 5);
INSERT INTO Room (RoomID, BuildingID, MaxCapacity) VALUES (2, 294, 7);
INSERT INTO Building (BuildingID) VALUES (295);
INSERT INTO Room (RoomID, BuildingID, MaxCapacity) VALUES (1, 295, 7);
INSERT INTO Room (RoomID, BuildingID, MaxCapacity) VALUES (2, 295, 6);
INSERT INTO Building (BuildingID) VALUES (296);
INSERT INTO Room (RoomID, BuildingID, MaxCapacity) VALUES (1, 296, 4);
INSERT INTO Room (RoomID, BuildingID, MaxCapacity) VALUES (2, 296, 6);
INSERT INTO Building (BuildingID) VALUES (297);
INSERT INTO Room (RoomID, BuildingID, MaxCapacity) VALUES (1, 297, 6);
INSERT INTO Room (RoomID, BuildingID, MaxCapacity) VALUES (2, 297, 4);
INSERT INTO Building (BuildingID) VALUES (298);
INSERT INTO Room (RoomID, BuildingID, MaxCapacity) VALUES (1, 298, 7);
INSERT INTO Room (RoomID, BuildingID, MaxCapacity) VALUES (2, 298, 4);
INSERT INTO Building (BuildingID) VALUES (299);
INSERT INTO Room (RoomID, BuildingID, MaxCapacity) VALUES (1, 299, 7);
INSERT INTO Room (RoomID, BuildingID, MaxCapacity) VALUES (2, 299, 5);
INSERT INTO Building (BuildingID) VALUES (300);
INSERT INTO Room (RoomID, BuildingID, MaxCapacity) VALUES (1, 300, 5);
INSERT INTO Room (RoomID, BuildingID, MaxCapacity) VALUES (2, 300, 5);
INSERT INTO Building (BuildingID) VALUES (301);
INSERT INTO Room (RoomID, BuildingID, MaxCapacity) VALUES (1, 301, 5);
INSERT INTO Room (RoomID, BuildingID, MaxCapacity) VALUES (2, 301, 7);
INSERT INTO Building (BuildingID) VALUES (302);
INSERT INTO Room (RoomID, BuildingID, MaxCapacity) VALUES (1, 302, 6);
INSERT INTO Room (RoomID, BuildingID, MaxCapacity) VALUES (2, 302, 8);
INSERT INTO Building (BuildingID) VALUES (303);
INSERT INTO Room (RoomID, BuildingID, MaxCapacity) VALUES (1, 303, 5);
INSERT INTO Room (RoomID, BuildingID, MaxCapacity) VALUES (2, 303, 8);
INSERT INTO Building (BuildingID) VALUES (304);
INSERT INTO Room (RoomID, BuildingID, MaxCapacity) VALUES (1, 304, 7);
INSERT INTO Room (RoomID, BuildingID, MaxCapacity) VALUES (2, 304, 6);
INSERT INTO Building (BuildingID) VALUES (305);
INSERT INTO Room (RoomID, BuildingID, MaxCapacity) VALUES (1, 305, 8);
INSERT INTO Room (RoomID, BuildingID, MaxCapacity) VALUES (2, 305, 7);
INSERT INTO Building (BuildingID) VALUES (306);
INSERT INTO Room (RoomID, BuildingID, MaxCapacity) VALUES (1, 306, 8);
INSERT INTO Room (RoomID, BuildingID, MaxCapacity) VALUES (2, 306, 5);
INSERT INTO Building (BuildingID) VALUES (307);
INSERT INTO Room (RoomID, BuildingID, MaxCapacity) VALUES (1, 307, 4);
INSERT INTO Room (RoomID, BuildingID, MaxCapacity) VALUES (2, 307, 7);
INSERT INTO Building (BuildingID) VALUES (308);
INSERT INTO Room (RoomID, BuildingID, MaxCapacity) VALUES (1, 308, 8);
INSERT INTO Room (RoomID, BuildingID, MaxCapacity) VALUES (2, 308, 4);
INSERT INTO Building (BuildingID) VALUES (309);
INSERT INTO Room (RoomID, BuildingID, MaxCapacity) VALUES (1, 309, 4);
INSERT INTO Room (RoomID, BuildingID, MaxCapacity) VALUES (2, 309, 6);
INSERT INTO Building (BuildingID) VALUES (310);
INSERT INTO Room (RoomID, BuildingID, MaxCapacity) VALUES (1, 310, 4);
INSERT INTO Room (RoomID, BuildingID, MaxCapacity) VALUES (2, 310, 4);
INSERT INTO Building (BuildingID) VALUES (311);
INSERT INTO Room (RoomID, BuildingID, MaxCapacity) VALUES (1, 311, 8);
INSERT INTO Room (RoomID, BuildingID, MaxCapacity) VALUES (2, 311, 6);
INSERT INTO Building (BuildingID) VALUES (312);
INSERT INTO Room (RoomID, BuildingID, MaxCapacity) VALUES (1, 312, 4);
INSERT INTO Room (RoomID, BuildingID, MaxCapacity) VALUES (2, 312, 6);
INSERT INTO Building (BuildingID) VALUES (313);
INSERT INTO Room (RoomID, BuildingID, MaxCapacity) VALUES (1, 313, 5);
INSERT INTO Room (RoomID, BuildingID, MaxCapacity) VALUES (2, 313, 6);
INSERT INTO Building (BuildingID) VALUES (314);
INSERT INTO Room (RoomID, BuildingID, MaxCapacity) VALUES (1, 314, 4);
INSERT INTO Room (RoomID, BuildingID, MaxCapacity) VALUES (2, 314, 6);
INSERT INTO Building (BuildingID) VALUES (315);
INSERT INTO Room (RoomID, BuildingID, MaxCapacity) VALUES (1, 315, 4);
INSERT INTO Room (RoomID, BuildingID, MaxCapacity) VALUES (2, 315, 4);
INSERT INTO Building (BuildingID) VALUES (316);
INSERT INTO Room (RoomID, BuildingID, MaxCapacity) VALUES (1, 316, 8);
INSERT INTO Room (RoomID, BuildingID, MaxCapacity) VALUES (2, 316, 5);
INSERT INTO Building (BuildingID) VALUES (317);
INSERT INTO Room (RoomID, BuildingID, MaxCapacity) VALUES (1, 317, 4);
INSERT INTO Room (RoomID, BuildingID, MaxCapacity) VALUES (2, 317, 4);
INSERT INTO Building (BuildingID) VALUES (318);
INSERT INTO Room (RoomID, BuildingID, MaxCapacity) VALUES (1, 318, 6);
INSERT INTO Room (RoomID, BuildingID, MaxCapacity) VALUES (2, 318, 5);
INSERT INTO Building (BuildingID) VALUES (319);
INSERT INTO Room (RoomID, BuildingID, MaxCapacity) VALUES (1, 319, 7);
INSERT INTO Room (RoomID, BuildingID, MaxCapacity) VALUES (2, 319, 8);
INSERT INTO Building (BuildingID) VALUES (320);
INSERT INTO Room (RoomID, BuildingID, MaxCapacity) VALUES (1, 320, 6);
INSERT INTO Room (RoomID, BuildingID, MaxCapacity) VALUES (2, 320, 7);
INSERT INTO Building (BuildingID) VALUES (321);
INSERT INTO Room (RoomID, BuildingID, MaxCapacity) VALUES (1, 321, 6);
INSERT INTO Room (RoomID, BuildingID, MaxCapacity) VALUES (2, 321, 5);
INSERT INTO Building (BuildingID) VALUES (322);
INSERT INTO Room (RoomID, BuildingID, MaxCapacity) VALUES (1, 322, 5);
INSERT INTO Room (RoomID, BuildingID, MaxCapacity) VALUES (2, 322, 6);
INSERT INTO Building (BuildingID) VALUES (323);
INSERT INTO Room (RoomID, BuildingID, MaxCapacity) VALUES (1, 323, 8);
INSERT INTO Room (RoomID, BuildingID, MaxCapacity) VALUES (2, 323, 5);
INSERT INTO Building (BuildingID) VALUES (324);
INSERT INTO Room (RoomID, BuildingID, MaxCapacity) VALUES (1, 324, 5);
INSERT INTO Room (RoomID, BuildingID, MaxCapacity) VALUES (2, 324, 8);
INSERT INTO Building (BuildingID) VALUES (325);
INSERT INTO Room (RoomID, BuildingID, MaxCapacity) VALUES (1, 325, 6);
INSERT INTO Room (RoomID, BuildingID, MaxCapacity) VALUES (2, 325, 4);
INSERT INTO Building (BuildingID) VALUES (326);
INSERT INTO Room (RoomID, BuildingID, MaxCapacity) VALUES (1, 326, 7);
INSERT INTO Room (RoomID, BuildingID, MaxCapacity) VALUES (2, 326, 8);
INSERT INTO Building (BuildingID) VALUES (327);
INSERT INTO Room (RoomID, BuildingID, MaxCapacity) VALUES (1, 327, 6);
INSERT INTO Room (RoomID, BuildingID, MaxCapacity) VALUES (2, 327, 4);
INSERT INTO Building (BuildingID) VALUES (328);
INSERT INTO Room (RoomID, BuildingID, MaxCapacity) VALUES (1, 328, 6);
INSERT INTO Room (RoomID, BuildingID, MaxCapacity) VALUES (2, 328, 5);
INSERT INTO Building (BuildingID) VALUES (329);
INSERT INTO Room (RoomID, BuildingID, MaxCapacity) VALUES (1, 329, 8);
INSERT INTO Room (RoomID, BuildingID, MaxCapacity) VALUES (2, 329, 8);
INSERT INTO Building (BuildingID) VALUES (330);
INSERT INTO Room (RoomID, BuildingID, MaxCapacity) VALUES (1, 330, 8);
INSERT INTO Room (RoomID, BuildingID, MaxCapacity) VALUES (2, 330, 4);
INSERT INTO Building (BuildingID) VALUES (331);
INSERT INTO Room (RoomID, BuildingID, MaxCapacity) VALUES (1, 331, 5);
INSERT INTO Room (RoomID, BuildingID, MaxCapacity) VALUES (2, 331, 6);
INSERT INTO Building (BuildingID) VALUES (332);
INSERT INTO Room (RoomID, BuildingID, MaxCapacity) VALUES (1, 332, 5);
INSERT INTO Room (RoomID, BuildingID, MaxCapacity) VALUES (2, 332, 6);
INSERT INTO Building (BuildingID) VALUES (333);
INSERT INTO Room (RoomID, BuildingID, MaxCapacity) VALUES (1, 333, 6);
INSERT INTO Room (RoomID, BuildingID, MaxCapacity) VALUES (2, 333, 7);
INSERT INTO Building (BuildingID) VALUES (334);
INSERT INTO Room (RoomID, BuildingID, MaxCapacity) VALUES (1, 334, 5);
INSERT INTO Room (RoomID, BuildingID, MaxCapacity) VALUES (2, 334, 5);
INSERT INTO Building (BuildingID) VALUES (335);
INSERT INTO Room (RoomID, BuildingID, MaxCapacity) VALUES (1, 335, 6);
INSERT INTO Room (RoomID, BuildingID, MaxCapacity) VALUES (2, 335, 8);
INSERT INTO Building (BuildingID) VALUES (336);
INSERT INTO Room (RoomID, BuildingID, MaxCapacity) VALUES (1, 336, 6);
INSERT INTO Room (RoomID, BuildingID, MaxCapacity) VALUES (2, 336, 6);
INSERT INTO Building (BuildingID) VALUES (337);
INSERT INTO Room (RoomID, BuildingID, MaxCapacity) VALUES (1, 337, 7);
INSERT INTO Room (RoomID, BuildingID, MaxCapacity) VALUES (2, 337, 4);
INSERT INTO Building (BuildingID) VALUES (338);
INSERT INTO Room (RoomID, BuildingID, MaxCapacity) VALUES (1, 338, 4);
INSERT INTO Room (RoomID, BuildingID, MaxCapacity) VALUES (2, 338, 7);
INSERT INTO Building (BuildingID) VALUES (339);
INSERT INTO Room (RoomID, BuildingID, MaxCapacity) VALUES (1, 339, 5);
INSERT INTO Room (RoomID, BuildingID, MaxCapacity) VALUES (2, 339, 8);
INSERT INTO Building (BuildingID) VALUES (340);
INSERT INTO Room (RoomID, BuildingID, MaxCapacity) VALUES (1, 340, 4);
INSERT INTO Room (RoomID, BuildingID, MaxCapacity) VALUES (2, 340, 5);
INSERT INTO Building (BuildingID) VALUES (341);
INSERT INTO Room (RoomID, BuildingID, MaxCapacity) VALUES (1, 341, 4);
INSERT INTO Room (RoomID, BuildingID, MaxCapacity) VALUES (2, 341, 4);
INSERT INTO Building (BuildingID) VALUES (342);
INSERT INTO Room (RoomID, BuildingID, MaxCapacity) VALUES (1, 342, 4);
INSERT INTO Room (RoomID, BuildingID, MaxCapacity) VALUES (2, 342, 7);
INSERT INTO Building (BuildingID) VALUES (343);
INSERT INTO Room (RoomID, BuildingID, MaxCapacity) VALUES (1, 343, 7);
INSERT INTO Room (RoomID, BuildingID, MaxCapacity) VALUES (2, 343, 5);
INSERT INTO Building (BuildingID) VALUES (344);
INSERT INTO Room (RoomID, BuildingID, MaxCapacity) VALUES (1, 344, 7);
INSERT INTO Room (RoomID, BuildingID, MaxCapacity) VALUES (2, 344, 4);
INSERT INTO Building (BuildingID) VALUES (345);
INSERT INTO Room (RoomID, BuildingID, MaxCapacity) VALUES (1, 345, 4);
INSERT INTO Room (RoomID, BuildingID, MaxCapacity) VALUES (2, 345, 5);
INSERT INTO Building (BuildingID) VALUES (346);
INSERT INTO Room (RoomID, BuildingID, MaxCapacity) VALUES (1, 346, 7);
INSERT INTO Room (RoomID, BuildingID, MaxCapacity) VALUES (2, 346, 4);
INSERT INTO Building (BuildingID) VALUES (347);
INSERT INTO Room (RoomID, BuildingID, MaxCapacity) VALUES (1, 347, 5);
INSERT INTO Room (RoomID, BuildingID, MaxCapacity) VALUES (2, 347, 8);
INSERT INTO Building (BuildingID) VALUES (348);
INSERT INTO Room (RoomID, BuildingID, MaxCapacity) VALUES (1, 348, 8);
INSERT INTO Room (RoomID, BuildingID, MaxCapacity) VALUES (2, 348, 8);
INSERT INTO Building (BuildingID) VALUES (349);
INSERT INTO Room (RoomID, BuildingID, MaxCapacity) VALUES (1, 349, 7);
INSERT INTO Room (RoomID, BuildingID, MaxCapacity) VALUES (2, 349, 5);
INSERT INTO Building (BuildingID) VALUES (350);
INSERT INTO Room (RoomID, BuildingID, MaxCapacity) VALUES (1, 350, 7);
INSERT INTO Room (RoomID, BuildingID, MaxCapacity) VALUES (2, 350, 4);
INSERT INTO Building (BuildingID) VALUES (351);
INSERT INTO Room (RoomID, BuildingID, MaxCapacity) VALUES (1, 351, 5);
INSERT INTO Room (RoomID, BuildingID, MaxCapacity) VALUES (2, 351, 5);
INSERT INTO Building (BuildingID) VALUES (352);
INSERT INTO Room (RoomID, BuildingID, MaxCapacity) VALUES (1, 352, 8);
INSERT INTO Room (RoomID, BuildingID, MaxCapacity) VALUES (2, 352, 8);
INSERT INTO Building (BuildingID) VALUES (353);
INSERT INTO Room (RoomID, BuildingID, MaxCapacity) VALUES (1, 353, 4);
INSERT INTO Room (RoomID, BuildingID, MaxCapacity) VALUES (2, 353, 5);
INSERT INTO Building (BuildingID) VALUES (354);
INSERT INTO Room (RoomID, BuildingID, MaxCapacity) VALUES (1, 354, 5);
INSERT INTO Room (RoomID, BuildingID, MaxCapacity) VALUES (2, 354, 5);
INSERT INTO Building (BuildingID) VALUES (355);
INSERT INTO Room (RoomID, BuildingID, MaxCapacity) VALUES (1, 355, 7);
INSERT INTO Room (RoomID, BuildingID, MaxCapacity) VALUES (2, 355, 8);
INSERT INTO Building (BuildingID) VALUES (356);
INSERT INTO Room (RoomID, BuildingID, MaxCapacity) VALUES (1, 356, 4);
INSERT INTO Room (RoomID, BuildingID, MaxCapacity) VALUES (2, 356, 5);
INSERT INTO Building (BuildingID) VALUES (357);
INSERT INTO Room (RoomID, BuildingID, MaxCapacity) VALUES (1, 357, 4);
INSERT INTO Room (RoomID, BuildingID, MaxCapacity) VALUES (2, 357, 4);
INSERT INTO Building (BuildingID) VALUES (358);
INSERT INTO Room (RoomID, BuildingID, MaxCapacity) VALUES (1, 358, 8);
INSERT INTO Room (RoomID, BuildingID, MaxCapacity) VALUES (2, 358, 4);
INSERT INTO Building (BuildingID) VALUES (359);
INSERT INTO Room (RoomID, BuildingID, MaxCapacity) VALUES (1, 359, 6);
INSERT INTO Room (RoomID, BuildingID, MaxCapacity) VALUES (2, 359, 8);
INSERT INTO Building (BuildingID) VALUES (360);
INSERT INTO Room (RoomID, BuildingID, MaxCapacity) VALUES (1, 360, 5);
INSERT INTO Room (RoomID, BuildingID, MaxCapacity) VALUES (2, 360, 8);
INSERT INTO Building (BuildingID) VALUES (361);
INSERT INTO Room (RoomID, BuildingID, MaxCapacity) VALUES (1, 361, 4);
INSERT INTO Room (RoomID, BuildingID, MaxCapacity) VALUES (2, 361, 6);
INSERT INTO Building (BuildingID) VALUES (362);
INSERT INTO Room (RoomID, BuildingID, MaxCapacity) VALUES (1, 362, 4);
INSERT INTO Room (RoomID, BuildingID, MaxCapacity) VALUES (2, 362, 4);
INSERT INTO Building (BuildingID) VALUES (363);
INSERT INTO Room (RoomID, BuildingID, MaxCapacity) VALUES (1, 363, 7);
INSERT INTO Room (RoomID, BuildingID, MaxCapacity) VALUES (2, 363, 6);
INSERT INTO Building (BuildingID) VALUES (364);
INSERT INTO Room (RoomID, BuildingID, MaxCapacity) VALUES (1, 364, 8);
INSERT INTO Room (RoomID, BuildingID, MaxCapacity) VALUES (2, 364, 7);
INSERT INTO Building (BuildingID) VALUES (365);
INSERT INTO Room (RoomID, BuildingID, MaxCapacity) VALUES (1, 365, 6);
INSERT INTO Room (RoomID, BuildingID, MaxCapacity) VALUES (2, 365, 6);
INSERT INTO Building (BuildingID) VALUES (366);
INSERT INTO Room (RoomID, BuildingID, MaxCapacity) VALUES (1, 366, 5);
INSERT INTO Room (RoomID, BuildingID, MaxCapacity) VALUES (2, 366, 4);
INSERT INTO Building (BuildingID) VALUES (367);
INSERT INTO Room (RoomID, BuildingID, MaxCapacity) VALUES (1, 367, 6);
INSERT INTO Room (RoomID, BuildingID, MaxCapacity) VALUES (2, 367, 4);
INSERT INTO Building (BuildingID) VALUES (368);
INSERT INTO Room (RoomID, BuildingID, MaxCapacity) VALUES (1, 368, 4);
INSERT INTO Room (RoomID, BuildingID, MaxCapacity) VALUES (2, 368, 5);
INSERT INTO Building (BuildingID) VALUES (369);
INSERT INTO Room (RoomID, BuildingID, MaxCapacity) VALUES (1, 369, 8);
INSERT INTO Room (RoomID, BuildingID, MaxCapacity) VALUES (2, 369, 8);
INSERT INTO Building (BuildingID) VALUES (370);
INSERT INTO Room (RoomID, BuildingID, MaxCapacity) VALUES (1, 370, 6);
INSERT INTO Room (RoomID, BuildingID, MaxCapacity) VALUES (2, 370, 7);
INSERT INTO Building (BuildingID) VALUES (371);
INSERT INTO Room (RoomID, BuildingID, MaxCapacity) VALUES (1, 371, 7);
INSERT INTO Room (RoomID, BuildingID, MaxCapacity) VALUES (2, 371, 8);
INSERT INTO Building (BuildingID) VALUES (372);
INSERT INTO Room (RoomID, BuildingID, MaxCapacity) VALUES (1, 372, 5);
INSERT INTO Room (RoomID, BuildingID, MaxCapacity) VALUES (2, 372, 8);
INSERT INTO Building (BuildingID) VALUES (373);
INSERT INTO Room (RoomID, BuildingID, MaxCapacity) VALUES (1, 373, 7);
INSERT INTO Room (RoomID, BuildingID, MaxCapacity) VALUES (2, 373, 5);
INSERT INTO Building (BuildingID) VALUES (374);
INSERT INTO Room (RoomID, BuildingID, MaxCapacity) VALUES (1, 374, 8);
INSERT INTO Room (RoomID, BuildingID, MaxCapacity) VALUES (2, 374, 4);
INSERT INTO Building (BuildingID) VALUES (375);
INSERT INTO Room (RoomID, BuildingID, MaxCapacity) VALUES (1, 375, 5);
INSERT INTO Room (RoomID, BuildingID, MaxCapacity) VALUES (2, 375, 7);
INSERT INTO Building (BuildingID) VALUES (376);
INSERT INTO Room (RoomID, BuildingID, MaxCapacity) VALUES (1, 376, 8);
INSERT INTO Room (RoomID, BuildingID, MaxCapacity) VALUES (2, 376, 4);
INSERT INTO Building (BuildingID) VALUES (377);
INSERT INTO Room (RoomID, BuildingID, MaxCapacity) VALUES (1, 377, 8);
INSERT INTO Room (RoomID, BuildingID, MaxCapacity) VALUES (2, 377, 5);
INSERT INTO Building (BuildingID) VALUES (378);
INSERT INTO Room (RoomID, BuildingID, MaxCapacity) VALUES (1, 378, 5);
INSERT INTO Room (RoomID, BuildingID, MaxCapacity) VALUES (2, 378, 5);
INSERT INTO Building (BuildingID) VALUES (379);
INSERT INTO Room (RoomID, BuildingID, MaxCapacity) VALUES (1, 379, 5);
INSERT INTO Room (RoomID, BuildingID, MaxCapacity) VALUES (2, 379, 8);
INSERT INTO Building (BuildingID) VALUES (380);
INSERT INTO Room (RoomID, BuildingID, MaxCapacity) VALUES (1, 380, 8);
INSERT INTO Room (RoomID, BuildingID, MaxCapacity) VALUES (2, 380, 4);
INSERT INTO Building (BuildingID) VALUES (381);
INSERT INTO Room (RoomID, BuildingID, MaxCapacity) VALUES (1, 381, 6);
INSERT INTO Room (RoomID, BuildingID, MaxCapacity) VALUES (2, 381, 8);
INSERT INTO Building (BuildingID) VALUES (382);
INSERT INTO Room (RoomID, BuildingID, MaxCapacity) VALUES (1, 382, 6);
INSERT INTO Room (RoomID, BuildingID, MaxCapacity) VALUES (2, 382, 5);
INSERT INTO Building (BuildingID) VALUES (383);
INSERT INTO Room (RoomID, BuildingID, MaxCapacity) VALUES (1, 383, 4);
INSERT INTO Room (RoomID, BuildingID, MaxCapacity) VALUES (2, 383, 5);
INSERT INTO Building (BuildingID) VALUES (384);
INSERT INTO Room (RoomID, BuildingID, MaxCapacity) VALUES (1, 384, 7);
INSERT INTO Room (RoomID, BuildingID, MaxCapacity) VALUES (2, 384, 6);
INSERT INTO Building (BuildingID) VALUES (385);
INSERT INTO Room (RoomID, BuildingID, MaxCapacity) VALUES (1, 385, 5);
INSERT INTO Room (RoomID, BuildingID, MaxCapacity) VALUES (2, 385, 7);
INSERT INTO Building (BuildingID) VALUES (386);
INSERT INTO Room (RoomID, BuildingID, MaxCapacity) VALUES (1, 386, 5);
INSERT INTO Room (RoomID, BuildingID, MaxCapacity) VALUES (2, 386, 5);
INSERT INTO Building (BuildingID) VALUES (387);
INSERT INTO Room (RoomID, BuildingID, MaxCapacity) VALUES (1, 387, 8);
INSERT INTO Room (RoomID, BuildingID, MaxCapacity) VALUES (2, 387, 4);
INSERT INTO Building (BuildingID) VALUES (388);
INSERT INTO Room (RoomID, BuildingID, MaxCapacity) VALUES (1, 388, 7);
INSERT INTO Room (RoomID, BuildingID, MaxCapacity) VALUES (2, 388, 6);
INSERT INTO Building (BuildingID) VALUES (389);
INSERT INTO Room (RoomID, BuildingID, MaxCapacity) VALUES (1, 389, 4);
INSERT INTO Room (RoomID, BuildingID, MaxCapacity) VALUES (2, 389, 7);
INSERT INTO Building (BuildingID) VALUES (390);
INSERT INTO Room (RoomID, BuildingID, MaxCapacity) VALUES (1, 390, 8);
INSERT INTO Room (RoomID, BuildingID, MaxCapacity) VALUES (2, 390, 4);
INSERT INTO Building (BuildingID) VALUES (391);
INSERT INTO Room (RoomID, BuildingID, MaxCapacity) VALUES (1, 391, 5);
INSERT INTO Room (RoomID, BuildingID, MaxCapacity) VALUES (2, 391, 4);
INSERT INTO Building (BuildingID) VALUES (392);
INSERT INTO Room (RoomID, BuildingID, MaxCapacity) VALUES (1, 392, 5);
INSERT INTO Room (RoomID, BuildingID, MaxCapacity) VALUES (2, 392, 8);
INSERT INTO Building (BuildingID) VALUES (393);
INSERT INTO Room (RoomID, BuildingID, MaxCapacity) VALUES (1, 393, 5);
INSERT INTO Room (RoomID, BuildingID, MaxCapacity) VALUES (2, 393, 4);
INSERT INTO Building (BuildingID) VALUES (394);
INSERT INTO Room (RoomID, BuildingID, MaxCapacity) VALUES (1, 394, 5);
INSERT INTO Room (RoomID, BuildingID, MaxCapacity) VALUES (2, 394, 6);
INSERT INTO Building (BuildingID) VALUES (395);
INSERT INTO Room (RoomID, BuildingID, MaxCapacity) VALUES (1, 395, 8);
INSERT INTO Room (RoomID, BuildingID, MaxCapacity) VALUES (2, 395, 5);
INSERT INTO Building (BuildingID) VALUES (396);
INSERT INTO Room (RoomID, BuildingID, MaxCapacity) VALUES (1, 396, 5);
INSERT INTO Room (RoomID, BuildingID, MaxCapacity) VALUES (2, 396, 6);
INSERT INTO Building (BuildingID) VALUES (397);
INSERT INTO Room (RoomID, BuildingID, MaxCapacity) VALUES (1, 397, 6);
INSERT INTO Room (RoomID, BuildingID, MaxCapacity) VALUES (2, 397, 5);
INSERT INTO Building (BuildingID) VALUES (398);
INSERT INTO Room (RoomID, BuildingID, MaxCapacity) VALUES (1, 398, 6);
INSERT INTO Room (RoomID, BuildingID, MaxCapacity) VALUES (2, 398, 7);
INSERT INTO Building (BuildingID) VALUES (399);
INSERT INTO Room (RoomID, BuildingID, MaxCapacity) VALUES (1, 399, 6);
INSERT INTO Room (RoomID, BuildingID, MaxCapacity) VALUES (2, 399, 7);
INSERT INTO Building (BuildingID) VALUES (400);
INSERT INTO Room (RoomID, BuildingID, MaxCapacity) VALUES (1, 400, 8);
INSERT INTO Room (RoomID, BuildingID, MaxCapacity) VALUES (2, 400, 8);
INSERT INTO Person (ID, Age, PhoneNumber, Name) VALUES (1, 42, '0570918908', 'Amanda');
INSERT INTO Person (ID, Age, PhoneNumber, Name) VALUES (2, 34, '0546169019', 'Stephen');
INSERT INTO Person (ID, Age, PhoneNumber, Name) VALUES (3, 26, '0526300251', 'Evelyn');
INSERT INTO Person (ID, Age, PhoneNumber, Name) VALUES (4, 46, '0583181055', 'Gerald');
INSERT INTO Person (ID, Age, PhoneNumber, Name) VALUES (5, 43, '0501881963', 'Hailey');
INSERT INTO Person (ID, Age, PhoneNumber, Name) VALUES (6, 47, '0599280807', 'Katherine');
INSERT INTO Person (ID, Age, PhoneNumber, Name) VALUES (7, 37, '0509172180', 'Arthur');
INSERT INTO Person (ID, Age, PhoneNumber, Name) VALUES (8, 29, '0506667079', 'Chloe');
INSERT INTO Person (ID, Age, PhoneNumber, Name) VALUES (9, 25, '0553936115', 'Gabriella');
INSERT INTO Person (ID, Age, PhoneNumber, Name) VALUES (10, 35, '0517591611', 'Kennedy');
INSERT INTO Person (ID, Age, PhoneNumber, Name) VALUES (11, 32, '0560582346', 'Isaiah');
INSERT INTO Person (ID, Age, PhoneNumber, Name) VALUES (12, 50, '0517643134', 'Arthur');
INSERT INTO Person (ID, Age, PhoneNumber, Name) VALUES (13, 38, '0580286930', 'Mia');
INSERT INTO Person (ID, Age, PhoneNumber, Name) VALUES (14, 46, '0566041162', 'Kylie');
INSERT INTO Person (ID, Age, PhoneNumber, Name) VALUES (15, 43, '0515671660', 'John');
INSERT INTO Person (ID, Age, PhoneNumber, Name) VALUES (16, 26, '0525181119', 'Frederick');
INSERT INTO Person (ID, Age, PhoneNumber, Name) VALUES (17, 31, '0568889524', 'Donald');
INSERT INTO Person (ID, Age, PhoneNumber, Name) VALUES (18, 42, '0504766545', 'Madison');
INSERT INTO Person (ID, Age, PhoneNumber, Name) VALUES (19, 35, '0580192038', 'Makayla');
INSERT INTO Person (ID, Age, PhoneNumber, Name) VALUES (20, 42, '0561220538', 'Isabelle');
INSERT INTO Person (ID, Age, PhoneNumber, Name) VALUES (21, 41, '0560338716', 'Walter');
INSERT INTO Person (ID, Age, PhoneNumber, Name) VALUES (22, 44, '0548479335', 'Eric');
INSERT INTO Person (ID, Age, PhoneNumber, Name) VALUES (23, 39, '0544500895', 'Makenna');
INSERT INTO Person (ID, Age, PhoneNumber, Name) VALUES (24, 45, '0556775857', 'Jordyn');
INSERT INTO Person (ID, Age, PhoneNumber, Name) VALUES (25, 38, '0554805239', 'Emma');
INSERT INTO Person (ID, Age, PhoneNumber, Name) VALUES (26, 29, '0567418656', 'Jeffrey');
INSERT INTO Person (ID, Age, PhoneNumber, Name) VALUES (27, 45, '0553742577', 'Dennis');
INSERT INTO Person (ID, Age, PhoneNumber, Name) VALUES (28, 39, '0586490371', 'Aaliyah');
INSERT INTO Person (ID, Age, PhoneNumber, Name) VALUES (29, 33, '0515987079', 'Jeffrey');
INSERT INTO Person (ID, Age, PhoneNumber, Name) VALUES (30, 31, '0582259507', 'Maya');
INSERT INTO Person (ID, Age, PhoneNumber, Name) VALUES (31, 44, '0502078834', 'Robert');
INSERT INTO Person (ID, Age, PhoneNumber, Name) VALUES (32, 43, '0550697687', 'Skylar');
INSERT INTO Person (ID, Age, PhoneNumber, Name) VALUES (33, 32, '0530552073', 'Claire');
INSERT INTO Person (ID, Age, PhoneNumber, Name) VALUES (34, 42, '0505225024', 'Ronald');
INSERT INTO Person (ID, Age, PhoneNumber, Name) VALUES (35, 49, '0538397801', 'Morgan');
INSERT INTO Person (ID, Age, PhoneNumber, Name) VALUES (36, 34, '0516856967', 'Mark');
INSERT INTO Person (ID, Age, PhoneNumber, Name) VALUES (37, 25, '0585644637', 'Mark');
INSERT INTO Person (ID, Age, PhoneNumber, Name) VALUES (38, 32, '0588021628', 'Jonathan');
INSERT INTO Person (ID, Age, PhoneNumber, Name) VALUES (39, 36, '0531104633', 'Bradley');
INSERT INTO Person (ID, Age, PhoneNumber, Name) VALUES (40, 28, '0542716957', 'Jerome');
INSERT INTO Person (ID, Age, PhoneNumber, Name) VALUES (41, 27, '0531210914', 'Haley');
INSERT INTO Person (ID, Age, PhoneNumber, Name) VALUES (42, 47, '0598852087', 'Adriana');
INSERT INTO Person (ID, Age, PhoneNumber, Name) VALUES (43, 48, '0541295168', 'Kaitlyn');
INSERT INTO Person (ID, Age, PhoneNumber, Name) VALUES (44, 50, '0567707782', 'Trevor');
INSERT INTO Person (ID, Age, PhoneNumber, Name) VALUES (45, 40, '0514515256', 'Mariah');
INSERT INTO Person (ID, Age, PhoneNumber, Name) VALUES (46, 43, '0548059039', 'Patrick');
INSERT INTO Person (ID, Age, PhoneNumber, Name) VALUES (47, 38, '0521225028', 'Calvin');
INSERT INTO Person (ID, Age, PhoneNumber, Name) VALUES (48, 50, '0507647980', 'Jessica');
INSERT INTO Person (ID, Age, PhoneNumber, Name) VALUES (49, 26, '0512327596', 'Peyton');
INSERT INTO Person (ID, Age, PhoneNumber, Name) VALUES (50, 43, '0542882941', 'Victoria');
INSERT INTO Person (ID, Age, PhoneNumber, Name) VALUES (51, 39, '0572697949', 'Jocelyn');
INSERT INTO Person (ID, Age, PhoneNumber, Name) VALUES (52, 45, '0593139210', 'Alexandra');
INSERT INTO Person (ID, Age, PhoneNumber, Name) VALUES (53, 36, '0502556395', 'Sydney');
INSERT INTO Person (ID, Age, PhoneNumber, Name) VALUES (54, 25, '0562280212', 'Calvin');
INSERT INTO Person (ID, Age, PhoneNumber, Name) VALUES (55, 45, '0503785033', 'Clarence');
INSERT INTO Person (ID, Age, PhoneNumber, Name) VALUES (56, 49, '0526905357', 'Isaac');
INSERT INTO Person (ID, Age, PhoneNumber, Name) VALUES (57, 31, '0536332105', 'Mark');
INSERT INTO Person (ID, Age, PhoneNumber, Name) VALUES (58, 46, '0539472411', 'Oscar');
INSERT INTO Person (ID, Age, PhoneNumber, Name) VALUES (59, 25, '0565821519', 'Frank');
INSERT INTO Person (ID, Age, PhoneNumber, Name) VALUES (60, 45, '0549855445', 'Layla');
INSERT INTO Person (ID, Age, PhoneNumber, Name) VALUES (61, 50, '0578263014', 'Gordon');
INSERT INTO Person (ID, Age, PhoneNumber, Name) VALUES (62, 27, '0534623135', 'Haley');
INSERT INTO Person (ID, Age, PhoneNumber, Name) VALUES (63, 33, '0501245142', 'Timothy');
INSERT INTO Person (ID, Age, PhoneNumber, Name) VALUES (64, 42, '0576192434', 'Stephanie');
INSERT INTO Person (ID, Age, PhoneNumber, Name) VALUES (65, 50, '0512019967', 'Natalie');
INSERT INTO Person (ID, Age, PhoneNumber, Name) VALUES (66, 45, '0541600855', 'Elise');
INSERT INTO Person (ID, Age, PhoneNumber, Name) VALUES (67, 30, '0558570962', 'Mckenzie');
INSERT INTO Person (ID, Age, PhoneNumber, Name) VALUES (68, 41, '0500418380', 'Nathan');
INSERT INTO Person (ID, Age, PhoneNumber, Name) VALUES (69, 41, '0531206719', 'Benjamin');
INSERT INTO Person (ID, Age, PhoneNumber, Name) VALUES (70, 42, '0547119756', 'Trevor');
INSERT INTO Person (ID, Age, PhoneNumber, Name) VALUES (71, 36, '0587002816', 'Isabelle');
INSERT INTO Person (ID, Age, PhoneNumber, Name) VALUES (72, 36, '0594383675', 'Peter');
INSERT INTO Person (ID, Age, PhoneNumber, Name) VALUES (73, 37, '0520121950', 'Samantha');
INSERT INTO Person (ID, Age, PhoneNumber, Name) VALUES (74, 49, '0556079899', 'Eric');
INSERT INTO Person (ID, Age, PhoneNumber, Name) VALUES (75, 30, '0519266038', 'Frank');
INSERT INTO Person (ID, Age, PhoneNumber, Name) VALUES (76, 49, '0582888693', 'Julia');
INSERT INTO Person (ID, Age, PhoneNumber, Name) VALUES (77, 36, '0507491324', 'Christopher');
INSERT INTO Person (ID, Age, PhoneNumber, Name) VALUES (78, 47, '0532498465', 'Levi');
INSERT INTO Person (ID, Age, PhoneNumber, Name) VALUES (79, 48, '0593100232', 'Melissa');
INSERT INTO Person (ID, Age, PhoneNumber, Name) VALUES (80, 47, '0577356447', 'Howard');
INSERT INTO Person (ID, Age, PhoneNumber, Name) VALUES (81, 30, '0546576900', 'Elise');
INSERT INTO Person (ID, Age, PhoneNumber, Name) VALUES (82, 40, '0555179344', 'Alyssa');
INSERT INTO Person (ID, Age, PhoneNumber, Name) VALUES (83, 25, '0566369932', 'Harry');
INSERT INTO Person (ID, Age, PhoneNumber, Name) VALUES (84, 26, '0593265616', 'Adam');
INSERT INTO Person (ID, Age, PhoneNumber, Name) VALUES (85, 34, '0564148889', 'Audrey');
INSERT INTO Person (ID, Age, PhoneNumber, Name) VALUES (86, 49, '0527292223', 'Rachel');
INSERT INTO Person (ID, Age, PhoneNumber, Name) VALUES (87, 33, '0520377617', 'Derek');
INSERT INTO Person (ID, Age, PhoneNumber, Name) VALUES (88, 47, '0502327309', 'Keith');
INSERT INTO Person (ID, Age, PhoneNumber, Name) VALUES (89, 42, '0532064206', 'William');
INSERT INTO Person (ID, Age, PhoneNumber, Name) VALUES (90, 37, '0589102233', 'Makenna');
INSERT INTO Person (ID, Age, PhoneNumber, Name) VALUES (91, 35, '0539338988', 'Wayne');
INSERT INTO Person (ID, Age, PhoneNumber, Name) VALUES (92, 36, '0504142157', 'Rylee');
INSERT INTO Person (ID, Age, PhoneNumber, Name) VALUES (93, 35, '0547218522', 'Amelia');
INSERT INTO Person (ID, Age, PhoneNumber, Name) VALUES (94, 43, '0548094672', 'Jordyn');
INSERT INTO Person (ID, Age, PhoneNumber, Name) VALUES (95, 44, '0576147677', 'Haley');
INSERT INTO Person (ID, Age, PhoneNumber, Name) VALUES (96, 38, '0528011539', 'Clarence');
INSERT INTO Person (ID, Age, PhoneNumber, Name) VALUES (97, 49, '0592327049', 'Howard');
INSERT INTO Person (ID, Age, PhoneNumber, Name) VALUES (98, 47, '0530355432', 'Natalie');
INSERT INTO Person (ID, Age, PhoneNumber, Name) VALUES (99, 35, '0519745437', 'Nathan');
INSERT INTO Person (ID, Age, PhoneNumber, Name) VALUES (100, 40, '0593451163', 'Piper');
INSERT INTO Person (ID, Age, PhoneNumber, Name) VALUES (101, 46, '0570484539', 'Aaliyah');
INSERT INTO Person (ID, Age, PhoneNumber, Name) VALUES (102, 36, '0571473383', 'Delaney');
INSERT INTO Person (ID, Age, PhoneNumber, Name) VALUES (103, 44, '0517928338', 'Allison');
INSERT INTO Person (ID, Age, PhoneNumber, Name) VALUES (104, 30, '0539197546', 'Jacob');
INSERT INTO Person (ID, Age, PhoneNumber, Name) VALUES (105, 48, '0598344148', 'Timothy');
INSERT INTO Person (ID, Age, PhoneNumber, Name) VALUES (106, 36, '0592029623', 'Caroline');
INSERT INTO Person (ID, Age, PhoneNumber, Name) VALUES (107, 32, '0500635142', 'Kylie');
INSERT INTO Person (ID, Age, PhoneNumber, Name) VALUES (108, 42, '0553384771', 'Violet');
INSERT INTO Person (ID, Age, PhoneNumber, Name) VALUES (109, 49, '0552001856', 'Landon');
INSERT INTO Person (ID, Age, PhoneNumber, Name) VALUES (110, 46, '0559709411', 'Max');
INSERT INTO Person (ID, Age, PhoneNumber, Name) VALUES (111, 33, '0550430941', 'Peyton');
INSERT INTO Person (ID, Age, PhoneNumber, Name) VALUES (112, 42, '0599249164', 'Keith');
INSERT INTO Person (ID, Age, PhoneNumber, Name) VALUES (113, 28, '0592787006', 'Thomas');
INSERT INTO Person (ID, Age, PhoneNumber, Name) VALUES (114, 33, '0550930992', 'Daniel');
INSERT INTO Person (ID, Age, PhoneNumber, Name) VALUES (115, 26, '0531209730', 'Kenneth');
INSERT INTO Person (ID, Age, PhoneNumber, Name) VALUES (116, 37, '0508024058', 'Gordon');
INSERT INTO Person (ID, Age, PhoneNumber, Name) VALUES (117, 25, '0577496362', 'Alexis');
INSERT INTO Person (ID, Age, PhoneNumber, Name) VALUES (118, 50, '0531440223', 'Leah');
INSERT INTO Person (ID, Age, PhoneNumber, Name) VALUES (119, 46, '0552106797', 'Aubrey');
INSERT INTO Person (ID, Age, PhoneNumber, Name) VALUES (120, 34, '0589282855', 'Robert');
INSERT INTO Person (ID, Age, PhoneNumber, Name) VALUES (121, 38, '0596426869', 'Keith');
INSERT INTO Person (ID, Age, PhoneNumber, Name) VALUES (122, 29, '0592296256', 'Mckenzie');
INSERT INTO Person (ID, Age, PhoneNumber, Name) VALUES (123, 46, '0532379764', 'Terry');
INSERT INTO Person (ID, Age, PhoneNumber, Name) VALUES (124, 33, '0598165878', 'Brianna');
INSERT INTO Person (ID, Age, PhoneNumber, Name) VALUES (125, 40, '0589681298', 'Eugene');
INSERT INTO Person (ID, Age, PhoneNumber, Name) VALUES (126, 35, '0532267112', 'Sydney');
INSERT INTO Person (ID, Age, PhoneNumber, Name) VALUES (127, 50, '0506458406', 'Steven');
INSERT INTO Person (ID, Age, PhoneNumber, Name) VALUES (128, 30, '0554853662', 'Adriana');
INSERT INTO Person (ID, Age, PhoneNumber, Name) VALUES (129, 32, '0507308347', 'Calvin');
INSERT INTO Person (ID, Age, PhoneNumber, Name) VALUES (130, 32, '0517146189', 'Eric');
INSERT INTO Person (ID, Age, PhoneNumber, Name) VALUES (131, 31, '0520335425', 'Max');
INSERT INTO Person (ID, Age, PhoneNumber, Name) VALUES (132, 29, '0515754400', 'Derek');
INSERT INTO Person (ID, Age, PhoneNumber, Name) VALUES (133, 43, '0552506690', 'Trevor');
INSERT INTO Person (ID, Age, PhoneNumber, Name) VALUES (134, 29, '0577141044', 'Stephen');
INSERT INTO Person (ID, Age, PhoneNumber, Name) VALUES (135, 37, '0508018494', 'Nicole');
INSERT INTO Person (ID, Age, PhoneNumber, Name) VALUES (136, 43, '0550606401', 'Brandon');
INSERT INTO Person (ID, Age, PhoneNumber, Name) VALUES (137, 32, '0545009425', 'Emma');
INSERT INTO Person (ID, Age, PhoneNumber, Name) VALUES (138, 34, '0570826611', 'Keith');
INSERT INTO Person (ID, Age, PhoneNumber, Name) VALUES (139, 30, '0588393940', 'Kayla');
INSERT INTO Person (ID, Age, PhoneNumber, Name) VALUES (140, 27, '0570867732', 'Francis');
INSERT INTO Person (ID, Age, PhoneNumber, Name) VALUES (141, 25, '0598243185', 'Gordon');
INSERT INTO Person (ID, Age, PhoneNumber, Name) VALUES (142, 43, '0583976566', 'Gerald');
INSERT INTO Person (ID, Age, PhoneNumber, Name) VALUES (143, 28, '0595905618', 'Oscar');
INSERT INTO Person (ID, Age, PhoneNumber, Name) VALUES (144, 38, '0528004797', 'Ryan');
INSERT INTO Person (ID, Age, PhoneNumber, Name) VALUES (145, 25, '0511505491', 'Natalie');
INSERT INTO Person (ID, Age, PhoneNumber, Name) VALUES (146, 34, '0574982057', 'Piper');
INSERT INTO Person (ID, Age, PhoneNumber, Name) VALUES (147, 31, '0569570362', 'Edward');
INSERT INTO Person (ID, Age, PhoneNumber, Name) VALUES (148, 25, '0582138921', 'Lawrence');
INSERT INTO Person (ID, Age, PhoneNumber, Name) VALUES (149, 49, '0502462053', 'Avery');
INSERT INTO Person (ID, Age, PhoneNumber, Name) VALUES (150, 40, '0513192715', 'Brooke');
INSERT INTO Person (ID, Age, PhoneNumber, Name) VALUES (151, 28, '0555971147', 'Kayla');
INSERT INTO Person (ID, Age, PhoneNumber, Name) VALUES (152, 35, '0552504555', 'Alyssa');
INSERT INTO Person (ID, Age, PhoneNumber, Name) VALUES (153, 50, '0583632238', 'Aubrey');
INSERT INTO Person (ID, Age, PhoneNumber, Name) VALUES (154, 26, '0563143492', 'Kenneth');
INSERT INTO Person (ID, Age, PhoneNumber, Name) VALUES (155, 32, '0546273718', 'Hailey');
INSERT INTO Person (ID, Age, PhoneNumber, Name) VALUES (156, 45, '0519468548', 'Isaac');
INSERT INTO Person (ID, Age, PhoneNumber, Name) VALUES (157, 36, '0588580448', 'Joshua');
INSERT INTO Person (ID, Age, PhoneNumber, Name) VALUES (158, 44, '0526470964', 'Bella');
INSERT INTO Person (ID, Age, PhoneNumber, Name) VALUES (159, 35, '0563226735', 'Julianna');
INSERT INTO Person (ID, Age, PhoneNumber, Name) VALUES (160, 33, '0531560109', 'Alex');
INSERT INTO Person (ID, Age, PhoneNumber, Name) VALUES (161, 31, '0593073719', 'Aria');
INSERT INTO Person (ID, Age, PhoneNumber, Name) VALUES (162, 29, '0537442376', 'Katherine');
INSERT INTO Person (ID, Age, PhoneNumber, Name) VALUES (163, 26, '0584983280', 'Olivia');
INSERT INTO Person (ID, Age, PhoneNumber, Name) VALUES (164, 31, '0531347076', 'Adalyn');
INSERT INTO Person (ID, Age, PhoneNumber, Name) VALUES (165, 43, '0555126789', 'Emily');
INSERT INTO Person (ID, Age, PhoneNumber, Name) VALUES (166, 26, '0521214642', 'Mackenzie');
INSERT INTO Person (ID, Age, PhoneNumber, Name) VALUES (167, 47, '0592767654', 'Alexis');
INSERT INTO Person (ID, Age, PhoneNumber, Name) VALUES (168, 29, '0556769379', 'Henry');
INSERT INTO Person (ID, Age, PhoneNumber, Name) VALUES (169, 43, '0510523202', 'Angelina');
INSERT INTO Person (ID, Age, PhoneNumber, Name) VALUES (170, 44, '0539062658', 'Kylie');
INSERT INTO Person (ID, Age, PhoneNumber, Name) VALUES (171, 25, '0577295300', 'Benjamin');
INSERT INTO Person (ID, Age, PhoneNumber, Name) VALUES (172, 40, '0578805982', 'Jonathan');
INSERT INTO Person (ID, Age, PhoneNumber, Name) VALUES (173, 35, '0586570007', 'Gianna');
INSERT INTO Person (ID, Age, PhoneNumber, Name) VALUES (174, 31, '0586331598', 'Lauren');
INSERT INTO Person (ID, Age, PhoneNumber, Name) VALUES (175, 46, '0585338946', 'Isaac');
INSERT INTO Person (ID, Age, PhoneNumber, Name) VALUES (176, 30, '0590934371', 'Calvin');
INSERT INTO Person (ID, Age, PhoneNumber, Name) VALUES (177, 26, '0579276651', 'Jordyn');
INSERT INTO Person (ID, Age, PhoneNumber, Name) VALUES (178, 27, '0544076833', 'Elise');
INSERT INTO Person (ID, Age, PhoneNumber, Name) VALUES (179, 39, '0534502819', 'Layla');
INSERT INTO Person (ID, Age, PhoneNumber, Name) VALUES (180, 33, '0576675410', 'Jeffrey');
INSERT INTO Person (ID, Age, PhoneNumber, Name) VALUES (181, 26, '0589876411', 'Jonathan');
INSERT INTO Person (ID, Age, PhoneNumber, Name) VALUES (182, 35, '0571789640', 'Adalyn');
INSERT INTO Person (ID, Age, PhoneNumber, Name) VALUES (183, 49, '0594045176', 'Samuel');
INSERT INTO Person (ID, Age, PhoneNumber, Name) VALUES (184, 26, '0581888213', 'Jordyn');
INSERT INTO Person (ID, Age, PhoneNumber, Name) VALUES (185, 34, '0534561319', 'Roland');
INSERT INTO Person (ID, Age, PhoneNumber, Name) VALUES (186, 44, '0521429430', 'Wayne');
INSERT INTO Person (ID, Age, PhoneNumber, Name) VALUES (187, 45, '0551377540', 'Carl');
INSERT INTO Person (ID, Age, PhoneNumber, Name) VALUES (188, 36, '0569264445', 'Miles');
INSERT INTO Person (ID, Age, PhoneNumber, Name) VALUES (189, 26, '0542369413', 'Allison');
INSERT INTO Person (ID, Age, PhoneNumber, Name) VALUES (190, 33, '0546136126', 'Samuel');
INSERT INTO Person (ID, Age, PhoneNumber, Name) VALUES (191, 38, '0554455644', 'Adam');
INSERT INTO Person (ID, Age, PhoneNumber, Name) VALUES (192, 30, '0562738997', 'Victoria');
INSERT INTO Person (ID, Age, PhoneNumber, Name) VALUES (193, 29, '0577358680', 'Ariana');
INSERT INTO Person (ID, Age, PhoneNumber, Name) VALUES (194, 36, '0561166825', 'Bella');
INSERT INTO Person (ID, Age, PhoneNumber, Name) VALUES (195, 42, '0506703320', 'Joel');
INSERT INTO Person (ID, Age, PhoneNumber, Name) VALUES (196, 41, '0569358489', 'Patrick');
INSERT INTO Person (ID, Age, PhoneNumber, Name) VALUES (197, 45, '0569480214', 'Albert');
INSERT INTO Person (ID, Age, PhoneNumber, Name) VALUES (198, 40, '0577090790', 'Sophie');
INSERT INTO Person (ID, Age, PhoneNumber, Name) VALUES (199, 50, '0596805239', 'William');
INSERT INTO Person (ID, Age, PhoneNumber, Name) VALUES (200, 44, '0519298403', 'Aubrey');
INSERT INTO Person (ID, Age, PhoneNumber, Name) VALUES (201, 40, '0556488784', 'Lester');
INSERT INTO Person (ID, Age, PhoneNumber, Name) VALUES (202, 28, '0515679283', 'Clarence');
INSERT INTO Person (ID, Age, PhoneNumber, Name) VALUES (203, 27, '0558223622', 'Julianna');
INSERT INTO Person (ID, Age, PhoneNumber, Name) VALUES (204, 29, '0520724399', 'Claire');
INSERT INTO Person (ID, Age, PhoneNumber, Name) VALUES (205, 42, '0576272755', 'Arthur');
INSERT INTO Person (ID, Age, PhoneNumber, Name) VALUES (206, 37, '0515818862', 'Isabella');
INSERT INTO Person (ID, Age, PhoneNumber, Name) VALUES (207, 28, '0535418577', 'Isaac');
INSERT INTO Person (ID, Age, PhoneNumber, Name) VALUES (208, 42, '0575359418', 'Chloe');
INSERT INTO Person (ID, Age, PhoneNumber, Name) VALUES (209, 47, '0548406885', 'Richard');
INSERT INTO Person (ID, Age, PhoneNumber, Name) VALUES (210, 38, '0555694297', 'Jared');
INSERT INTO Person (ID, Age, PhoneNumber, Name) VALUES (211, 25, '0576321562', 'Caroline');
INSERT INTO Person (ID, Age, PhoneNumber, Name) VALUES (212, 25, '0554190822', 'Leonard');
INSERT INTO Person (ID, Age, PhoneNumber, Name) VALUES (213, 41, '0542831387', 'Dennis');
INSERT INTO Person (ID, Age, PhoneNumber, Name) VALUES (214, 47, '0589764433', 'Patrick');
INSERT INTO Person (ID, Age, PhoneNumber, Name) VALUES (215, 33, '0521308970', 'Thomas');
INSERT INTO Person (ID, Age, PhoneNumber, Name) VALUES (216, 26, '0535874950', 'Jonathan');
INSERT INTO Person (ID, Age, PhoneNumber, Name) VALUES (217, 40, '0558645403', 'Donald');
INSERT INTO Person (ID, Age, PhoneNumber, Name) VALUES (218, 28, '0548710582', 'Gerald');
INSERT INTO Person (ID, Age, PhoneNumber, Name) VALUES (219, 25, '0547809004', 'Gerald');
INSERT INTO Person (ID, Age, PhoneNumber, Name) VALUES (220, 44, '0531746954', 'Alexis');
INSERT INTO Person (ID, Age, PhoneNumber, Name) VALUES (221, 27, '0587949721', 'Rylee');
INSERT INTO Person (ID, Age, PhoneNumber, Name) VALUES (222, 32, '0549430811', 'Brandon');
INSERT INTO Person (ID, Age, PhoneNumber, Name) VALUES (223, 35, '0599083579', 'Alexis');
INSERT INTO Person (ID, Age, PhoneNumber, Name) VALUES (224, 27, '0558988811', 'Allison');
INSERT INTO Person (ID, Age, PhoneNumber, Name) VALUES (225, 39, '0559978122', 'Carl');
INSERT INTO Person (ID, Age, PhoneNumber, Name) VALUES (226, 36, '0568742852', 'Ralph');
INSERT INTO Person (ID, Age, PhoneNumber, Name) VALUES (227, 27, '0529185204', 'Hailey');
INSERT INTO Person (ID, Age, PhoneNumber, Name) VALUES (228, 43, '0559879018', 'Aria');
INSERT INTO Person (ID, Age, PhoneNumber, Name) VALUES (229, 31, '0576827336', 'John');
INSERT INTO Person (ID, Age, PhoneNumber, Name) VALUES (230, 45, '0592986722', 'Gianna');
INSERT INTO Person (ID, Age, PhoneNumber, Name) VALUES (231, 40, '0525024085', 'Michael');
INSERT INTO Person (ID, Age, PhoneNumber, Name) VALUES (232, 48, '0524851489', 'William');
INSERT INTO Person (ID, Age, PhoneNumber, Name) VALUES (233, 44, '0533272221', 'Paige');
INSERT INTO Person (ID, Age, PhoneNumber, Name) VALUES (234, 33, '0548390601', 'Haley');
INSERT INTO Person (ID, Age, PhoneNumber, Name) VALUES (235, 42, '0557950209', 'Trevor');
INSERT INTO Person (ID, Age, PhoneNumber, Name) VALUES (236, 28, '0519768169', 'Thomas');
INSERT INTO Person (ID, Age, PhoneNumber, Name) VALUES (237, 32, '0529438191', 'Roger');
INSERT INTO Person (ID, Age, PhoneNumber, Name) VALUES (238, 30, '0558897461', 'Faith');
INSERT INTO Person (ID, Age, PhoneNumber, Name) VALUES (239, 34, '0553013517', 'Sara');
INSERT INTO Person (ID, Age, PhoneNumber, Name) VALUES (240, 27, '0564489732', 'Isabelle');
INSERT INTO Person (ID, Age, PhoneNumber, Name) VALUES (241, 25, '0586929303', 'Joshua');
INSERT INTO Person (ID, Age, PhoneNumber, Name) VALUES (242, 25, '0596188365', 'Leonard');
INSERT INTO Person (ID, Age, PhoneNumber, Name) VALUES (243, 37, '0593206408', 'Landon');
INSERT INTO Person (ID, Age, PhoneNumber, Name) VALUES (244, 40, '0577468503', 'Charles');
INSERT INTO Person (ID, Age, PhoneNumber, Name) VALUES (245, 49, '0513528506', 'Peyton');
INSERT INTO Person (ID, Age, PhoneNumber, Name) VALUES (246, 43, '0536083783', 'Jeffrey');
INSERT INTO Person (ID, Age, PhoneNumber, Name) VALUES (247, 36, '0505180677', 'Adam');
INSERT INTO Person (ID, Age, PhoneNumber, Name) VALUES (248, 30, '0536665552', 'Joel');
INSERT INTO Person (ID, Age, PhoneNumber, Name) VALUES (249, 29, '0568918655', 'Stephen');
INSERT INTO Person (ID, Age, PhoneNumber, Name) VALUES (250, 33, '0571470792', 'Jerome');
INSERT INTO Person (ID, Age, PhoneNumber, Name) VALUES (251, 33, '0554407545', 'Aaliyah');
INSERT INTO Person (ID, Age, PhoneNumber, Name) VALUES (252, 28, '0542183991', 'George');
INSERT INTO Person (ID, Age, PhoneNumber, Name) VALUES (253, 39, '0564636439', 'Angelina');
INSERT INTO Person (ID, Age, PhoneNumber, Name) VALUES (254, 35, '0543969949', 'Violet');
INSERT INTO Person (ID, Age, PhoneNumber, Name) VALUES (255, 50, '0571935155', 'Kayla');
INSERT INTO Person (ID, Age, PhoneNumber, Name) VALUES (256, 43, '0518729810', 'Alexandra');
INSERT INTO Person (ID, Age, PhoneNumber, Name) VALUES (257, 42, '0573620728', 'Daniel');
INSERT INTO Person (ID, Age, PhoneNumber, Name) VALUES (258, 27, '0592968616', 'Roger');
INSERT INTO Person (ID, Age, PhoneNumber, Name) VALUES (259, 37, '0501602316', 'Jonathan');
INSERT INTO Person (ID, Age, PhoneNumber, Name) VALUES (260, 26, '0590559649', 'Kevin');
INSERT INTO Person (ID, Age, PhoneNumber, Name) VALUES (261, 31, '0559545759', 'Piper');
INSERT INTO Person (ID, Age, PhoneNumber, Name) VALUES (262, 25, '0529394065', 'Sarah');
INSERT INTO Person (ID, Age, PhoneNumber, Name) VALUES (263, 28, '0509550324', 'Martin');
INSERT INTO Person (ID, Age, PhoneNumber, Name) VALUES (264, 27, '0537411051', 'Nora');
INSERT INTO Person (ID, Age, PhoneNumber, Name) VALUES (265, 48, '0598434978', 'Clarence');
INSERT INTO Person (ID, Age, PhoneNumber, Name) VALUES (266, 40, '0563913930', 'Gabriella');
INSERT INTO Person (ID, Age, PhoneNumber, Name) VALUES (267, 37, '0531888432', 'Ronald');
INSERT INTO Person (ID, Age, PhoneNumber, Name) VALUES (268, 35, '0562222586', 'Sadie');
INSERT INTO Person (ID, Age, PhoneNumber, Name) VALUES (269, 30, '0556895409', 'Lawrence');
INSERT INTO Person (ID, Age, PhoneNumber, Name) VALUES (270, 45, '0566970561', 'Joshua');
INSERT INTO Person (ID, Age, PhoneNumber, Name) VALUES (271, 26, '0597872899', 'Sophie');
INSERT INTO Person (ID, Age, PhoneNumber, Name) VALUES (272, 42, '0588609133', 'Melissa');
INSERT INTO Person (ID, Age, PhoneNumber, Name) VALUES (273, 36, '0503854315', 'Richard');
INSERT INTO Person (ID, Age, PhoneNumber, Name) VALUES (274, 30, '0521038873', 'Layla');
INSERT INTO Person (ID, Age, PhoneNumber, Name) VALUES (275, 25, '0566688839', 'Isabel');
INSERT INTO Person (ID, Age, PhoneNumber, Name) VALUES (276, 34, '0560786183', 'Jennifer');
INSERT INTO Person (ID, Age, PhoneNumber, Name) VALUES (277, 34, '0575863003', 'Albert');
INSERT INTO Person (ID, Age, PhoneNumber, Name) VALUES (278, 45, '0500676899', 'Aubrey');
INSERT INTO Person (ID, Age, PhoneNumber, Name) VALUES (279, 42, '0513514603', 'Emily');
INSERT INTO Person (ID, Age, PhoneNumber, Name) VALUES (280, 32, '0508450074', 'Anthony');
INSERT INTO Person (ID, Age, PhoneNumber, Name) VALUES (281, 34, '0572496928', 'Steven');
INSERT INTO Person (ID, Age, PhoneNumber, Name) VALUES (282, 37, '0526750130', 'Scott');
INSERT INTO Person (ID, Age, PhoneNumber, Name) VALUES (283, 32, '0527783224', 'Nathan');
INSERT INTO Person (ID, Age, PhoneNumber, Name) VALUES (284, 48, '0570726773', 'Danielle');
INSERT INTO Person (ID, Age, PhoneNumber, Name) VALUES (285, 27, '0578495092', 'Anna');
INSERT INTO Person (ID, Age, PhoneNumber, Name) VALUES (286, 35, '0506516031', 'Eric');
INSERT INTO Person (ID, Age, PhoneNumber, Name) VALUES (287, 37, '0540795600', 'Grace');
INSERT INTO Person (ID, Age, PhoneNumber, Name) VALUES (288, 41, '0516826816', 'Jeffrey');
INSERT INTO Person (ID, Age, PhoneNumber, Name) VALUES (289, 34, '0539507647', 'Levi');
INSERT INTO Person (ID, Age, PhoneNumber, Name) VALUES (290, 26, '0544607291', 'Taylor');
INSERT INTO Person (ID, Age, PhoneNumber, Name) VALUES (291, 25, '0594497252', 'William');
INSERT INTO Person (ID, Age, PhoneNumber, Name) VALUES (292, 34, '0525401447', 'Arthur');
INSERT INTO Person (ID, Age, PhoneNumber, Name) VALUES (293, 28, '0542716124', 'Bradley');
INSERT INTO Person (ID, Age, PhoneNumber, Name) VALUES (294, 29, '0511690128', 'Harold');
INSERT INTO Person (ID, Age, PhoneNumber, Name) VALUES (295, 34, '0536183710', 'Ronald');
INSERT INTO Person (ID, Age, PhoneNumber, Name) VALUES (296, 32, '0584169098', 'Aubrey');
INSERT INTO Person (ID, Age, PhoneNumber, Name) VALUES (297, 32, '0574477110', 'Trevor');
INSERT INTO Person (ID, Age, PhoneNumber, Name) VALUES (298, 33, '0570754850', 'Hailey');
INSERT INTO Person (ID, Age, PhoneNumber, Name) VALUES (299, 48, '0528428809', 'Albert');
INSERT INTO Person (ID, Age, PhoneNumber, Name) VALUES (300, 43, '0531371380', 'Roland');
INSERT INTO Person (ID, Age, PhoneNumber, Name) VALUES (301, 43, '0553397193', 'Kevin');
INSERT INTO Person (ID, Age, PhoneNumber, Name) VALUES (302, 42, '0540833670', 'Grace');
INSERT INTO Person (ID, Age, PhoneNumber, Name) VALUES (303, 49, '0527516492', 'Keith');
INSERT INTO Person (ID, Age, PhoneNumber, Name) VALUES (304, 37, '0570518479', 'Charles');
INSERT INTO Person (ID, Age, PhoneNumber, Name) VALUES (305, 34, '0530278861', 'Jasmine');
INSERT INTO Person (ID, Age, PhoneNumber, Name) VALUES (306, 46, '0544483455', 'Grace');
INSERT INTO Person (ID, Age, PhoneNumber, Name) VALUES (307, 31, '0509934939', 'Julia');
INSERT INTO Person (ID, Age, PhoneNumber, Name) VALUES (308, 46, '0517028402', 'Andrew');
INSERT INTO Person (ID, Age, PhoneNumber, Name) VALUES (309, 26, '0595187529', 'Delaney');
INSERT INTO Person (ID, Age, PhoneNumber, Name) VALUES (310, 33, '0518847240', 'Frank');
INSERT INTO Person (ID, Age, PhoneNumber, Name) VALUES (311, 45, '0584757320', 'Brooke');
INSERT INTO Person (ID, Age, PhoneNumber, Name) VALUES (312, 27, '0589070750', 'Wayne');
INSERT INTO Person (ID, Age, PhoneNumber, Name) VALUES (313, 41, '0591802005', 'Angelina');
INSERT INTO Person (ID, Age, PhoneNumber, Name) VALUES (314, 40, '0539762293', 'Audrey');
INSERT INTO Person (ID, Age, PhoneNumber, Name) VALUES (315, 38, '0533277744', 'Nicole');
INSERT INTO Person (ID, Age, PhoneNumber, Name) VALUES (316, 33, '0575354433', 'Brian');
INSERT INTO Person (ID, Age, PhoneNumber, Name) VALUES (317, 36, '0574135945', 'Jacob');
INSERT INTO Person (ID, Age, PhoneNumber, Name) VALUES (318, 29, '0581486651', 'Charles');
INSERT INTO Person (ID, Age, PhoneNumber, Name) VALUES (319, 46, '0589482418', 'Howard');
INSERT INTO Person (ID, Age, PhoneNumber, Name) VALUES (320, 41, '0532886676', 'Kylie');
INSERT INTO Person (ID, Age, PhoneNumber, Name) VALUES (321, 26, '0523118764', 'Victor');
INSERT INTO Person (ID, Age, PhoneNumber, Name) VALUES (322, 46, '0514515828', 'Londyn');
INSERT INTO Person (ID, Age, PhoneNumber, Name) VALUES (323, 44, '0577567564', 'Haley');
INSERT INTO Person (ID, Age, PhoneNumber, Name) VALUES (324, 29, '0553484224', 'Terry');
INSERT INTO Person (ID, Age, PhoneNumber, Name) VALUES (325, 44, '0540897313', 'Jeffrey');
INSERT INTO Person (ID, Age, PhoneNumber, Name) VALUES (326, 47, '0575017081', 'Lila');
INSERT INTO Person (ID, Age, PhoneNumber, Name) VALUES (327, 47, '0549695577', 'Philip');
INSERT INTO Person (ID, Age, PhoneNumber, Name) VALUES (328, 47, '0537639659', 'Lily');
INSERT INTO Person (ID, Age, PhoneNumber, Name) VALUES (329, 29, '0555607134', 'Gabrielle');
INSERT INTO Person (ID, Age, PhoneNumber, Name) VALUES (330, 49, '0520168343', 'Donald');
INSERT INTO Person (ID, Age, PhoneNumber, Name) VALUES (331, 30, '0586818852', 'Isabelle');
INSERT INTO Person (ID, Age, PhoneNumber, Name) VALUES (332, 32, '0527631130', 'Hannah');
INSERT INTO Person (ID, Age, PhoneNumber, Name) VALUES (333, 46, '0596634563', 'Norman');
INSERT INTO Person (ID, Age, PhoneNumber, Name) VALUES (334, 44, '0571536561', 'Levi');
INSERT INTO Person (ID, Age, PhoneNumber, Name) VALUES (335, 44, '0544261380', 'Nathan');
INSERT INTO Person (ID, Age, PhoneNumber, Name) VALUES (336, 49, '0565898071', 'Clarence');
INSERT INTO Person (ID, Age, PhoneNumber, Name) VALUES (337, 42, '0568578952', 'Andrew');
INSERT INTO Person (ID, Age, PhoneNumber, Name) VALUES (338, 30, '0515388310', 'Katherine');
INSERT INTO Person (ID, Age, PhoneNumber, Name) VALUES (339, 50, '0586596432', 'Audrey');
INSERT INTO Person (ID, Age, PhoneNumber, Name) VALUES (340, 41, '0516093587', 'Gregory');
INSERT INTO Person (ID, Age, PhoneNumber, Name) VALUES (341, 31, '0561667107', 'Carl');
INSERT INTO Person (ID, Age, PhoneNumber, Name) VALUES (342, 44, '0591286617', 'Samantha');
INSERT INTO Person (ID, Age, PhoneNumber, Name) VALUES (343, 28, '0554162375', 'Grace');
INSERT INTO Person (ID, Age, PhoneNumber, Name) VALUES (344, 36, '0522760680', 'Brian');
INSERT INTO Person (ID, Age, PhoneNumber, Name) VALUES (345, 41, '0536088582', 'Melissa');
INSERT INTO Person (ID, Age, PhoneNumber, Name) VALUES (346, 35, '0540645859', 'Leah');
INSERT INTO Person (ID, Age, PhoneNumber, Name) VALUES (347, 44, '0560816698', 'Julia');
INSERT INTO Person (ID, Age, PhoneNumber, Name) VALUES (348, 45, '0510597486', 'Skylar');
INSERT INTO Person (ID, Age, PhoneNumber, Name) VALUES (349, 46, '0574048500', 'Ashley');
INSERT INTO Person (ID, Age, PhoneNumber, Name) VALUES (350, 49, '0583165345', 'Hannah');
INSERT INTO Person (ID, Age, PhoneNumber, Name) VALUES (351, 25, '0574874101', 'Victor');
INSERT INTO Person (ID, Age, PhoneNumber, Name) VALUES (352, 36, '0526679693', 'Alyssa');
INSERT INTO Person (ID, Age, PhoneNumber, Name) VALUES (353, 42, '0562207695', 'Adriana');
INSERT INTO Person (ID, Age, PhoneNumber, Name) VALUES (354, 50, '0533062256', 'Clarence');
INSERT INTO Person (ID, Age, PhoneNumber, Name) VALUES (355, 41, '0595481045', 'Avery');
INSERT INTO Person (ID, Age, PhoneNumber, Name) VALUES (356, 30, '0571708954', 'Madeline');
INSERT INTO Person (ID, Age, PhoneNumber, Name) VALUES (357, 37, '0575677364', 'Anna');
INSERT INTO Person (ID, Age, PhoneNumber, Name) VALUES (358, 50, '0569952264', 'Alexis');
INSERT INTO Person (ID, Age, PhoneNumber, Name) VALUES (359, 47, '0571032247', 'Alyssa');
INSERT INTO Person (ID, Age, PhoneNumber, Name) VALUES (360, 32, '0580036781', 'Eddie');
INSERT INTO Person (ID, Age, PhoneNumber, Name) VALUES (361, 42, '0511052614', 'Lily');
INSERT INTO Person (ID, Age, PhoneNumber, Name) VALUES (362, 45, '0590782428', 'Jordyn');
INSERT INTO Person (ID, Age, PhoneNumber, Name) VALUES (363, 33, '0507898407', 'Kylie');
INSERT INTO Person (ID, Age, PhoneNumber, Name) VALUES (364, 47, '0598551262', 'Carl');
INSERT INTO Person (ID, Age, PhoneNumber, Name) VALUES (365, 34, '0523211297', 'Grace');
INSERT INTO Person (ID, Age, PhoneNumber, Name) VALUES (366, 36, '0523393382', 'Aubrey');
INSERT INTO Person (ID, Age, PhoneNumber, Name) VALUES (367, 44, '0572327133', 'Sara');
INSERT INTO Person (ID, Age, PhoneNumber, Name) VALUES (368, 29, '0530239301', 'Robert');
INSERT INTO Person (ID, Age, PhoneNumber, Name) VALUES (369, 38, '0559978769', 'Peter');
INSERT INTO Person (ID, Age, PhoneNumber, Name) VALUES (370, 36, '0523821967', 'Megan');
INSERT INTO Person (ID, Age, PhoneNumber, Name) VALUES (371, 36, '0558589106', 'Harold');
INSERT INTO Person (ID, Age, PhoneNumber, Name) VALUES (372, 29, '0526137347', 'David');
INSERT INTO Person (ID, Age, PhoneNumber, Name) VALUES (373, 36, '0535443082', 'Ariana');
INSERT INTO Person (ID, Age, PhoneNumber, Name) VALUES (374, 26, '0502439323', 'Ashley');
INSERT INTO Person (ID, Age, PhoneNumber, Name) VALUES (375, 26, '0599205745', 'Miles');
INSERT INTO Person (ID, Age, PhoneNumber, Name) VALUES (376, 44, '0531619325', 'John');
INSERT INTO Person (ID, Age, PhoneNumber, Name) VALUES (377, 49, '0508856785', 'Carl');
INSERT INTO Person (ID, Age, PhoneNumber, Name) VALUES (378, 37, '0532246575', 'Adam');
INSERT INTO Person (ID, Age, PhoneNumber, Name) VALUES (379, 42, '0528808570', 'Martin');
INSERT INTO Person (ID, Age, PhoneNumber, Name) VALUES (380, 26, '0543892182', 'Nathan');
INSERT INTO Person (ID, Age, PhoneNumber, Name) VALUES (381, 37, '0571489416', 'Roger');
INSERT INTO Person (ID, Age, PhoneNumber, Name) VALUES (382, 47, '0508359747', 'Lawrence');
INSERT INTO Person (ID, Age, PhoneNumber, Name) VALUES (383, 35, '0550043076', 'Edward');
INSERT INTO Person (ID, Age, PhoneNumber, Name) VALUES (384, 25, '0565713243', 'Adam');
INSERT INTO Person (ID, Age, PhoneNumber, Name) VALUES (385, 29, '0581683751', 'Madeline');
INSERT INTO Person (ID, Age, PhoneNumber, Name) VALUES (386, 49, '0512182926', 'Alyssa');
INSERT INTO Person (ID, Age, PhoneNumber, Name) VALUES (387, 27, '0509340060', 'Violet');
INSERT INTO Person (ID, Age, PhoneNumber, Name) VALUES (388, 46, '0503989096', 'Bradley');
INSERT INTO Person (ID, Age, PhoneNumber, Name) VALUES (389, 28, '0553473819', 'Max');
INSERT INTO Person (ID, Age, PhoneNumber, Name) VALUES (390, 50, '0570556590', 'Jessica');
INSERT INTO Person (ID, Age, PhoneNumber, Name) VALUES (391, 27, '0593692789', 'John');
INSERT INTO Person (ID, Age, PhoneNumber, Name) VALUES (392, 41, '0577268822', 'Joseph');
INSERT INTO Person (ID, Age, PhoneNumber, Name) VALUES (393, 45, '0510874760', 'Violet');
INSERT INTO Person (ID, Age, PhoneNumber, Name) VALUES (394, 34, '0552620669', 'Dennis');
INSERT INTO Person (ID, Age, PhoneNumber, Name) VALUES (395, 42, '0542748923', 'Anna');
INSERT INTO Person (ID, Age, PhoneNumber, Name) VALUES (396, 42, '0544951408', 'Maya');
INSERT INTO Person (ID, Age, PhoneNumber, Name) VALUES (397, 26, '0562315093', 'Adam');
INSERT INTO Person (ID, Age, PhoneNumber, Name) VALUES (398, 43, '0562801622', 'Rachel');
INSERT INTO Person (ID, Age, PhoneNumber, Name) VALUES (399, 49, '0534506932', 'Lester');
INSERT INTO Person (ID, Age, PhoneNumber, Name) VALUES (400, 34, '0530049353', 'Anna');
INSERT INTO Person (ID, Age, PhoneNumber, Name) VALUES (401, 25, '0514800516', 'Madison');
INSERT INTO Person (ID, Age, PhoneNumber, Name) VALUES (402, 36, '0548277117', 'Lester');
INSERT INTO Person (ID, Age, PhoneNumber, Name) VALUES (403, 33, '0538352484', 'Norman');
INSERT INTO Person (ID, Age, PhoneNumber, Name) VALUES (404, 27, '0525408896', 'Delaney');
INSERT INTO Person (ID, Age, PhoneNumber, Name) VALUES (405, 45, '0523764395', 'Madison');
INSERT INTO Person (ID, Age, PhoneNumber, Name) VALUES (406, 28, '0515392833', 'Bella');
INSERT INTO Person (ID, Age, PhoneNumber, Name) VALUES (407, 27, '0598458537', 'Emma');
INSERT INTO Person (ID, Age, PhoneNumber, Name) VALUES (408, 44, '0596730926', 'Steven');
INSERT INTO Person (ID, Age, PhoneNumber, Name) VALUES (409, 39, '0524281756', 'Isaiah');
INSERT INTO Person (ID, Age, PhoneNumber, Name) VALUES (410, 40, '0556264458', 'Jerome');
INSERT INTO Person (ID, Age, PhoneNumber, Name) VALUES (411, 46, '0594650644', 'Taylor');
INSERT INTO Person (ID, Age, PhoneNumber, Name) VALUES (412, 41, '0558025949', 'Anthony');
INSERT INTO Person (ID, Age, PhoneNumber, Name) VALUES (413, 29, '0520548270', 'Rylee');
INSERT INTO Person (ID, Age, PhoneNumber, Name) VALUES (414, 25, '0515722511', 'Kenneth');
INSERT INTO Person (ID, Age, PhoneNumber, Name) VALUES (415, 43, '0528501878', 'Calvin');
INSERT INTO Person (ID, Age, PhoneNumber, Name) VALUES (416, 26, '0530687026', 'Victoria');
INSERT INTO Person (ID, Age, PhoneNumber, Name) VALUES (417, 50, '0536385341', 'Jasmine');
INSERT INTO Person (ID, Age, PhoneNumber, Name) VALUES (418, 33, '0522798268', 'Donald');
INSERT INTO Person (ID, Age, PhoneNumber, Name) VALUES (419, 28, '0551267029', 'Kylie');
INSERT INTO Person (ID, Age, PhoneNumber, Name) VALUES (420, 25, '0572387253', 'Albert');
INSERT INTO Person (ID, Age, PhoneNumber, Name) VALUES (421, 27, '0561735524', 'Samuel');
INSERT INTO Person (ID, Age, PhoneNumber, Name) VALUES (422, 30, '0578035348', 'Elise');
INSERT INTO Person (ID, Age, PhoneNumber, Name) VALUES (423, 37, '0568185818', 'Eugene');
INSERT INTO Person (ID, Age, PhoneNumber, Name) VALUES (424, 32, '0519693705', 'Walter');
INSERT INTO Person (ID, Age, PhoneNumber, Name) VALUES (425, 30, '0513387630', 'Layla');
INSERT INTO Person (ID, Age, PhoneNumber, Name) VALUES (426, 38, '0568069189', 'Rachel');
INSERT INTO Person (ID, Age, PhoneNumber, Name) VALUES (427, 39, '0512919124', 'Mariah');
INSERT INTO Person (ID, Age, PhoneNumber, Name) VALUES (428, 32, '0596576532', 'Sophie');
INSERT INTO Person (ID, Age, PhoneNumber, Name) VALUES (429, 47, '0508819739', 'Jeffrey');
INSERT INTO Person (ID, Age, PhoneNumber, Name) VALUES (430, 29, '0560686118', 'Frederick');
INSERT INTO Person (ID, Age, PhoneNumber, Name) VALUES (431, 40, '0504440283', 'Henry');
INSERT INTO Person (ID, Age, PhoneNumber, Name) VALUES (432, 41, '0565376901', 'Alex');
INSERT INTO Person (ID, Age, PhoneNumber, Name) VALUES (433, 37, '0512150757', 'Londyn');
INSERT INTO Person (ID, Age, PhoneNumber, Name) VALUES (434, 36, '0526817673', 'Chloe');
INSERT INTO Person (ID, Age, PhoneNumber, Name) VALUES (435, 27, '0565916842', 'Anna');
INSERT INTO Person (ID, Age, PhoneNumber, Name) VALUES (436, 37, '0538830151', 'Londyn');
INSERT INTO Person (ID, Age, PhoneNumber, Name) VALUES (437, 31, '0546705052', 'Lauren');
INSERT INTO Person (ID, Age, PhoneNumber, Name) VALUES (438, 39, '0534808717', 'Makayla');
INSERT INTO Person (ID, Age, PhoneNumber, Name) VALUES (439, 31, '0566163503', 'Jasmine');
INSERT INTO Person (ID, Age, PhoneNumber, Name) VALUES (440, 32, '0531117644', 'Gianna');
INSERT INTO Person (ID, Age, PhoneNumber, Name) VALUES (441, 25, '0501065956', 'Carl');
INSERT INTO Person (ID, Age, PhoneNumber, Name) VALUES (442, 32, '0531636711', 'Isabella');
INSERT INTO Person (ID, Age, PhoneNumber, Name) VALUES (443, 29, '0565400931', 'Richard');
INSERT INTO Person (ID, Age, PhoneNumber, Name) VALUES (444, 40, '0569911813', 'Oscar');
INSERT INTO Person (ID, Age, PhoneNumber, Name) VALUES (445, 27, '0584523125', 'Jared');
INSERT INTO Person (ID, Age, PhoneNumber, Name) VALUES (446, 26, '0534896874', 'Daniel');
INSERT INTO Person (ID, Age, PhoneNumber, Name) VALUES (447, 38, '0513686864', 'Madeline');
INSERT INTO Person (ID, Age, PhoneNumber, Name) VALUES (448, 25, '0595442690', 'Michael');
INSERT INTO Person (ID, Age, PhoneNumber, Name) VALUES (449, 49, '0530571211', 'Adalyn');
INSERT INTO Person (ID, Age, PhoneNumber, Name) VALUES (450, 46, '0596023289', 'Joel');
INSERT INTO Person (ID, Age, PhoneNumber, Name) VALUES (451, 40, '0588047889', 'Skylar');
INSERT INTO Person (ID, Age, PhoneNumber, Name) VALUES (452, 34, '0595347506', 'Gordon');
INSERT INTO Person (ID, Age, PhoneNumber, Name) VALUES (453, 48, '0560799930', 'Ralph');
INSERT INTO Person (ID, Age, PhoneNumber, Name) VALUES (454, 35, '0508804696', 'Hailey');
INSERT INTO Person (ID, Age, PhoneNumber, Name) VALUES (455, 38, '0525480785', 'Eddie');
INSERT INTO Person (ID, Age, PhoneNumber, Name) VALUES (456, 39, '0540015405', 'Francis');
INSERT INTO Person (ID, Age, PhoneNumber, Name) VALUES (457, 32, '0587251685', 'Gregory');
INSERT INTO Person (ID, Age, PhoneNumber, Name) VALUES (458, 33, '0547136859', 'Patrick');
INSERT INTO Person (ID, Age, PhoneNumber, Name) VALUES (459, 33, '0598402918', 'Samantha');
INSERT INTO Person (ID, Age, PhoneNumber, Name) VALUES (460, 38, '0574755355', 'Kevin');
INSERT INTO Person (ID, Age, PhoneNumber, Name) VALUES (461, 48, '0577555255', 'Ronald');
INSERT INTO Person (ID, Age, PhoneNumber, Name) VALUES (462, 50, '0572609464', 'George');
INSERT INTO Person (ID, Age, PhoneNumber, Name) VALUES (463, 45, '0544300800', 'Cameron');
INSERT INTO Person (ID, Age, PhoneNumber, Name) VALUES (464, 30, '0580936888', 'Isabel');
INSERT INTO Person (ID, Age, PhoneNumber, Name) VALUES (465, 30, '0544631998', 'Violet');
INSERT INTO Person (ID, Age, PhoneNumber, Name) VALUES (466, 45, '0580269653', 'Brian');
INSERT INTO Person (ID, Age, PhoneNumber, Name) VALUES (467, 27, '0565663183', 'Tyler');
INSERT INTO Person (ID, Age, PhoneNumber, Name) VALUES (468, 33, '0588062562', 'Aubrey');
INSERT INTO Person (ID, Age, PhoneNumber, Name) VALUES (469, 49, '0588622451', 'Taylor');
INSERT INTO Person (ID, Age, PhoneNumber, Name) VALUES (470, 45, '0532973418', 'Madison');
INSERT INTO Person (ID, Age, PhoneNumber, Name) VALUES (471, 32, '0597838058', 'Sydney');
INSERT INTO Person (ID, Age, PhoneNumber, Name) VALUES (472, 39, '0590377888', 'Ronald');
INSERT INTO Person (ID, Age, PhoneNumber, Name) VALUES (473, 38, '0569517664', 'Lila');
INSERT INTO Person (ID, Age, PhoneNumber, Name) VALUES (474, 29, '0534953109', 'Jonathan');
INSERT INTO Person (ID, Age, PhoneNumber, Name) VALUES (475, 49, '0596924104', 'Grace');
INSERT INTO Person (ID, Age, PhoneNumber, Name) VALUES (476, 43, '0583538190', 'Delaney');
INSERT INTO Person (ID, Age, PhoneNumber, Name) VALUES (477, 49, '0563630021', 'Norman');
INSERT INTO Person (ID, Age, PhoneNumber, Name) VALUES (478, 38, '0554802450', 'Bella');
INSERT INTO Person (ID, Age, PhoneNumber, Name) VALUES (479, 37, '0532472737', 'Sophie');
INSERT INTO Person (ID, Age, PhoneNumber, Name) VALUES (480, 25, '0535305212', 'George');
INSERT INTO Person (ID, Age, PhoneNumber, Name) VALUES (481, 47, '0574003842', 'Adam');
INSERT INTO Person (ID, Age, PhoneNumber, Name) VALUES (482, 30, '0567281134', 'Skylar');
INSERT INTO Person (ID, Age, PhoneNumber, Name) VALUES (483, 40, '0587619631', 'Sara');
INSERT INTO Person (ID, Age, PhoneNumber, Name) VALUES (484, 26, '0508775513', 'Peter');
INSERT INTO Person (ID, Age, PhoneNumber, Name) VALUES (485, 36, '0528665009', 'Nora');
INSERT INTO Person (ID, Age, PhoneNumber, Name) VALUES (486, 42, '0596435772', 'Audrey');
INSERT INTO Person (ID, Age, PhoneNumber, Name) VALUES (487, 37, '0585416872', 'Louis');
INSERT INTO Person (ID, Age, PhoneNumber, Name) VALUES (488, 46, '0568753974', 'Aubrey');
INSERT INTO Person (ID, Age, PhoneNumber, Name) VALUES (489, 46, '0555249300', 'Christopher');
INSERT INTO Person (ID, Age, PhoneNumber, Name) VALUES (490, 25, '0533106649', 'Edward');
INSERT INTO Person (ID, Age, PhoneNumber, Name) VALUES (491, 30, '0502400665', 'Ryan');
INSERT INTO Person (ID, Age, PhoneNumber, Name) VALUES (492, 36, '0572688396', 'Katherine');
INSERT INTO Person (ID, Age, PhoneNumber, Name) VALUES (493, 44, '0595070719', 'Stephanie');
INSERT INTO Person (ID, Age, PhoneNumber, Name) VALUES (494, 47, '0517971554', 'Aaron');
INSERT INTO Person (ID, Age, PhoneNumber, Name) VALUES (495, 50, '0554518049', 'Roy');
INSERT INTO Person (ID, Age, PhoneNumber, Name) VALUES (496, 30, '0532464949', 'Mckenzie');
INSERT INTO Person (ID, Age, PhoneNumber, Name) VALUES (497, 44, '0518374907', 'Jordyn');
INSERT INTO Person (ID, Age, PhoneNumber, Name) VALUES (498, 39, '0538286017', 'Arthur');
INSERT INTO Person (ID, Age, PhoneNumber, Name) VALUES (499, 50, '0584319822', 'Madison');
INSERT INTO Person (ID, Age, PhoneNumber, Name) VALUES (500, 45, '0523369557', 'Paige');
INSERT INTO Person (ID, Age, PhoneNumber, Name) VALUES (501, 41, '0562468501', 'Melissa');
INSERT INTO Person (ID, Age, PhoneNumber, Name) VALUES (502, 43, '0524151459', 'Isaac');
INSERT INTO Person (ID, Age, PhoneNumber, Name) VALUES (503, 33, '0565792366', 'Kylie');
INSERT INTO Person (ID, Age, PhoneNumber, Name) VALUES (504, 26, '0577547260', 'Victoria');
INSERT INTO Person (ID, Age, PhoneNumber, Name) VALUES (505, 34, '0595966920', 'Leonard');
INSERT INTO Person (ID, Age, PhoneNumber, Name) VALUES (506, 48, '0563306999', 'Steven');
INSERT INTO Person (ID, Age, PhoneNumber, Name) VALUES (507, 33, '0552030620', 'Katherine');
INSERT INTO Person (ID, Age, PhoneNumber, Name) VALUES (508, 33, '0577651273', 'Peter');
INSERT INTO Person (ID, Age, PhoneNumber, Name) VALUES (509, 44, '0554236407', 'Joseph');
INSERT INTO Person (ID, Age, PhoneNumber, Name) VALUES (510, 45, '0512802467', 'Joel');
INSERT INTO Person (ID, Age, PhoneNumber, Name) VALUES (511, 30, '0538897559', 'Elizabeth');
INSERT INTO Person (ID, Age, PhoneNumber, Name) VALUES (512, 35, '0557235912', 'Victor');
INSERT INTO Person (ID, Age, PhoneNumber, Name) VALUES (513, 49, '0504555914', 'Jonathan');
INSERT INTO Person (ID, Age, PhoneNumber, Name) VALUES (514, 30, '0527224958', 'Stephen');
INSERT INTO Person (ID, Age, PhoneNumber, Name) VALUES (515, 49, '0530541783', 'George');
INSERT INTO Person (ID, Age, PhoneNumber, Name) VALUES (516, 26, '0573851854', 'Andrew');
INSERT INTO Person (ID, Age, PhoneNumber, Name) VALUES (517, 44, '0578677590', 'Maya');
INSERT INTO Person (ID, Age, PhoneNumber, Name) VALUES (518, 25, '0509526549', 'Levi');
INSERT INTO Person (ID, Age, PhoneNumber, Name) VALUES (519, 45, '0541931061', 'Jared');
INSERT INTO Person (ID, Age, PhoneNumber, Name) VALUES (520, 45, '0513422665', 'Jasmine');
INSERT INTO Person (ID, Age, PhoneNumber, Name) VALUES (521, 35, '0594519433', 'Eugene');
INSERT INTO Person (ID, Age, PhoneNumber, Name) VALUES (522, 43, '0595025032', 'Angelina');
INSERT INTO Person (ID, Age, PhoneNumber, Name) VALUES (523, 40, '0596361458', 'Olivia');
INSERT INTO Person (ID, Age, PhoneNumber, Name) VALUES (524, 29, '0536876901', 'Amanda');
INSERT INTO Person (ID, Age, PhoneNumber, Name) VALUES (525, 36, '0520883353', 'Londyn');
INSERT INTO Person (ID, Age, PhoneNumber, Name) VALUES (526, 49, '0519308259', 'Eugene');
INSERT INTO Person (ID, Age, PhoneNumber, Name) VALUES (527, 49, '0526183559', 'Matthew');
INSERT INTO Person (ID, Age, PhoneNumber, Name) VALUES (528, 50, '0574607004', 'Albert');
INSERT INTO Person (ID, Age, PhoneNumber, Name) VALUES (529, 41, '0530013164', 'Richard');
INSERT INTO Person (ID, Age, PhoneNumber, Name) VALUES (530, 27, '0526096034', 'Martin');
INSERT INTO Person (ID, Age, PhoneNumber, Name) VALUES (531, 47, '0560685933', 'Delaney');
INSERT INTO Person (ID, Age, PhoneNumber, Name) VALUES (532, 37, '0513226514', 'Violet');
INSERT INTO Person (ID, Age, PhoneNumber, Name) VALUES (533, 29, '0544142361', 'Aubrey');
INSERT INTO Person (ID, Age, PhoneNumber, Name) VALUES (534, 30, '0574199995', 'Aaron');
INSERT INTO Person (ID, Age, PhoneNumber, Name) VALUES (535, 35, '0586303880', 'Lila');
INSERT INTO Person (ID, Age, PhoneNumber, Name) VALUES (536, 25, '0558620980', 'Sarah');
INSERT INTO Person (ID, Age, PhoneNumber, Name) VALUES (537, 34, '0504833161', 'Olivia');
INSERT INTO Person (ID, Age, PhoneNumber, Name) VALUES (538, 32, '0500450321', 'Violet');
INSERT INTO Person (ID, Age, PhoneNumber, Name) VALUES (539, 30, '0546941711', 'Brandon');
INSERT INTO Person (ID, Age, PhoneNumber, Name) VALUES (540, 36, '0554075040', 'Frank');
INSERT INTO Person (ID, Age, PhoneNumber, Name) VALUES (541, 49, '0564979324', 'Keith');
INSERT INTO Person (ID, Age, PhoneNumber, Name) VALUES (542, 50, '0552966235', 'Brooke');
INSERT INTO Person (ID, Age, PhoneNumber, Name) VALUES (543, 26, '0509153131', 'Calvin');
INSERT INTO Person (ID, Age, PhoneNumber, Name) VALUES (544, 37, '0599049822', 'Isabelle');
INSERT INTO Person (ID, Age, PhoneNumber, Name) VALUES (545, 47, '0577997120', 'Joel');
INSERT INTO Person (ID, Age, PhoneNumber, Name) VALUES (546, 47, '0589140672', 'Samuel');
INSERT INTO Person (ID, Age, PhoneNumber, Name) VALUES (547, 31, '0541562894', 'Albert');
INSERT INTO Person (ID, Age, PhoneNumber, Name) VALUES (548, 42, '0529136785', 'Sarah');
INSERT INTO Person (ID, Age, PhoneNumber, Name) VALUES (549, 26, '0549052505', 'Aaron');
INSERT INTO Person (ID, Age, PhoneNumber, Name) VALUES (550, 32, '0558494783', 'Emily');
INSERT INTO Person (ID, Age, PhoneNumber, Name) VALUES (551, 35, '0541302945', 'Paige');
INSERT INTO Person (ID, Age, PhoneNumber, Name) VALUES (552, 49, '0560697176', 'Henry');
INSERT INTO Person (ID, Age, PhoneNumber, Name) VALUES (553, 32, '0541909240', 'Emma');
INSERT INTO Person (ID, Age, PhoneNumber, Name) VALUES (554, 26, '0506131930', 'Melissa');
INSERT INTO Person (ID, Age, PhoneNumber, Name) VALUES (555, 29, '0540987649', 'Gordon');
INSERT INTO Person (ID, Age, PhoneNumber, Name) VALUES (556, 30, '0595051709', 'Jocelyn');
INSERT INTO Person (ID, Age, PhoneNumber, Name) VALUES (557, 32, '0549497298', 'Aaliyah');
INSERT INTO Person (ID, Age, PhoneNumber, Name) VALUES (558, 44, '0505832153', 'Max');
INSERT INTO Person (ID, Age, PhoneNumber, Name) VALUES (559, 28, '0558866396', 'Chloe');
INSERT INTO Person (ID, Age, PhoneNumber, Name) VALUES (560, 28, '0585118562', 'Julia');
INSERT INTO Person (ID, Age, PhoneNumber, Name) VALUES (561, 27, '0521520426', 'Olivia');
INSERT INTO Person (ID, Age, PhoneNumber, Name) VALUES (562, 48, '0563824709', 'Gerald');
INSERT INTO Person (ID, Age, PhoneNumber, Name) VALUES (563, 43, '0501732239', 'Grace');
INSERT INTO Person (ID, Age, PhoneNumber, Name) VALUES (564, 38, '0554090616', 'Samuel');
INSERT INTO Person (ID, Age, PhoneNumber, Name) VALUES (565, 35, '0515570866', 'Julianna');
INSERT INTO Person (ID, Age, PhoneNumber, Name) VALUES (566, 28, '0538056269', 'Jerome');
INSERT INTO Person (ID, Age, PhoneNumber, Name) VALUES (567, 27, '0513347387', 'Cameron');
INSERT INTO Person (ID, Age, PhoneNumber, Name) VALUES (568, 39, '0558103484', 'John');
INSERT INTO Person (ID, Age, PhoneNumber, Name) VALUES (569, 48, '0571038795', 'Nathan');
INSERT INTO Person (ID, Age, PhoneNumber, Name) VALUES (570, 47, '0592871761', 'Terry');
INSERT INTO Person (ID, Age, PhoneNumber, Name) VALUES (571, 31, '0566457940', 'Steven');
INSERT INTO Person (ID, Age, PhoneNumber, Name) VALUES (572, 47, '0575427483', 'Thomas');
INSERT INTO Person (ID, Age, PhoneNumber, Name) VALUES (573, 48, '0579213219', 'Hannah');
INSERT INTO Person (ID, Age, PhoneNumber, Name) VALUES (574, 31, '0503818926', 'Brianna');
INSERT INTO Person (ID, Age, PhoneNumber, Name) VALUES (575, 49, '0524071506', 'Richard');
INSERT INTO Person (ID, Age, PhoneNumber, Name) VALUES (576, 33, '0555456267', 'Taylor');
INSERT INTO Person (ID, Age, PhoneNumber, Name) VALUES (577, 44, '0538476414', 'Elizabeth');
INSERT INTO Person (ID, Age, PhoneNumber, Name) VALUES (578, 25, '0586989411', 'Jonathan');
INSERT INTO Person (ID, Age, PhoneNumber, Name) VALUES (579, 26, '0563115174', 'Donald');
INSERT INTO Person (ID, Age, PhoneNumber, Name) VALUES (580, 45, '0519579476', 'Benjamin');
INSERT INTO Person (ID, Age, PhoneNumber, Name) VALUES (581, 39, '0581950719', 'Emma');
INSERT INTO Person (ID, Age, PhoneNumber, Name) VALUES (582, 32, '0566528571', 'Mackenzie');
INSERT INTO Person (ID, Age, PhoneNumber, Name) VALUES (583, 39, '0561229027', 'Bella');
INSERT INTO Person (ID, Age, PhoneNumber, Name) VALUES (584, 42, '0537255330', 'Stephanie');
INSERT INTO Person (ID, Age, PhoneNumber, Name) VALUES (585, 26, '0549627839', 'Kaitlyn');
INSERT INTO Person (ID, Age, PhoneNumber, Name) VALUES (586, 43, '0552616878', 'Ariana');
INSERT INTO Person (ID, Age, PhoneNumber, Name) VALUES (587, 39, '0515316936', 'Emma');
INSERT INTO Person (ID, Age, PhoneNumber, Name) VALUES (588, 34, '0525395468', 'Henry');
INSERT INTO Person (ID, Age, PhoneNumber, Name) VALUES (589, 48, '0515232189', 'Miles');
INSERT INTO Person (ID, Age, PhoneNumber, Name) VALUES (590, 37, '0513646866', 'Michael');
INSERT INTO Person (ID, Age, PhoneNumber, Name) VALUES (591, 38, '0535611806', 'Paige');
INSERT INTO Person (ID, Age, PhoneNumber, Name) VALUES (592, 40, '0565061389', 'Violet');
INSERT INTO Person (ID, Age, PhoneNumber, Name) VALUES (593, 49, '0596284126', 'Makayla');
INSERT INTO Person (ID, Age, PhoneNumber, Name) VALUES (594, 40, '0541913755', 'Amanda');
INSERT INTO Person (ID, Age, PhoneNumber, Name) VALUES (595, 48, '0558630804', 'Alex');
INSERT INTO Person (ID, Age, PhoneNumber, Name) VALUES (596, 44, '0504279039', 'Eugene');
INSERT INTO Person (ID, Age, PhoneNumber, Name) VALUES (597, 37, '0585451004', 'Peter');
INSERT INTO Person (ID, Age, PhoneNumber, Name) VALUES (598, 38, '0547579337', 'Isabella');
INSERT INTO Person (ID, Age, PhoneNumber, Name) VALUES (599, 48, '0514778402', 'Anna');
INSERT INTO Person (ID, Age, PhoneNumber, Name) VALUES (600, 35, '0596294535', 'Nora');
INSERT INTO Person (ID, Age, PhoneNumber, Name) VALUES (601, 32, '0547412539', 'Kaitlyn');
INSERT INTO Person (ID, Age, PhoneNumber, Name) VALUES (602, 48, '0539096465', 'Francis');
INSERT INTO Person (ID, Age, PhoneNumber, Name) VALUES (603, 41, '0554473435', 'Mariah');
INSERT INTO Person (ID, Age, PhoneNumber, Name) VALUES (604, 29, '0520798497', 'Bella');
INSERT INTO Person (ID, Age, PhoneNumber, Name) VALUES (605, 39, '0588933604', 'Eugene');
INSERT INTO Person (ID, Age, PhoneNumber, Name) VALUES (606, 39, '0539119748', 'Philip');
INSERT INTO Person (ID, Age, PhoneNumber, Name) VALUES (607, 36, '0521747828', 'Brandon');
INSERT INTO Person (ID, Age, PhoneNumber, Name) VALUES (608, 36, '0516563833', 'Keith');
INSERT INTO Person (ID, Age, PhoneNumber, Name) VALUES (609, 38, '0554119493', 'Brian');
INSERT INTO Person (ID, Age, PhoneNumber, Name) VALUES (610, 31, '0556338711', 'Samuel');
INSERT INTO Person (ID, Age, PhoneNumber, Name) VALUES (611, 45, '0584094468', 'Donald');
INSERT INTO Person (ID, Age, PhoneNumber, Name) VALUES (612, 45, '0508168621', 'Robert');
INSERT INTO Person (ID, Age, PhoneNumber, Name) VALUES (613, 36, '0504148838', 'Henry');
INSERT INTO Person (ID, Age, PhoneNumber, Name) VALUES (614, 26, '0547068441', 'Louis');
INSERT INTO Person (ID, Age, PhoneNumber, Name) VALUES (615, 46, '0575995168', 'Howard');
INSERT INTO Person (ID, Age, PhoneNumber, Name) VALUES (616, 25, '0584458460', 'Riley');
INSERT INTO Person (ID, Age, PhoneNumber, Name) VALUES (617, 34, '0541545288', 'Isabella');
INSERT INTO Person (ID, Age, PhoneNumber, Name) VALUES (618, 39, '0567420104', 'George');
INSERT INTO Person (ID, Age, PhoneNumber, Name) VALUES (619, 25, '0568968265', 'Dennis');
INSERT INTO Person (ID, Age, PhoneNumber, Name) VALUES (620, 49, '0537222807', 'Claire');
INSERT INTO Person (ID, Age, PhoneNumber, Name) VALUES (621, 48, '0571059753', 'Sara');
INSERT INTO Person (ID, Age, PhoneNumber, Name) VALUES (622, 46, '0538250149', 'Delaney');
INSERT INTO Person (ID, Age, PhoneNumber, Name) VALUES (623, 35, '0540491236', 'Raymond');
INSERT INTO Person (ID, Age, PhoneNumber, Name) VALUES (624, 33, '0583060135', 'Adam');
INSERT INTO Person (ID, Age, PhoneNumber, Name) VALUES (625, 36, '0551552471', 'Ronald');
INSERT INTO Person (ID, Age, PhoneNumber, Name) VALUES (626, 34, '0586095574', 'Carl');
INSERT INTO Person (ID, Age, PhoneNumber, Name) VALUES (627, 46, '0519676293', 'Albert');
INSERT INTO Person (ID, Age, PhoneNumber, Name) VALUES (628, 37, '0558113831', 'Aubrey');
INSERT INTO Person (ID, Age, PhoneNumber, Name) VALUES (629, 34, '0545786984', 'Chloe');
INSERT INTO Person (ID, Age, PhoneNumber, Name) VALUES (630, 46, '0552323767', 'Clarence');
INSERT INTO Person (ID, Age, PhoneNumber, Name) VALUES (631, 46, '0516578786', 'Levi');
INSERT INTO Person (ID, Age, PhoneNumber, Name) VALUES (632, 38, '0582525488', 'Harold');
INSERT INTO Person (ID, Age, PhoneNumber, Name) VALUES (633, 42, '0516478337', 'Terry');
INSERT INTO Person (ID, Age, PhoneNumber, Name) VALUES (634, 50, '0582891295', 'Claire');
INSERT INTO Person (ID, Age, PhoneNumber, Name) VALUES (635, 35, '0569043805', 'Gregory');
INSERT INTO Person (ID, Age, PhoneNumber, Name) VALUES (636, 28, '0591917938', 'Arthur');
INSERT INTO Person (ID, Age, PhoneNumber, Name) VALUES (637, 28, '0519691703', 'Edward');
INSERT INTO Person (ID, Age, PhoneNumber, Name) VALUES (638, 34, '0591869213', 'Albert');
INSERT INTO Person (ID, Age, PhoneNumber, Name) VALUES (639, 35, '0517337608', 'Sydney');
INSERT INTO Person (ID, Age, PhoneNumber, Name) VALUES (640, 34, '0563739835', 'Henry');
INSERT INTO Person (ID, Age, PhoneNumber, Name) VALUES (641, 34, '0577415578', 'Donald');
INSERT INTO Person (ID, Age, PhoneNumber, Name) VALUES (642, 33, '0508065100', 'Richard');
INSERT INTO Person (ID, Age, PhoneNumber, Name) VALUES (643, 43, '0551806762', 'Mariah');
INSERT INTO Person (ID, Age, PhoneNumber, Name) VALUES (644, 33, '0531680780', 'Mark');
INSERT INTO Person (ID, Age, PhoneNumber, Name) VALUES (645, 45, '0596449812', 'Elise');
INSERT INTO Person (ID, Age, PhoneNumber, Name) VALUES (646, 29, '0558101481', 'Chloe');
INSERT INTO Person (ID, Age, PhoneNumber, Name) VALUES (647, 50, '0571489640', 'Brandon');
INSERT INTO Person (ID, Age, PhoneNumber, Name) VALUES (648, 42, '0501104011', 'Raymond');
INSERT INTO Person (ID, Age, PhoneNumber, Name) VALUES (649, 48, '0522181762', 'Bradley');
INSERT INTO Person (ID, Age, PhoneNumber, Name) VALUES (650, 38, '0573702610', 'Roger');
INSERT INTO Person (ID, Age, PhoneNumber, Name) VALUES (651, 48, '0576173649', 'Avery');
INSERT INTO Person (ID, Age, PhoneNumber, Name) VALUES (652, 26, '0511169851', 'Adalyn');
INSERT INTO Person (ID, Age, PhoneNumber, Name) VALUES (653, 35, '0554717559', 'Clarence');
INSERT INTO Person (ID, Age, PhoneNumber, Name) VALUES (654, 46, '0591784603', 'Calvin');
INSERT INTO Person (ID, Age, PhoneNumber, Name) VALUES (655, 34, '0582208802', 'Glenn');
INSERT INTO Person (ID, Age, PhoneNumber, Name) VALUES (656, 32, '0591941138', 'Jasmine');
INSERT INTO Person (ID, Age, PhoneNumber, Name) VALUES (657, 46, '0590620540', 'Ronald');
INSERT INTO Person (ID, Age, PhoneNumber, Name) VALUES (658, 43, '0504238340', 'Howard');
INSERT INTO Person (ID, Age, PhoneNumber, Name) VALUES (659, 48, '0545375138', 'Allison');
INSERT INTO Person (ID, Age, PhoneNumber, Name) VALUES (660, 45, '0566868910', 'Cameron');
INSERT INTO Person (ID, Age, PhoneNumber, Name) VALUES (661, 37, '0591282095', 'Sadie');
INSERT INTO Person (ID, Age, PhoneNumber, Name) VALUES (662, 44, '0530329494', 'Dennis');
INSERT INTO Person (ID, Age, PhoneNumber, Name) VALUES (663, 45, '0519242852', 'Faith');
INSERT INTO Person (ID, Age, PhoneNumber, Name) VALUES (664, 31, '0507479233', 'Julianna');
INSERT INTO Person (ID, Age, PhoneNumber, Name) VALUES (665, 41, '0554430979', 'Calvin');
INSERT INTO Person (ID, Age, PhoneNumber, Name) VALUES (666, 47, '0595818752', 'Alyssa');
INSERT INTO Person (ID, Age, PhoneNumber, Name) VALUES (667, 50, '0530609963', 'Rachel');
INSERT INTO Person (ID, Age, PhoneNumber, Name) VALUES (668, 35, '0513797239', 'Jennifer');
INSERT INTO Person (ID, Age, PhoneNumber, Name) VALUES (669, 37, '0593180204', 'Kaitlyn');
INSERT INTO Person (ID, Age, PhoneNumber, Name) VALUES (670, 36, '0524758444', 'Lily');
INSERT INTO Person (ID, Age, PhoneNumber, Name) VALUES (671, 43, '0525182791', 'Leah');
INSERT INTO Person (ID, Age, PhoneNumber, Name) VALUES (672, 29, '0563610322', 'Brandon');
INSERT INTO Person (ID, Age, PhoneNumber, Name) VALUES (673, 36, '0523895341', 'Isabella');
INSERT INTO Person (ID, Age, PhoneNumber, Name) VALUES (674, 46, '0599822147', 'Cameron');
INSERT INTO Person (ID, Age, PhoneNumber, Name) VALUES (675, 43, '0533259109', 'Roger');
INSERT INTO Person (ID, Age, PhoneNumber, Name) VALUES (676, 35, '0599756973', 'Jessica');
INSERT INTO Person (ID, Age, PhoneNumber, Name) VALUES (677, 41, '0594687302', 'Roger');
INSERT INTO Person (ID, Age, PhoneNumber, Name) VALUES (678, 39, '0564524469', 'Sophie');
INSERT INTO Person (ID, Age, PhoneNumber, Name) VALUES (679, 40, '0520002057', 'Jonathan');
INSERT INTO Person (ID, Age, PhoneNumber, Name) VALUES (680, 35, '0528852129', 'Derek');
INSERT INTO Person (ID, Age, PhoneNumber, Name) VALUES (681, 33, '0548187751', 'Lily');
INSERT INTO Person (ID, Age, PhoneNumber, Name) VALUES (682, 44, '0557087258', 'Tyler');
INSERT INTO Person (ID, Age, PhoneNumber, Name) VALUES (683, 46, '0528171463', 'Alexis');
INSERT INTO Person (ID, Age, PhoneNumber, Name) VALUES (684, 41, '0539224222', 'Raymond');
INSERT INTO Person (ID, Age, PhoneNumber, Name) VALUES (685, 34, '0564233909', 'Dennis');
INSERT INTO Person (ID, Age, PhoneNumber, Name) VALUES (686, 36, '0545868425', 'Piper');
INSERT INTO Person (ID, Age, PhoneNumber, Name) VALUES (687, 42, '0529000239', 'Jeffrey');
INSERT INTO Person (ID, Age, PhoneNumber, Name) VALUES (688, 34, '0540624618', 'Andrew');
INSERT INTO Person (ID, Age, PhoneNumber, Name) VALUES (689, 44, '0591962460', 'Glenn');
INSERT INTO Person (ID, Age, PhoneNumber, Name) VALUES (690, 25, '0540819112', 'Steven');
INSERT INTO Person (ID, Age, PhoneNumber, Name) VALUES (691, 48, '0513251753', 'Tyler');
INSERT INTO Person (ID, Age, PhoneNumber, Name) VALUES (692, 43, '0529495695', 'Thomas');
INSERT INTO Person (ID, Age, PhoneNumber, Name) VALUES (693, 42, '0502507492', 'Andrew');
INSERT INTO Person (ID, Age, PhoneNumber, Name) VALUES (694, 34, '0537976441', 'Jerome');
INSERT INTO Person (ID, Age, PhoneNumber, Name) VALUES (695, 48, '0550336138', 'Mia');
INSERT INTO Person (ID, Age, PhoneNumber, Name) VALUES (696, 27, '0508363595', 'Louis');
INSERT INTO Person (ID, Age, PhoneNumber, Name) VALUES (697, 46, '0570468788', 'William');
INSERT INTO Person (ID, Age, PhoneNumber, Name) VALUES (698, 47, '0592008303', 'Mia');
INSERT INTO Person (ID, Age, PhoneNumber, Name) VALUES (699, 48, '0561357907', 'Louis');
INSERT INTO Person (ID, Age, PhoneNumber, Name) VALUES (700, 44, '0579478955', 'Alex');
INSERT INTO Person (ID, Age, PhoneNumber, Name) VALUES (701, 30, '0554163589', 'Anna');
INSERT INTO Person (ID, Age, PhoneNumber, Name) VALUES (702, 33, '0570867753', 'Thomas');
INSERT INTO Person (ID, Age, PhoneNumber, Name) VALUES (703, 41, '0519826950', 'Ronald');
INSERT INTO Person (ID, Age, PhoneNumber, Name) VALUES (704, 33, '0543276799', 'Angelina');
INSERT INTO Person (ID, Age, PhoneNumber, Name) VALUES (705, 44, '0553265295', 'Isaiah');
INSERT INTO Person (ID, Age, PhoneNumber, Name) VALUES (706, 48, '0577691118', 'Mariah');
INSERT INTO Person (ID, Age, PhoneNumber, Name) VALUES (707, 47, '0581371380', 'Makenna');
INSERT INTO Person (ID, Age, PhoneNumber, Name) VALUES (708, 43, '0532820654', 'Tyler');
INSERT INTO Person (ID, Age, PhoneNumber, Name) VALUES (709, 26, '0522273173', 'Katherine');
INSERT INTO Person (ID, Age, PhoneNumber, Name) VALUES (710, 42, '0559430619', 'Arthur');
INSERT INTO Person (ID, Age, PhoneNumber, Name) VALUES (711, 40, '0522713182', 'Jonathan');
INSERT INTO Person (ID, Age, PhoneNumber, Name) VALUES (712, 44, '0500852066', 'Joel');
INSERT INTO Person (ID, Age, PhoneNumber, Name) VALUES (713, 32, '0529302158', 'Richard');
INSERT INTO Person (ID, Age, PhoneNumber, Name) VALUES (714, 45, '0528150916', 'Gabrielle');
INSERT INTO Person (ID, Age, PhoneNumber, Name) VALUES (715, 39, '0525252290', 'Violet');
INSERT INTO Person (ID, Age, PhoneNumber, Name) VALUES (716, 25, '0503463357', 'Morgan');
INSERT INTO Person (ID, Age, PhoneNumber, Name) VALUES (717, 28, '0573161563', 'Katherine');
INSERT INTO Person (ID, Age, PhoneNumber, Name) VALUES (718, 38, '0520577964', 'Eddie');
INSERT INTO Person (ID, Age, PhoneNumber, Name) VALUES (719, 26, '0509746863', 'Layla');
INSERT INTO Person (ID, Age, PhoneNumber, Name) VALUES (720, 45, '0543774951', 'Morgan');
INSERT INTO Person (ID, Age, PhoneNumber, Name) VALUES (721, 27, '0553660737', 'Melissa');
INSERT INTO Person (ID, Age, PhoneNumber, Name) VALUES (722, 46, '0543842114', 'Stephen');
INSERT INTO Person (ID, Age, PhoneNumber, Name) VALUES (723, 43, '0530989639', 'Victoria');
INSERT INTO Person (ID, Age, PhoneNumber, Name) VALUES (724, 31, '0501147717', 'Landon');
INSERT INTO Person (ID, Age, PhoneNumber, Name) VALUES (725, 38, '0585413642', 'Thomas');
INSERT INTO Person (ID, Age, PhoneNumber, Name) VALUES (726, 29, '0583946778', 'Aubrey');
INSERT INTO Person (ID, Age, PhoneNumber, Name) VALUES (727, 44, '0575253702', 'Landon');
INSERT INTO Person (ID, Age, PhoneNumber, Name) VALUES (728, 31, '0575153600', 'Kaitlyn');
INSERT INTO Person (ID, Age, PhoneNumber, Name) VALUES (729, 46, '0557259582', 'Riley');
INSERT INTO Person (ID, Age, PhoneNumber, Name) VALUES (730, 48, '0588521541', 'Peyton');
INSERT INTO Person (ID, Age, PhoneNumber, Name) VALUES (731, 43, '0554110230', 'Brandon');
INSERT INTO Person (ID, Age, PhoneNumber, Name) VALUES (732, 31, '0534062110', 'Gianna');
INSERT INTO Person (ID, Age, PhoneNumber, Name) VALUES (733, 32, '0529740942', 'Matthew');
INSERT INTO Person (ID, Age, PhoneNumber, Name) VALUES (734, 47, '0505474570', 'Harold');
INSERT INTO Person (ID, Age, PhoneNumber, Name) VALUES (735, 49, '0585284077', 'Piper');
INSERT INTO Person (ID, Age, PhoneNumber, Name) VALUES (736, 34, '0595840399', 'Wayne');
INSERT INTO Person (ID, Age, PhoneNumber, Name) VALUES (737, 41, '0501162864', 'Gregory');
INSERT INTO Person (ID, Age, PhoneNumber, Name) VALUES (738, 49, '0527040166', 'Joel');
INSERT INTO Person (ID, Age, PhoneNumber, Name) VALUES (739, 28, '0572803893', 'Levi');
INSERT INTO Person (ID, Age, PhoneNumber, Name) VALUES (740, 37, '0598305660', 'Oscar');
INSERT INTO Person (ID, Age, PhoneNumber, Name) VALUES (741, 43, '0586889084', 'Grace');
INSERT INTO Person (ID, Age, PhoneNumber, Name) VALUES (742, 40, '0566353620', 'Jeffrey');
INSERT INTO Person (ID, Age, PhoneNumber, Name) VALUES (743, 46, '0596169955', 'Calvin');
INSERT INTO Person (ID, Age, PhoneNumber, Name) VALUES (744, 37, '0517218403', 'Joshua');
INSERT INTO Person (ID, Age, PhoneNumber, Name) VALUES (745, 47, '0552092639', 'Chloe');
INSERT INTO Person (ID, Age, PhoneNumber, Name) VALUES (746, 50, '0580263527', 'Mckenzie');
INSERT INTO Person (ID, Age, PhoneNumber, Name) VALUES (747, 46, '0524758149', 'Jennifer');
INSERT INTO Person (ID, Age, PhoneNumber, Name) VALUES (748, 44, '0569807421', 'Miles');
INSERT INTO Person (ID, Age, PhoneNumber, Name) VALUES (749, 26, '0543559044', 'Sophie');
INSERT INTO Person (ID, Age, PhoneNumber, Name) VALUES (750, 38, '0597999834', 'Caroline');
INSERT INTO Person (ID, Age, PhoneNumber, Name) VALUES (751, 41, '0518202867', 'Bella');
INSERT INTO Person (ID, Age, PhoneNumber, Name) VALUES (752, 50, '0522511267', 'Nicholas');
INSERT INTO Person (ID, Age, PhoneNumber, Name) VALUES (753, 45, '0596874411', 'Peyton');
INSERT INTO Person (ID, Age, PhoneNumber, Name) VALUES (754, 49, '0525240929', 'Stephen');
INSERT INTO Person (ID, Age, PhoneNumber, Name) VALUES (755, 48, '0573445625', 'Kennedy');
INSERT INTO Person (ID, Age, PhoneNumber, Name) VALUES (756, 46, '0579047191', 'Joel');
INSERT INTO Person (ID, Age, PhoneNumber, Name) VALUES (757, 26, '0507893693', 'Skylar');
INSERT INTO Person (ID, Age, PhoneNumber, Name) VALUES (758, 48, '0596791181', 'Aubrey');
INSERT INTO Person (ID, Age, PhoneNumber, Name) VALUES (759, 46, '0541492300', 'Alexis');
INSERT INTO Person (ID, Age, PhoneNumber, Name) VALUES (760, 49, '0536585162', 'Riley');
INSERT INTO Person (ID, Age, PhoneNumber, Name) VALUES (761, 33, '0561227952', 'Christopher');
INSERT INTO Person (ID, Age, PhoneNumber, Name) VALUES (762, 35, '0565952034', 'Sydney');
INSERT INTO Person (ID, Age, PhoneNumber, Name) VALUES (763, 37, '0514335378', 'Philip');
INSERT INTO Person (ID, Age, PhoneNumber, Name) VALUES (764, 49, '0568740475', 'Nathan');
INSERT INTO Person (ID, Age, PhoneNumber, Name) VALUES (765, 40, '0524913310', 'Makayla');
INSERT INTO Person (ID, Age, PhoneNumber, Name) VALUES (766, 45, '0577824925', 'Mariah');
INSERT INTO Person (ID, Age, PhoneNumber, Name) VALUES (767, 30, '0504110591', 'Haley');
INSERT INTO Person (ID, Age, PhoneNumber, Name) VALUES (768, 41, '0517514358', 'Isabel');
INSERT INTO Person (ID, Age, PhoneNumber, Name) VALUES (769, 34, '0549118862', 'Louis');
INSERT INTO Person (ID, Age, PhoneNumber, Name) VALUES (770, 38, '0581008361', 'Timothy');
INSERT INTO Person (ID, Age, PhoneNumber, Name) VALUES (771, 46, '0584994765', 'Maya');
INSERT INTO Person (ID, Age, PhoneNumber, Name) VALUES (772, 34, '0547109097', 'Natalie');
INSERT INTO Person (ID, Age, PhoneNumber, Name) VALUES (773, 33, '0587060648', 'Nicole');
INSERT INTO Person (ID, Age, PhoneNumber, Name) VALUES (774, 29, '0543475553', 'Hannah');
INSERT INTO Person (ID, Age, PhoneNumber, Name) VALUES (775, 39, '0583771815', 'Donald');
INSERT INTO Person (ID, Age, PhoneNumber, Name) VALUES (776, 38, '0562775433', 'Ryan');
INSERT INTO Person (ID, Age, PhoneNumber, Name) VALUES (777, 40, '0593048959', 'Philip');
INSERT INTO Person (ID, Age, PhoneNumber, Name) VALUES (778, 36, '0537701042', 'Robert');
INSERT INTO Person (ID, Age, PhoneNumber, Name) VALUES (779, 34, '0500337738', 'Jasmine');
INSERT INTO Person (ID, Age, PhoneNumber, Name) VALUES (780, 38, '0579361017', 'Delaney');
INSERT INTO Person (ID, Age, PhoneNumber, Name) VALUES (781, 36, '0532130746', 'Olivia');
INSERT INTO Person (ID, Age, PhoneNumber, Name) VALUES (782, 44, '0556178556', 'Patrick');
INSERT INTO Person (ID, Age, PhoneNumber, Name) VALUES (783, 40, '0500943843', 'Louis');
INSERT INTO Person (ID, Age, PhoneNumber, Name) VALUES (784, 43, '0511353561', 'Kylie');
INSERT INTO Person (ID, Age, PhoneNumber, Name) VALUES (785, 27, '0526865632', 'Matthew');
INSERT INTO Person (ID, Age, PhoneNumber, Name) VALUES (786, 26, '0516118734', 'Peyton');
INSERT INTO Person (ID, Age, PhoneNumber, Name) VALUES (787, 41, '0574550941', 'Daniel');
INSERT INTO Person (ID, Age, PhoneNumber, Name) VALUES (788, 50, '0534822448', 'Natalie');
INSERT INTO Person (ID, Age, PhoneNumber, Name) VALUES (789, 49, '0529777804', 'Jeffrey');
INSERT INTO Person (ID, Age, PhoneNumber, Name) VALUES (790, 36, '0533864879', 'Violet');
INSERT INTO Person (ID, Age, PhoneNumber, Name) VALUES (791, 34, '0537579947', 'George');
INSERT INTO Person (ID, Age, PhoneNumber, Name) VALUES (792, 32, '0588286425', 'Benjamin');
INSERT INTO Person (ID, Age, PhoneNumber, Name) VALUES (793, 45, '0518634941', 'Levi');
INSERT INTO Person (ID, Age, PhoneNumber, Name) VALUES (794, 33, '0569456902', 'Jocelyn');
INSERT INTO Person (ID, Age, PhoneNumber, Name) VALUES (795, 41, '0570676805', 'Taylor');
INSERT INTO Person (ID, Age, PhoneNumber, Name) VALUES (796, 47, '0503425615', 'Grace');
INSERT INTO Person (ID, Age, PhoneNumber, Name) VALUES (797, 46, '0564976674', 'Derek');
INSERT INTO Person (ID, Age, PhoneNumber, Name) VALUES (798, 39, '0510792836', 'Madison');
INSERT INTO Person (ID, Age, PhoneNumber, Name) VALUES (799, 26, '0534654554', 'Megan');
INSERT INTO Person (ID, Age, PhoneNumber, Name) VALUES (800, 48, '0523599934', 'Anna');
INSERT INTO Person (ID, Age, PhoneNumber, Name) VALUES (801, 26, '0526201248', 'Julia');
INSERT INTO Person (ID, Age, PhoneNumber, Name) VALUES (802, 45, '0544050975', 'Anthony');
INSERT INTO Person (ID, Age, PhoneNumber, Name) VALUES (803, 49, '0506994480', 'Rachel');
INSERT INTO Person (ID, Age, PhoneNumber, Name) VALUES (804, 31, '0585440388', 'Faith');
INSERT INTO Person (ID, Age, PhoneNumber, Name) VALUES (805, 36, '0537673980', 'Eric');
INSERT INTO Person (ID, Age, PhoneNumber, Name) VALUES (806, 45, '0551926827', 'Londyn');
INSERT INTO Person (ID, Age, PhoneNumber, Name) VALUES (807, 42, '0553099063', 'Carl');
INSERT INTO Person (ID, Age, PhoneNumber, Name) VALUES (808, 42, '0581156962', 'Adriana');
INSERT INTO Person (ID, Age, PhoneNumber, Name) VALUES (809, 41, '0591043776', 'Christopher');
INSERT INTO Person (ID, Age, PhoneNumber, Name) VALUES (810, 25, '0592320900', 'Donald');
INSERT INTO Person (ID, Age, PhoneNumber, Name) VALUES (811, 27, '0561332309', 'Walter');
INSERT INTO Person (ID, Age, PhoneNumber, Name) VALUES (812, 44, '0523512625', 'George');
INSERT INTO Person (ID, Age, PhoneNumber, Name) VALUES (813, 26, '0541216572', 'Anthony');
INSERT INTO Person (ID, Age, PhoneNumber, Name) VALUES (814, 38, '0532067698', 'Tyler');
INSERT INTO Person (ID, Age, PhoneNumber, Name) VALUES (815, 38, '0559311668', 'Alexis');
INSERT INTO Person (ID, Age, PhoneNumber, Name) VALUES (816, 40, '0562624680', 'Eric');
INSERT INTO Person (ID, Age, PhoneNumber, Name) VALUES (817, 40, '0578967015', 'Glenn');
INSERT INTO Person (ID, Age, PhoneNumber, Name) VALUES (818, 48, '0525691982', 'Stephanie');
INSERT INTO Person (ID, Age, PhoneNumber, Name) VALUES (819, 29, '0540118134', 'Sara');
INSERT INTO Person (ID, Age, PhoneNumber, Name) VALUES (820, 42, '0594574103', 'William');
INSERT INTO Person (ID, Age, PhoneNumber, Name) VALUES (821, 29, '0554580510', 'Timothy');
INSERT INTO Person (ID, Age, PhoneNumber, Name) VALUES (822, 34, '0524442175', 'Bradley');
INSERT INTO Person (ID, Age, PhoneNumber, Name) VALUES (823, 49, '0592703920', 'Joseph');
INSERT INTO Person (ID, Age, PhoneNumber, Name) VALUES (824, 39, '0519309518', 'Caroline');
INSERT INTO Person (ID, Age, PhoneNumber, Name) VALUES (825, 33, '0564963293', 'Maya');
INSERT INTO Person (ID, Age, PhoneNumber, Name) VALUES (826, 28, '0573540963', 'Gianna');
INSERT INTO Person (ID, Age, PhoneNumber, Name) VALUES (827, 30, '0590608880', 'Dennis');
INSERT INTO Person (ID, Age, PhoneNumber, Name) VALUES (828, 36, '0569154993', 'Delaney');
INSERT INTO Person (ID, Age, PhoneNumber, Name) VALUES (829, 26, '0556677328', 'Patrick');
INSERT INTO Person (ID, Age, PhoneNumber, Name) VALUES (830, 45, '0589565486', 'Gregory');
INSERT INTO Person (ID, Age, PhoneNumber, Name) VALUES (831, 36, '0533648992', 'Ashley');
INSERT INTO Person (ID, Age, PhoneNumber, Name) VALUES (832, 46, '0538840652', 'Landon');
INSERT INTO Person (ID, Age, PhoneNumber, Name) VALUES (833, 25, '0513818955', 'Maya');
INSERT INTO Person (ID, Age, PhoneNumber, Name) VALUES (834, 31, '0549484208', 'Alyssa');
INSERT INTO Person (ID, Age, PhoneNumber, Name) VALUES (835, 41, '0571386170', 'Julia');
INSERT INTO Person (ID, Age, PhoneNumber, Name) VALUES (836, 39, '0527508932', 'Adam');
INSERT INTO Person (ID, Age, PhoneNumber, Name) VALUES (837, 25, '0554146058', 'Terry');
INSERT INTO Person (ID, Age, PhoneNumber, Name) VALUES (838, 43, '0592630529', 'Katherine');
INSERT INTO Person (ID, Age, PhoneNumber, Name) VALUES (839, 41, '0553485715', 'Jonathan');
INSERT INTO Person (ID, Age, PhoneNumber, Name) VALUES (840, 48, '0514324014', 'Madison');
INSERT INTO Person (ID, Age, PhoneNumber, Name) VALUES (841, 39, '0516309912', 'Amanda');
INSERT INTO Person (ID, Age, PhoneNumber, Name) VALUES (842, 43, '0564126868', 'Walter');
INSERT INTO Person (ID, Age, PhoneNumber, Name) VALUES (843, 26, '0531302609', 'Raymond');
INSERT INTO Person (ID, Age, PhoneNumber, Name) VALUES (844, 43, '0541823972', 'Jennifer');
INSERT INTO Person (ID, Age, PhoneNumber, Name) VALUES (845, 42, '0598431681', 'Hannah');
INSERT INTO Person (ID, Age, PhoneNumber, Name) VALUES (846, 26, '0527172064', 'Delaney');
INSERT INTO Person (ID, Age, PhoneNumber, Name) VALUES (847, 33, '0516455721', 'Natalie');
INSERT INTO Person (ID, Age, PhoneNumber, Name) VALUES (848, 44, '0527499671', 'Julianna');
INSERT INTO Person (ID, Age, PhoneNumber, Name) VALUES (849, 48, '0556859550', 'Bradley');
INSERT INTO Person (ID, Age, PhoneNumber, Name) VALUES (850, 43, '0545731409', 'Andrew');
INSERT INTO Person (ID, Age, PhoneNumber, Name) VALUES (851, 37, '0567930120', 'Kenneth');
INSERT INTO Person (ID, Age, PhoneNumber, Name) VALUES (852, 37, '0503011211', 'Brian');
INSERT INTO Person (ID, Age, PhoneNumber, Name) VALUES (853, 44, '0542546128', 'Allison');
INSERT INTO Person (ID, Age, PhoneNumber, Name) VALUES (854, 29, '0546558197', 'Eric');
INSERT INTO Person (ID, Age, PhoneNumber, Name) VALUES (855, 39, '0512582270', 'Donald');
INSERT INTO Person (ID, Age, PhoneNumber, Name) VALUES (856, 43, '0563345435', 'Grace');
INSERT INTO Person (ID, Age, PhoneNumber, Name) VALUES (857, 25, '0516439157', 'William');
INSERT INTO Person (ID, Age, PhoneNumber, Name) VALUES (858, 26, '0505313840', 'Richard');
INSERT INTO Person (ID, Age, PhoneNumber, Name) VALUES (859, 47, '0555004657', 'Sophie');
INSERT INTO Person (ID, Age, PhoneNumber, Name) VALUES (860, 30, '0532362025', 'Raymond');
INSERT INTO Person (ID, Age, PhoneNumber, Name) VALUES (861, 38, '0517348997', 'Gianna');
INSERT INTO Person (ID, Age, PhoneNumber, Name) VALUES (862, 31, '0554818319', 'Roger');
INSERT INTO Person (ID, Age, PhoneNumber, Name) VALUES (863, 37, '0501980927', 'Kylie');
INSERT INTO Person (ID, Age, PhoneNumber, Name) VALUES (864, 47, '0526025699', 'Roger');
INSERT INTO Person (ID, Age, PhoneNumber, Name) VALUES (865, 50, '0531237992', 'Rylee');
INSERT INTO Person (ID, Age, PhoneNumber, Name) VALUES (866, 44, '0516409914', 'Ashley');
INSERT INTO Person (ID, Age, PhoneNumber, Name) VALUES (867, 34, '0514054016', 'Nathan');
INSERT INTO Person (ID, Age, PhoneNumber, Name) VALUES (868, 47, '0515231272', 'Roger');
INSERT INTO Person (ID, Age, PhoneNumber, Name) VALUES (869, 45, '0524860054', 'Jocelyn');
INSERT INTO Person (ID, Age, PhoneNumber, Name) VALUES (870, 39, '0541875573', 'Megan');
INSERT INTO Person (ID, Age, PhoneNumber, Name) VALUES (871, 34, '0524672039', 'Nathan');
INSERT INTO Person (ID, Age, PhoneNumber, Name) VALUES (872, 30, '0548796018', 'Frederick');
INSERT INTO Person (ID, Age, PhoneNumber, Name) VALUES (873, 25, '0581448994', 'Derek');
INSERT INTO Person (ID, Age, PhoneNumber, Name) VALUES (874, 33, '0572347725', 'Adriana');
INSERT INTO Person (ID, Age, PhoneNumber, Name) VALUES (875, 39, '0591858457', 'Mariah');
INSERT INTO Person (ID, Age, PhoneNumber, Name) VALUES (876, 33, '0518764042', 'Alexis');
INSERT INTO Person (ID, Age, PhoneNumber, Name) VALUES (877, 29, '0565172330', 'Timothy');
INSERT INTO Person (ID, Age, PhoneNumber, Name) VALUES (878, 50, '0561092415', 'Gregory');
INSERT INTO Person (ID, Age, PhoneNumber, Name) VALUES (879, 27, '0559841857', 'Katherine');
INSERT INTO Person (ID, Age, PhoneNumber, Name) VALUES (880, 25, '0568225942', 'Timothy');
INSERT INTO Person (ID, Age, PhoneNumber, Name) VALUES (881, 39, '0563570461', 'Sara');
INSERT INTO Person (ID, Age, PhoneNumber, Name) VALUES (882, 42, '0502244387', 'Kylie');
INSERT INTO Person (ID, Age, PhoneNumber, Name) VALUES (883, 31, '0561755512', 'Benjamin');
INSERT INTO Person (ID, Age, PhoneNumber, Name) VALUES (884, 39, '0538323077', 'Mia');
INSERT INTO Person (ID, Age, PhoneNumber, Name) VALUES (885, 31, '0589679904', 'Allison');
INSERT INTO Person (ID, Age, PhoneNumber, Name) VALUES (886, 37, '0519853449', 'David');
INSERT INTO Person (ID, Age, PhoneNumber, Name) VALUES (887, 37, '0543441294', 'Matthew');
INSERT INTO Person (ID, Age, PhoneNumber, Name) VALUES (888, 50, '0566442574', 'Peter');
INSERT INTO Person (ID, Age, PhoneNumber, Name) VALUES (889, 45, '0556086348', 'David');
INSERT INTO Person (ID, Age, PhoneNumber, Name) VALUES (890, 40, '0521109150', 'Skylar');
INSERT INTO Person (ID, Age, PhoneNumber, Name) VALUES (891, 26, '0554666095', 'Katherine');
INSERT INTO Person (ID, Age, PhoneNumber, Name) VALUES (892, 28, '0564963059', 'Gregory');
INSERT INTO Person (ID, Age, PhoneNumber, Name) VALUES (893, 49, '0512577438', 'Gabrielle');
INSERT INTO Person (ID, Age, PhoneNumber, Name) VALUES (894, 43, '0527688486', 'Thomas');
INSERT INTO Person (ID, Age, PhoneNumber, Name) VALUES (895, 46, '0589754701', 'Makayla');
INSERT INTO Person (ID, Age, PhoneNumber, Name) VALUES (896, 43, '0551373488', 'Max');
INSERT INTO Person (ID, Age, PhoneNumber, Name) VALUES (897, 27, '0529786536', 'Wayne');
INSERT INTO Person (ID, Age, PhoneNumber, Name) VALUES (898, 50, '0568464152', 'Andrew');
INSERT INTO Person (ID, Age, PhoneNumber, Name) VALUES (899, 40, '0550825252', 'Madeline');
INSERT INTO Person (ID, Age, PhoneNumber, Name) VALUES (900, 48, '0513487976', 'Leonard');
INSERT INTO Person (ID, Age, PhoneNumber, Name) VALUES (901, 47, '0533655259', 'Allison');
INSERT INTO Person (ID, Age, PhoneNumber, Name) VALUES (902, 28, '0516937937', 'Emily');
INSERT INTO Person (ID, Age, PhoneNumber, Name) VALUES (903, 49, '0576996040', 'David');
INSERT INTO Person (ID, Age, PhoneNumber, Name) VALUES (904, 50, '0583144027', 'Walter');
INSERT INTO Person (ID, Age, PhoneNumber, Name) VALUES (905, 28, '0542860501', 'Clarence');
INSERT INTO Person (ID, Age, PhoneNumber, Name) VALUES (906, 42, '0561902985', 'Roger');
INSERT INTO Person (ID, Age, PhoneNumber, Name) VALUES (907, 25, '0567105221', 'Howard');
INSERT INTO Person (ID, Age, PhoneNumber, Name) VALUES (908, 27, '0518244901', 'Kylie');
INSERT INTO Person (ID, Age, PhoneNumber, Name) VALUES (909, 25, '0588166962', 'Ariana');
INSERT INTO Person (ID, Age, PhoneNumber, Name) VALUES (910, 31, '0521939593', 'Brandon');
INSERT INTO Person (ID, Age, PhoneNumber, Name) VALUES (911, 36, '0502061824', 'Cameron');
INSERT INTO Person (ID, Age, PhoneNumber, Name) VALUES (912, 48, '0567775376', 'Ariana');
INSERT INTO Person (ID, Age, PhoneNumber, Name) VALUES (913, 38, '0521466242', 'Samantha');
INSERT INTO Person (ID, Age, PhoneNumber, Name) VALUES (914, 26, '0508459611', 'Benjamin');
INSERT INTO Person (ID, Age, PhoneNumber, Name) VALUES (915, 31, '0543955909', 'Amelia');
INSERT INTO Person (ID, Age, PhoneNumber, Name) VALUES (916, 34, '0545080457', 'William');
INSERT INTO Person (ID, Age, PhoneNumber, Name) VALUES (917, 37, '0563731156', 'Aubrey');
INSERT INTO Person (ID, Age, PhoneNumber, Name) VALUES (918, 25, '0552877187', 'Max');
INSERT INTO Person (ID, Age, PhoneNumber, Name) VALUES (919, 28, '0552144958', 'Peter');
INSERT INTO Person (ID, Age, PhoneNumber, Name) VALUES (920, 47, '0585018885', 'Elise');
INSERT INTO Person (ID, Age, PhoneNumber, Name) VALUES (921, 31, '0509440414', 'Steven');
INSERT INTO Person (ID, Age, PhoneNumber, Name) VALUES (922, 44, '0583231541', 'Francis');
INSERT INTO Person (ID, Age, PhoneNumber, Name) VALUES (923, 34, '0584483425', 'Leonard');
INSERT INTO Person (ID, Age, PhoneNumber, Name) VALUES (924, 50, '0593614206', 'Adriana');
INSERT INTO Person (ID, Age, PhoneNumber, Name) VALUES (925, 44, '0539414007', 'Timothy');
INSERT INTO Person (ID, Age, PhoneNumber, Name) VALUES (926, 33, '0585269072', 'Gordon');
INSERT INTO Person (ID, Age, PhoneNumber, Name) VALUES (927, 49, '0550076934', 'Nathan');
INSERT INTO Person (ID, Age, PhoneNumber, Name) VALUES (928, 33, '0595206675', 'Keith');
INSERT INTO Person (ID, Age, PhoneNumber, Name) VALUES (929, 30, '0547409733', 'Matthew');
INSERT INTO Person (ID, Age, PhoneNumber, Name) VALUES (930, 34, '0504575032', 'Mia');
INSERT INTO Person (ID, Age, PhoneNumber, Name) VALUES (931, 29, '0506824579', 'Derek');
INSERT INTO Person (ID, Age, PhoneNumber, Name) VALUES (932, 43, '0521867243', 'Rylee');
INSERT INTO Person (ID, Age, PhoneNumber, Name) VALUES (933, 45, '0535964329', 'Wayne');
INSERT INTO Person (ID, Age, PhoneNumber, Name) VALUES (934, 30, '0519549712', 'Brianna');
INSERT INTO Person (ID, Age, PhoneNumber, Name) VALUES (935, 29, '0504882335', 'Kayla');
INSERT INTO Person (ID, Age, PhoneNumber, Name) VALUES (936, 30, '0501412221', 'Timothy');
INSERT INTO Person (ID, Age, PhoneNumber, Name) VALUES (937, 43, '0510665600', 'Julia');
INSERT INTO Person (ID, Age, PhoneNumber, Name) VALUES (938, 43, '0572448698', 'William');
INSERT INTO Person (ID, Age, PhoneNumber, Name) VALUES (939, 44, '0534295575', 'Jeffrey');
INSERT INTO Person (ID, Age, PhoneNumber, Name) VALUES (940, 42, '0549475020', 'Kylie');
INSERT INTO Person (ID, Age, PhoneNumber, Name) VALUES (941, 50, '0551250708', 'Gregory');
INSERT INTO Person (ID, Age, PhoneNumber, Name) VALUES (942, 47, '0578972568', 'Mark');
INSERT INTO Person (ID, Age, PhoneNumber, Name) VALUES (943, 42, '0549766880', 'Steven');
INSERT INTO Person (ID, Age, PhoneNumber, Name) VALUES (944, 34, '0517662597', 'Lila');
INSERT INTO Person (ID, Age, PhoneNumber, Name) VALUES (945, 40, '0578518070', 'Gabriella');
INSERT INTO Person (ID, Age, PhoneNumber, Name) VALUES (946, 34, '0545791414', 'Lila');
INSERT INTO Person (ID, Age, PhoneNumber, Name) VALUES (947, 45, '0570850905', 'Keith');
INSERT INTO Person (ID, Age, PhoneNumber, Name) VALUES (948, 43, '0505012215', 'Harry');
INSERT INTO Person (ID, Age, PhoneNumber, Name) VALUES (949, 43, '0531861039', 'Madison');
INSERT INTO Person (ID, Age, PhoneNumber, Name) VALUES (950, 45, '0504142440', 'Ralph');
INSERT INTO Person (ID, Age, PhoneNumber, Name) VALUES (951, 29, '0571480304', 'Albert');
INSERT INTO Person (ID, Age, PhoneNumber, Name) VALUES (952, 46, '0566694162', 'Caroline');
INSERT INTO Person (ID, Age, PhoneNumber, Name) VALUES (953, 46, '0572785833', 'Julia');
INSERT INTO Person (ID, Age, PhoneNumber, Name) VALUES (954, 47, '0554618207', 'Mia');
INSERT INTO Person (ID, Age, PhoneNumber, Name) VALUES (955, 45, '0540240152', 'Brooke');
INSERT INTO Person (ID, Age, PhoneNumber, Name) VALUES (956, 33, '0535026248', 'Lila');
INSERT INTO Person (ID, Age, PhoneNumber, Name) VALUES (957, 38, '0505809021', 'Julianna');
INSERT INTO Person (ID, Age, PhoneNumber, Name) VALUES (958, 36, '0571563188', 'Lawrence');
INSERT INTO Person (ID, Age, PhoneNumber, Name) VALUES (959, 43, '0578962449', 'Michael');
INSERT INTO Person (ID, Age, PhoneNumber, Name) VALUES (960, 40, '0519091562', 'Levi');
INSERT INTO Person (ID, Age, PhoneNumber, Name) VALUES (961, 36, '0597910427', 'Victoria');
INSERT INTO Person (ID, Age, PhoneNumber, Name) VALUES (962, 49, '0510242477', 'Gregory');
INSERT INTO Person (ID, Age, PhoneNumber, Name) VALUES (963, 46, '0583546957', 'Terry');
INSERT INTO Person (ID, Age, PhoneNumber, Name) VALUES (964, 28, '0534031182', 'Riley');
INSERT INTO Person (ID, Age, PhoneNumber, Name) VALUES (965, 48, '0594658342', 'Isabella');
INSERT INTO Person (ID, Age, PhoneNumber, Name) VALUES (966, 33, '0558140674', 'Peter');
INSERT INTO Person (ID, Age, PhoneNumber, Name) VALUES (967, 47, '0547387782', 'Faith');
INSERT INTO Person (ID, Age, PhoneNumber, Name) VALUES (968, 33, '0592118765', 'Emma');
INSERT INTO Person (ID, Age, PhoneNumber, Name) VALUES (969, 36, '0525927919', 'Makenna');
INSERT INTO Person (ID, Age, PhoneNumber, Name) VALUES (970, 39, '0531708829', 'Henry');
INSERT INTO Person (ID, Age, PhoneNumber, Name) VALUES (971, 40, '0516045417', 'Ralph');
INSERT INTO Person (ID, Age, PhoneNumber, Name) VALUES (972, 30, '0570854063', 'Amelia');
INSERT INTO Person (ID, Age, PhoneNumber, Name) VALUES (973, 38, '0564051448', 'Patrick');
INSERT INTO Person (ID, Age, PhoneNumber, Name) VALUES (974, 43, '0519002303', 'Francis');
INSERT INTO Person (ID, Age, PhoneNumber, Name) VALUES (975, 26, '0590947869', 'Ashley');
INSERT INTO Person (ID, Age, PhoneNumber, Name) VALUES (976, 45, '0500878156', 'Samantha');
INSERT INTO Person (ID, Age, PhoneNumber, Name) VALUES (977, 36, '0512805091', 'Kevin');
INSERT INTO Person (ID, Age, PhoneNumber, Name) VALUES (978, 31, '0549055440', 'Raymond');
INSERT INTO Person (ID, Age, PhoneNumber, Name) VALUES (979, 47, '0542185679', 'Levi');
INSERT INTO Person (ID, Age, PhoneNumber, Name) VALUES (980, 47, '0581910324', 'Jacob');
INSERT INTO Person (ID, Age, PhoneNumber, Name) VALUES (981, 40, '0546469056', 'Olivia');
INSERT INTO Person (ID, Age, PhoneNumber, Name) VALUES (982, 46, '0517274080', 'Jasmine');
INSERT INTO Person (ID, Age, PhoneNumber, Name) VALUES (983, 27, '0595714558', 'Trevor');
INSERT INTO Person (ID, Age, PhoneNumber, Name) VALUES (984, 39, '0534130192', 'David');
INSERT INTO Person (ID, Age, PhoneNumber, Name) VALUES (985, 40, '0568418359', 'Alyssa');
INSERT INTO Person (ID, Age, PhoneNumber, Name) VALUES (986, 45, '0546703690', 'Cameron');
INSERT INTO Person (ID, Age, PhoneNumber, Name) VALUES (987, 33, '0568244499', 'Lily');
INSERT INTO Person (ID, Age, PhoneNumber, Name) VALUES (988, 30, '0506826494', 'Samantha');
INSERT INTO Person (ID, Age, PhoneNumber, Name) VALUES (989, 41, '0596055323', 'Riley');
INSERT INTO Person (ID, Age, PhoneNumber, Name) VALUES (990, 44, '0547791337', 'Ariana');
INSERT INTO Person (ID, Age, PhoneNumber, Name) VALUES (991, 33, '0574460179', 'Oscar');
INSERT INTO Person (ID, Age, PhoneNumber, Name) VALUES (992, 33, '0550190701', 'Isaiah');
INSERT INTO Person (ID, Age, PhoneNumber, Name) VALUES (993, 47, '0504283511', 'Paige');
INSERT INTO Person (ID, Age, PhoneNumber, Name) VALUES (994, 49, '0546725231', 'Robert');
INSERT INTO Person (ID, Age, PhoneNumber, Name) VALUES (995, 42, '0580967049', 'Isabella');
INSERT INTO Person (ID, Age, PhoneNumber, Name) VALUES (996, 49, '0567632351', 'Madison');
INSERT INTO Person (ID, Age, PhoneNumber, Name) VALUES (997, 49, '0557983398', 'Philip');
INSERT INTO Person (ID, Age, PhoneNumber, Name) VALUES (998, 46, '0540805782', 'Frederick');
INSERT INTO Person (ID, Age, PhoneNumber, Name) VALUES (999, 28, '0586042291', 'Roland');
INSERT INTO Person (ID, Age, PhoneNumber, Name) VALUES (1000, 49, '0514563450', 'Victor');
INSERT INTO Person (ID, Age, PhoneNumber, Name) VALUES (1001, 31, '0569310419', 'Faith');
INSERT INTO Person (ID, Age, PhoneNumber, Name) VALUES (1002, 47, '0518110574', 'Hailey');
INSERT INTO Person (ID, Age, PhoneNumber, Name) VALUES (1003, 31, '0571117330', 'Hannah');
INSERT INTO Person (ID, Age, PhoneNumber, Name) VALUES (1004, 45, '0547641133', 'Harold');
INSERT INTO Person (ID, Age, PhoneNumber, Name) VALUES (1005, 48, '0589938270', 'Roger');
INSERT INTO Person (ID, Age, PhoneNumber, Name) VALUES (1006, 30, '0590514611', 'Jerome');
INSERT INTO Person (ID, Age, PhoneNumber, Name) VALUES (1007, 33, '0538364101', 'Philip');
INSERT INTO Person (ID, Age, PhoneNumber, Name) VALUES (1008, 39, '0554904788', 'Gordon');
INSERT INTO Person (ID, Age, PhoneNumber, Name) VALUES (1009, 25, '0560434225', 'Jared');
INSERT INTO Person (ID, Age, PhoneNumber, Name) VALUES (1010, 46, '0545910457', 'Leah');
INSERT INTO Person (ID, Age, PhoneNumber, Name) VALUES (1011, 50, '0569776768', 'Richard');
INSERT INTO Person (ID, Age, PhoneNumber, Name) VALUES (1012, 47, '0508676600', 'Joshua');
INSERT INTO Person (ID, Age, PhoneNumber, Name) VALUES (1013, 45, '0512577546', 'Joseph');
INSERT INTO Person (ID, Age, PhoneNumber, Name) VALUES (1014, 41, '0564792748', 'Andrew');
INSERT INTO Person (ID, Age, PhoneNumber, Name) VALUES (1015, 49, '0509069282', 'Adam');
INSERT INTO Person (ID, Age, PhoneNumber, Name) VALUES (1016, 45, '0550012721', 'Aaron');
INSERT INTO Person (ID, Age, PhoneNumber, Name) VALUES (1017, 48, '0502975718', 'Rachel');
INSERT INTO Person (ID, Age, PhoneNumber, Name) VALUES (1018, 48, '0506611686', 'Joshua');
INSERT INTO Person (ID, Age, PhoneNumber, Name) VALUES (1019, 41, '0511572916', 'Benjamin');
INSERT INTO Person (ID, Age, PhoneNumber, Name) VALUES (1020, 49, '0529853537', 'Audrey');
INSERT INTO Person (ID, Age, PhoneNumber, Name) VALUES (1021, 43, '0580983616', 'Trevor');
INSERT INTO Person (ID, Age, PhoneNumber, Name) VALUES (1022, 35, '0593886720', 'Mia');
INSERT INTO Person (ID, Age, PhoneNumber, Name) VALUES (1023, 46, '0524319069', 'Clarence');
INSERT INTO Person (ID, Age, PhoneNumber, Name) VALUES (1024, 40, '0531412587', 'Ashley');
INSERT INTO Person (ID, Age, PhoneNumber, Name) VALUES (1025, 39, '0581315584', 'Ryan');
INSERT INTO Person (ID, Age, PhoneNumber, Name) VALUES (1026, 25, '0544163247', 'Aria');
INSERT INTO Person (ID, Age, PhoneNumber, Name) VALUES (1027, 29, '0594960039', 'Jonathan');
INSERT INTO Person (ID, Age, PhoneNumber, Name) VALUES (1028, 36, '0524990846', 'Norman');
INSERT INTO Person (ID, Age, PhoneNumber, Name) VALUES (1029, 46, '0503813411', 'Melissa');
INSERT INTO Person (ID, Age, PhoneNumber, Name) VALUES (1030, 41, '0575146109', 'Isabella');
INSERT INTO Person (ID, Age, PhoneNumber, Name) VALUES (1031, 40, '0590603629', 'Londyn');
INSERT INTO Person (ID, Age, PhoneNumber, Name) VALUES (1032, 45, '0503717712', 'Sara');
INSERT INTO Person (ID, Age, PhoneNumber, Name) VALUES (1033, 30, '0506658581', 'Harry');
INSERT INTO Person (ID, Age, PhoneNumber, Name) VALUES (1034, 43, '0565616785', 'Gabriella');
INSERT INTO Person (ID, Age, PhoneNumber, Name) VALUES (1035, 26, '0566111816', 'Paige');
INSERT INTO Person (ID, Age, PhoneNumber, Name) VALUES (1036, 35, '0580937455', 'Leah');
INSERT INTO Person (ID, Age, PhoneNumber, Name) VALUES (1037, 47, '0598823277', 'Steven');
INSERT INTO Person (ID, Age, PhoneNumber, Name) VALUES (1038, 44, '0555214358', 'Kylie');
INSERT INTO Person (ID, Age, PhoneNumber, Name) VALUES (1039, 36, '0594544724', 'Victor');
INSERT INTO Person (ID, Age, PhoneNumber, Name) VALUES (1040, 38, '0575043853', 'Carl');
INSERT INTO Person (ID, Age, PhoneNumber, Name) VALUES (1041, 26, '0508549354', 'Walter');
INSERT INTO Person (ID, Age, PhoneNumber, Name) VALUES (1042, 26, '0570042253', 'Kaitlyn');
INSERT INTO Person (ID, Age, PhoneNumber, Name) VALUES (1043, 31, '0554523001', 'Eric');
INSERT INTO Person (ID, Age, PhoneNumber, Name) VALUES (1044, 35, '0528954739', 'Rylee');
INSERT INTO Person (ID, Age, PhoneNumber, Name) VALUES (1045, 36, '0521687727', 'Allison');
INSERT INTO Person (ID, Age, PhoneNumber, Name) VALUES (1046, 40, '0571785796', 'Lauren');
INSERT INTO Person (ID, Age, PhoneNumber, Name) VALUES (1047, 43, '0503406040', 'Brian');
INSERT INTO Person (ID, Age, PhoneNumber, Name) VALUES (1048, 28, '0559575501', 'Robert');
INSERT INTO Person (ID, Age, PhoneNumber, Name) VALUES (1049, 28, '0597603421', 'Anna');
INSERT INTO Person (ID, Age, PhoneNumber, Name) VALUES (1050, 28, '0503139565', 'Brooke');
INSERT INTO Person (ID, Age, PhoneNumber, Name) VALUES (1051, 49, '0567955944', 'Brandon');
INSERT INTO Person (ID, Age, PhoneNumber, Name) VALUES (1052, 45, '0548762780', 'Brandon');
INSERT INTO Person (ID, Age, PhoneNumber, Name) VALUES (1053, 44, '0528835839', 'Tyler');
INSERT INTO Person (ID, Age, PhoneNumber, Name) VALUES (1054, 50, '0562223160', 'Charles');
INSERT INTO Person (ID, Age, PhoneNumber, Name) VALUES (1055, 45, '0517651968', 'Riley');
INSERT INTO Person (ID, Age, PhoneNumber, Name) VALUES (1056, 47, '0545947944', 'Adam');
INSERT INTO Person (ID, Age, PhoneNumber, Name) VALUES (1057, 25, '0520042631', 'Mckenzie');
INSERT INTO Person (ID, Age, PhoneNumber, Name) VALUES (1058, 46, '0510121327', 'Frederick');
INSERT INTO Person (ID, Age, PhoneNumber, Name) VALUES (1059, 30, '0522076298', 'Victor');
INSERT INTO Person (ID, Age, PhoneNumber, Name) VALUES (1060, 49, '0563278008', 'Lila');
INSERT INTO Person (ID, Age, PhoneNumber, Name) VALUES (1061, 47, '0547349187', 'Nathan');
INSERT INTO Person (ID, Age, PhoneNumber, Name) VALUES (1062, 26, '0557294547', 'Ellie');
INSERT INTO Person (ID, Age, PhoneNumber, Name) VALUES (1063, 47, '0507008188', 'Joel');
INSERT INTO Person (ID, Age, PhoneNumber, Name) VALUES (1064, 35, '0568134769', 'Gregory');
INSERT INTO Person (ID, Age, PhoneNumber, Name) VALUES (1065, 30, '0503625334', 'Albert');
INSERT INTO Person (ID, Age, PhoneNumber, Name) VALUES (1066, 47, '0594229564', 'Gianna');
INSERT INTO Person (ID, Age, PhoneNumber, Name) VALUES (1067, 38, '0593364854', 'Nora');
INSERT INTO Person (ID, Age, PhoneNumber, Name) VALUES (1068, 50, '0530834347', 'Olivia');
INSERT INTO Person (ID, Age, PhoneNumber, Name) VALUES (1069, 39, '0586194948', 'Sarah');
INSERT INTO Person (ID, Age, PhoneNumber, Name) VALUES (1070, 43, '0524012106', 'Sophie');
INSERT INTO Person (ID, Age, PhoneNumber, Name) VALUES (1071, 34, '0548842537', 'Piper');
INSERT INTO Person (ID, Age, PhoneNumber, Name) VALUES (1072, 46, '0514438325', 'Norman');
INSERT INTO Person (ID, Age, PhoneNumber, Name) VALUES (1073, 50, '0553388645', 'Peter');
INSERT INTO Person (ID, Age, PhoneNumber, Name) VALUES (1074, 42, '0596708258', 'Joel');
INSERT INTO Person (ID, Age, PhoneNumber, Name) VALUES (1075, 28, '0590746535', 'Miles');
INSERT INTO Person (ID, Age, PhoneNumber, Name) VALUES (1076, 27, '0537827120', 'Alexandra');
INSERT INTO Person (ID, Age, PhoneNumber, Name) VALUES (1077, 42, '0529235715', 'Jordyn');
INSERT INTO Person (ID, Age, PhoneNumber, Name) VALUES (1078, 38, '0570315379', 'Terry');
INSERT INTO Person (ID, Age, PhoneNumber, Name) VALUES (1079, 39, '0524864904', 'Lauren');
INSERT INTO Person (ID, Age, PhoneNumber, Name) VALUES (1080, 27, '0546646599', 'Isabella');
INSERT INTO Person (ID, Age, PhoneNumber, Name) VALUES (1081, 41, '0563625583', 'Riley');
INSERT INTO Person (ID, Age, PhoneNumber, Name) VALUES (1082, 37, '0501422668', 'Robert');
INSERT INTO Person (ID, Age, PhoneNumber, Name) VALUES (1083, 47, '0511225055', 'Howard');
INSERT INTO Person (ID, Age, PhoneNumber, Name) VALUES (1084, 29, '0534968854', 'Paige');
INSERT INTO Person (ID, Age, PhoneNumber, Name) VALUES (1085, 42, '0560733388', 'Lila');
INSERT INTO Person (ID, Age, PhoneNumber, Name) VALUES (1086, 26, '0549755500', 'David');
INSERT INTO Person (ID, Age, PhoneNumber, Name) VALUES (1087, 31, '0552556677', 'Paige');
INSERT INTO Person (ID, Age, PhoneNumber, Name) VALUES (1088, 43, '0538672380', 'Faith');
INSERT INTO Person (ID, Age, PhoneNumber, Name) VALUES (1089, 32, '0585079554', 'Jerome');
INSERT INTO Person (ID, Age, PhoneNumber, Name) VALUES (1090, 40, '0522012019', 'Delaney');
INSERT INTO Person (ID, Age, PhoneNumber, Name) VALUES (1091, 31, '0591185304', 'Delaney');
INSERT INTO Person (ID, Age, PhoneNumber, Name) VALUES (1092, 43, '0568029070', 'David');
INSERT INTO Person (ID, Age, PhoneNumber, Name) VALUES (1093, 26, '0532156829', 'Anthony');
INSERT INTO Person (ID, Age, PhoneNumber, Name) VALUES (1094, 27, '0592727135', 'Rylee');
INSERT INTO Person (ID, Age, PhoneNumber, Name) VALUES (1095, 41, '0559325704', 'Faith');
INSERT INTO Person (ID, Age, PhoneNumber, Name) VALUES (1096, 40, '0599979283', 'Sarah');
INSERT INTO Person (ID, Age, PhoneNumber, Name) VALUES (1097, 34, '0552444835', 'Mia');
INSERT INTO Person (ID, Age, PhoneNumber, Name) VALUES (1098, 44, '0539331569', 'Raymond');
INSERT INTO Person (ID, Age, PhoneNumber, Name) VALUES (1099, 49, '0513362347', 'Eugene');
INSERT INTO Person (ID, Age, PhoneNumber, Name) VALUES (1100, 29, '0504389105', 'Mckenzie');
INSERT INTO Person (ID, Age, PhoneNumber, Name) VALUES (1101, 27, '0549644448', 'Brooke');
INSERT INTO Person (ID, Age, PhoneNumber, Name) VALUES (1102, 27, '0584913654', 'Delaney');
INSERT INTO Person (ID, Age, PhoneNumber, Name) VALUES (1103, 50, '0567787904', 'George');
INSERT INTO Person (ID, Age, PhoneNumber, Name) VALUES (1104, 50, '0510541298', 'Matthew');
INSERT INTO Person (ID, Age, PhoneNumber, Name) VALUES (1105, 28, '0577793153', 'Kaitlyn');
INSERT INTO Person (ID, Age, PhoneNumber, Name) VALUES (1106, 40, '0524019230', 'Ariana');
INSERT INTO Person (ID, Age, PhoneNumber, Name) VALUES (1107, 37, '0509621872', 'Timothy');
INSERT INTO Person (ID, Age, PhoneNumber, Name) VALUES (1108, 39, '0505446109', 'Arthur');
INSERT INTO Person (ID, Age, PhoneNumber, Name) VALUES (1109, 33, '0559680776', 'Ryan');
INSERT INTO Person (ID, Age, PhoneNumber, Name) VALUES (1110, 49, '0558345465', 'Nicole');
INSERT INTO Person (ID, Age, PhoneNumber, Name) VALUES (1111, 49, '0565597447', 'Ashley');
INSERT INTO Person (ID, Age, PhoneNumber, Name) VALUES (1112, 36, '0548177633', 'Edward');
INSERT INTO Person (ID, Age, PhoneNumber, Name) VALUES (1113, 32, '0547578559', 'Taylor');
INSERT INTO Person (ID, Age, PhoneNumber, Name) VALUES (1114, 44, '0567347858', 'Levi');
INSERT INTO Person (ID, Age, PhoneNumber, Name) VALUES (1115, 35, '0586861996', 'Max');
INSERT INTO Person (ID, Age, PhoneNumber, Name) VALUES (1116, 26, '0568232750', 'Melissa');
INSERT INTO Person (ID, Age, PhoneNumber, Name) VALUES (1117, 28, '0569294446', 'Tyler');
INSERT INTO Person (ID, Age, PhoneNumber, Name) VALUES (1118, 44, '0547516632', 'Hannah');
INSERT INTO Person (ID, Age, PhoneNumber, Name) VALUES (1119, 40, '0561688195', 'Frederick');
INSERT INTO Person (ID, Age, PhoneNumber, Name) VALUES (1120, 39, '0564275093', 'Bradley');
INSERT INTO Person (ID, Age, PhoneNumber, Name) VALUES (1121, 44, '0562901326', 'Christopher');
INSERT INTO Person (ID, Age, PhoneNumber, Name) VALUES (1122, 30, '0519827383', 'Robert');
INSERT INTO Person (ID, Age, PhoneNumber, Name) VALUES (1123, 28, '0536070987', 'Jocelyn');
INSERT INTO Person (ID, Age, PhoneNumber, Name) VALUES (1124, 26, '0566433089', 'Harry');
INSERT INTO Person (ID, Age, PhoneNumber, Name) VALUES (1125, 27, '0547255783', 'Jessica');
INSERT INTO Person (ID, Age, PhoneNumber, Name) VALUES (1126, 47, '0529125916', 'Jerome');
INSERT INTO Person (ID, Age, PhoneNumber, Name) VALUES (1127, 29, '0558706181', 'Claire');
INSERT INTO Person (ID, Age, PhoneNumber, Name) VALUES (1128, 47, '0500957671', 'Julia');
INSERT INTO Person (ID, Age, PhoneNumber, Name) VALUES (1129, 37, '0583359236', 'Sara');
INSERT INTO Person (ID, Age, PhoneNumber, Name) VALUES (1130, 45, '0521396522', 'Piper');
INSERT INTO Person (ID, Age, PhoneNumber, Name) VALUES (1131, 31, '0524445874', 'Chloe');
INSERT INTO Person (ID, Age, PhoneNumber, Name) VALUES (1132, 43, '0586807674', 'Ryan');
INSERT INTO Person (ID, Age, PhoneNumber, Name) VALUES (1133, 27, '0531275361', 'Elise');
INSERT INTO Person (ID, Age, PhoneNumber, Name) VALUES (1134, 31, '0530374226', 'Roger');
INSERT INTO Person (ID, Age, PhoneNumber, Name) VALUES (1135, 26, '0534156963', 'Eugene');
INSERT INTO Person (ID, Age, PhoneNumber, Name) VALUES (1136, 25, '0587447737', 'Timothy');
INSERT INTO Person (ID, Age, PhoneNumber, Name) VALUES (1137, 27, '0555106000', 'Lester');
INSERT INTO Person (ID, Age, PhoneNumber, Name) VALUES (1138, 25, '0582911766', 'Tyler');
INSERT INTO Person (ID, Age, PhoneNumber, Name) VALUES (1139, 28, '0552829213', 'Nicole');
INSERT INTO Person (ID, Age, PhoneNumber, Name) VALUES (1140, 30, '0513919314', 'Francis');
INSERT INTO Person (ID, Age, PhoneNumber, Name) VALUES (1141, 30, '0562534580', 'Roger');
INSERT INTO Person (ID, Age, PhoneNumber, Name) VALUES (1142, 38, '0536730792', 'Adam');
INSERT INTO Person (ID, Age, PhoneNumber, Name) VALUES (1143, 31, '0587052541', 'Brooke');
INSERT INTO Person (ID, Age, PhoneNumber, Name) VALUES (1144, 47, '0516925579', 'Ronald');
INSERT INTO Person (ID, Age, PhoneNumber, Name) VALUES (1145, 30, '0519560897', 'Chloe');
INSERT INTO Person (ID, Age, PhoneNumber, Name) VALUES (1146, 34, '0569655970', 'Samantha');
INSERT INTO Person (ID, Age, PhoneNumber, Name) VALUES (1147, 25, '0523662419', 'Kayla');
INSERT INTO Person (ID, Age, PhoneNumber, Name) VALUES (1148, 38, '0568414185', 'Richard');
INSERT INTO Person (ID, Age, PhoneNumber, Name) VALUES (1149, 35, '0501970599', 'Lester');
INSERT INTO Person (ID, Age, PhoneNumber, Name) VALUES (1150, 41, '0593104540', 'Nathan');
INSERT INTO Person (ID, Age, PhoneNumber, Name) VALUES (1151, 42, '0593805379', 'Nicholas');
INSERT INTO Person (ID, Age, PhoneNumber, Name) VALUES (1152, 42, '0577515008', 'Nicole');
INSERT INTO Person (ID, Age, PhoneNumber, Name) VALUES (1153, 26, '0505236875', 'Benjamin');
INSERT INTO Person (ID, Age, PhoneNumber, Name) VALUES (1154, 33, '0529631033', 'Albert');
INSERT INTO Person (ID, Age, PhoneNumber, Name) VALUES (1155, 36, '0576441269', 'Lily');
INSERT INTO Person (ID, Age, PhoneNumber, Name) VALUES (1156, 31, '0501208198', 'Sarah');
INSERT INTO Person (ID, Age, PhoneNumber, Name) VALUES (1157, 33, '0511810194', 'Richard');
INSERT INTO Person (ID, Age, PhoneNumber, Name) VALUES (1158, 49, '0526815435', 'Keith');
INSERT INTO Person (ID, Age, PhoneNumber, Name) VALUES (1159, 42, '0531522713', 'Alexandra');
INSERT INTO Person (ID, Age, PhoneNumber, Name) VALUES (1160, 28, '0598858223', 'Jennifer');
INSERT INTO Person (ID, Age, PhoneNumber, Name) VALUES (1161, 27, '0568316449', 'Kaitlyn');
INSERT INTO Person (ID, Age, PhoneNumber, Name) VALUES (1162, 36, '0582536519', 'Levi');
INSERT INTO Person (ID, Age, PhoneNumber, Name) VALUES (1163, 40, '0527048008', 'Lauren');
INSERT INTO Person (ID, Age, PhoneNumber, Name) VALUES (1164, 42, '0577328463', 'Kennedy');
INSERT INTO Person (ID, Age, PhoneNumber, Name) VALUES (1165, 35, '0567438805', 'Eric');
INSERT INTO Person (ID, Age, PhoneNumber, Name) VALUES (1166, 46, '0594704975', 'Sydney');
INSERT INTO Person (ID, Age, PhoneNumber, Name) VALUES (1167, 34, '0599625594', 'Avery');
INSERT INTO Person (ID, Age, PhoneNumber, Name) VALUES (1168, 28, '0514863032', 'Jordyn');
INSERT INTO Person (ID, Age, PhoneNumber, Name) VALUES (1169, 40, '0598168995', 'Samantha');
INSERT INTO Person (ID, Age, PhoneNumber, Name) VALUES (1170, 27, '0565786148', 'Bella');
INSERT INTO Person (ID, Age, PhoneNumber, Name) VALUES (1171, 43, '0509196721', 'Clarence');
INSERT INTO Person (ID, Age, PhoneNumber, Name) VALUES (1172, 43, '0594622007', 'Anthony');
INSERT INTO Person (ID, Age, PhoneNumber, Name) VALUES (1173, 27, '0527809572', 'Aaron');
INSERT INTO Person (ID, Age, PhoneNumber, Name) VALUES (1174, 44, '0541971224', 'Skylar');
INSERT INTO Person (ID, Age, PhoneNumber, Name) VALUES (1175, 27, '0591592321', 'Robert');
INSERT INTO Person (ID, Age, PhoneNumber, Name) VALUES (1176, 50, '0567018977', 'Victoria');
INSERT INTO Person (ID, Age, PhoneNumber, Name) VALUES (1177, 40, '0562440618', 'Natalie');
INSERT INTO Person (ID, Age, PhoneNumber, Name) VALUES (1178, 46, '0561453622', 'Joshua');
INSERT INTO Person (ID, Age, PhoneNumber, Name) VALUES (1179, 35, '0516895769', 'William');
INSERT INTO Person (ID, Age, PhoneNumber, Name) VALUES (1180, 38, '0584797695', 'Anna');
INSERT INTO Person (ID, Age, PhoneNumber, Name) VALUES (1181, 37, '0570366967', 'Gregory');
INSERT INTO Person (ID, Age, PhoneNumber, Name) VALUES (1182, 39, '0521954296', 'Mariah');
INSERT INTO Person (ID, Age, PhoneNumber, Name) VALUES (1183, 48, '0553146671', 'Amelia');
INSERT INTO Person (ID, Age, PhoneNumber, Name) VALUES (1184, 29, '0597525971', 'Keith');
INSERT INTO Person (ID, Age, PhoneNumber, Name) VALUES (1185, 37, '0566000675', 'Andrew');
INSERT INTO Person (ID, Age, PhoneNumber, Name) VALUES (1186, 36, '0510159922', 'Timothy');
INSERT INTO Person (ID, Age, PhoneNumber, Name) VALUES (1187, 49, '0506874488', 'Taylor');
INSERT INTO Person (ID, Age, PhoneNumber, Name) VALUES (1188, 39, '0507370410', 'Sadie');
INSERT INTO Person (ID, Age, PhoneNumber, Name) VALUES (1189, 47, '0578205532', 'Sadie');
INSERT INTO Person (ID, Age, PhoneNumber, Name) VALUES (1190, 26, '0505380661', 'Edward');
INSERT INTO Person (ID, Age, PhoneNumber, Name) VALUES (1191, 36, '0549592426', 'Derek');
INSERT INTO Person (ID, Age, PhoneNumber, Name) VALUES (1192, 44, '0594106629', 'Adam');
INSERT INTO Person (ID, Age, PhoneNumber, Name) VALUES (1193, 33, '0537886029', 'Stephanie');
INSERT INTO Person (ID, Age, PhoneNumber, Name) VALUES (1194, 37, '0507066179', 'Ryan');
INSERT INTO Person (ID, Age, PhoneNumber, Name) VALUES (1195, 47, '0551956223', 'Danielle');
INSERT INTO Person (ID, Age, PhoneNumber, Name) VALUES (1196, 37, '0529511551', 'Scott');
INSERT INTO Person (ID, Age, PhoneNumber, Name) VALUES (1197, 50, '0507800736', 'Adriana');
INSERT INTO Person (ID, Age, PhoneNumber, Name) VALUES (1198, 45, '0533750977', 'Leonard');
INSERT INTO Person (ID, Age, PhoneNumber, Name) VALUES (1199, 26, '0533571472', 'Michael');
INSERT INTO Person (ID, Age, PhoneNumber, Name) VALUES (1200, 28, '0551859395', 'Cameron');
INSERT INTO Worker (ID, HireDate) VALUES (1, '2002-12-20');
INSERT INTO WorksIn (ID, BuildingID) VALUES (1, 268);
INSERT INTO Worker (ID, HireDate) VALUES (401, '2010-02-26');
INSERT INTO WorksIn (ID, BuildingID) VALUES (401, 212);
INSERT INTO Student (ID, RoomID, BuildingID, EnrollmentDate, Major) VALUES (801, 2, 2, '2008-02-25', 'Nursing');
INSERT INTO Worker (ID, HireDate) VALUES (2, '2021-08-19');
INSERT INTO WorksIn (ID, BuildingID) VALUES (2, 321);
INSERT INTO Student (ID, RoomID, BuildingID, EnrollmentDate, Major) VALUES (402, 2, 92, '2000-11-23', 'Business Administration');
INSERT INTO Worker (ID, HireDate) VALUES (802, '2020-03-26');
INSERT INTO WorksIn (ID, BuildingID) VALUES (802, 252);
INSERT INTO Worker (ID, HireDate) VALUES (3, '2003-04-29');
INSERT INTO WorksIn (ID, BuildingID) VALUES (3, 234);
INSERT INTO Student (ID, RoomID, BuildingID, EnrollmentDate, Major) VALUES (403, 2, 112, '2020-08-14', 'English Literature');
INSERT INTO Worker (ID, HireDate) VALUES (803, '2010-06-18');
INSERT INTO WorksIn (ID, BuildingID) VALUES (803, 183);
INSERT INTO Student (ID, RoomID, BuildingID, EnrollmentDate, Major) VALUES (4, 2, 335, '2012-01-27', 'English Literature');
INSERT INTO Worker (ID, HireDate) VALUES (404, '2013-02-23');
INSERT INTO WorksIn (ID, BuildingID) VALUES (404, 81);
INSERT INTO Worker (ID, HireDate) VALUES (804, '2009-07-25');
INSERT INTO WorksIn (ID, BuildingID) VALUES (804, 263);
INSERT INTO Student (ID, RoomID, BuildingID, EnrollmentDate, Major) VALUES (5, 1, 155, '2003-06-07', 'Mechanical Engineering');
INSERT INTO Worker (ID, HireDate) VALUES (405, '2017-12-25');
INSERT INTO WorksIn (ID, BuildingID) VALUES (405, 122);
INSERT INTO Worker (ID, HireDate) VALUES (805, '2006-10-03');
INSERT INTO WorksIn (ID, BuildingID) VALUES (805, 2);
INSERT INTO Worker (ID, HireDate) VALUES (6, '2017-07-31');
INSERT INTO WorksIn (ID, BuildingID) VALUES (6, 290);
INSERT INTO Worker (ID, HireDate) VALUES (406, '2016-03-02');
INSERT INTO WorksIn (ID, BuildingID) VALUES (406, 270);
INSERT INTO Student (ID, RoomID, BuildingID, EnrollmentDate, Major) VALUES (806, 2, 171, '2021-10-20', 'Psychology');
INSERT INTO Worker (ID, HireDate) VALUES (7, '2009-09-29');
INSERT INTO WorksIn (ID, BuildingID) VALUES (7, 317);
INSERT INTO Student (ID, RoomID, BuildingID, EnrollmentDate, Major) VALUES (407, 2, 15, '2018-03-05', 'Nursing');
INSERT INTO Worker (ID, HireDate) VALUES (807, '2015-05-10');
INSERT INTO WorksIn (ID, BuildingID) VALUES (807, 174);
INSERT INTO Worker (ID, HireDate) VALUES (8, '2014-08-05');
INSERT INTO WorksIn (ID, BuildingID) VALUES (8, 225);
INSERT INTO Student (ID, RoomID, BuildingID, EnrollmentDate, Major) VALUES (408, 1, 181, '2020-07-19', 'English Literature');
INSERT INTO Worker (ID, HireDate) VALUES (808, '2006-11-05');
INSERT INTO WorksIn (ID, BuildingID) VALUES (808, 126);
INSERT INTO Worker (ID, HireDate) VALUES (9, '2013-01-23');
INSERT INTO WorksIn (ID, BuildingID) VALUES (9, 143);
INSERT INTO Worker (ID, HireDate) VALUES (409, '2003-09-16');
INSERT INTO WorksIn (ID, BuildingID) VALUES (409, 340);
INSERT INTO Student (ID, RoomID, BuildingID, EnrollmentDate, Major) VALUES (809, 1, 275, '2006-07-09', 'Graphic Design');
INSERT INTO Worker (ID, HireDate) VALUES (10, '2000-05-23');
INSERT INTO WorksIn (ID, BuildingID) VALUES (10, 301);
INSERT INTO Student (ID, RoomID, BuildingID, EnrollmentDate, Major) VALUES (410, 2, 129, '2017-06-08', 'History');
INSERT INTO Worker (ID, HireDate) VALUES (810, '2006-08-31');
INSERT INTO WorksIn (ID, BuildingID) VALUES (810, 38);
INSERT INTO Worker (ID, HireDate) VALUES (11, '2020-12-18');
INSERT INTO WorksIn (ID, BuildingID) VALUES (11, 73);
INSERT INTO Worker (ID, HireDate) VALUES (411, '2015-10-29');
INSERT INTO WorksIn (ID, BuildingID) VALUES (411, 398);
INSERT INTO Student (ID, RoomID, BuildingID, EnrollmentDate, Major) VALUES (811, 2, 245, '2017-01-06', 'Physics');
INSERT INTO Worker (ID, HireDate) VALUES (12, '2009-03-09');
INSERT INTO WorksIn (ID, BuildingID) VALUES (12, 53);
INSERT INTO Student (ID, RoomID, BuildingID, EnrollmentDate, Major) VALUES (412, 1, 219, '2009-11-17', 'History');
INSERT INTO Worker (ID, HireDate) VALUES (812, '2014-05-15');
INSERT INTO WorksIn (ID, BuildingID) VALUES (812, 299);
INSERT INTO Worker (ID, HireDate) VALUES (13, '2022-08-19');
INSERT INTO WorksIn (ID, BuildingID) VALUES (13, 21);
INSERT INTO Worker (ID, HireDate) VALUES (413, '2001-01-09');
INSERT INTO WorksIn (ID, BuildingID) VALUES (413, 9);
INSERT INTO Student (ID, RoomID, BuildingID, EnrollmentDate, Major) VALUES (813, 1, 268, '2001-04-11', 'History');
INSERT INTO Worker (ID, HireDate) VALUES (14, '2002-09-09');
INSERT INTO WorksIn (ID, BuildingID) VALUES (14, 78);
INSERT INTO Student (ID, RoomID, BuildingID, EnrollmentDate, Major) VALUES (414, 1, 346, '2023-12-25', 'Political Science');
INSERT INTO Worker (ID, HireDate) VALUES (814, '2010-06-24');
INSERT INTO WorksIn (ID, BuildingID) VALUES (814, 301);
INSERT INTO Student (ID, RoomID, BuildingID, EnrollmentDate, Major) VALUES (15, 2, 382, '2018-03-16', 'Psychology');
INSERT INTO Worker (ID, HireDate) VALUES (415, '2022-10-26');
INSERT INTO WorksIn (ID, BuildingID) VALUES (415, 111);
INSERT INTO Worker (ID, HireDate) VALUES (815, '2021-10-26');
INSERT INTO WorksIn (ID, BuildingID) VALUES (815, 59);
INSERT INTO Worker (ID, HireDate) VALUES (16, '2023-03-01');
INSERT INTO WorksIn (ID, BuildingID) VALUES (16, 333);
INSERT INTO Student (ID, RoomID, BuildingID, EnrollmentDate, Major) VALUES (416, 1, 236, '2007-11-24', 'Economics');
INSERT INTO Worker (ID, HireDate) VALUES (816, '2014-01-08');
INSERT INTO WorksIn (ID, BuildingID) VALUES (816, 54);
INSERT INTO Student (ID, RoomID, BuildingID, EnrollmentDate, Major) VALUES (17, 1, 189, '2014-02-25', 'Computer Science');
INSERT INTO Worker (ID, HireDate) VALUES (417, '2011-10-20');
INSERT INTO WorksIn (ID, BuildingID) VALUES (417, 46);
INSERT INTO Worker (ID, HireDate) VALUES (817, '2020-03-05');
INSERT INTO WorksIn (ID, BuildingID) VALUES (817, 202);
INSERT INTO Worker (ID, HireDate) VALUES (18, '2020-05-21');
INSERT INTO WorksIn (ID, BuildingID) VALUES (18, 294);
INSERT INTO Student (ID, RoomID, BuildingID, EnrollmentDate, Major) VALUES (418, 1, 253, '2021-07-08', 'History');
INSERT INTO Worker (ID, HireDate) VALUES (818, '2016-01-02');
INSERT INTO WorksIn (ID, BuildingID) VALUES (818, 19);
INSERT INTO Worker (ID, HireDate) VALUES (19, '2009-08-08');
INSERT INTO WorksIn (ID, BuildingID) VALUES (19, 206);
INSERT INTO Worker (ID, HireDate) VALUES (419, '2012-10-20');
INSERT INTO WorksIn (ID, BuildingID) VALUES (419, 168);
INSERT INTO Student (ID, RoomID, BuildingID, EnrollmentDate, Major) VALUES (819, 1, 379, '2011-05-02', 'Graphic Design');
INSERT INTO Worker (ID, HireDate) VALUES (20, '2014-10-01');
INSERT INTO WorksIn (ID, BuildingID) VALUES (20, 217);
INSERT INTO Worker (ID, HireDate) VALUES (420, '2008-01-12');
INSERT INTO WorksIn (ID, BuildingID) VALUES (420, 42);
INSERT INTO Student (ID, RoomID, BuildingID, EnrollmentDate, Major) VALUES (820, 1, 384, '2014-02-25', 'Mechanical Engineering');
INSERT INTO Worker (ID, HireDate) VALUES (21, '2011-07-17');
INSERT INTO WorksIn (ID, BuildingID) VALUES (21, 242);
INSERT INTO Worker (ID, HireDate) VALUES (421, '2001-08-26');
INSERT INTO WorksIn (ID, BuildingID) VALUES (421, 387);
INSERT INTO Student (ID, RoomID, BuildingID, EnrollmentDate, Major) VALUES (821, 2, 100, '2021-11-22', 'History');
INSERT INTO Student (ID, RoomID, BuildingID, EnrollmentDate, Major) VALUES (22, 1, 379, '2017-02-07', 'Nursing');
INSERT INTO Worker (ID, HireDate) VALUES (422, '2001-11-15');
INSERT INTO WorksIn (ID, BuildingID) VALUES (422, 93);
INSERT INTO Worker (ID, HireDate) VALUES (822, '2002-05-24');
INSERT INTO WorksIn (ID, BuildingID) VALUES (822, 392);
INSERT INTO Worker (ID, HireDate) VALUES (23, '2021-05-23');
INSERT INTO WorksIn (ID, BuildingID) VALUES (23, 379);
INSERT INTO Worker (ID, HireDate) VALUES (423, '2003-02-02');
INSERT INTO WorksIn (ID, BuildingID) VALUES (423, 41);
INSERT INTO Student (ID, RoomID, BuildingID, EnrollmentDate, Major) VALUES (823, 1, 166, '2013-11-21', 'Accounting');
INSERT INTO Worker (ID, HireDate) VALUES (24, '2010-10-04');
INSERT INTO WorksIn (ID, BuildingID) VALUES (24, 177);
INSERT INTO Worker (ID, HireDate) VALUES (424, '2022-05-21');
INSERT INTO WorksIn (ID, BuildingID) VALUES (424, 118);
INSERT INTO Student (ID, RoomID, BuildingID, EnrollmentDate, Major) VALUES (824, 1, 385, '2019-11-03', 'Political Science');
INSERT INTO Student (ID, RoomID, BuildingID, EnrollmentDate, Major) VALUES (25, 2, 236, '2005-10-03', 'Computer Science');
INSERT INTO Worker (ID, HireDate) VALUES (425, '2002-05-28');
INSERT INTO WorksIn (ID, BuildingID) VALUES (425, 79);
INSERT INTO Worker (ID, HireDate) VALUES (825, '2019-10-06');
INSERT INTO WorksIn (ID, BuildingID) VALUES (825, 332);
INSERT INTO Worker (ID, HireDate) VALUES (26, '2003-02-13');
INSERT INTO WorksIn (ID, BuildingID) VALUES (26, 50);
INSERT INTO Student (ID, RoomID, BuildingID, EnrollmentDate, Major) VALUES (426, 2, 32, '2009-03-10', 'Economics');
INSERT INTO Worker (ID, HireDate) VALUES (826, '2011-04-17');
INSERT INTO WorksIn (ID, BuildingID) VALUES (826, 196);
INSERT INTO Student (ID, RoomID, BuildingID, EnrollmentDate, Major) VALUES (27, 1, 5, '2006-04-18', 'English Literature');
INSERT INTO Worker (ID, HireDate) VALUES (427, '2001-08-10');
INSERT INTO WorksIn (ID, BuildingID) VALUES (427, 250);
INSERT INTO Worker (ID, HireDate) VALUES (827, '2009-06-06');
INSERT INTO WorksIn (ID, BuildingID) VALUES (827, 283);
INSERT INTO Worker (ID, HireDate) VALUES (28, '2014-04-14');
INSERT INTO WorksIn (ID, BuildingID) VALUES (28, 278);
INSERT INTO Worker (ID, HireDate) VALUES (428, '2003-11-27');
INSERT INTO WorksIn (ID, BuildingID) VALUES (428, 92);
INSERT INTO Student (ID, RoomID, BuildingID, EnrollmentDate, Major) VALUES (828, 1, 380, '2016-02-06', 'Nursing');
INSERT INTO Worker (ID, HireDate) VALUES (29, '2016-01-25');
INSERT INTO WorksIn (ID, BuildingID) VALUES (29, 212);
INSERT INTO Worker (ID, HireDate) VALUES (429, '2000-04-11');
INSERT INTO WorksIn (ID, BuildingID) VALUES (429, 97);
INSERT INTO Student (ID, RoomID, BuildingID, EnrollmentDate, Major) VALUES (829, 1, 134, '2010-01-22', 'History');
INSERT INTO Student (ID, RoomID, BuildingID, EnrollmentDate, Major) VALUES (30, 2, 145, '2007-05-20', 'Environmental Science');
INSERT INTO Worker (ID, HireDate) VALUES (430, '2014-08-11');
INSERT INTO WorksIn (ID, BuildingID) VALUES (430, 88);
INSERT INTO Worker (ID, HireDate) VALUES (830, '2019-07-30');
INSERT INTO WorksIn (ID, BuildingID) VALUES (830, 351);
INSERT INTO Worker (ID, HireDate) VALUES (31, '2014-07-02');
INSERT INTO WorksIn (ID, BuildingID) VALUES (31, 352);
INSERT INTO Worker (ID, HireDate) VALUES (431, '2014-05-28');
INSERT INTO WorksIn (ID, BuildingID) VALUES (431, 237);
INSERT INTO Student (ID, RoomID, BuildingID, EnrollmentDate, Major) VALUES (831, 2, 48, '2015-10-24', 'Political Science');
INSERT INTO Worker (ID, HireDate) VALUES (32, '2022-03-02');
INSERT INTO WorksIn (ID, BuildingID) VALUES (32, 161);
INSERT INTO Student (ID, RoomID, BuildingID, EnrollmentDate, Major) VALUES (432, 1, 26, '2012-01-20', 'Business Administration');
INSERT INTO Worker (ID, HireDate) VALUES (832, '2007-07-08');
INSERT INTO WorksIn (ID, BuildingID) VALUES (832, 393);
INSERT INTO Student (ID, RoomID, BuildingID, EnrollmentDate, Major) VALUES (33, 1, 275, '2001-12-02', 'English Literature');
INSERT INTO Worker (ID, HireDate) VALUES (433, '2011-12-05');
INSERT INTO WorksIn (ID, BuildingID) VALUES (433, 383);
INSERT INTO Worker (ID, HireDate) VALUES (833, '2003-11-04');
INSERT INTO WorksIn (ID, BuildingID) VALUES (833, 64);
INSERT INTO Worker (ID, HireDate) VALUES (34, '2013-02-18');
INSERT INTO WorksIn (ID, BuildingID) VALUES (34, 312);
INSERT INTO Student (ID, RoomID, BuildingID, EnrollmentDate, Major) VALUES (434, 2, 28, '2012-12-08', 'Sociology');
INSERT INTO Worker (ID, HireDate) VALUES (834, '2015-10-10');
INSERT INTO WorksIn (ID, BuildingID) VALUES (834, 301);
INSERT INTO Student (ID, RoomID, BuildingID, EnrollmentDate, Major) VALUES (35, 1, 280, '2015-09-10', 'Economics');
INSERT INTO Worker (ID, HireDate) VALUES (435, '2018-03-06');
INSERT INTO WorksIn (ID, BuildingID) VALUES (435, 68);
INSERT INTO Worker (ID, HireDate) VALUES (835, '2019-05-08');
INSERT INTO WorksIn (ID, BuildingID) VALUES (835, 298);
INSERT INTO Student (ID, RoomID, BuildingID, EnrollmentDate, Major) VALUES (36, 2, 87, '2018-03-16', 'Mechanical Engineering');
INSERT INTO Worker (ID, HireDate) VALUES (436, '2004-08-04');
INSERT INTO WorksIn (ID, BuildingID) VALUES (436, 323);
INSERT INTO Worker (ID, HireDate) VALUES (836, '2019-07-09');
INSERT INTO WorksIn (ID, BuildingID) VALUES (836, 336);
INSERT INTO Worker (ID, HireDate) VALUES (37, '2013-04-17');
INSERT INTO WorksIn (ID, BuildingID) VALUES (37, 18);
INSERT INTO Worker (ID, HireDate) VALUES (437, '2008-10-19');
INSERT INTO WorksIn (ID, BuildingID) VALUES (437, 133);
INSERT INTO Student (ID, RoomID, BuildingID, EnrollmentDate, Major) VALUES (837, 2, 284, '2007-03-30', 'Mechanical Engineering');
INSERT INTO Worker (ID, HireDate) VALUES (38, '2012-03-15');
INSERT INTO WorksIn (ID, BuildingID) VALUES (38, 272);
INSERT INTO Student (ID, RoomID, BuildingID, EnrollmentDate, Major) VALUES (438, 2, 349, '2015-07-03', 'Nursing');
INSERT INTO Worker (ID, HireDate) VALUES (838, '2004-02-05');
INSERT INTO WorksIn (ID, BuildingID) VALUES (838, 335);
INSERT INTO Worker (ID, HireDate) VALUES (39, '2001-01-01');
INSERT INTO WorksIn (ID, BuildingID) VALUES (39, 293);
INSERT INTO Worker (ID, HireDate) VALUES (439, '2021-01-04');
INSERT INTO WorksIn (ID, BuildingID) VALUES (439, 72);
INSERT INTO Student (ID, RoomID, BuildingID, EnrollmentDate, Major) VALUES (839, 1, 88, '2003-02-10', 'Business Administration');
INSERT INTO Worker (ID, HireDate) VALUES (40, '2013-10-04');
INSERT INTO WorksIn (ID, BuildingID) VALUES (40, 60);
INSERT INTO Worker (ID, HireDate) VALUES (440, '2010-10-27');
INSERT INTO WorksIn (ID, BuildingID) VALUES (440, 374);
INSERT INTO Student (ID, RoomID, BuildingID, EnrollmentDate, Major) VALUES (840, 1, 188, '2008-10-25', 'Biology');
INSERT INTO Worker (ID, HireDate) VALUES (41, '2000-04-21');
INSERT INTO WorksIn (ID, BuildingID) VALUES (41, 303);
INSERT INTO Student (ID, RoomID, BuildingID, EnrollmentDate, Major) VALUES (441, 2, 138, '2004-06-24', 'Sociology');
INSERT INTO Worker (ID, HireDate) VALUES (841, '2009-07-20');
INSERT INTO WorksIn (ID, BuildingID) VALUES (841, 364);
INSERT INTO Worker (ID, HireDate) VALUES (42, '2018-11-18');
INSERT INTO WorksIn (ID, BuildingID) VALUES (42, 263);
INSERT INTO Worker (ID, HireDate) VALUES (442, '2000-10-04');
INSERT INTO WorksIn (ID, BuildingID) VALUES (442, 353);
INSERT INTO Student (ID, RoomID, BuildingID, EnrollmentDate, Major) VALUES (842, 1, 38, '2015-03-01', 'Computer Science');
INSERT INTO Worker (ID, HireDate) VALUES (43, '2003-08-17');
INSERT INTO WorksIn (ID, BuildingID) VALUES (43, 166);
INSERT INTO Student (ID, RoomID, BuildingID, EnrollmentDate, Major) VALUES (443, 1, 330, '2022-02-27', 'Mechanical Engineering');
INSERT INTO Worker (ID, HireDate) VALUES (843, '2010-06-05');
INSERT INTO WorksIn (ID, BuildingID) VALUES (843, 357);
INSERT INTO Student (ID, RoomID, BuildingID, EnrollmentDate, Major) VALUES (44, 1, 236, '2010-06-23', 'Business Administration');
INSERT INTO Worker (ID, HireDate) VALUES (444, '2007-09-07');
INSERT INTO WorksIn (ID, BuildingID) VALUES (444, 291);
INSERT INTO Worker (ID, HireDate) VALUES (844, '2018-11-24');
INSERT INTO WorksIn (ID, BuildingID) VALUES (844, 185);
INSERT INTO Student (ID, RoomID, BuildingID, EnrollmentDate, Major) VALUES (45, 2, 363, '2020-12-03', 'Computer Science');
INSERT INTO Worker (ID, HireDate) VALUES (445, '2014-12-29');
INSERT INTO WorksIn (ID, BuildingID) VALUES (445, 375);
INSERT INTO Worker (ID, HireDate) VALUES (845, '2021-12-30');
INSERT INTO WorksIn (ID, BuildingID) VALUES (845, 183);
INSERT INTO Student (ID, RoomID, BuildingID, EnrollmentDate, Major) VALUES (46, 1, 151, '2016-06-11', 'Nursing');
INSERT INTO Worker (ID, HireDate) VALUES (446, '2000-12-07');
INSERT INTO WorksIn (ID, BuildingID) VALUES (446, 259);
INSERT INTO Worker (ID, HireDate) VALUES (846, '2006-05-21');
INSERT INTO WorksIn (ID, BuildingID) VALUES (846, 382);
INSERT INTO Worker (ID, HireDate) VALUES (47, '2017-01-19');
INSERT INTO WorksIn (ID, BuildingID) VALUES (47, 200);
INSERT INTO Student (ID, RoomID, BuildingID, EnrollmentDate, Major) VALUES (447, 2, 18, '2000-10-21', 'Business Administration');
INSERT INTO Worker (ID, HireDate) VALUES (847, '2020-04-24');
INSERT INTO WorksIn (ID, BuildingID) VALUES (847, 295);
INSERT INTO Student (ID, RoomID, BuildingID, EnrollmentDate, Major) VALUES (48, 2, 378, '2023-03-04', 'Economics');
INSERT INTO Worker (ID, HireDate) VALUES (448, '2004-04-15');
INSERT INTO WorksIn (ID, BuildingID) VALUES (448, 149);
INSERT INTO Worker (ID, HireDate) VALUES (848, '2014-05-02');
INSERT INTO WorksIn (ID, BuildingID) VALUES (848, 243);
INSERT INTO Student (ID, RoomID, BuildingID, EnrollmentDate, Major) VALUES (49, 1, 311, '2004-04-08', 'Biology');
INSERT INTO Worker (ID, HireDate) VALUES (449, '2016-10-21');
INSERT INTO WorksIn (ID, BuildingID) VALUES (449, 308);
INSERT INTO Worker (ID, HireDate) VALUES (849, '2012-03-17');
INSERT INTO WorksIn (ID, BuildingID) VALUES (849, 35);
INSERT INTO Worker (ID, HireDate) VALUES (50, '2008-11-29');
INSERT INTO WorksIn (ID, BuildingID) VALUES (50, 375);
INSERT INTO Worker (ID, HireDate) VALUES (450, '2011-04-25');
INSERT INTO WorksIn (ID, BuildingID) VALUES (450, 119);
INSERT INTO Student (ID, RoomID, BuildingID, EnrollmentDate, Major) VALUES (850, 2, 286, '2014-07-26', 'Computer Science');
INSERT INTO Student (ID, RoomID, BuildingID, EnrollmentDate, Major) VALUES (51, 1, 150, '2012-12-23', 'Sociology');
INSERT INTO Worker (ID, HireDate) VALUES (451, '2010-12-09');
INSERT INTO WorksIn (ID, BuildingID) VALUES (451, 97);
INSERT INTO Worker (ID, HireDate) VALUES (851, '2007-07-21');
INSERT INTO WorksIn (ID, BuildingID) VALUES (851, 142);
INSERT INTO Student (ID, RoomID, BuildingID, EnrollmentDate, Major) VALUES (52, 2, 255, '2001-01-26', 'Accounting');
INSERT INTO Worker (ID, HireDate) VALUES (452, '2006-01-04');
INSERT INTO WorksIn (ID, BuildingID) VALUES (452, 275);
INSERT INTO Worker (ID, HireDate) VALUES (852, '2020-04-24');
INSERT INTO WorksIn (ID, BuildingID) VALUES (852, 169);
INSERT INTO Student (ID, RoomID, BuildingID, EnrollmentDate, Major) VALUES (53, 1, 11, '2008-02-12', 'Business Administration');
INSERT INTO Worker (ID, HireDate) VALUES (453, '2005-07-20');
INSERT INTO WorksIn (ID, BuildingID) VALUES (453, 328);
INSERT INTO Worker (ID, HireDate) VALUES (853, '2011-05-29');
INSERT INTO WorksIn (ID, BuildingID) VALUES (853, 335);
INSERT INTO Student (ID, RoomID, BuildingID, EnrollmentDate, Major) VALUES (54, 1, 35, '2023-11-04', 'Environmental Science');
INSERT INTO Worker (ID, HireDate) VALUES (454, '2016-02-27');
INSERT INTO WorksIn (ID, BuildingID) VALUES (454, 120);
INSERT INTO Worker (ID, HireDate) VALUES (854, '2021-04-21');
INSERT INTO WorksIn (ID, BuildingID) VALUES (854, 250);
INSERT INTO Worker (ID, HireDate) VALUES (55, '2017-09-07');
INSERT INTO WorksIn (ID, BuildingID) VALUES (55, 396);
INSERT INTO Worker (ID, HireDate) VALUES (455, '2003-11-19');
INSERT INTO WorksIn (ID, BuildingID) VALUES (455, 398);
INSERT INTO Student (ID, RoomID, BuildingID, EnrollmentDate, Major) VALUES (855, 1, 144, '2022-10-28', 'Environmental Science');
INSERT INTO Worker (ID, HireDate) VALUES (56, '2010-11-30');
INSERT INTO WorksIn (ID, BuildingID) VALUES (56, 4);
INSERT INTO Student (ID, RoomID, BuildingID, EnrollmentDate, Major) VALUES (456, 2, 290, '2008-03-29', 'Psychology');
INSERT INTO Worker (ID, HireDate) VALUES (856, '2016-04-20');
INSERT INTO WorksIn (ID, BuildingID) VALUES (856, 161);
INSERT INTO Worker (ID, HireDate) VALUES (57, '2000-05-20');
INSERT INTO WorksIn (ID, BuildingID) VALUES (57, 289);
INSERT INTO Student (ID, RoomID, BuildingID, EnrollmentDate, Major) VALUES (457, 2, 290, '2001-02-18', 'Sociology');
INSERT INTO Worker (ID, HireDate) VALUES (857, '2008-12-17');
INSERT INTO WorksIn (ID, BuildingID) VALUES (857, 111);
INSERT INTO Student (ID, RoomID, BuildingID, EnrollmentDate, Major) VALUES (58, 2, 141, '2002-03-13', 'Economics');
INSERT INTO Worker (ID, HireDate) VALUES (458, '2008-05-16');
INSERT INTO WorksIn (ID, BuildingID) VALUES (458, 66);
INSERT INTO Worker (ID, HireDate) VALUES (858, '2000-06-08');
INSERT INTO WorksIn (ID, BuildingID) VALUES (858, 75);
INSERT INTO Student (ID, RoomID, BuildingID, EnrollmentDate, Major) VALUES (59, 2, 61, '2010-04-17', 'History');
INSERT INTO Worker (ID, HireDate) VALUES (459, '2003-08-26');
INSERT INTO WorksIn (ID, BuildingID) VALUES (459, 113);
INSERT INTO Worker (ID, HireDate) VALUES (859, '2020-07-21');
INSERT INTO WorksIn (ID, BuildingID) VALUES (859, 118);
INSERT INTO Student (ID, RoomID, BuildingID, EnrollmentDate, Major) VALUES (60, 2, 29, '2012-09-28', 'Economics');
INSERT INTO Worker (ID, HireDate) VALUES (460, '2005-07-31');
INSERT INTO WorksIn (ID, BuildingID) VALUES (460, 259);
INSERT INTO Worker (ID, HireDate) VALUES (860, '2023-03-02');
INSERT INTO WorksIn (ID, BuildingID) VALUES (860, 9);
INSERT INTO Worker (ID, HireDate) VALUES (61, '2014-06-27');
INSERT INTO WorksIn (ID, BuildingID) VALUES (61, 364);
INSERT INTO Worker (ID, HireDate) VALUES (461, '2014-08-21');
INSERT INTO WorksIn (ID, BuildingID) VALUES (461, 93);
INSERT INTO Student (ID, RoomID, BuildingID, EnrollmentDate, Major) VALUES (861, 2, 87, '2002-09-23', 'Computer Science');
INSERT INTO Student (ID, RoomID, BuildingID, EnrollmentDate, Major) VALUES (62, 1, 334, '2004-01-15', 'English Literature');
INSERT INTO Worker (ID, HireDate) VALUES (462, '2002-06-24');
INSERT INTO WorksIn (ID, BuildingID) VALUES (462, 304);
INSERT INTO Worker (ID, HireDate) VALUES (862, '2016-05-21');
INSERT INTO WorksIn (ID, BuildingID) VALUES (862, 257);
INSERT INTO Worker (ID, HireDate) VALUES (63, '2019-11-13');
INSERT INTO WorksIn (ID, BuildingID) VALUES (63, 351);
INSERT INTO Student (ID, RoomID, BuildingID, EnrollmentDate, Major) VALUES (463, 1, 145, '2011-11-07', 'History');
INSERT INTO Worker (ID, HireDate) VALUES (863, '2009-02-09');
INSERT INTO WorksIn (ID, BuildingID) VALUES (863, 183);
INSERT INTO Student (ID, RoomID, BuildingID, EnrollmentDate, Major) VALUES (64, 2, 4, '2023-01-21', 'Sociology');
INSERT INTO Worker (ID, HireDate) VALUES (464, '2008-11-20');
INSERT INTO WorksIn (ID, BuildingID) VALUES (464, 300);
INSERT INTO Worker (ID, HireDate) VALUES (864, '2021-01-14');
INSERT INTO WorksIn (ID, BuildingID) VALUES (864, 71);
INSERT INTO Worker (ID, HireDate) VALUES (65, '2022-08-19');
INSERT INTO WorksIn (ID, BuildingID) VALUES (65, 336);
INSERT INTO Worker (ID, HireDate) VALUES (465, '2009-01-02');
INSERT INTO WorksIn (ID, BuildingID) VALUES (465, 64);
INSERT INTO Student (ID, RoomID, BuildingID, EnrollmentDate, Major) VALUES (865, 1, 272, '2019-06-11', 'Political Science');
INSERT INTO Student (ID, RoomID, BuildingID, EnrollmentDate, Major) VALUES (66, 2, 113, '2010-11-29', 'Computer Science');
INSERT INTO Worker (ID, HireDate) VALUES (466, '2011-09-14');
INSERT INTO WorksIn (ID, BuildingID) VALUES (466, 274);
INSERT INTO Worker (ID, HireDate) VALUES (866, '2021-04-10');
INSERT INTO WorksIn (ID, BuildingID) VALUES (866, 345);
INSERT INTO Student (ID, RoomID, BuildingID, EnrollmentDate, Major) VALUES (67, 2, 265, '2017-01-17', 'History');
INSERT INTO Worker (ID, HireDate) VALUES (467, '2008-03-26');
INSERT INTO WorksIn (ID, BuildingID) VALUES (467, 29);
INSERT INTO Worker (ID, HireDate) VALUES (867, '2010-01-24');
INSERT INTO WorksIn (ID, BuildingID) VALUES (867, 261);
INSERT INTO Worker (ID, HireDate) VALUES (68, '2023-10-23');
INSERT INTO WorksIn (ID, BuildingID) VALUES (68, 199);
INSERT INTO Student (ID, RoomID, BuildingID, EnrollmentDate, Major) VALUES (468, 2, 248, '2023-10-04', 'Computer Science');
INSERT INTO Worker (ID, HireDate) VALUES (868, '2018-11-15');
INSERT INTO WorksIn (ID, BuildingID) VALUES (868, 16);
INSERT INTO Student (ID, RoomID, BuildingID, EnrollmentDate, Major) VALUES (69, 2, 76, '2018-10-25', 'Graphic Design');
INSERT INTO Worker (ID, HireDate) VALUES (469, '2004-09-06');
INSERT INTO WorksIn (ID, BuildingID) VALUES (469, 225);
INSERT INTO Worker (ID, HireDate) VALUES (869, '2010-08-16');
INSERT INTO WorksIn (ID, BuildingID) VALUES (869, 216);
INSERT INTO Worker (ID, HireDate) VALUES (70, '2014-05-28');
INSERT INTO WorksIn (ID, BuildingID) VALUES (70, 223);
INSERT INTO Student (ID, RoomID, BuildingID, EnrollmentDate, Major) VALUES (470, 2, 196, '2002-10-23', 'Accounting');
INSERT INTO Worker (ID, HireDate) VALUES (870, '2016-07-30');
INSERT INTO WorksIn (ID, BuildingID) VALUES (870, 255);
INSERT INTO Worker (ID, HireDate) VALUES (71, '2014-02-24');
INSERT INTO WorksIn (ID, BuildingID) VALUES (71, 157);
INSERT INTO Worker (ID, HireDate) VALUES (471, '2010-11-20');
INSERT INTO WorksIn (ID, BuildingID) VALUES (471, 388);
INSERT INTO Student (ID, RoomID, BuildingID, EnrollmentDate, Major) VALUES (871, 2, 111, '2007-02-09', 'Physics');
INSERT INTO Worker (ID, HireDate) VALUES (72, '2018-08-03');
INSERT INTO WorksIn (ID, BuildingID) VALUES (72, 147);
INSERT INTO Worker (ID, HireDate) VALUES (472, '2020-03-31');
INSERT INTO WorksIn (ID, BuildingID) VALUES (472, 251);
INSERT INTO Student (ID, RoomID, BuildingID, EnrollmentDate, Major) VALUES (872, 1, 372, '2016-08-02', 'Computer Science');
INSERT INTO Student (ID, RoomID, BuildingID, EnrollmentDate, Major) VALUES (73, 1, 4, '2020-03-04', 'Political Science');
INSERT INTO Worker (ID, HireDate) VALUES (473, '2009-06-07');
INSERT INTO WorksIn (ID, BuildingID) VALUES (473, 194);
INSERT INTO Worker (ID, HireDate) VALUES (873, '2004-01-30');
INSERT INTO WorksIn (ID, BuildingID) VALUES (873, 170);
INSERT INTO Student (ID, RoomID, BuildingID, EnrollmentDate, Major) VALUES (74, 1, 144, '2003-03-25', 'Physics');
INSERT INTO Worker (ID, HireDate) VALUES (474, '2009-02-20');
INSERT INTO WorksIn (ID, BuildingID) VALUES (474, 92);
INSERT INTO Worker (ID, HireDate) VALUES (874, '2005-03-17');
INSERT INTO WorksIn (ID, BuildingID) VALUES (874, 329);
INSERT INTO Student (ID, RoomID, BuildingID, EnrollmentDate, Major) VALUES (75, 2, 369, '2009-01-17', 'Computer Science');
INSERT INTO Worker (ID, HireDate) VALUES (475, '2014-01-22');
INSERT INTO WorksIn (ID, BuildingID) VALUES (475, 274);
INSERT INTO Worker (ID, HireDate) VALUES (875, '2015-05-14');
INSERT INTO WorksIn (ID, BuildingID) VALUES (875, 344);
INSERT INTO Student (ID, RoomID, BuildingID, EnrollmentDate, Major) VALUES (76, 2, 115, '2020-12-15', 'History');
INSERT INTO Worker (ID, HireDate) VALUES (476, '2006-12-22');
INSERT INTO WorksIn (ID, BuildingID) VALUES (476, 129);
INSERT INTO Worker (ID, HireDate) VALUES (876, '2005-03-05');
INSERT INTO WorksIn (ID, BuildingID) VALUES (876, 133);
INSERT INTO Worker (ID, HireDate) VALUES (77, '2014-10-14');
INSERT INTO WorksIn (ID, BuildingID) VALUES (77, 308);
INSERT INTO Worker (ID, HireDate) VALUES (477, '2010-03-23');
INSERT INTO WorksIn (ID, BuildingID) VALUES (477, 47);
INSERT INTO Student (ID, RoomID, BuildingID, EnrollmentDate, Major) VALUES (877, 1, 68, '2023-08-08', 'Psychology');
INSERT INTO Worker (ID, HireDate) VALUES (78, '2011-03-11');
INSERT INTO WorksIn (ID, BuildingID) VALUES (78, 237);
INSERT INTO Worker (ID, HireDate) VALUES (478, '2023-05-16');
INSERT INTO WorksIn (ID, BuildingID) VALUES (478, 173);
INSERT INTO Student (ID, RoomID, BuildingID, EnrollmentDate, Major) VALUES (878, 2, 375, '2006-12-08', 'Business Administration');
INSERT INTO Worker (ID, HireDate) VALUES (79, '2000-02-16');
INSERT INTO WorksIn (ID, BuildingID) VALUES (79, 102);
INSERT INTO Worker (ID, HireDate) VALUES (479, '2004-09-09');
INSERT INTO WorksIn (ID, BuildingID) VALUES (479, 117);
INSERT INTO Student (ID, RoomID, BuildingID, EnrollmentDate, Major) VALUES (879, 2, 11, '2022-05-09', 'Nursing');
INSERT INTO Student (ID, RoomID, BuildingID, EnrollmentDate, Major) VALUES (80, 2, 201, '2019-07-03', 'Mechanical Engineering');
INSERT INTO Worker (ID, HireDate) VALUES (480, '2018-04-29');
INSERT INTO WorksIn (ID, BuildingID) VALUES (480, 61);
INSERT INTO Worker (ID, HireDate) VALUES (880, '2016-02-11');
INSERT INTO WorksIn (ID, BuildingID) VALUES (880, 201);
INSERT INTO Student (ID, RoomID, BuildingID, EnrollmentDate, Major) VALUES (81, 2, 74, '2014-07-08', 'Political Science');
INSERT INTO Worker (ID, HireDate) VALUES (481, '2017-12-28');
INSERT INTO WorksIn (ID, BuildingID) VALUES (481, 349);
INSERT INTO Worker (ID, HireDate) VALUES (881, '2011-02-12');
INSERT INTO WorksIn (ID, BuildingID) VALUES (881, 228);
INSERT INTO Worker (ID, HireDate) VALUES (82, '2019-07-21');
INSERT INTO WorksIn (ID, BuildingID) VALUES (82, 72);
INSERT INTO Student (ID, RoomID, BuildingID, EnrollmentDate, Major) VALUES (482, 1, 327, '2019-07-14', 'Mechanical Engineering');
INSERT INTO Worker (ID, HireDate) VALUES (882, '2006-12-31');
INSERT INTO WorksIn (ID, BuildingID) VALUES (882, 56);
INSERT INTO Worker (ID, HireDate) VALUES (83, '2010-03-21');
INSERT INTO WorksIn (ID, BuildingID) VALUES (83, 138);
INSERT INTO Worker (ID, HireDate) VALUES (483, '2005-07-03');
INSERT INTO WorksIn (ID, BuildingID) VALUES (483, 136);
INSERT INTO Student (ID, RoomID, BuildingID, EnrollmentDate, Major) VALUES (883, 2, 85, '2021-04-11', 'Biology');
INSERT INTO Worker (ID, HireDate) VALUES (84, '2016-12-30');
INSERT INTO WorksIn (ID, BuildingID) VALUES (84, 285);
INSERT INTO Worker (ID, HireDate) VALUES (484, '2018-05-01');
INSERT INTO WorksIn (ID, BuildingID) VALUES (484, 295);
INSERT INTO Student (ID, RoomID, BuildingID, EnrollmentDate, Major) VALUES (884, 2, 164, '2015-01-10', 'English Literature');
INSERT INTO Student (ID, RoomID, BuildingID, EnrollmentDate, Major) VALUES (85, 1, 150, '2004-11-23', 'Computer Science');
INSERT INTO Worker (ID, HireDate) VALUES (485, '2012-09-19');
INSERT INTO WorksIn (ID, BuildingID) VALUES (485, 131);
INSERT INTO Worker (ID, HireDate) VALUES (885, '2022-12-19');
INSERT INTO WorksIn (ID, BuildingID) VALUES (885, 33);
INSERT INTO Student (ID, RoomID, BuildingID, EnrollmentDate, Major) VALUES (86, 2, 281, '2001-06-15', 'Accounting');
INSERT INTO Worker (ID, HireDate) VALUES (486, '2014-02-28');
INSERT INTO WorksIn (ID, BuildingID) VALUES (486, 2);
INSERT INTO Worker (ID, HireDate) VALUES (886, '2019-06-04');
INSERT INTO WorksIn (ID, BuildingID) VALUES (886, 21);
INSERT INTO Worker (ID, HireDate) VALUES (87, '2012-04-25');
INSERT INTO WorksIn (ID, BuildingID) VALUES (87, 63);
INSERT INTO Worker (ID, HireDate) VALUES (487, '2016-03-28');
INSERT INTO WorksIn (ID, BuildingID) VALUES (487, 132);
INSERT INTO Student (ID, RoomID, BuildingID, EnrollmentDate, Major) VALUES (887, 1, 147, '2008-02-27', 'Psychology');
INSERT INTO Student (ID, RoomID, BuildingID, EnrollmentDate, Major) VALUES (88, 1, 281, '2008-02-11', 'Sociology');
INSERT INTO Worker (ID, HireDate) VALUES (488, '2012-06-27');
INSERT INTO WorksIn (ID, BuildingID) VALUES (488, 6);
INSERT INTO Worker (ID, HireDate) VALUES (888, '2005-12-17');
INSERT INTO WorksIn (ID, BuildingID) VALUES (888, 367);
INSERT INTO Worker (ID, HireDate) VALUES (89, '2016-09-13');
INSERT INTO WorksIn (ID, BuildingID) VALUES (89, 299);
INSERT INTO Student (ID, RoomID, BuildingID, EnrollmentDate, Major) VALUES (489, 1, 38, '2000-05-06', 'Political Science');
INSERT INTO Worker (ID, HireDate) VALUES (889, '2003-12-19');
INSERT INTO WorksIn (ID, BuildingID) VALUES (889, 226);
INSERT INTO Worker (ID, HireDate) VALUES (90, '2000-11-19');
INSERT INTO WorksIn (ID, BuildingID) VALUES (90, 32);
INSERT INTO Student (ID, RoomID, BuildingID, EnrollmentDate, Major) VALUES (490, 2, 70, '2009-06-04', 'Sociology');
INSERT INTO Worker (ID, HireDate) VALUES (890, '2003-09-18');
INSERT INTO WorksIn (ID, BuildingID) VALUES (890, 153);
INSERT INTO Worker (ID, HireDate) VALUES (91, '2014-10-10');
INSERT INTO WorksIn (ID, BuildingID) VALUES (91, 98);
INSERT INTO Student (ID, RoomID, BuildingID, EnrollmentDate, Major) VALUES (491, 1, 219, '2006-06-07', 'Mechanical Engineering');
INSERT INTO Worker (ID, HireDate) VALUES (891, '2009-05-30');
INSERT INTO WorksIn (ID, BuildingID) VALUES (891, 57);
INSERT INTO Worker (ID, HireDate) VALUES (92, '2001-07-08');
INSERT INTO WorksIn (ID, BuildingID) VALUES (92, 180);
INSERT INTO Worker (ID, HireDate) VALUES (492, '2004-09-22');
INSERT INTO WorksIn (ID, BuildingID) VALUES (492, 177);
INSERT INTO Student (ID, RoomID, BuildingID, EnrollmentDate, Major) VALUES (892, 2, 162, '2012-10-06', 'Business Administration');
INSERT INTO Student (ID, RoomID, BuildingID, EnrollmentDate, Major) VALUES (93, 1, 36, '2001-01-04', 'Political Science');
INSERT INTO Worker (ID, HireDate) VALUES (493, '2013-04-11');
INSERT INTO WorksIn (ID, BuildingID) VALUES (493, 245);
INSERT INTO Worker (ID, HireDate) VALUES (893, '2015-03-06');
INSERT INTO WorksIn (ID, BuildingID) VALUES (893, 322);
INSERT INTO Worker (ID, HireDate) VALUES (94, '2018-08-30');
INSERT INTO WorksIn (ID, BuildingID) VALUES (94, 268);
INSERT INTO Worker (ID, HireDate) VALUES (494, '2018-01-30');
INSERT INTO WorksIn (ID, BuildingID) VALUES (494, 38);
INSERT INTO Student (ID, RoomID, BuildingID, EnrollmentDate, Major) VALUES (894, 2, 227, '2003-08-25', 'Physics');
INSERT INTO Student (ID, RoomID, BuildingID, EnrollmentDate, Major) VALUES (95, 1, 208, '2020-10-01', 'History');
INSERT INTO Worker (ID, HireDate) VALUES (495, '2013-02-18');
INSERT INTO WorksIn (ID, BuildingID) VALUES (495, 377);
INSERT INTO Worker (ID, HireDate) VALUES (895, '2008-03-19');
INSERT INTO WorksIn (ID, BuildingID) VALUES (895, 400);
INSERT INTO Student (ID, RoomID, BuildingID, EnrollmentDate, Major) VALUES (96, 1, 61, '2009-05-30', 'Political Science');
INSERT INTO Worker (ID, HireDate) VALUES (496, '2005-04-24');
INSERT INTO WorksIn (ID, BuildingID) VALUES (496, 158);
INSERT INTO Worker (ID, HireDate) VALUES (896, '2018-10-28');
INSERT INTO WorksIn (ID, BuildingID) VALUES (896, 9);
INSERT INTO Student (ID, RoomID, BuildingID, EnrollmentDate, Major) VALUES (97, 2, 355, '2014-04-27', 'Computer Science');
INSERT INTO Worker (ID, HireDate) VALUES (497, '2018-07-04');
INSERT INTO WorksIn (ID, BuildingID) VALUES (497, 152);
INSERT INTO Worker (ID, HireDate) VALUES (897, '2015-10-13');
INSERT INTO WorksIn (ID, BuildingID) VALUES (897, 69);
INSERT INTO Student (ID, RoomID, BuildingID, EnrollmentDate, Major) VALUES (98, 2, 250, '2022-01-04', 'English Literature');
INSERT INTO Worker (ID, HireDate) VALUES (498, '2017-02-20');
INSERT INTO WorksIn (ID, BuildingID) VALUES (498, 139);
INSERT INTO Worker (ID, HireDate) VALUES (898, '2022-08-12');
INSERT INTO WorksIn (ID, BuildingID) VALUES (898, 394);
INSERT INTO Worker (ID, HireDate) VALUES (99, '2002-11-16');
INSERT INTO WorksIn (ID, BuildingID) VALUES (99, 131);
INSERT INTO Student (ID, RoomID, BuildingID, EnrollmentDate, Major) VALUES (499, 2, 124, '2009-06-23', 'Political Science');
INSERT INTO Worker (ID, HireDate) VALUES (899, '2008-10-15');
INSERT INTO WorksIn (ID, BuildingID) VALUES (899, 286);
INSERT INTO Worker (ID, HireDate) VALUES (100, '2002-07-29');
INSERT INTO WorksIn (ID, BuildingID) VALUES (100, 326);
INSERT INTO Student (ID, RoomID, BuildingID, EnrollmentDate, Major) VALUES (500, 1, 389, '2009-01-27', 'English Literature');
INSERT INTO Worker (ID, HireDate) VALUES (900, '2020-12-11');
INSERT INTO WorksIn (ID, BuildingID) VALUES (900, 127);
INSERT INTO Worker (ID, HireDate) VALUES (101, '2023-10-03');
INSERT INTO WorksIn (ID, BuildingID) VALUES (101, 95);
INSERT INTO Student (ID, RoomID, BuildingID, EnrollmentDate, Major) VALUES (501, 2, 289, '2007-02-20', 'Political Science');
INSERT INTO Worker (ID, HireDate) VALUES (901, '2004-04-06');
INSERT INTO WorksIn (ID, BuildingID) VALUES (901, 310);
INSERT INTO Student (ID, RoomID, BuildingID, EnrollmentDate, Major) VALUES (102, 1, 268, '2018-03-20', 'Graphic Design');
INSERT INTO Worker (ID, HireDate) VALUES (502, '2006-05-25');
INSERT INTO WorksIn (ID, BuildingID) VALUES (502, 13);
INSERT INTO Worker (ID, HireDate) VALUES (902, '2005-06-12');
INSERT INTO WorksIn (ID, BuildingID) VALUES (902, 43);
INSERT INTO Student (ID, RoomID, BuildingID, EnrollmentDate, Major) VALUES (103, 2, 174, '2006-01-28', 'Economics');
INSERT INTO Worker (ID, HireDate) VALUES (503, '2004-02-22');
INSERT INTO WorksIn (ID, BuildingID) VALUES (503, 80);
INSERT INTO Worker (ID, HireDate) VALUES (903, '2013-08-08');
INSERT INTO WorksIn (ID, BuildingID) VALUES (903, 88);
INSERT INTO Worker (ID, HireDate) VALUES (104, '2012-09-05');
INSERT INTO WorksIn (ID, BuildingID) VALUES (104, 130);
INSERT INTO Student (ID, RoomID, BuildingID, EnrollmentDate, Major) VALUES (504, 1, 376, '2013-09-23', 'History');
INSERT INTO Worker (ID, HireDate) VALUES (904, '2007-12-28');
INSERT INTO WorksIn (ID, BuildingID) VALUES (904, 301);
INSERT INTO Student (ID, RoomID, BuildingID, EnrollmentDate, Major) VALUES (105, 2, 244, '2000-05-22', 'Sociology');
INSERT INTO Worker (ID, HireDate) VALUES (505, '2012-10-31');
INSERT INTO WorksIn (ID, BuildingID) VALUES (505, 113);
INSERT INTO Worker (ID, HireDate) VALUES (905, '2006-08-02');
INSERT INTO WorksIn (ID, BuildingID) VALUES (905, 296);
INSERT INTO Worker (ID, HireDate) VALUES (106, '2006-04-11');
INSERT INTO WorksIn (ID, BuildingID) VALUES (106, 286);
INSERT INTO Student (ID, RoomID, BuildingID, EnrollmentDate, Major) VALUES (506, 2, 10, '2003-04-14', 'Physics');
INSERT INTO Worker (ID, HireDate) VALUES (906, '2021-05-14');
INSERT INTO WorksIn (ID, BuildingID) VALUES (906, 239);
INSERT INTO Student (ID, RoomID, BuildingID, EnrollmentDate, Major) VALUES (107, 1, 223, '2015-07-02', 'English Literature');
INSERT INTO Worker (ID, HireDate) VALUES (507, '2000-11-11');
INSERT INTO WorksIn (ID, BuildingID) VALUES (507, 22);
INSERT INTO Worker (ID, HireDate) VALUES (907, '2004-10-11');
INSERT INTO WorksIn (ID, BuildingID) VALUES (907, 169);
INSERT INTO Worker (ID, HireDate) VALUES (108, '2019-08-02');
INSERT INTO WorksIn (ID, BuildingID) VALUES (108, 374);
INSERT INTO Student (ID, RoomID, BuildingID, EnrollmentDate, Major) VALUES (508, 2, 246, '2016-08-31', 'Mechanical Engineering');
INSERT INTO Worker (ID, HireDate) VALUES (908, '2004-05-11');
INSERT INTO WorksIn (ID, BuildingID) VALUES (908, 117);
INSERT INTO Worker (ID, HireDate) VALUES (109, '2009-09-19');
INSERT INTO WorksIn (ID, BuildingID) VALUES (109, 194);
INSERT INTO Student (ID, RoomID, BuildingID, EnrollmentDate, Major) VALUES (509, 2, 337, '2010-10-25', 'Business Administration');
INSERT INTO Worker (ID, HireDate) VALUES (909, '2014-05-21');
INSERT INTO WorksIn (ID, BuildingID) VALUES (909, 273);
INSERT INTO Worker (ID, HireDate) VALUES (110, '2017-08-15');
INSERT INTO WorksIn (ID, BuildingID) VALUES (110, 45);
INSERT INTO Worker (ID, HireDate) VALUES (510, '2018-04-21');
INSERT INTO WorksIn (ID, BuildingID) VALUES (510, 231);
INSERT INTO Student (ID, RoomID, BuildingID, EnrollmentDate, Major) VALUES (910, 1, 124, '2008-11-24', 'Political Science');
INSERT INTO Worker (ID, HireDate) VALUES (111, '2001-09-21');
INSERT INTO WorksIn (ID, BuildingID) VALUES (111, 389);
INSERT INTO Student (ID, RoomID, BuildingID, EnrollmentDate, Major) VALUES (511, 1, 143, '2013-01-24', 'Business Administration');
INSERT INTO Worker (ID, HireDate) VALUES (911, '2020-08-21');
INSERT INTO WorksIn (ID, BuildingID) VALUES (911, 345);
INSERT INTO Worker (ID, HireDate) VALUES (112, '2021-12-23');
INSERT INTO WorksIn (ID, BuildingID) VALUES (112, 60);
INSERT INTO Student (ID, RoomID, BuildingID, EnrollmentDate, Major) VALUES (512, 1, 109, '2006-04-26', 'Accounting');
INSERT INTO Worker (ID, HireDate) VALUES (912, '2008-11-25');
INSERT INTO WorksIn (ID, BuildingID) VALUES (912, 299);
INSERT INTO Worker (ID, HireDate) VALUES (113, '2000-09-16');
INSERT INTO WorksIn (ID, BuildingID) VALUES (113, 185);
INSERT INTO Worker (ID, HireDate) VALUES (513, '2010-08-10');
INSERT INTO WorksIn (ID, BuildingID) VALUES (513, 60);
INSERT INTO Student (ID, RoomID, BuildingID, EnrollmentDate, Major) VALUES (913, 2, 179, '2000-03-23', 'Business Administration');
INSERT INTO Worker (ID, HireDate) VALUES (114, '2005-02-19');
INSERT INTO WorksIn (ID, BuildingID) VALUES (114, 183);
INSERT INTO Student (ID, RoomID, BuildingID, EnrollmentDate, Major) VALUES (514, 1, 133, '2020-01-14', 'Mechanical Engineering');
INSERT INTO Worker (ID, HireDate) VALUES (914, '2020-01-06');
INSERT INTO WorksIn (ID, BuildingID) VALUES (914, 214);
INSERT INTO Worker (ID, HireDate) VALUES (115, '2007-12-24');
INSERT INTO WorksIn (ID, BuildingID) VALUES (115, 389);
INSERT INTO Worker (ID, HireDate) VALUES (515, '2016-06-02');
INSERT INTO WorksIn (ID, BuildingID) VALUES (515, 72);
INSERT INTO Student (ID, RoomID, BuildingID, EnrollmentDate, Major) VALUES (915, 1, 115, '2022-12-11', 'Economics');
INSERT INTO Worker (ID, HireDate) VALUES (116, '2001-01-20');
INSERT INTO WorksIn (ID, BuildingID) VALUES (116, 314);
INSERT INTO Worker (ID, HireDate) VALUES (516, '2021-10-10');
INSERT INTO WorksIn (ID, BuildingID) VALUES (516, 321);
INSERT INTO Student (ID, RoomID, BuildingID, EnrollmentDate, Major) VALUES (916, 2, 68, '2019-05-15', 'Physics');
INSERT INTO Worker (ID, HireDate) VALUES (117, '2018-02-04');
INSERT INTO WorksIn (ID, BuildingID) VALUES (117, 310);
INSERT INTO Worker (ID, HireDate) VALUES (517, '2000-12-05');
INSERT INTO WorksIn (ID, BuildingID) VALUES (517, 17);
INSERT INTO Student (ID, RoomID, BuildingID, EnrollmentDate, Major) VALUES (917, 2, 119, '2010-09-27', 'Physics');
INSERT INTO Worker (ID, HireDate) VALUES (118, '2010-01-29');
INSERT INTO WorksIn (ID, BuildingID) VALUES (118, 19);
INSERT INTO Worker (ID, HireDate) VALUES (518, '2008-12-11');
INSERT INTO WorksIn (ID, BuildingID) VALUES (518, 239);
INSERT INTO Student (ID, RoomID, BuildingID, EnrollmentDate, Major) VALUES (918, 2, 369, '2005-10-04', 'Business Administration');
INSERT INTO Worker (ID, HireDate) VALUES (119, '2020-08-10');
INSERT INTO WorksIn (ID, BuildingID) VALUES (119, 373);
INSERT INTO Student (ID, RoomID, BuildingID, EnrollmentDate, Major) VALUES (519, 1, 215, '2009-04-10', 'Physics');
INSERT INTO Worker (ID, HireDate) VALUES (919, '2009-06-03');
INSERT INTO WorksIn (ID, BuildingID) VALUES (919, 159);
INSERT INTO Worker (ID, HireDate) VALUES (120, '2014-07-23');
INSERT INTO WorksIn (ID, BuildingID) VALUES (120, 367);
INSERT INTO Student (ID, RoomID, BuildingID, EnrollmentDate, Major) VALUES (520, 2, 250, '2018-02-18', 'Political Science');
INSERT INTO Worker (ID, HireDate) VALUES (920, '2020-05-09');
INSERT INTO WorksIn (ID, BuildingID) VALUES (920, 168);
INSERT INTO Worker (ID, HireDate) VALUES (121, '2020-05-12');
INSERT INTO WorksIn (ID, BuildingID) VALUES (121, 376);
INSERT INTO Worker (ID, HireDate) VALUES (521, '2023-12-14');
INSERT INTO WorksIn (ID, BuildingID) VALUES (521, 351);
INSERT INTO Student (ID, RoomID, BuildingID, EnrollmentDate, Major) VALUES (921, 1, 228, '2016-09-17', 'English Literature');
INSERT INTO Worker (ID, HireDate) VALUES (122, '2013-10-16');
INSERT INTO WorksIn (ID, BuildingID) VALUES (122, 65);
INSERT INTO Student (ID, RoomID, BuildingID, EnrollmentDate, Major) VALUES (522, 1, 364, '2022-11-22', 'Psychology');
INSERT INTO Worker (ID, HireDate) VALUES (922, '2023-04-23');
INSERT INTO WorksIn (ID, BuildingID) VALUES (922, 330);
INSERT INTO Worker (ID, HireDate) VALUES (123, '2010-11-15');
INSERT INTO WorksIn (ID, BuildingID) VALUES (123, 81);
INSERT INTO Student (ID, RoomID, BuildingID, EnrollmentDate, Major) VALUES (523, 1, 347, '2004-05-08', 'English Literature');
INSERT INTO Worker (ID, HireDate) VALUES (923, '2023-11-10');
INSERT INTO WorksIn (ID, BuildingID) VALUES (923, 330);
INSERT INTO Worker (ID, HireDate) VALUES (124, '2004-03-26');
INSERT INTO WorksIn (ID, BuildingID) VALUES (124, 359);
INSERT INTO Worker (ID, HireDate) VALUES (524, '2000-02-07');
INSERT INTO WorksIn (ID, BuildingID) VALUES (524, 129);
INSERT INTO Student (ID, RoomID, BuildingID, EnrollmentDate, Major) VALUES (924, 1, 344, '2012-08-18', 'Environmental Science');
INSERT INTO Worker (ID, HireDate) VALUES (125, '2004-04-27');
INSERT INTO WorksIn (ID, BuildingID) VALUES (125, 295);
INSERT INTO Worker (ID, HireDate) VALUES (525, '2000-12-06');
INSERT INTO WorksIn (ID, BuildingID) VALUES (525, 236);
INSERT INTO Student (ID, RoomID, BuildingID, EnrollmentDate, Major) VALUES (925, 1, 15, '2014-12-22', 'Accounting');
INSERT INTO Student (ID, RoomID, BuildingID, EnrollmentDate, Major) VALUES (126, 2, 290, '2018-06-01', 'Sociology');
INSERT INTO Worker (ID, HireDate) VALUES (526, '2015-07-07');
INSERT INTO WorksIn (ID, BuildingID) VALUES (526, 326);
INSERT INTO Worker (ID, HireDate) VALUES (926, '2004-06-20');
INSERT INTO WorksIn (ID, BuildingID) VALUES (926, 78);
INSERT INTO Student (ID, RoomID, BuildingID, EnrollmentDate, Major) VALUES (127, 1, 277, '2013-08-08', 'Economics');
INSERT INTO Worker (ID, HireDate) VALUES (527, '2017-07-29');
INSERT INTO WorksIn (ID, BuildingID) VALUES (527, 230);
INSERT INTO Worker (ID, HireDate) VALUES (927, '2018-10-16');
INSERT INTO WorksIn (ID, BuildingID) VALUES (927, 318);
INSERT INTO Worker (ID, HireDate) VALUES (128, '2006-02-03');
INSERT INTO WorksIn (ID, BuildingID) VALUES (128, 80);
INSERT INTO Student (ID, RoomID, BuildingID, EnrollmentDate, Major) VALUES (528, 1, 64, '2019-03-04', 'Accounting');
INSERT INTO Worker (ID, HireDate) VALUES (928, '2018-03-13');
INSERT INTO WorksIn (ID, BuildingID) VALUES (928, 365);
INSERT INTO Student (ID, RoomID, BuildingID, EnrollmentDate, Major) VALUES (129, 2, 64, '2011-01-04', 'Sociology');
INSERT INTO Worker (ID, HireDate) VALUES (529, '2018-09-26');
INSERT INTO WorksIn (ID, BuildingID) VALUES (529, 291);
INSERT INTO Worker (ID, HireDate) VALUES (929, '2020-03-23');
INSERT INTO WorksIn (ID, BuildingID) VALUES (929, 114);
INSERT INTO Worker (ID, HireDate) VALUES (130, '2010-09-29');
INSERT INTO WorksIn (ID, BuildingID) VALUES (130, 38);
INSERT INTO Worker (ID, HireDate) VALUES (530, '2021-01-27');
INSERT INTO WorksIn (ID, BuildingID) VALUES (530, 281);
INSERT INTO Student (ID, RoomID, BuildingID, EnrollmentDate, Major) VALUES (930, 1, 261, '2006-05-19', 'Biology');
INSERT INTO Worker (ID, HireDate) VALUES (131, '2010-06-29');
INSERT INTO WorksIn (ID, BuildingID) VALUES (131, 192);
INSERT INTO Student (ID, RoomID, BuildingID, EnrollmentDate, Major) VALUES (531, 2, 198, '2023-12-27', 'Computer Science');
INSERT INTO Worker (ID, HireDate) VALUES (931, '2002-11-25');
INSERT INTO WorksIn (ID, BuildingID) VALUES (931, 367);
INSERT INTO Worker (ID, HireDate) VALUES (132, '2022-08-11');
INSERT INTO WorksIn (ID, BuildingID) VALUES (132, 299);
INSERT INTO Worker (ID, HireDate) VALUES (532, '2004-03-20');
INSERT INTO WorksIn (ID, BuildingID) VALUES (532, 103);
INSERT INTO Student (ID, RoomID, BuildingID, EnrollmentDate, Major) VALUES (932, 2, 62, '2021-10-03', 'English Literature');
INSERT INTO Student (ID, RoomID, BuildingID, EnrollmentDate, Major) VALUES (133, 1, 129, '2015-09-09', 'Biology');
INSERT INTO Worker (ID, HireDate) VALUES (533, '2012-03-19');
INSERT INTO WorksIn (ID, BuildingID) VALUES (533, 83);
INSERT INTO Worker (ID, HireDate) VALUES (933, '2013-10-26');
INSERT INTO WorksIn (ID, BuildingID) VALUES (933, 42);
INSERT INTO Worker (ID, HireDate) VALUES (134, '2016-05-19');
INSERT INTO WorksIn (ID, BuildingID) VALUES (134, 11);
INSERT INTO Student (ID, RoomID, BuildingID, EnrollmentDate, Major) VALUES (534, 1, 23, '2022-01-27', 'English Literature');
INSERT INTO Worker (ID, HireDate) VALUES (934, '2014-08-22');
INSERT INTO WorksIn (ID, BuildingID) VALUES (934, 317);
INSERT INTO Student (ID, RoomID, BuildingID, EnrollmentDate, Major) VALUES (135, 2, 72, '2014-12-31', 'Business Administration');
INSERT INTO Worker (ID, HireDate) VALUES (535, '2020-02-21');
INSERT INTO WorksIn (ID, BuildingID) VALUES (535, 295);
INSERT INTO Worker (ID, HireDate) VALUES (935, '2007-01-01');
INSERT INTO WorksIn (ID, BuildingID) VALUES (935, 93);
INSERT INTO Worker (ID, HireDate) VALUES (136, '2020-07-14');
INSERT INTO WorksIn (ID, BuildingID) VALUES (136, 92);
INSERT INTO Student (ID, RoomID, BuildingID, EnrollmentDate, Major) VALUES (536, 1, 177, '2003-07-22', 'Biology');
INSERT INTO Worker (ID, HireDate) VALUES (936, '2000-08-16');
INSERT INTO WorksIn (ID, BuildingID) VALUES (936, 342);
INSERT INTO Student (ID, RoomID, BuildingID, EnrollmentDate, Major) VALUES (137, 1, 13, '2011-05-19', 'Biology');
INSERT INTO Worker (ID, HireDate) VALUES (537, '2010-01-09');
INSERT INTO WorksIn (ID, BuildingID) VALUES (537, 150);
INSERT INTO Worker (ID, HireDate) VALUES (937, '2015-09-04');
INSERT INTO WorksIn (ID, BuildingID) VALUES (937, 314);
INSERT INTO Worker (ID, HireDate) VALUES (138, '2018-01-09');
INSERT INTO WorksIn (ID, BuildingID) VALUES (138, 156);
INSERT INTO Worker (ID, HireDate) VALUES (538, '2010-10-15');
INSERT INTO WorksIn (ID, BuildingID) VALUES (538, 138);
INSERT INTO Student (ID, RoomID, BuildingID, EnrollmentDate, Major) VALUES (938, 1, 163, '2014-12-04', 'Mechanical Engineering');
INSERT INTO Student (ID, RoomID, BuildingID, EnrollmentDate, Major) VALUES (139, 1, 137, '2019-12-15', 'Psychology');
INSERT INTO Worker (ID, HireDate) VALUES (539, '2015-08-09');
INSERT INTO WorksIn (ID, BuildingID) VALUES (539, 296);
INSERT INTO Worker (ID, HireDate) VALUES (939, '2020-09-29');
INSERT INTO WorksIn (ID, BuildingID) VALUES (939, 311);
INSERT INTO Student (ID, RoomID, BuildingID, EnrollmentDate, Major) VALUES (140, 1, 211, '2015-07-17', 'Accounting');
INSERT INTO Worker (ID, HireDate) VALUES (540, '2005-09-08');
INSERT INTO WorksIn (ID, BuildingID) VALUES (540, 54);
INSERT INTO Worker (ID, HireDate) VALUES (940, '2013-02-01');
INSERT INTO WorksIn (ID, BuildingID) VALUES (940, 295);
INSERT INTO Worker (ID, HireDate) VALUES (141, '2003-02-21');
INSERT INTO WorksIn (ID, BuildingID) VALUES (141, 209);
INSERT INTO Worker (ID, HireDate) VALUES (541, '2000-07-24');
INSERT INTO WorksIn (ID, BuildingID) VALUES (541, 236);
INSERT INTO Student (ID, RoomID, BuildingID, EnrollmentDate, Major) VALUES (941, 1, 154, '2016-10-05', 'Graphic Design');
INSERT INTO Worker (ID, HireDate) VALUES (142, '2012-06-07');
INSERT INTO WorksIn (ID, BuildingID) VALUES (142, 343);
INSERT INTO Worker (ID, HireDate) VALUES (542, '2003-01-09');
INSERT INTO WorksIn (ID, BuildingID) VALUES (542, 335);
INSERT INTO Student (ID, RoomID, BuildingID, EnrollmentDate, Major) VALUES (942, 1, 158, '2001-02-08', 'Economics');
INSERT INTO Worker (ID, HireDate) VALUES (143, '2004-03-14');
INSERT INTO WorksIn (ID, BuildingID) VALUES (143, 365);
INSERT INTO Student (ID, RoomID, BuildingID, EnrollmentDate, Major) VALUES (543, 2, 47, '2018-05-20', 'Psychology');
INSERT INTO Worker (ID, HireDate) VALUES (943, '2021-08-19');
INSERT INTO WorksIn (ID, BuildingID) VALUES (943, 374);
INSERT INTO Worker (ID, HireDate) VALUES (144, '2006-07-14');
INSERT INTO WorksIn (ID, BuildingID) VALUES (144, 273);
INSERT INTO Worker (ID, HireDate) VALUES (544, '2011-07-04');
INSERT INTO WorksIn (ID, BuildingID) VALUES (544, 98);
INSERT INTO Student (ID, RoomID, BuildingID, EnrollmentDate, Major) VALUES (944, 2, 65, '2019-10-27', 'Psychology');
INSERT INTO Student (ID, RoomID, BuildingID, EnrollmentDate, Major) VALUES (145, 2, 102, '2011-06-05', 'Mechanical Engineering');
INSERT INTO Worker (ID, HireDate) VALUES (545, '2010-06-04');
INSERT INTO WorksIn (ID, BuildingID) VALUES (545, 384);
INSERT INTO Worker (ID, HireDate) VALUES (945, '2019-05-05');
INSERT INTO WorksIn (ID, BuildingID) VALUES (945, 138);
INSERT INTO Student (ID, RoomID, BuildingID, EnrollmentDate, Major) VALUES (146, 2, 35, '2006-02-28', 'Accounting');
INSERT INTO Worker (ID, HireDate) VALUES (546, '2000-11-16');
INSERT INTO WorksIn (ID, BuildingID) VALUES (546, 269);
INSERT INTO Worker (ID, HireDate) VALUES (946, '2021-09-29');
INSERT INTO WorksIn (ID, BuildingID) VALUES (946, 371);
INSERT INTO Student (ID, RoomID, BuildingID, EnrollmentDate, Major) VALUES (147, 1, 28, '2016-02-18', 'Accounting');
INSERT INTO Worker (ID, HireDate) VALUES (547, '2001-12-09');
INSERT INTO WorksIn (ID, BuildingID) VALUES (547, 119);
INSERT INTO Worker (ID, HireDate) VALUES (947, '2006-01-16');
INSERT INTO WorksIn (ID, BuildingID) VALUES (947, 136);
INSERT INTO Student (ID, RoomID, BuildingID, EnrollmentDate, Major) VALUES (148, 1, 383, '2016-08-23', 'Political Science');
INSERT INTO Worker (ID, HireDate) VALUES (548, '2013-06-16');
INSERT INTO WorksIn (ID, BuildingID) VALUES (548, 49);
INSERT INTO Worker (ID, HireDate) VALUES (948, '2003-11-01');
INSERT INTO WorksIn (ID, BuildingID) VALUES (948, 278);
INSERT INTO Worker (ID, HireDate) VALUES (149, '2017-09-07');
INSERT INTO WorksIn (ID, BuildingID) VALUES (149, 305);
INSERT INTO Worker (ID, HireDate) VALUES (549, '2015-06-05');
INSERT INTO WorksIn (ID, BuildingID) VALUES (549, 195);
INSERT INTO Student (ID, RoomID, BuildingID, EnrollmentDate, Major) VALUES (949, 2, 270, '2023-02-19', 'Political Science');
INSERT INTO Worker (ID, HireDate) VALUES (150, '2002-08-22');
INSERT INTO WorksIn (ID, BuildingID) VALUES (150, 322);
INSERT INTO Worker (ID, HireDate) VALUES (550, '2005-05-27');
INSERT INTO WorksIn (ID, BuildingID) VALUES (550, 245);
INSERT INTO Student (ID, RoomID, BuildingID, EnrollmentDate, Major) VALUES (950, 2, 88, '2003-10-29', 'Sociology');
INSERT INTO Worker (ID, HireDate) VALUES (151, '2011-12-29');
INSERT INTO WorksIn (ID, BuildingID) VALUES (151, 375);
INSERT INTO Student (ID, RoomID, BuildingID, EnrollmentDate, Major) VALUES (551, 1, 83, '2005-06-26', 'Nursing');
INSERT INTO Worker (ID, HireDate) VALUES (951, '2014-03-30');
INSERT INTO WorksIn (ID, BuildingID) VALUES (951, 146);
INSERT INTO Worker (ID, HireDate) VALUES (152, '2004-12-12');
INSERT INTO WorksIn (ID, BuildingID) VALUES (152, 245);
INSERT INTO Student (ID, RoomID, BuildingID, EnrollmentDate, Major) VALUES (552, 1, 154, '2017-09-14', 'Nursing');
INSERT INTO Worker (ID, HireDate) VALUES (952, '2007-05-25');
INSERT INTO WorksIn (ID, BuildingID) VALUES (952, 36);
INSERT INTO Worker (ID, HireDate) VALUES (153, '2007-08-27');
INSERT INTO WorksIn (ID, BuildingID) VALUES (153, 138);
INSERT INTO Student (ID, RoomID, BuildingID, EnrollmentDate, Major) VALUES (553, 1, 319, '2004-07-08', 'Physics');
INSERT INTO Worker (ID, HireDate) VALUES (953, '2000-02-12');
INSERT INTO WorksIn (ID, BuildingID) VALUES (953, 309);
INSERT INTO Student (ID, RoomID, BuildingID, EnrollmentDate, Major) VALUES (154, 2, 272, '2005-08-12', 'History');
INSERT INTO Worker (ID, HireDate) VALUES (554, '2011-04-26');
INSERT INTO WorksIn (ID, BuildingID) VALUES (554, 85);
INSERT INTO Worker (ID, HireDate) VALUES (954, '2020-03-16');
INSERT INTO WorksIn (ID, BuildingID) VALUES (954, 369);
INSERT INTO Student (ID, RoomID, BuildingID, EnrollmentDate, Major) VALUES (155, 2, 83, '2016-01-13', 'Psychology');
INSERT INTO Worker (ID, HireDate) VALUES (555, '2020-01-30');
INSERT INTO WorksIn (ID, BuildingID) VALUES (555, 242);
INSERT INTO Worker (ID, HireDate) VALUES (955, '2023-05-14');
INSERT INTO WorksIn (ID, BuildingID) VALUES (955, 88);
INSERT INTO Worker (ID, HireDate) VALUES (156, '2020-02-02');
INSERT INTO WorksIn (ID, BuildingID) VALUES (156, 190);
INSERT INTO Student (ID, RoomID, BuildingID, EnrollmentDate, Major) VALUES (556, 2, 295, '2011-04-21', 'Biology');
INSERT INTO Worker (ID, HireDate) VALUES (956, '2016-04-28');
INSERT INTO WorksIn (ID, BuildingID) VALUES (956, 322);
INSERT INTO Student (ID, RoomID, BuildingID, EnrollmentDate, Major) VALUES (157, 2, 108, '2015-08-29', 'Environmental Science');
INSERT INTO Worker (ID, HireDate) VALUES (557, '2008-01-24');
INSERT INTO WorksIn (ID, BuildingID) VALUES (557, 33);
INSERT INTO Worker (ID, HireDate) VALUES (957, '2006-12-19');
INSERT INTO WorksIn (ID, BuildingID) VALUES (957, 386);
INSERT INTO Worker (ID, HireDate) VALUES (158, '2007-01-18');
INSERT INTO WorksIn (ID, BuildingID) VALUES (158, 23);
INSERT INTO Student (ID, RoomID, BuildingID, EnrollmentDate, Major) VALUES (558, 2, 66, '2008-05-02', 'Sociology');
INSERT INTO Worker (ID, HireDate) VALUES (958, '2001-06-06');
INSERT INTO WorksIn (ID, BuildingID) VALUES (958, 297);
INSERT INTO Student (ID, RoomID, BuildingID, EnrollmentDate, Major) VALUES (159, 1, 215, '2021-06-05', 'Political Science');
INSERT INTO Worker (ID, HireDate) VALUES (559, '2021-03-31');
INSERT INTO WorksIn (ID, BuildingID) VALUES (559, 140);
INSERT INTO Worker (ID, HireDate) VALUES (959, '2018-08-29');
INSERT INTO WorksIn (ID, BuildingID) VALUES (959, 230);
INSERT INTO Worker (ID, HireDate) VALUES (160, '2022-06-24');
INSERT INTO WorksIn (ID, BuildingID) VALUES (160, 99);
INSERT INTO Student (ID, RoomID, BuildingID, EnrollmentDate, Major) VALUES (560, 2, 101, '2001-05-19', 'Biology');
INSERT INTO Worker (ID, HireDate) VALUES (960, '2002-08-27');
INSERT INTO WorksIn (ID, BuildingID) VALUES (960, 117);
INSERT INTO Student (ID, RoomID, BuildingID, EnrollmentDate, Major) VALUES (161, 1, 266, '2006-01-16', 'Mechanical Engineering');
INSERT INTO Worker (ID, HireDate) VALUES (561, '2000-12-16');
INSERT INTO WorksIn (ID, BuildingID) VALUES (561, 348);
INSERT INTO Worker (ID, HireDate) VALUES (961, '2001-01-02');
INSERT INTO WorksIn (ID, BuildingID) VALUES (961, 375);
INSERT INTO Student (ID, RoomID, BuildingID, EnrollmentDate, Major) VALUES (162, 1, 157, '2014-05-09', 'Economics');
INSERT INTO Worker (ID, HireDate) VALUES (562, '2011-04-21');
INSERT INTO WorksIn (ID, BuildingID) VALUES (562, 121);
INSERT INTO Worker (ID, HireDate) VALUES (962, '2006-11-13');
INSERT INTO WorksIn (ID, BuildingID) VALUES (962, 76);
INSERT INTO Student (ID, RoomID, BuildingID, EnrollmentDate, Major) VALUES (163, 2, 122, '2015-04-25', 'Physics');
INSERT INTO Worker (ID, HireDate) VALUES (563, '2019-07-13');
INSERT INTO WorksIn (ID, BuildingID) VALUES (563, 290);
INSERT INTO Worker (ID, HireDate) VALUES (963, '2023-03-22');
INSERT INTO WorksIn (ID, BuildingID) VALUES (963, 239);
INSERT INTO Student (ID, RoomID, BuildingID, EnrollmentDate, Major) VALUES (164, 2, 207, '2011-06-07', 'Sociology');
INSERT INTO Worker (ID, HireDate) VALUES (564, '2021-11-16');
INSERT INTO WorksIn (ID, BuildingID) VALUES (564, 182);
INSERT INTO Worker (ID, HireDate) VALUES (964, '2008-04-23');
INSERT INTO WorksIn (ID, BuildingID) VALUES (964, 22);
INSERT INTO Student (ID, RoomID, BuildingID, EnrollmentDate, Major) VALUES (165, 1, 275, '2013-02-11', 'Sociology');
INSERT INTO Worker (ID, HireDate) VALUES (565, '2006-01-27');
INSERT INTO WorksIn (ID, BuildingID) VALUES (565, 287);
INSERT INTO Worker (ID, HireDate) VALUES (965, '2017-07-24');
INSERT INTO WorksIn (ID, BuildingID) VALUES (965, 44);
INSERT INTO Worker (ID, HireDate) VALUES (166, '2005-09-08');
INSERT INTO WorksIn (ID, BuildingID) VALUES (166, 153);
INSERT INTO Student (ID, RoomID, BuildingID, EnrollmentDate, Major) VALUES (566, 2, 286, '2020-02-15', 'Sociology');
INSERT INTO Worker (ID, HireDate) VALUES (966, '2000-05-21');
INSERT INTO WorksIn (ID, BuildingID) VALUES (966, 133);
INSERT INTO Worker (ID, HireDate) VALUES (167, '2005-02-24');
INSERT INTO WorksIn (ID, BuildingID) VALUES (167, 242);
INSERT INTO Worker (ID, HireDate) VALUES (567, '2003-09-05');
INSERT INTO WorksIn (ID, BuildingID) VALUES (567, 167);
INSERT INTO Student (ID, RoomID, BuildingID, EnrollmentDate, Major) VALUES (967, 1, 346, '2008-12-03', 'Mechanical Engineering');
INSERT INTO Worker (ID, HireDate) VALUES (168, '2021-08-17');
INSERT INTO WorksIn (ID, BuildingID) VALUES (168, 305);
INSERT INTO Student (ID, RoomID, BuildingID, EnrollmentDate, Major) VALUES (568, 2, 148, '2023-12-23', 'Environmental Science');
INSERT INTO Worker (ID, HireDate) VALUES (968, '2003-08-14');
INSERT INTO WorksIn (ID, BuildingID) VALUES (968, 244);
INSERT INTO Student (ID, RoomID, BuildingID, EnrollmentDate, Major) VALUES (169, 1, 183, '2019-07-30', 'Computer Science');
INSERT INTO Worker (ID, HireDate) VALUES (569, '2003-12-02');
INSERT INTO WorksIn (ID, BuildingID) VALUES (569, 354);
INSERT INTO Worker (ID, HireDate) VALUES (969, '2003-09-01');
INSERT INTO WorksIn (ID, BuildingID) VALUES (969, 94);
INSERT INTO Worker (ID, HireDate) VALUES (170, '2018-03-02');
INSERT INTO WorksIn (ID, BuildingID) VALUES (170, 192);
INSERT INTO Student (ID, RoomID, BuildingID, EnrollmentDate, Major) VALUES (570, 1, 94, '2023-02-07', 'Biology');
INSERT INTO Worker (ID, HireDate) VALUES (970, '2008-03-06');
INSERT INTO WorksIn (ID, BuildingID) VALUES (970, 239);
INSERT INTO Worker (ID, HireDate) VALUES (171, '2003-12-03');
INSERT INTO WorksIn (ID, BuildingID) VALUES (171, 179);
INSERT INTO Student (ID, RoomID, BuildingID, EnrollmentDate, Major) VALUES (571, 1, 91, '2003-04-21', 'Economics');
INSERT INTO Worker (ID, HireDate) VALUES (971, '2007-08-02');
INSERT INTO WorksIn (ID, BuildingID) VALUES (971, 50);
INSERT INTO Worker (ID, HireDate) VALUES (172, '2005-02-05');
INSERT INTO WorksIn (ID, BuildingID) VALUES (172, 284);
INSERT INTO Worker (ID, HireDate) VALUES (572, '2003-04-04');
INSERT INTO WorksIn (ID, BuildingID) VALUES (572, 159);
INSERT INTO Student (ID, RoomID, BuildingID, EnrollmentDate, Major) VALUES (972, 2, 46, '2008-04-06', 'Psychology');
INSERT INTO Worker (ID, HireDate) VALUES (173, '2009-03-26');
INSERT INTO WorksIn (ID, BuildingID) VALUES (173, 71);
INSERT INTO Worker (ID, HireDate) VALUES (573, '2002-01-23');
INSERT INTO WorksIn (ID, BuildingID) VALUES (573, 386);
INSERT INTO Student (ID, RoomID, BuildingID, EnrollmentDate, Major) VALUES (973, 2, 279, '2011-08-19', 'Graphic Design');
INSERT INTO Worker (ID, HireDate) VALUES (174, '2013-05-07');
INSERT INTO WorksIn (ID, BuildingID) VALUES (174, 158);
INSERT INTO Student (ID, RoomID, BuildingID, EnrollmentDate, Major) VALUES (574, 1, 133, '2018-02-22', 'Mechanical Engineering');
INSERT INTO Worker (ID, HireDate) VALUES (974, '2016-10-07');
INSERT INTO WorksIn (ID, BuildingID) VALUES (974, 232);
INSERT INTO Worker (ID, HireDate) VALUES (175, '2022-12-21');
INSERT INTO WorksIn (ID, BuildingID) VALUES (175, 261);
INSERT INTO Student (ID, RoomID, BuildingID, EnrollmentDate, Major) VALUES (575, 2, 165, '2002-01-07', 'Economics');
INSERT INTO Worker (ID, HireDate) VALUES (975, '2002-02-05');
INSERT INTO WorksIn (ID, BuildingID) VALUES (975, 290);
INSERT INTO Worker (ID, HireDate) VALUES (176, '2004-06-26');
INSERT INTO WorksIn (ID, BuildingID) VALUES (176, 31);
INSERT INTO Worker (ID, HireDate) VALUES (576, '2001-08-20');
INSERT INTO WorksIn (ID, BuildingID) VALUES (576, 101);
INSERT INTO Student (ID, RoomID, BuildingID, EnrollmentDate, Major) VALUES (976, 1, 57, '2013-08-05', 'Mechanical Engineering');
INSERT INTO Worker (ID, HireDate) VALUES (177, '2021-03-10');
INSERT INTO WorksIn (ID, BuildingID) VALUES (177, 380);
INSERT INTO Worker (ID, HireDate) VALUES (577, '2022-11-06');
INSERT INTO WorksIn (ID, BuildingID) VALUES (577, 64);
INSERT INTO Student (ID, RoomID, BuildingID, EnrollmentDate, Major) VALUES (977, 2, 387, '2008-01-12', 'Computer Science');
INSERT INTO Worker (ID, HireDate) VALUES (178, '2017-02-15');
INSERT INTO WorksIn (ID, BuildingID) VALUES (178, 23);
INSERT INTO Worker (ID, HireDate) VALUES (578, '2010-08-17');
INSERT INTO WorksIn (ID, BuildingID) VALUES (578, 388);
INSERT INTO Student (ID, RoomID, BuildingID, EnrollmentDate, Major) VALUES (978, 2, 317, '2001-09-07', 'Graphic Design');
INSERT INTO Worker (ID, HireDate) VALUES (179, '2013-10-14');
INSERT INTO WorksIn (ID, BuildingID) VALUES (179, 301);
INSERT INTO Worker (ID, HireDate) VALUES (579, '2021-02-07');
INSERT INTO WorksIn (ID, BuildingID) VALUES (579, 367);
INSERT INTO Student (ID, RoomID, BuildingID, EnrollmentDate, Major) VALUES (979, 2, 108, '2008-07-09', 'Political Science');
INSERT INTO Worker (ID, HireDate) VALUES (180, '2013-07-26');
INSERT INTO WorksIn (ID, BuildingID) VALUES (180, 260);
INSERT INTO Student (ID, RoomID, BuildingID, EnrollmentDate, Major) VALUES (580, 1, 197, '2010-02-12', 'Economics');
INSERT INTO Worker (ID, HireDate) VALUES (980, '2008-07-03');
INSERT INTO WorksIn (ID, BuildingID) VALUES (980, 19);
INSERT INTO Worker (ID, HireDate) VALUES (181, '2007-08-02');
INSERT INTO WorksIn (ID, BuildingID) VALUES (181, 205);
INSERT INTO Worker (ID, HireDate) VALUES (581, '2004-05-03');
INSERT INTO WorksIn (ID, BuildingID) VALUES (581, 53);
INSERT INTO Student (ID, RoomID, BuildingID, EnrollmentDate, Major) VALUES (981, 2, 342, '2018-09-04', 'Accounting');
INSERT INTO Student (ID, RoomID, BuildingID, EnrollmentDate, Major) VALUES (182, 2, 222, '2022-05-07', 'Sociology');
INSERT INTO Worker (ID, HireDate) VALUES (582, '2003-01-09');
INSERT INTO WorksIn (ID, BuildingID) VALUES (582, 210);
INSERT INTO Worker (ID, HireDate) VALUES (982, '2022-01-20');
INSERT INTO WorksIn (ID, BuildingID) VALUES (982, 348);
INSERT INTO Student (ID, RoomID, BuildingID, EnrollmentDate, Major) VALUES (183, 2, 278, '2015-10-18', 'Business Administration');
INSERT INTO Worker (ID, HireDate) VALUES (583, '2003-10-25');
INSERT INTO WorksIn (ID, BuildingID) VALUES (583, 237);
INSERT INTO Worker (ID, HireDate) VALUES (983, '2008-11-14');
INSERT INTO WorksIn (ID, BuildingID) VALUES (983, 278);
INSERT INTO Student (ID, RoomID, BuildingID, EnrollmentDate, Major) VALUES (184, 1, 155, '2013-06-15', 'Political Science');
INSERT INTO Worker (ID, HireDate) VALUES (584, '2005-01-12');
INSERT INTO WorksIn (ID, BuildingID) VALUES (584, 37);
INSERT INTO Worker (ID, HireDate) VALUES (984, '2015-07-01');
INSERT INTO WorksIn (ID, BuildingID) VALUES (984, 273);
INSERT INTO Worker (ID, HireDate) VALUES (185, '2010-04-24');
INSERT INTO WorksIn (ID, BuildingID) VALUES (185, 57);
INSERT INTO Worker (ID, HireDate) VALUES (585, '2005-12-08');
INSERT INTO WorksIn (ID, BuildingID) VALUES (585, 91);
INSERT INTO Student (ID, RoomID, BuildingID, EnrollmentDate, Major) VALUES (985, 2, 65, '2005-08-20', 'Physics');
INSERT INTO Worker (ID, HireDate) VALUES (186, '2014-07-12');
INSERT INTO WorksIn (ID, BuildingID) VALUES (186, 330);
INSERT INTO Student (ID, RoomID, BuildingID, EnrollmentDate, Major) VALUES (586, 2, 113, '2000-01-12', 'English Literature');
INSERT INTO Worker (ID, HireDate) VALUES (986, '2021-07-03');
INSERT INTO WorksIn (ID, BuildingID) VALUES (986, 94);
INSERT INTO Worker (ID, HireDate) VALUES (187, '2020-11-01');
INSERT INTO WorksIn (ID, BuildingID) VALUES (187, 327);
INSERT INTO Worker (ID, HireDate) VALUES (587, '2020-12-19');
INSERT INTO WorksIn (ID, BuildingID) VALUES (587, 237);
INSERT INTO Student (ID, RoomID, BuildingID, EnrollmentDate, Major) VALUES (987, 2, 386, '2023-09-05', 'Mechanical Engineering');
INSERT INTO Student (ID, RoomID, BuildingID, EnrollmentDate, Major) VALUES (188, 1, 371, '2005-04-02', 'Mechanical Engineering');
INSERT INTO Worker (ID, HireDate) VALUES (588, '2002-05-11');
INSERT INTO WorksIn (ID, BuildingID) VALUES (588, 331);
INSERT INTO Worker (ID, HireDate) VALUES (988, '2009-01-06');
INSERT INTO WorksIn (ID, BuildingID) VALUES (988, 159);
INSERT INTO Student (ID, RoomID, BuildingID, EnrollmentDate, Major) VALUES (189, 2, 14, '2004-03-15', 'Environmental Science');
INSERT INTO Worker (ID, HireDate) VALUES (589, '2015-07-05');
INSERT INTO WorksIn (ID, BuildingID) VALUES (589, 212);
INSERT INTO Worker (ID, HireDate) VALUES (989, '2022-06-06');
INSERT INTO WorksIn (ID, BuildingID) VALUES (989, 61);
INSERT INTO Worker (ID, HireDate) VALUES (190, '2006-11-15');
INSERT INTO WorksIn (ID, BuildingID) VALUES (190, 92);
INSERT INTO Worker (ID, HireDate) VALUES (590, '2016-12-13');
INSERT INTO WorksIn (ID, BuildingID) VALUES (590, 58);
INSERT INTO Student (ID, RoomID, BuildingID, EnrollmentDate, Major) VALUES (990, 1, 89, '2004-01-25', 'History');
INSERT INTO Worker (ID, HireDate) VALUES (191, '2009-02-08');
INSERT INTO WorksIn (ID, BuildingID) VALUES (191, 275);
INSERT INTO Worker (ID, HireDate) VALUES (591, '2014-07-31');
INSERT INTO WorksIn (ID, BuildingID) VALUES (591, 38);
INSERT INTO Student (ID, RoomID, BuildingID, EnrollmentDate, Major) VALUES (991, 1, 43, '2001-02-04', 'Graphic Design');
INSERT INTO Student (ID, RoomID, BuildingID, EnrollmentDate, Major) VALUES (192, 2, 287, '2001-12-25', 'Nursing');
INSERT INTO Worker (ID, HireDate) VALUES (592, '2013-03-11');
INSERT INTO WorksIn (ID, BuildingID) VALUES (592, 65);
INSERT INTO Worker (ID, HireDate) VALUES (992, '2015-12-22');
INSERT INTO WorksIn (ID, BuildingID) VALUES (992, 140);
INSERT INTO Worker (ID, HireDate) VALUES (193, '2005-07-10');
INSERT INTO WorksIn (ID, BuildingID) VALUES (193, 93);
INSERT INTO Worker (ID, HireDate) VALUES (593, '2004-10-01');
INSERT INTO WorksIn (ID, BuildingID) VALUES (593, 340);
INSERT INTO Student (ID, RoomID, BuildingID, EnrollmentDate, Major) VALUES (993, 2, 118, '2009-10-18', 'Economics');
INSERT INTO Worker (ID, HireDate) VALUES (194, '2006-02-01');
INSERT INTO WorksIn (ID, BuildingID) VALUES (194, 128);
INSERT INTO Student (ID, RoomID, BuildingID, EnrollmentDate, Major) VALUES (594, 1, 299, '2001-08-13', 'Environmental Science');
INSERT INTO Worker (ID, HireDate) VALUES (994, '2019-06-18');
INSERT INTO WorksIn (ID, BuildingID) VALUES (994, 144);
INSERT INTO Worker (ID, HireDate) VALUES (195, '2020-03-22');
INSERT INTO WorksIn (ID, BuildingID) VALUES (195, 129);
INSERT INTO Worker (ID, HireDate) VALUES (595, '2014-02-14');
INSERT INTO WorksIn (ID, BuildingID) VALUES (595, 134);
INSERT INTO Student (ID, RoomID, BuildingID, EnrollmentDate, Major) VALUES (995, 2, 377, '2000-07-29', 'Environmental Science');
INSERT INTO Worker (ID, HireDate) VALUES (196, '2003-04-08');
INSERT INTO WorksIn (ID, BuildingID) VALUES (196, 329);
INSERT INTO Student (ID, RoomID, BuildingID, EnrollmentDate, Major) VALUES (596, 1, 270, '2021-04-27', 'Accounting');
INSERT INTO Worker (ID, HireDate) VALUES (996, '2001-04-29');
INSERT INTO WorksIn (ID, BuildingID) VALUES (996, 164);
INSERT INTO Worker (ID, HireDate) VALUES (197, '2004-11-21');
INSERT INTO WorksIn (ID, BuildingID) VALUES (197, 302);
INSERT INTO Worker (ID, HireDate) VALUES (597, '2014-04-19');
INSERT INTO WorksIn (ID, BuildingID) VALUES (597, 325);
INSERT INTO Student (ID, RoomID, BuildingID, EnrollmentDate, Major) VALUES (997, 1, 307, '2004-12-09', 'Business Administration');
INSERT INTO Student (ID, RoomID, BuildingID, EnrollmentDate, Major) VALUES (198, 2, 296, '2004-04-08', 'Graphic Design');
INSERT INTO Worker (ID, HireDate) VALUES (598, '2015-02-18');
INSERT INTO WorksIn (ID, BuildingID) VALUES (598, 237);
INSERT INTO Worker (ID, HireDate) VALUES (998, '2021-12-21');
INSERT INTO WorksIn (ID, BuildingID) VALUES (998, 211);
INSERT INTO Worker (ID, HireDate) VALUES (199, '2014-06-08');
INSERT INTO WorksIn (ID, BuildingID) VALUES (199, 23);
INSERT INTO Student (ID, RoomID, BuildingID, EnrollmentDate, Major) VALUES (599, 2, 183, '2001-10-08', 'Political Science');
INSERT INTO Worker (ID, HireDate) VALUES (999, '2003-05-18');
INSERT INTO WorksIn (ID, BuildingID) VALUES (999, 265);
INSERT INTO Student (ID, RoomID, BuildingID, EnrollmentDate, Major) VALUES (200, 1, 152, '2006-02-15', 'Computer Science');
INSERT INTO Worker (ID, HireDate) VALUES (600, '2010-08-20');
INSERT INTO WorksIn (ID, BuildingID) VALUES (600, 160);
INSERT INTO Worker (ID, HireDate) VALUES (1000, '2005-11-13');
INSERT INTO WorksIn (ID, BuildingID) VALUES (1000, 319);
INSERT INTO Student (ID, RoomID, BuildingID, EnrollmentDate, Major) VALUES (201, 1, 284, '2012-01-22', 'Biology');
INSERT INTO Worker (ID, HireDate) VALUES (601, '2002-01-10');
INSERT INTO WorksIn (ID, BuildingID) VALUES (601, 359);
INSERT INTO Worker (ID, HireDate) VALUES (1001, '2000-12-24');
INSERT INTO WorksIn (ID, BuildingID) VALUES (1001, 4);
INSERT INTO Student (ID, RoomID, BuildingID, EnrollmentDate, Major) VALUES (202, 2, 193, '2020-07-27', 'Mechanical Engineering');
INSERT INTO Worker (ID, HireDate) VALUES (602, '2005-05-15');
INSERT INTO WorksIn (ID, BuildingID) VALUES (602, 76);
INSERT INTO Worker (ID, HireDate) VALUES (1002, '2000-03-06');
INSERT INTO WorksIn (ID, BuildingID) VALUES (1002, 382);
INSERT INTO Worker (ID, HireDate) VALUES (203, '2010-04-17');
INSERT INTO WorksIn (ID, BuildingID) VALUES (203, 204);
INSERT INTO Worker (ID, HireDate) VALUES (603, '2001-01-20');
INSERT INTO WorksIn (ID, BuildingID) VALUES (603, 149);
INSERT INTO Student (ID, RoomID, BuildingID, EnrollmentDate, Major) VALUES (1003, 2, 141, '2015-08-27', 'Graphic Design');
INSERT INTO Worker (ID, HireDate) VALUES (204, '2010-05-30');
INSERT INTO WorksIn (ID, BuildingID) VALUES (204, 225);
INSERT INTO Worker (ID, HireDate) VALUES (604, '2005-07-09');
INSERT INTO WorksIn (ID, BuildingID) VALUES (604, 304);
INSERT INTO Student (ID, RoomID, BuildingID, EnrollmentDate, Major) VALUES (1004, 1, 135, '2008-04-21', 'Physics');
INSERT INTO Worker (ID, HireDate) VALUES (205, '2001-04-02');
INSERT INTO WorksIn (ID, BuildingID) VALUES (205, 386);
INSERT INTO Student (ID, RoomID, BuildingID, EnrollmentDate, Major) VALUES (605, 1, 386, '2004-12-03', 'Sociology');
INSERT INTO Worker (ID, HireDate) VALUES (1005, '2006-11-11');
INSERT INTO WorksIn (ID, BuildingID) VALUES (1005, 74);
INSERT INTO Worker (ID, HireDate) VALUES (206, '2018-02-05');
INSERT INTO WorksIn (ID, BuildingID) VALUES (206, 81);
INSERT INTO Student (ID, RoomID, BuildingID, EnrollmentDate, Major) VALUES (606, 2, 123, '2000-03-26', 'Sociology');
INSERT INTO Worker (ID, HireDate) VALUES (1006, '2012-10-10');
INSERT INTO WorksIn (ID, BuildingID) VALUES (1006, 226);
INSERT INTO Student (ID, RoomID, BuildingID, EnrollmentDate, Major) VALUES (207, 1, 297, '2023-09-21', 'Environmental Science');
INSERT INTO Worker (ID, HireDate) VALUES (607, '2007-10-18');
INSERT INTO WorksIn (ID, BuildingID) VALUES (607, 300);
INSERT INTO Worker (ID, HireDate) VALUES (1007, '2004-05-21');
INSERT INTO WorksIn (ID, BuildingID) VALUES (1007, 245);
INSERT INTO Worker (ID, HireDate) VALUES (208, '2020-02-23');
INSERT INTO WorksIn (ID, BuildingID) VALUES (208, 68);
INSERT INTO Worker (ID, HireDate) VALUES (608, '2011-04-11');
INSERT INTO WorksIn (ID, BuildingID) VALUES (608, 391);
INSERT INTO Student (ID, RoomID, BuildingID, EnrollmentDate, Major) VALUES (1008, 2, 307, '2001-11-09', 'Physics');
INSERT INTO Worker (ID, HireDate) VALUES (209, '2015-07-07');
INSERT INTO WorksIn (ID, BuildingID) VALUES (209, 156);
INSERT INTO Student (ID, RoomID, BuildingID, EnrollmentDate, Major) VALUES (609, 2, 286, '2000-08-06', 'Computer Science');
INSERT INTO Worker (ID, HireDate) VALUES (1009, '2008-09-17');
INSERT INTO WorksIn (ID, BuildingID) VALUES (1009, 342);
INSERT INTO Worker (ID, HireDate) VALUES (210, '2014-10-03');
INSERT INTO WorksIn (ID, BuildingID) VALUES (210, 54);
INSERT INTO Worker (ID, HireDate) VALUES (610, '2019-09-01');
INSERT INTO WorksIn (ID, BuildingID) VALUES (610, 199);
INSERT INTO Student (ID, RoomID, BuildingID, EnrollmentDate, Major) VALUES (1010, 1, 132, '2017-10-07', 'History');
INSERT INTO Student (ID, RoomID, BuildingID, EnrollmentDate, Major) VALUES (211, 2, 10, '2014-02-18', 'Physics');
INSERT INTO Worker (ID, HireDate) VALUES (611, '2018-03-07');
INSERT INTO WorksIn (ID, BuildingID) VALUES (611, 390);
INSERT INTO Worker (ID, HireDate) VALUES (1011, '2010-05-14');
INSERT INTO WorksIn (ID, BuildingID) VALUES (1011, 378);
INSERT INTO Worker (ID, HireDate) VALUES (212, '2008-06-17');
INSERT INTO WorksIn (ID, BuildingID) VALUES (212, 337);
INSERT INTO Student (ID, RoomID, BuildingID, EnrollmentDate, Major) VALUES (612, 2, 276, '2018-08-06', 'Computer Science');
INSERT INTO Worker (ID, HireDate) VALUES (1012, '2012-10-25');
INSERT INTO WorksIn (ID, BuildingID) VALUES (1012, 253);
INSERT INTO Student (ID, RoomID, BuildingID, EnrollmentDate, Major) VALUES (213, 1, 229, '2017-02-15', 'Political Science');
INSERT INTO Worker (ID, HireDate) VALUES (613, '2014-10-30');
INSERT INTO WorksIn (ID, BuildingID) VALUES (613, 112);
INSERT INTO Worker (ID, HireDate) VALUES (1013, '2003-03-10');
INSERT INTO WorksIn (ID, BuildingID) VALUES (1013, 179);
INSERT INTO Worker (ID, HireDate) VALUES (214, '2023-03-31');
INSERT INTO WorksIn (ID, BuildingID) VALUES (214, 5);
INSERT INTO Worker (ID, HireDate) VALUES (614, '2023-10-07');
INSERT INTO WorksIn (ID, BuildingID) VALUES (614, 165);
INSERT INTO Student (ID, RoomID, BuildingID, EnrollmentDate, Major) VALUES (1014, 2, 327, '2001-02-09', 'English Literature');
INSERT INTO Worker (ID, HireDate) VALUES (215, '2011-03-25');
INSERT INTO WorksIn (ID, BuildingID) VALUES (215, 287);
INSERT INTO Student (ID, RoomID, BuildingID, EnrollmentDate, Major) VALUES (615, 2, 20, '2007-02-12', 'Environmental Science');
INSERT INTO Worker (ID, HireDate) VALUES (1015, '2012-04-27');
INSERT INTO WorksIn (ID, BuildingID) VALUES (1015, 17);
INSERT INTO Worker (ID, HireDate) VALUES (216, '2006-03-06');
INSERT INTO WorksIn (ID, BuildingID) VALUES (216, 170);
INSERT INTO Worker (ID, HireDate) VALUES (616, '2005-05-29');
INSERT INTO WorksIn (ID, BuildingID) VALUES (616, 76);
INSERT INTO Student (ID, RoomID, BuildingID, EnrollmentDate, Major) VALUES (1016, 2, 196, '2002-07-21', 'Graphic Design');
INSERT INTO Student (ID, RoomID, BuildingID, EnrollmentDate, Major) VALUES (217, 2, 230, '2021-01-05', 'English Literature');
INSERT INTO Worker (ID, HireDate) VALUES (617, '2010-03-21');
INSERT INTO WorksIn (ID, BuildingID) VALUES (617, 177);
INSERT INTO Worker (ID, HireDate) VALUES (1017, '2006-12-23');
INSERT INTO WorksIn (ID, BuildingID) VALUES (1017, 208);
INSERT INTO Worker (ID, HireDate) VALUES (218, '2004-02-22');
INSERT INTO WorksIn (ID, BuildingID) VALUES (218, 314);
INSERT INTO Student (ID, RoomID, BuildingID, EnrollmentDate, Major) VALUES (618, 2, 306, '2017-11-27', 'Business Administration');
INSERT INTO Worker (ID, HireDate) VALUES (1018, '2014-03-07');
INSERT INTO WorksIn (ID, BuildingID) VALUES (1018, 391);
INSERT INTO Student (ID, RoomID, BuildingID, EnrollmentDate, Major) VALUES (219, 2, 192, '2012-06-03', 'Accounting');
INSERT INTO Worker (ID, HireDate) VALUES (619, '2018-02-05');
INSERT INTO WorksIn (ID, BuildingID) VALUES (619, 381);
INSERT INTO Worker (ID, HireDate) VALUES (1019, '2020-01-18');
INSERT INTO WorksIn (ID, BuildingID) VALUES (1019, 265);
INSERT INTO Student (ID, RoomID, BuildingID, EnrollmentDate, Major) VALUES (220, 1, 303, '2000-01-21', 'History');
INSERT INTO Worker (ID, HireDate) VALUES (620, '2020-10-11');
INSERT INTO WorksIn (ID, BuildingID) VALUES (620, 102);
INSERT INTO Worker (ID, HireDate) VALUES (1020, '2021-01-18');
INSERT INTO WorksIn (ID, BuildingID) VALUES (1020, 314);
INSERT INTO Worker (ID, HireDate) VALUES (221, '2016-08-27');
INSERT INTO WorksIn (ID, BuildingID) VALUES (221, 303);
INSERT INTO Worker (ID, HireDate) VALUES (621, '2016-12-31');
INSERT INTO WorksIn (ID, BuildingID) VALUES (621, 335);
INSERT INTO Student (ID, RoomID, BuildingID, EnrollmentDate, Major) VALUES (1021, 1, 312, '2021-12-10', 'Physics');
INSERT INTO Worker (ID, HireDate) VALUES (222, '2008-07-14');
INSERT INTO WorksIn (ID, BuildingID) VALUES (222, 292);
INSERT INTO Worker (ID, HireDate) VALUES (622, '2001-03-21');
INSERT INTO WorksIn (ID, BuildingID) VALUES (622, 369);
INSERT INTO Student (ID, RoomID, BuildingID, EnrollmentDate, Major) VALUES (1022, 2, 130, '2013-12-09', 'Accounting');
INSERT INTO Worker (ID, HireDate) VALUES (223, '2022-04-01');
INSERT INTO WorksIn (ID, BuildingID) VALUES (223, 291);
INSERT INTO Worker (ID, HireDate) VALUES (623, '2009-08-03');
INSERT INTO WorksIn (ID, BuildingID) VALUES (623, 43);
INSERT INTO Student (ID, RoomID, BuildingID, EnrollmentDate, Major) VALUES (1023, 1, 164, '2001-12-16', 'Economics');
INSERT INTO Worker (ID, HireDate) VALUES (224, '2023-07-26');
INSERT INTO WorksIn (ID, BuildingID) VALUES (224, 111);
INSERT INTO Worker (ID, HireDate) VALUES (624, '2014-09-20');
INSERT INTO WorksIn (ID, BuildingID) VALUES (624, 133);
INSERT INTO Student (ID, RoomID, BuildingID, EnrollmentDate, Major) VALUES (1024, 2, 26, '2004-04-08', 'Accounting');
INSERT INTO Worker (ID, HireDate) VALUES (225, '2003-04-25');
INSERT INTO WorksIn (ID, BuildingID) VALUES (225, 289);
INSERT INTO Student (ID, RoomID, BuildingID, EnrollmentDate, Major) VALUES (625, 1, 92, '2010-04-24', 'Political Science');
INSERT INTO Worker (ID, HireDate) VALUES (1025, '2023-07-22');
INSERT INTO WorksIn (ID, BuildingID) VALUES (1025, 331);
INSERT INTO Worker (ID, HireDate) VALUES (226, '2000-04-05');
INSERT INTO WorksIn (ID, BuildingID) VALUES (226, 146);
INSERT INTO Student (ID, RoomID, BuildingID, EnrollmentDate, Major) VALUES (626, 2, 147, '2018-05-15', 'Environmental Science');
INSERT INTO Worker (ID, HireDate) VALUES (1026, '2012-10-18');
INSERT INTO WorksIn (ID, BuildingID) VALUES (1026, 261);
INSERT INTO Student (ID, RoomID, BuildingID, EnrollmentDate, Major) VALUES (227, 2, 250, '2014-11-22', 'Psychology');
INSERT INTO Worker (ID, HireDate) VALUES (627, '2018-02-15');
INSERT INTO WorksIn (ID, BuildingID) VALUES (627, 60);
INSERT INTO Worker (ID, HireDate) VALUES (1027, '2009-01-14');
INSERT INTO WorksIn (ID, BuildingID) VALUES (1027, 323);
INSERT INTO Student (ID, RoomID, BuildingID, EnrollmentDate, Major) VALUES (228, 1, 124, '2019-03-17', 'Psychology');
INSERT INTO Worker (ID, HireDate) VALUES (628, '2006-12-05');
INSERT INTO WorksIn (ID, BuildingID) VALUES (628, 28);
INSERT INTO Worker (ID, HireDate) VALUES (1028, '2012-11-15');
INSERT INTO WorksIn (ID, BuildingID) VALUES (1028, 180);
INSERT INTO Worker (ID, HireDate) VALUES (229, '2018-05-23');
INSERT INTO WorksIn (ID, BuildingID) VALUES (229, 193);
INSERT INTO Student (ID, RoomID, BuildingID, EnrollmentDate, Major) VALUES (629, 1, 361, '2011-11-12', 'Biology');
INSERT INTO Worker (ID, HireDate) VALUES (1029, '2019-12-07');
INSERT INTO WorksIn (ID, BuildingID) VALUES (1029, 287);
INSERT INTO Worker (ID, HireDate) VALUES (230, '2013-08-04');
INSERT INTO WorksIn (ID, BuildingID) VALUES (230, 298);
INSERT INTO Student (ID, RoomID, BuildingID, EnrollmentDate, Major) VALUES (630, 2, 158, '2005-10-20', 'Physics');
INSERT INTO Worker (ID, HireDate) VALUES (1030, '2022-06-26');
INSERT INTO WorksIn (ID, BuildingID) VALUES (1030, 221);
INSERT INTO Worker (ID, HireDate) VALUES (231, '2011-12-12');
INSERT INTO WorksIn (ID, BuildingID) VALUES (231, 331);
INSERT INTO Student (ID, RoomID, BuildingID, EnrollmentDate, Major) VALUES (631, 1, 365, '2016-02-09', 'Biology');
INSERT INTO Worker (ID, HireDate) VALUES (1031, '2021-08-03');
INSERT INTO WorksIn (ID, BuildingID) VALUES (1031, 115);
INSERT INTO Worker (ID, HireDate) VALUES (232, '2011-01-11');
INSERT INTO WorksIn (ID, BuildingID) VALUES (232, 29);
INSERT INTO Worker (ID, HireDate) VALUES (632, '2000-03-03');
INSERT INTO WorksIn (ID, BuildingID) VALUES (632, 197);
INSERT INTO Student (ID, RoomID, BuildingID, EnrollmentDate, Major) VALUES (1032, 1, 330, '2004-01-19', 'Political Science');
INSERT INTO Worker (ID, HireDate) VALUES (233, '2019-12-23');
INSERT INTO WorksIn (ID, BuildingID) VALUES (233, 376);
INSERT INTO Worker (ID, HireDate) VALUES (633, '2022-03-31');
INSERT INTO WorksIn (ID, BuildingID) VALUES (633, 86);
INSERT INTO Student (ID, RoomID, BuildingID, EnrollmentDate, Major) VALUES (1033, 2, 26, '2021-12-27', 'Psychology');
INSERT INTO Worker (ID, HireDate) VALUES (234, '2019-03-15');
INSERT INTO WorksIn (ID, BuildingID) VALUES (234, 35);
INSERT INTO Student (ID, RoomID, BuildingID, EnrollmentDate, Major) VALUES (634, 1, 177, '2012-02-14', 'English Literature');
INSERT INTO Worker (ID, HireDate) VALUES (1034, '2005-03-06');
INSERT INTO WorksIn (ID, BuildingID) VALUES (1034, 134);
INSERT INTO Worker (ID, HireDate) VALUES (235, '2019-12-11');
INSERT INTO WorksIn (ID, BuildingID) VALUES (235, 249);
INSERT INTO Student (ID, RoomID, BuildingID, EnrollmentDate, Major) VALUES (635, 1, 384, '2018-03-05', 'Sociology');
INSERT INTO Worker (ID, HireDate) VALUES (1035, '2004-06-03');
INSERT INTO WorksIn (ID, BuildingID) VALUES (1035, 157);
INSERT INTO Worker (ID, HireDate) VALUES (236, '2000-11-27');
INSERT INTO WorksIn (ID, BuildingID) VALUES (236, 74);
INSERT INTO Worker (ID, HireDate) VALUES (636, '2020-11-18');
INSERT INTO WorksIn (ID, BuildingID) VALUES (636, 226);
INSERT INTO Student (ID, RoomID, BuildingID, EnrollmentDate, Major) VALUES (1036, 1, 93, '2014-01-13', 'History');
INSERT INTO Student (ID, RoomID, BuildingID, EnrollmentDate, Major) VALUES (237, 2, 88, '2003-12-25', 'Economics');
INSERT INTO Worker (ID, HireDate) VALUES (637, '2020-08-30');
INSERT INTO WorksIn (ID, BuildingID) VALUES (637, 330);
INSERT INTO Worker (ID, HireDate) VALUES (1037, '2012-01-29');
INSERT INTO WorksIn (ID, BuildingID) VALUES (1037, 76);
INSERT INTO Student (ID, RoomID, BuildingID, EnrollmentDate, Major) VALUES (238, 2, 108, '2008-07-22', 'Graphic Design');
INSERT INTO Worker (ID, HireDate) VALUES (638, '2016-05-16');
INSERT INTO WorksIn (ID, BuildingID) VALUES (638, 156);
INSERT INTO Worker (ID, HireDate) VALUES (1038, '2000-08-30');
INSERT INTO WorksIn (ID, BuildingID) VALUES (1038, 239);
INSERT INTO Worker (ID, HireDate) VALUES (239, '2004-10-28');
INSERT INTO WorksIn (ID, BuildingID) VALUES (239, 275);
INSERT INTO Worker (ID, HireDate) VALUES (639, '2022-08-17');
INSERT INTO WorksIn (ID, BuildingID) VALUES (639, 195);
INSERT INTO Student (ID, RoomID, BuildingID, EnrollmentDate, Major) VALUES (1039, 1, 179, '2006-02-17', 'Political Science');
INSERT INTO Worker (ID, HireDate) VALUES (240, '2020-10-02');
INSERT INTO WorksIn (ID, BuildingID) VALUES (240, 310);
INSERT INTO Student (ID, RoomID, BuildingID, EnrollmentDate, Major) VALUES (640, 1, 294, '2004-04-13', 'Computer Science');
INSERT INTO Worker (ID, HireDate) VALUES (1040, '2005-08-14');
INSERT INTO WorksIn (ID, BuildingID) VALUES (1040, 270);
INSERT INTO Worker (ID, HireDate) VALUES (241, '2017-10-03');
INSERT INTO WorksIn (ID, BuildingID) VALUES (241, 210);
INSERT INTO Student (ID, RoomID, BuildingID, EnrollmentDate, Major) VALUES (641, 2, 323, '2014-09-19', 'History');
INSERT INTO Worker (ID, HireDate) VALUES (1041, '2000-10-02');
INSERT INTO WorksIn (ID, BuildingID) VALUES (1041, 8);
INSERT INTO Student (ID, RoomID, BuildingID, EnrollmentDate, Major) VALUES (242, 2, 153, '2000-03-14', 'Sociology');
INSERT INTO Worker (ID, HireDate) VALUES (642, '2020-06-26');
INSERT INTO WorksIn (ID, BuildingID) VALUES (642, 229);
INSERT INTO Worker (ID, HireDate) VALUES (1042, '2000-04-20');
INSERT INTO WorksIn (ID, BuildingID) VALUES (1042, 4);
INSERT INTO Worker (ID, HireDate) VALUES (243, '2007-01-02');
INSERT INTO WorksIn (ID, BuildingID) VALUES (243, 154);
INSERT INTO Worker (ID, HireDate) VALUES (643, '2004-11-26');
INSERT INTO WorksIn (ID, BuildingID) VALUES (643, 340);
INSERT INTO Student (ID, RoomID, BuildingID, EnrollmentDate, Major) VALUES (1043, 1, 94, '2003-02-09', 'Computer Science');
INSERT INTO Worker (ID, HireDate) VALUES (244, '2023-02-10');
INSERT INTO WorksIn (ID, BuildingID) VALUES (244, 124);
INSERT INTO Worker (ID, HireDate) VALUES (644, '2006-02-21');
INSERT INTO WorksIn (ID, BuildingID) VALUES (644, 135);
INSERT INTO Student (ID, RoomID, BuildingID, EnrollmentDate, Major) VALUES (1044, 1, 8, '2012-03-15', 'Accounting');
INSERT INTO Student (ID, RoomID, BuildingID, EnrollmentDate, Major) VALUES (245, 2, 287, '2014-11-17', 'Mechanical Engineering');
INSERT INTO Worker (ID, HireDate) VALUES (645, '2018-04-19');
INSERT INTO WorksIn (ID, BuildingID) VALUES (645, 275);
INSERT INTO Worker (ID, HireDate) VALUES (1045, '2019-02-04');
INSERT INTO WorksIn (ID, BuildingID) VALUES (1045, 97);
INSERT INTO Worker (ID, HireDate) VALUES (246, '2020-09-09');
INSERT INTO WorksIn (ID, BuildingID) VALUES (246, 196);
INSERT INTO Worker (ID, HireDate) VALUES (646, '2015-11-17');
INSERT INTO WorksIn (ID, BuildingID) VALUES (646, 353);
INSERT INTO Student (ID, RoomID, BuildingID, EnrollmentDate, Major) VALUES (1046, 2, 369, '2020-11-30', 'Political Science');
INSERT INTO Worker (ID, HireDate) VALUES (247, '2007-10-09');
INSERT INTO WorksIn (ID, BuildingID) VALUES (247, 160);
INSERT INTO Student (ID, RoomID, BuildingID, EnrollmentDate, Major) VALUES (647, 2, 379, '2008-12-22', 'History');
INSERT INTO Worker (ID, HireDate) VALUES (1047, '2001-02-27');
INSERT INTO WorksIn (ID, BuildingID) VALUES (1047, 204);
INSERT INTO Worker (ID, HireDate) VALUES (248, '2016-07-13');
INSERT INTO WorksIn (ID, BuildingID) VALUES (248, 264);
INSERT INTO Worker (ID, HireDate) VALUES (648, '2023-05-04');
INSERT INTO WorksIn (ID, BuildingID) VALUES (648, 93);
INSERT INTO Student (ID, RoomID, BuildingID, EnrollmentDate, Major) VALUES (1048, 1, 80, '2009-02-13', 'Nursing');
INSERT INTO Worker (ID, HireDate) VALUES (249, '2018-05-22');
INSERT INTO WorksIn (ID, BuildingID) VALUES (249, 47);
INSERT INTO Student (ID, RoomID, BuildingID, EnrollmentDate, Major) VALUES (649, 2, 114, '2006-07-01', 'English Literature');
INSERT INTO Worker (ID, HireDate) VALUES (1049, '2009-02-23');
INSERT INTO WorksIn (ID, BuildingID) VALUES (1049, 223);
INSERT INTO Worker (ID, HireDate) VALUES (250, '2007-05-16');
INSERT INTO WorksIn (ID, BuildingID) VALUES (250, 122);
INSERT INTO Worker (ID, HireDate) VALUES (650, '2000-07-30');
INSERT INTO WorksIn (ID, BuildingID) VALUES (650, 208);
INSERT INTO Student (ID, RoomID, BuildingID, EnrollmentDate, Major) VALUES (1050, 1, 190, '2007-12-05', 'Computer Science');
INSERT INTO Worker (ID, HireDate) VALUES (251, '2007-09-03');
INSERT INTO WorksIn (ID, BuildingID) VALUES (251, 249);
INSERT INTO Worker (ID, HireDate) VALUES (651, '2020-05-08');
INSERT INTO WorksIn (ID, BuildingID) VALUES (651, 161);
INSERT INTO Student (ID, RoomID, BuildingID, EnrollmentDate, Major) VALUES (1051, 2, 330, '2008-12-31', 'Nursing');
INSERT INTO Student (ID, RoomID, BuildingID, EnrollmentDate, Major) VALUES (252, 2, 172, '2017-05-22', 'Business Administration');
INSERT INTO Worker (ID, HireDate) VALUES (652, '2017-07-28');
INSERT INTO WorksIn (ID, BuildingID) VALUES (652, 270);
INSERT INTO Worker (ID, HireDate) VALUES (1052, '2010-11-12');
INSERT INTO WorksIn (ID, BuildingID) VALUES (1052, 155);
INSERT INTO Worker (ID, HireDate) VALUES (253, '2009-05-02');
INSERT INTO WorksIn (ID, BuildingID) VALUES (253, 364);
INSERT INTO Student (ID, RoomID, BuildingID, EnrollmentDate, Major) VALUES (653, 1, 109, '2003-06-03', 'Political Science');
INSERT INTO Worker (ID, HireDate) VALUES (1053, '2017-07-08');
INSERT INTO WorksIn (ID, BuildingID) VALUES (1053, 376);
INSERT INTO Worker (ID, HireDate) VALUES (254, '2008-08-19');
INSERT INTO WorksIn (ID, BuildingID) VALUES (254, 33);
INSERT INTO Worker (ID, HireDate) VALUES (654, '2006-10-06');
INSERT INTO WorksIn (ID, BuildingID) VALUES (654, 214);
INSERT INTO Student (ID, RoomID, BuildingID, EnrollmentDate, Major) VALUES (1054, 1, 72, '2007-08-22', 'Political Science');
INSERT INTO Worker (ID, HireDate) VALUES (255, '2003-01-19');
INSERT INTO WorksIn (ID, BuildingID) VALUES (255, 330);
INSERT INTO Student (ID, RoomID, BuildingID, EnrollmentDate, Major) VALUES (655, 1, 315, '2018-09-11', 'English Literature');
INSERT INTO Worker (ID, HireDate) VALUES (1055, '2023-10-08');
INSERT INTO WorksIn (ID, BuildingID) VALUES (1055, 333);
INSERT INTO Student (ID, RoomID, BuildingID, EnrollmentDate, Major) VALUES (256, 2, 85, '2023-09-14', 'Accounting');
INSERT INTO Worker (ID, HireDate) VALUES (656, '2014-06-09');
INSERT INTO WorksIn (ID, BuildingID) VALUES (656, 78);
INSERT INTO Worker (ID, HireDate) VALUES (1056, '2005-04-02');
INSERT INTO WorksIn (ID, BuildingID) VALUES (1056, 189);
INSERT INTO Worker (ID, HireDate) VALUES (257, '2004-03-08');
INSERT INTO WorksIn (ID, BuildingID) VALUES (257, 263);
INSERT INTO Worker (ID, HireDate) VALUES (657, '2000-01-25');
INSERT INTO WorksIn (ID, BuildingID) VALUES (657, 298);
INSERT INTO Student (ID, RoomID, BuildingID, EnrollmentDate, Major) VALUES (1057, 1, 194, '2000-06-16', 'Computer Science');
INSERT INTO Worker (ID, HireDate) VALUES (258, '2015-09-21');
INSERT INTO WorksIn (ID, BuildingID) VALUES (258, 48);
INSERT INTO Student (ID, RoomID, BuildingID, EnrollmentDate, Major) VALUES (658, 1, 66, '2014-07-30', 'Nursing');
INSERT INTO Worker (ID, HireDate) VALUES (1058, '2023-02-27');
INSERT INTO WorksIn (ID, BuildingID) VALUES (1058, 380);
INSERT INTO Student (ID, RoomID, BuildingID, EnrollmentDate, Major) VALUES (259, 1, 186, '2010-08-19', 'Political Science');
INSERT INTO Worker (ID, HireDate) VALUES (659, '2023-03-22');
INSERT INTO WorksIn (ID, BuildingID) VALUES (659, 323);
INSERT INTO Worker (ID, HireDate) VALUES (1059, '2021-09-01');
INSERT INTO WorksIn (ID, BuildingID) VALUES (1059, 382);
INSERT INTO Worker (ID, HireDate) VALUES (260, '2013-04-10');
INSERT INTO WorksIn (ID, BuildingID) VALUES (260, 4);
INSERT INTO Student (ID, RoomID, BuildingID, EnrollmentDate, Major) VALUES (660, 1, 166, '2022-12-31', 'Biology');
INSERT INTO Worker (ID, HireDate) VALUES (1060, '2017-02-15');
INSERT INTO WorksIn (ID, BuildingID) VALUES (1060, 177);
INSERT INTO Worker (ID, HireDate) VALUES (261, '2000-07-27');
INSERT INTO WorksIn (ID, BuildingID) VALUES (261, 303);
INSERT INTO Worker (ID, HireDate) VALUES (661, '2006-12-24');
INSERT INTO WorksIn (ID, BuildingID) VALUES (661, 254);
INSERT INTO Student (ID, RoomID, BuildingID, EnrollmentDate, Major) VALUES (1061, 1, 159, '2019-07-09', 'Mechanical Engineering');
INSERT INTO Worker (ID, HireDate) VALUES (262, '2007-02-04');
INSERT INTO WorksIn (ID, BuildingID) VALUES (262, 68);
INSERT INTO Worker (ID, HireDate) VALUES (662, '2003-10-05');
INSERT INTO WorksIn (ID, BuildingID) VALUES (662, 390);
INSERT INTO Student (ID, RoomID, BuildingID, EnrollmentDate, Major) VALUES (1062, 2, 190, '2019-03-20', 'Graphic Design');
INSERT INTO Worker (ID, HireDate) VALUES (263, '2018-04-14');
INSERT INTO WorksIn (ID, BuildingID) VALUES (263, 251);
INSERT INTO Student (ID, RoomID, BuildingID, EnrollmentDate, Major) VALUES (663, 1, 153, '2008-09-21', 'Mechanical Engineering');
INSERT INTO Worker (ID, HireDate) VALUES (1063, '2006-10-26');
INSERT INTO WorksIn (ID, BuildingID) VALUES (1063, 134);
INSERT INTO Student (ID, RoomID, BuildingID, EnrollmentDate, Major) VALUES (264, 1, 390, '2001-06-02', 'Accounting');
INSERT INTO Worker (ID, HireDate) VALUES (664, '2022-04-16');
INSERT INTO WorksIn (ID, BuildingID) VALUES (664, 352);
INSERT INTO Worker (ID, HireDate) VALUES (1064, '2004-06-22');
INSERT INTO WorksIn (ID, BuildingID) VALUES (1064, 312);
INSERT INTO Worker (ID, HireDate) VALUES (265, '2014-03-02');
INSERT INTO WorksIn (ID, BuildingID) VALUES (265, 214);
INSERT INTO Student (ID, RoomID, BuildingID, EnrollmentDate, Major) VALUES (665, 1, 305, '2020-05-03', 'Physics');
INSERT INTO Worker (ID, HireDate) VALUES (1065, '2004-11-07');
INSERT INTO WorksIn (ID, BuildingID) VALUES (1065, 89);
INSERT INTO Student (ID, RoomID, BuildingID, EnrollmentDate, Major) VALUES (266, 1, 400, '2009-02-18', 'Business Administration');
INSERT INTO Worker (ID, HireDate) VALUES (666, '2022-12-07');
INSERT INTO WorksIn (ID, BuildingID) VALUES (666, 316);
INSERT INTO Worker (ID, HireDate) VALUES (1066, '2002-04-28');
INSERT INTO WorksIn (ID, BuildingID) VALUES (1066, 140);
INSERT INTO Worker (ID, HireDate) VALUES (267, '2017-05-30');
INSERT INTO WorksIn (ID, BuildingID) VALUES (267, 130);
INSERT INTO Worker (ID, HireDate) VALUES (667, '2003-12-31');
INSERT INTO WorksIn (ID, BuildingID) VALUES (667, 138);
INSERT INTO Student (ID, RoomID, BuildingID, EnrollmentDate, Major) VALUES (1067, 1, 345, '2008-10-18', 'English Literature');
INSERT INTO Student (ID, RoomID, BuildingID, EnrollmentDate, Major) VALUES (268, 2, 33, '2017-03-23', 'Mechanical Engineering');
INSERT INTO Worker (ID, HireDate) VALUES (668, '2023-06-17');
INSERT INTO WorksIn (ID, BuildingID) VALUES (668, 326);
INSERT INTO Worker (ID, HireDate) VALUES (1068, '2007-06-19');
INSERT INTO WorksIn (ID, BuildingID) VALUES (1068, 166);
INSERT INTO Student (ID, RoomID, BuildingID, EnrollmentDate, Major) VALUES (269, 2, 225, '2023-04-27', 'Psychology');
INSERT INTO Worker (ID, HireDate) VALUES (669, '2003-05-04');
INSERT INTO WorksIn (ID, BuildingID) VALUES (669, 40);
INSERT INTO Worker (ID, HireDate) VALUES (1069, '2020-04-21');
INSERT INTO WorksIn (ID, BuildingID) VALUES (1069, 150);
INSERT INTO Worker (ID, HireDate) VALUES (270, '2001-08-19');
INSERT INTO WorksIn (ID, BuildingID) VALUES (270, 152);
INSERT INTO Worker (ID, HireDate) VALUES (670, '2007-08-22');
INSERT INTO WorksIn (ID, BuildingID) VALUES (670, 334);
INSERT INTO Student (ID, RoomID, BuildingID, EnrollmentDate, Major) VALUES (1070, 1, 129, '2000-05-26', 'History');
INSERT INTO Worker (ID, HireDate) VALUES (271, '2023-01-12');
INSERT INTO WorksIn (ID, BuildingID) VALUES (271, 204);
INSERT INTO Student (ID, RoomID, BuildingID, EnrollmentDate, Major) VALUES (671, 1, 92, '2019-11-04', 'Environmental Science');
INSERT INTO Worker (ID, HireDate) VALUES (1071, '2011-03-21');
INSERT INTO WorksIn (ID, BuildingID) VALUES (1071, 149);
INSERT INTO Worker (ID, HireDate) VALUES (272, '2011-08-27');
INSERT INTO WorksIn (ID, BuildingID) VALUES (272, 184);
INSERT INTO Worker (ID, HireDate) VALUES (672, '2008-03-06');
INSERT INTO WorksIn (ID, BuildingID) VALUES (672, 23);
INSERT INTO Student (ID, RoomID, BuildingID, EnrollmentDate, Major) VALUES (1072, 1, 385, '2004-05-23', 'Business Administration');
INSERT INTO Student (ID, RoomID, BuildingID, EnrollmentDate, Major) VALUES (273, 1, 209, '2007-06-12', 'Biology');
INSERT INTO Worker (ID, HireDate) VALUES (673, '2004-08-22');
INSERT INTO WorksIn (ID, BuildingID) VALUES (673, 227);
INSERT INTO Worker (ID, HireDate) VALUES (1073, '2001-05-04');
INSERT INTO WorksIn (ID, BuildingID) VALUES (1073, 198);
INSERT INTO Worker (ID, HireDate) VALUES (274, '2015-02-24');
INSERT INTO WorksIn (ID, BuildingID) VALUES (274, 175);
INSERT INTO Student (ID, RoomID, BuildingID, EnrollmentDate, Major) VALUES (674, 1, 119, '2010-03-09', 'Business Administration');
INSERT INTO Worker (ID, HireDate) VALUES (1074, '2006-08-09');
INSERT INTO WorksIn (ID, BuildingID) VALUES (1074, 4);
INSERT INTO Worker (ID, HireDate) VALUES (275, '2010-08-27');
INSERT INTO WorksIn (ID, BuildingID) VALUES (275, 104);
INSERT INTO Worker (ID, HireDate) VALUES (675, '2008-07-19');
INSERT INTO WorksIn (ID, BuildingID) VALUES (675, 197);
INSERT INTO Student (ID, RoomID, BuildingID, EnrollmentDate, Major) VALUES (1075, 2, 399, '2013-11-04', 'Environmental Science');
INSERT INTO Student (ID, RoomID, BuildingID, EnrollmentDate, Major) VALUES (276, 1, 93, '2001-07-13', 'Graphic Design');
INSERT INTO Worker (ID, HireDate) VALUES (676, '2013-12-24');
INSERT INTO WorksIn (ID, BuildingID) VALUES (676, 266);
INSERT INTO Worker (ID, HireDate) VALUES (1076, '2011-12-09');
INSERT INTO WorksIn (ID, BuildingID) VALUES (1076, 391);
INSERT INTO Student (ID, RoomID, BuildingID, EnrollmentDate, Major) VALUES (277, 2, 239, '2001-10-17', 'History');
INSERT INTO Worker (ID, HireDate) VALUES (677, '2001-12-02');
INSERT INTO WorksIn (ID, BuildingID) VALUES (677, 129);
INSERT INTO Worker (ID, HireDate) VALUES (1077, '2022-09-21');
INSERT INTO WorksIn (ID, BuildingID) VALUES (1077, 171);
INSERT INTO Worker (ID, HireDate) VALUES (278, '2015-11-24');
INSERT INTO WorksIn (ID, BuildingID) VALUES (278, 375);
INSERT INTO Worker (ID, HireDate) VALUES (678, '2017-08-21');
INSERT INTO WorksIn (ID, BuildingID) VALUES (678, 297);
INSERT INTO Student (ID, RoomID, BuildingID, EnrollmentDate, Major) VALUES (1078, 1, 103, '2020-07-11', 'Nursing');
INSERT INTO Worker (ID, HireDate) VALUES (279, '2005-03-16');
INSERT INTO WorksIn (ID, BuildingID) VALUES (279, 317);
INSERT INTO Student (ID, RoomID, BuildingID, EnrollmentDate, Major) VALUES (679, 2, 128, '2018-02-18', 'Computer Science');
INSERT INTO Worker (ID, HireDate) VALUES (1079, '2008-10-16');
INSERT INTO WorksIn (ID, BuildingID) VALUES (1079, 357);
INSERT INTO Student (ID, RoomID, BuildingID, EnrollmentDate, Major) VALUES (280, 2, 42, '2022-03-21', 'Computer Science');
INSERT INTO Worker (ID, HireDate) VALUES (680, '2012-04-06');
INSERT INTO WorksIn (ID, BuildingID) VALUES (680, 198);
INSERT INTO Worker (ID, HireDate) VALUES (1080, '2023-08-05');
INSERT INTO WorksIn (ID, BuildingID) VALUES (1080, 122);
INSERT INTO Worker (ID, HireDate) VALUES (281, '2002-08-18');
INSERT INTO WorksIn (ID, BuildingID) VALUES (281, 6);
INSERT INTO Student (ID, RoomID, BuildingID, EnrollmentDate, Major) VALUES (681, 2, 305, '2008-07-15', 'Computer Science');
INSERT INTO Worker (ID, HireDate) VALUES (1081, '2011-06-30');
INSERT INTO WorksIn (ID, BuildingID) VALUES (1081, 159);
INSERT INTO Student (ID, RoomID, BuildingID, EnrollmentDate, Major) VALUES (282, 2, 296, '2005-08-13', 'History');
INSERT INTO Worker (ID, HireDate) VALUES (682, '2000-09-12');
INSERT INTO WorksIn (ID, BuildingID) VALUES (682, 146);
INSERT INTO Worker (ID, HireDate) VALUES (1082, '2019-01-30');
INSERT INTO WorksIn (ID, BuildingID) VALUES (1082, 265);
INSERT INTO Worker (ID, HireDate) VALUES (283, '2002-11-24');
INSERT INTO WorksIn (ID, BuildingID) VALUES (283, 54);
INSERT INTO Worker (ID, HireDate) VALUES (683, '2011-05-20');
INSERT INTO WorksIn (ID, BuildingID) VALUES (683, 274);
INSERT INTO Student (ID, RoomID, BuildingID, EnrollmentDate, Major) VALUES (1083, 1, 314, '2007-12-01', 'Mechanical Engineering');
INSERT INTO Worker (ID, HireDate) VALUES (284, '2005-10-01');
INSERT INTO WorksIn (ID, BuildingID) VALUES (284, 49);
INSERT INTO Worker (ID, HireDate) VALUES (684, '2022-03-02');
INSERT INTO WorksIn (ID, BuildingID) VALUES (684, 61);
INSERT INTO Student (ID, RoomID, BuildingID, EnrollmentDate, Major) VALUES (1084, 2, 63, '2012-08-05', 'Business Administration');
INSERT INTO Student (ID, RoomID, BuildingID, EnrollmentDate, Major) VALUES (285, 2, 64, '2012-08-29', 'Nursing');
INSERT INTO Worker (ID, HireDate) VALUES (685, '2022-06-07');
INSERT INTO WorksIn (ID, BuildingID) VALUES (685, 381);
INSERT INTO Worker (ID, HireDate) VALUES (1085, '2010-06-27');
INSERT INTO WorksIn (ID, BuildingID) VALUES (1085, 182);
INSERT INTO Student (ID, RoomID, BuildingID, EnrollmentDate, Major) VALUES (286, 1, 356, '2000-06-19', 'History');
INSERT INTO Worker (ID, HireDate) VALUES (686, '2016-08-03');
INSERT INTO WorksIn (ID, BuildingID) VALUES (686, 291);
INSERT INTO Worker (ID, HireDate) VALUES (1086, '2017-12-19');
INSERT INTO WorksIn (ID, BuildingID) VALUES (1086, 221);
INSERT INTO Student (ID, RoomID, BuildingID, EnrollmentDate, Major) VALUES (287, 1, 386, '2021-08-22', 'Graphic Design');
INSERT INTO Worker (ID, HireDate) VALUES (687, '2000-10-25');
INSERT INTO WorksIn (ID, BuildingID) VALUES (687, 398);
INSERT INTO Worker (ID, HireDate) VALUES (1087, '2020-04-16');
INSERT INTO WorksIn (ID, BuildingID) VALUES (1087, 159);
INSERT INTO Student (ID, RoomID, BuildingID, EnrollmentDate, Major) VALUES (288, 1, 203, '2000-03-08', 'Mechanical Engineering');
INSERT INTO Worker (ID, HireDate) VALUES (688, '2007-02-10');
INSERT INTO WorksIn (ID, BuildingID) VALUES (688, 384);
INSERT INTO Worker (ID, HireDate) VALUES (1088, '2023-03-26');
INSERT INTO WorksIn (ID, BuildingID) VALUES (1088, 265);
INSERT INTO Student (ID, RoomID, BuildingID, EnrollmentDate, Major) VALUES (289, 1, 131, '2007-11-26', 'Biology');
INSERT INTO Worker (ID, HireDate) VALUES (689, '2009-03-23');
INSERT INTO WorksIn (ID, BuildingID) VALUES (689, 109);
INSERT INTO Worker (ID, HireDate) VALUES (1089, '2014-10-30');
INSERT INTO WorksIn (ID, BuildingID) VALUES (1089, 18);
INSERT INTO Worker (ID, HireDate) VALUES (290, '2015-09-24');
INSERT INTO WorksIn (ID, BuildingID) VALUES (290, 281);
INSERT INTO Student (ID, RoomID, BuildingID, EnrollmentDate, Major) VALUES (690, 1, 213, '2020-12-30', 'Accounting');
INSERT INTO Worker (ID, HireDate) VALUES (1090, '2005-08-10');
INSERT INTO WorksIn (ID, BuildingID) VALUES (1090, 135);
INSERT INTO Student (ID, RoomID, BuildingID, EnrollmentDate, Major) VALUES (291, 2, 77, '2009-01-15', 'Biology');
INSERT INTO Worker (ID, HireDate) VALUES (691, '2019-12-06');
INSERT INTO WorksIn (ID, BuildingID) VALUES (691, 271);
INSERT INTO Worker (ID, HireDate) VALUES (1091, '2022-03-19');
INSERT INTO WorksIn (ID, BuildingID) VALUES (1091, 346);
INSERT INTO Worker (ID, HireDate) VALUES (292, '2020-09-02');
INSERT INTO WorksIn (ID, BuildingID) VALUES (292, 156);
INSERT INTO Student (ID, RoomID, BuildingID, EnrollmentDate, Major) VALUES (692, 1, 62, '2017-05-22', 'Environmental Science');
INSERT INTO Worker (ID, HireDate) VALUES (1092, '2002-10-29');
INSERT INTO WorksIn (ID, BuildingID) VALUES (1092, 17);
INSERT INTO Worker (ID, HireDate) VALUES (293, '2021-10-14');
INSERT INTO WorksIn (ID, BuildingID) VALUES (293, 232);
INSERT INTO Worker (ID, HireDate) VALUES (693, '2018-06-04');
INSERT INTO WorksIn (ID, BuildingID) VALUES (693, 117);
INSERT INTO Student (ID, RoomID, BuildingID, EnrollmentDate, Major) VALUES (1093, 1, 159, '2008-06-17', 'Political Science');
INSERT INTO Worker (ID, HireDate) VALUES (294, '2017-05-07');
INSERT INTO WorksIn (ID, BuildingID) VALUES (294, 49);
INSERT INTO Worker (ID, HireDate) VALUES (694, '2016-06-25');
INSERT INTO WorksIn (ID, BuildingID) VALUES (694, 352);
INSERT INTO Student (ID, RoomID, BuildingID, EnrollmentDate, Major) VALUES (1094, 1, 248, '2012-02-01', 'Sociology');
INSERT INTO Student (ID, RoomID, BuildingID, EnrollmentDate, Major) VALUES (295, 1, 105, '2005-12-03', 'Computer Science');
INSERT INTO Worker (ID, HireDate) VALUES (695, '2008-06-09');
INSERT INTO WorksIn (ID, BuildingID) VALUES (695, 250);
INSERT INTO Worker (ID, HireDate) VALUES (1095, '2000-02-17');
INSERT INTO WorksIn (ID, BuildingID) VALUES (1095, 276);
INSERT INTO Worker (ID, HireDate) VALUES (296, '2011-03-21');
INSERT INTO WorksIn (ID, BuildingID) VALUES (296, 80);
INSERT INTO Student (ID, RoomID, BuildingID, EnrollmentDate, Major) VALUES (696, 1, 53, '2022-05-11', 'Sociology');
INSERT INTO Worker (ID, HireDate) VALUES (1096, '2019-03-21');
INSERT INTO WorksIn (ID, BuildingID) VALUES (1096, 317);
INSERT INTO Worker (ID, HireDate) VALUES (297, '2019-01-08');
INSERT INTO WorksIn (ID, BuildingID) VALUES (297, 113);
INSERT INTO Worker (ID, HireDate) VALUES (697, '2011-03-13');
INSERT INTO WorksIn (ID, BuildingID) VALUES (697, 118);
INSERT INTO Student (ID, RoomID, BuildingID, EnrollmentDate, Major) VALUES (1097, 2, 156, '2008-04-26', 'English Literature');
INSERT INTO Worker (ID, HireDate) VALUES (298, '2021-03-01');
INSERT INTO WorksIn (ID, BuildingID) VALUES (298, 346);
INSERT INTO Student (ID, RoomID, BuildingID, EnrollmentDate, Major) VALUES (698, 1, 8, '2000-08-07', 'Accounting');
INSERT INTO Worker (ID, HireDate) VALUES (1098, '2023-12-19');
INSERT INTO WorksIn (ID, BuildingID) VALUES (1098, 30);
INSERT INTO Worker (ID, HireDate) VALUES (299, '2009-05-31');
INSERT INTO WorksIn (ID, BuildingID) VALUES (299, 122);
INSERT INTO Worker (ID, HireDate) VALUES (699, '2006-08-10');
INSERT INTO WorksIn (ID, BuildingID) VALUES (699, 9);
INSERT INTO Student (ID, RoomID, BuildingID, EnrollmentDate, Major) VALUES (1099, 2, 340, '2000-06-15', 'Political Science');
INSERT INTO Worker (ID, HireDate) VALUES (300, '2018-02-25');
INSERT INTO WorksIn (ID, BuildingID) VALUES (300, 230);
INSERT INTO Worker (ID, HireDate) VALUES (700, '2021-10-10');
INSERT INTO WorksIn (ID, BuildingID) VALUES (700, 293);
INSERT INTO Student (ID, RoomID, BuildingID, EnrollmentDate, Major) VALUES (1100, 2, 44, '2002-03-14', 'Environmental Science');
INSERT INTO Student (ID, RoomID, BuildingID, EnrollmentDate, Major) VALUES (301, 2, 275, '2007-06-02', 'Graphic Design');
INSERT INTO Worker (ID, HireDate) VALUES (701, '2022-08-12');
INSERT INTO WorksIn (ID, BuildingID) VALUES (701, 359);
INSERT INTO Worker (ID, HireDate) VALUES (1101, '2009-04-11');
INSERT INTO WorksIn (ID, BuildingID) VALUES (1101, 334);
INSERT INTO Student (ID, RoomID, BuildingID, EnrollmentDate, Major) VALUES (302, 2, 107, '2007-12-13', 'Business Administration');
INSERT INTO Worker (ID, HireDate) VALUES (702, '2005-03-12');
INSERT INTO WorksIn (ID, BuildingID) VALUES (702, 371);
INSERT INTO Worker (ID, HireDate) VALUES (1102, '2011-02-14');
INSERT INTO WorksIn (ID, BuildingID) VALUES (1102, 368);
INSERT INTO Worker (ID, HireDate) VALUES (303, '2006-09-12');
INSERT INTO WorksIn (ID, BuildingID) VALUES (303, 190);
INSERT INTO Student (ID, RoomID, BuildingID, EnrollmentDate, Major) VALUES (703, 1, 283, '2000-08-05', 'Sociology');
INSERT INTO Worker (ID, HireDate) VALUES (1103, '2018-10-24');
INSERT INTO WorksIn (ID, BuildingID) VALUES (1103, 178);
INSERT INTO Worker (ID, HireDate) VALUES (304, '2016-12-20');
INSERT INTO WorksIn (ID, BuildingID) VALUES (304, 351);
INSERT INTO Worker (ID, HireDate) VALUES (704, '2022-10-26');
INSERT INTO WorksIn (ID, BuildingID) VALUES (704, 219);
INSERT INTO Student (ID, RoomID, BuildingID, EnrollmentDate, Major) VALUES (1104, 1, 267, '2017-05-13', 'Sociology');
INSERT INTO Student (ID, RoomID, BuildingID, EnrollmentDate, Major) VALUES (305, 1, 271, '2010-10-27', 'Business Administration');
INSERT INTO Worker (ID, HireDate) VALUES (705, '2001-12-14');
INSERT INTO WorksIn (ID, BuildingID) VALUES (705, 248);
INSERT INTO Worker (ID, HireDate) VALUES (1105, '2015-05-02');
INSERT INTO WorksIn (ID, BuildingID) VALUES (1105, 221);
INSERT INTO Worker (ID, HireDate) VALUES (306, '2001-08-09');
INSERT INTO WorksIn (ID, BuildingID) VALUES (306, 50);
INSERT INTO Student (ID, RoomID, BuildingID, EnrollmentDate, Major) VALUES (706, 2, 162, '2006-05-14', 'Nursing');
INSERT INTO Worker (ID, HireDate) VALUES (1106, '2010-03-10');
INSERT INTO WorksIn (ID, BuildingID) VALUES (1106, 119);
INSERT INTO Worker (ID, HireDate) VALUES (307, '2017-01-16');
INSERT INTO WorksIn (ID, BuildingID) VALUES (307, 193);
INSERT INTO Student (ID, RoomID, BuildingID, EnrollmentDate, Major) VALUES (707, 2, 71, '2003-05-25', 'Economics');
INSERT INTO Worker (ID, HireDate) VALUES (1107, '2013-06-17');
INSERT INTO WorksIn (ID, BuildingID) VALUES (1107, 382);
INSERT INTO Student (ID, RoomID, BuildingID, EnrollmentDate, Major) VALUES (308, 2, 248, '2023-09-24', 'Physics');
INSERT INTO Worker (ID, HireDate) VALUES (708, '2002-10-24');
INSERT INTO WorksIn (ID, BuildingID) VALUES (708, 379);
INSERT INTO Worker (ID, HireDate) VALUES (1108, '2006-12-08');
INSERT INTO WorksIn (ID, BuildingID) VALUES (1108, 267);
INSERT INTO Worker (ID, HireDate) VALUES (309, '2011-04-30');
INSERT INTO WorksIn (ID, BuildingID) VALUES (309, 373);
INSERT INTO Worker (ID, HireDate) VALUES (709, '2000-09-28');
INSERT INTO WorksIn (ID, BuildingID) VALUES (709, 265);
INSERT INTO Student (ID, RoomID, BuildingID, EnrollmentDate, Major) VALUES (1109, 2, 61, '2009-03-10', 'Sociology');
INSERT INTO Worker (ID, HireDate) VALUES (310, '2008-07-10');
INSERT INTO WorksIn (ID, BuildingID) VALUES (310, 319);
INSERT INTO Worker (ID, HireDate) VALUES (710, '2005-11-05');
INSERT INTO WorksIn (ID, BuildingID) VALUES (710, 118);
INSERT INTO Student (ID, RoomID, BuildingID, EnrollmentDate, Major) VALUES (1110, 2, 3, '2013-11-26', 'English Literature');
INSERT INTO Student (ID, RoomID, BuildingID, EnrollmentDate, Major) VALUES (311, 1, 342, '2010-06-21', 'Business Administration');
INSERT INTO Worker (ID, HireDate) VALUES (711, '2005-01-16');
INSERT INTO WorksIn (ID, BuildingID) VALUES (711, 86);
INSERT INTO Worker (ID, HireDate) VALUES (1111, '2018-01-27');
INSERT INTO WorksIn (ID, BuildingID) VALUES (1111, 339);
INSERT INTO Student (ID, RoomID, BuildingID, EnrollmentDate, Major) VALUES (312, 2, 187, '2008-10-06', 'Mechanical Engineering');
INSERT INTO Worker (ID, HireDate) VALUES (712, '2019-03-27');
INSERT INTO WorksIn (ID, BuildingID) VALUES (712, 392);
INSERT INTO Worker (ID, HireDate) VALUES (1112, '2008-11-24');
INSERT INTO WorksIn (ID, BuildingID) VALUES (1112, 82);
INSERT INTO Student (ID, RoomID, BuildingID, EnrollmentDate, Major) VALUES (313, 2, 361, '2012-04-11', 'English Literature');
INSERT INTO Worker (ID, HireDate) VALUES (713, '2015-02-04');
INSERT INTO WorksIn (ID, BuildingID) VALUES (713, 148);
INSERT INTO Worker (ID, HireDate) VALUES (1113, '2022-05-06');
INSERT INTO WorksIn (ID, BuildingID) VALUES (1113, 245);
INSERT INTO Worker (ID, HireDate) VALUES (314, '2015-11-10');
INSERT INTO WorksIn (ID, BuildingID) VALUES (314, 316);
INSERT INTO Worker (ID, HireDate) VALUES (714, '2023-01-29');
INSERT INTO WorksIn (ID, BuildingID) VALUES (714, 273);
INSERT INTO Student (ID, RoomID, BuildingID, EnrollmentDate, Major) VALUES (1114, 2, 211, '2023-04-04', 'Political Science');
INSERT INTO Worker (ID, HireDate) VALUES (315, '2016-06-14');
INSERT INTO WorksIn (ID, BuildingID) VALUES (315, 102);
INSERT INTO Worker (ID, HireDate) VALUES (715, '2016-11-26');
INSERT INTO WorksIn (ID, BuildingID) VALUES (715, 207);
INSERT INTO Student (ID, RoomID, BuildingID, EnrollmentDate, Major) VALUES (1115, 2, 58, '2016-04-22', 'Graphic Design');
INSERT INTO Worker (ID, HireDate) VALUES (316, '2005-03-28');
INSERT INTO WorksIn (ID, BuildingID) VALUES (316, 345);
INSERT INTO Worker (ID, HireDate) VALUES (716, '2018-02-01');
INSERT INTO WorksIn (ID, BuildingID) VALUES (716, 193);
INSERT INTO Student (ID, RoomID, BuildingID, EnrollmentDate, Major) VALUES (1116, 2, 259, '2017-08-20', 'Psychology');
INSERT INTO Worker (ID, HireDate) VALUES (317, '2020-08-07');
INSERT INTO WorksIn (ID, BuildingID) VALUES (317, 299);
INSERT INTO Student (ID, RoomID, BuildingID, EnrollmentDate, Major) VALUES (717, 1, 197, '2009-01-04', 'Computer Science');
INSERT INTO Worker (ID, HireDate) VALUES (1117, '2008-01-16');
INSERT INTO WorksIn (ID, BuildingID) VALUES (1117, 349);
INSERT INTO Worker (ID, HireDate) VALUES (318, '2011-11-07');
INSERT INTO WorksIn (ID, BuildingID) VALUES (318, 70);
INSERT INTO Student (ID, RoomID, BuildingID, EnrollmentDate, Major) VALUES (718, 2, 141, '2005-08-27', 'Physics');
INSERT INTO Worker (ID, HireDate) VALUES (1118, '2007-10-24');
INSERT INTO WorksIn (ID, BuildingID) VALUES (1118, 250);
INSERT INTO Worker (ID, HireDate) VALUES (319, '2021-08-16');
INSERT INTO WorksIn (ID, BuildingID) VALUES (319, 83);
INSERT INTO Worker (ID, HireDate) VALUES (719, '2016-03-10');
INSERT INTO WorksIn (ID, BuildingID) VALUES (719, 230);
INSERT INTO Student (ID, RoomID, BuildingID, EnrollmentDate, Major) VALUES (1119, 2, 267, '2009-04-23', 'Sociology');
INSERT INTO Worker (ID, HireDate) VALUES (320, '2016-05-05');
INSERT INTO WorksIn (ID, BuildingID) VALUES (320, 349);
INSERT INTO Worker (ID, HireDate) VALUES (720, '2017-01-15');
INSERT INTO WorksIn (ID, BuildingID) VALUES (720, 320);
INSERT INTO Student (ID, RoomID, BuildingID, EnrollmentDate, Major) VALUES (1120, 2, 123, '2003-02-06', 'Business Administration');
INSERT INTO Worker (ID, HireDate) VALUES (321, '2003-11-06');
INSERT INTO WorksIn (ID, BuildingID) VALUES (321, 340);
INSERT INTO Student (ID, RoomID, BuildingID, EnrollmentDate, Major) VALUES (721, 1, 284, '2014-06-03', 'Sociology');
INSERT INTO Worker (ID, HireDate) VALUES (1121, '2016-11-15');
INSERT INTO WorksIn (ID, BuildingID) VALUES (1121, 54);
INSERT INTO Worker (ID, HireDate) VALUES (322, '2012-05-05');
INSERT INTO WorksIn (ID, BuildingID) VALUES (322, 1);
INSERT INTO Worker (ID, HireDate) VALUES (722, '2004-12-25');
INSERT INTO WorksIn (ID, BuildingID) VALUES (722, 96);
INSERT INTO Student (ID, RoomID, BuildingID, EnrollmentDate, Major) VALUES (1122, 2, 313, '2019-01-09', 'Nursing');
INSERT INTO Student (ID, RoomID, BuildingID, EnrollmentDate, Major) VALUES (323, 1, 52, '2000-05-10', 'Business Administration');
INSERT INTO Worker (ID, HireDate) VALUES (723, '2000-01-24');
INSERT INTO WorksIn (ID, BuildingID) VALUES (723, 209);
INSERT INTO Worker (ID, HireDate) VALUES (1123, '2007-05-09');
INSERT INTO WorksIn (ID, BuildingID) VALUES (1123, 108);
INSERT INTO Worker (ID, HireDate) VALUES (324, '2021-02-02');
INSERT INTO WorksIn (ID, BuildingID) VALUES (324, 164);
INSERT INTO Student (ID, RoomID, BuildingID, EnrollmentDate, Major) VALUES (724, 1, 72, '2004-02-06', 'Political Science');
INSERT INTO Worker (ID, HireDate) VALUES (1124, '2016-05-20');
INSERT INTO WorksIn (ID, BuildingID) VALUES (1124, 208);
INSERT INTO Worker (ID, HireDate) VALUES (325, '2003-04-25');
INSERT INTO WorksIn (ID, BuildingID) VALUES (325, 277);
INSERT INTO Student (ID, RoomID, BuildingID, EnrollmentDate, Major) VALUES (725, 1, 68, '2020-02-23', 'Accounting');
INSERT INTO Worker (ID, HireDate) VALUES (1125, '2020-01-19');
INSERT INTO WorksIn (ID, BuildingID) VALUES (1125, 315);
INSERT INTO Worker (ID, HireDate) VALUES (326, '2000-12-18');
INSERT INTO WorksIn (ID, BuildingID) VALUES (326, 18);
INSERT INTO Student (ID, RoomID, BuildingID, EnrollmentDate, Major) VALUES (726, 2, 362, '2016-11-28', 'Sociology');
INSERT INTO Worker (ID, HireDate) VALUES (1126, '2010-02-17');
INSERT INTO WorksIn (ID, BuildingID) VALUES (1126, 180);
INSERT INTO Student (ID, RoomID, BuildingID, EnrollmentDate, Major) VALUES (327, 2, 366, '2011-01-20', 'Computer Science');
INSERT INTO Worker (ID, HireDate) VALUES (727, '2003-11-16');
INSERT INTO WorksIn (ID, BuildingID) VALUES (727, 35);
INSERT INTO Worker (ID, HireDate) VALUES (1127, '2010-03-30');
INSERT INTO WorksIn (ID, BuildingID) VALUES (1127, 201);
INSERT INTO Student (ID, RoomID, BuildingID, EnrollmentDate, Major) VALUES (328, 2, 368, '2017-12-14', 'Sociology');
INSERT INTO Worker (ID, HireDate) VALUES (728, '2002-08-16');
INSERT INTO WorksIn (ID, BuildingID) VALUES (728, 400);
INSERT INTO Worker (ID, HireDate) VALUES (1128, '2006-08-26');
INSERT INTO WorksIn (ID, BuildingID) VALUES (1128, 68);
INSERT INTO Worker (ID, HireDate) VALUES (329, '2015-07-07');
INSERT INTO WorksIn (ID, BuildingID) VALUES (329, 334);
INSERT INTO Student (ID, RoomID, BuildingID, EnrollmentDate, Major) VALUES (729, 2, 394, '2014-08-31', 'History');
INSERT INTO Worker (ID, HireDate) VALUES (1129, '2005-09-07');
INSERT INTO WorksIn (ID, BuildingID) VALUES (1129, 253);
INSERT INTO Student (ID, RoomID, BuildingID, EnrollmentDate, Major) VALUES (330, 2, 54, '2020-07-01', 'English Literature');
INSERT INTO Worker (ID, HireDate) VALUES (730, '2009-04-10');
INSERT INTO WorksIn (ID, BuildingID) VALUES (730, 352);
INSERT INTO Worker (ID, HireDate) VALUES (1130, '2013-03-03');
INSERT INTO WorksIn (ID, BuildingID) VALUES (1130, 101);
INSERT INTO Student (ID, RoomID, BuildingID, EnrollmentDate, Major) VALUES (331, 2, 90, '2015-05-23', 'Sociology');
INSERT INTO Worker (ID, HireDate) VALUES (731, '2010-09-01');
INSERT INTO WorksIn (ID, BuildingID) VALUES (731, 160);
INSERT INTO Worker (ID, HireDate) VALUES (1131, '2023-10-25');
INSERT INTO WorksIn (ID, BuildingID) VALUES (1131, 80);
INSERT INTO Worker (ID, HireDate) VALUES (332, '2005-04-01');
INSERT INTO WorksIn (ID, BuildingID) VALUES (332, 325);
INSERT INTO Student (ID, RoomID, BuildingID, EnrollmentDate, Major) VALUES (732, 1, 98, '2001-05-30', 'Business Administration');
INSERT INTO Worker (ID, HireDate) VALUES (1132, '2009-11-07');
INSERT INTO WorksIn (ID, BuildingID) VALUES (1132, 222);
INSERT INTO Worker (ID, HireDate) VALUES (333, '2013-04-21');
INSERT INTO WorksIn (ID, BuildingID) VALUES (333, 74);
INSERT INTO Worker (ID, HireDate) VALUES (733, '2005-05-06');
INSERT INTO WorksIn (ID, BuildingID) VALUES (733, 218);
INSERT INTO Student (ID, RoomID, BuildingID, EnrollmentDate, Major) VALUES (1133, 1, 21, '2020-09-23', 'Economics');
INSERT INTO Worker (ID, HireDate) VALUES (334, '2020-10-06');
INSERT INTO WorksIn (ID, BuildingID) VALUES (334, 21);
INSERT INTO Worker (ID, HireDate) VALUES (734, '2015-05-31');
INSERT INTO WorksIn (ID, BuildingID) VALUES (734, 171);
INSERT INTO Student (ID, RoomID, BuildingID, EnrollmentDate, Major) VALUES (1134, 2, 242, '2010-12-08', 'Accounting');
INSERT INTO Worker (ID, HireDate) VALUES (335, '2021-08-22');
INSERT INTO WorksIn (ID, BuildingID) VALUES (335, 20);
INSERT INTO Worker (ID, HireDate) VALUES (735, '2005-08-01');
INSERT INTO WorksIn (ID, BuildingID) VALUES (735, 100);
INSERT INTO Student (ID, RoomID, BuildingID, EnrollmentDate, Major) VALUES (1135, 2, 219, '2020-12-15', 'Accounting');
INSERT INTO Worker (ID, HireDate) VALUES (336, '2013-06-06');
INSERT INTO WorksIn (ID, BuildingID) VALUES (336, 24);
INSERT INTO Worker (ID, HireDate) VALUES (736, '2009-02-02');
INSERT INTO WorksIn (ID, BuildingID) VALUES (736, 134);
INSERT INTO Student (ID, RoomID, BuildingID, EnrollmentDate, Major) VALUES (1136, 2, 360, '2014-09-23', 'Biology');
INSERT INTO Worker (ID, HireDate) VALUES (337, '2010-02-14');
INSERT INTO WorksIn (ID, BuildingID) VALUES (337, 258);
INSERT INTO Student (ID, RoomID, BuildingID, EnrollmentDate, Major) VALUES (737, 2, 271, '2014-06-25', 'Nursing');
INSERT INTO Worker (ID, HireDate) VALUES (1137, '2003-04-05');
INSERT INTO WorksIn (ID, BuildingID) VALUES (1137, 152);
INSERT INTO Worker (ID, HireDate) VALUES (338, '2020-03-17');
INSERT INTO WorksIn (ID, BuildingID) VALUES (338, 328);
INSERT INTO Student (ID, RoomID, BuildingID, EnrollmentDate, Major) VALUES (738, 2, 202, '2006-03-23', 'Graphic Design');
INSERT INTO Worker (ID, HireDate) VALUES (1138, '2021-09-17');
INSERT INTO WorksIn (ID, BuildingID) VALUES (1138, 390);
INSERT INTO Worker (ID, HireDate) VALUES (339, '2023-11-20');
INSERT INTO WorksIn (ID, BuildingID) VALUES (339, 72);
INSERT INTO Worker (ID, HireDate) VALUES (739, '2002-03-05');
INSERT INTO WorksIn (ID, BuildingID) VALUES (739, 240);
INSERT INTO Student (ID, RoomID, BuildingID, EnrollmentDate, Major) VALUES (1139, 1, 143, '2008-12-27', 'Sociology');
INSERT INTO Student (ID, RoomID, BuildingID, EnrollmentDate, Major) VALUES (340, 2, 330, '2006-12-09', 'Computer Science');
INSERT INTO Worker (ID, HireDate) VALUES (740, '2003-01-12');
INSERT INTO WorksIn (ID, BuildingID) VALUES (740, 106);
INSERT INTO Worker (ID, HireDate) VALUES (1140, '2015-11-20');
INSERT INTO WorksIn (ID, BuildingID) VALUES (1140, 36);
INSERT INTO Worker (ID, HireDate) VALUES (341, '2012-03-04');
INSERT INTO WorksIn (ID, BuildingID) VALUES (341, 221);
INSERT INTO Student (ID, RoomID, BuildingID, EnrollmentDate, Major) VALUES (741, 2, 161, '2022-07-27', 'Accounting');
INSERT INTO Worker (ID, HireDate) VALUES (1141, '2002-04-15');
INSERT INTO WorksIn (ID, BuildingID) VALUES (1141, 223);
INSERT INTO Student (ID, RoomID, BuildingID, EnrollmentDate, Major) VALUES (342, 2, 151, '2020-12-21', 'Economics');
INSERT INTO Worker (ID, HireDate) VALUES (742, '2009-07-30');
INSERT INTO WorksIn (ID, BuildingID) VALUES (742, 50);
INSERT INTO Worker (ID, HireDate) VALUES (1142, '2002-07-30');
INSERT INTO WorksIn (ID, BuildingID) VALUES (1142, 392);
INSERT INTO Student (ID, RoomID, BuildingID, EnrollmentDate, Major) VALUES (343, 1, 245, '2011-04-16', 'Sociology');
INSERT INTO Worker (ID, HireDate) VALUES (743, '2004-11-20');
INSERT INTO WorksIn (ID, BuildingID) VALUES (743, 137);
INSERT INTO Worker (ID, HireDate) VALUES (1143, '2003-02-23');
INSERT INTO WorksIn (ID, BuildingID) VALUES (1143, 127);
INSERT INTO Student (ID, RoomID, BuildingID, EnrollmentDate, Major) VALUES (344, 2, 109, '2020-10-17', 'English Literature');
INSERT INTO Worker (ID, HireDate) VALUES (744, '2004-08-26');
INSERT INTO WorksIn (ID, BuildingID) VALUES (744, 106);
INSERT INTO Worker (ID, HireDate) VALUES (1144, '2020-12-23');
INSERT INTO WorksIn (ID, BuildingID) VALUES (1144, 90);
INSERT INTO Worker (ID, HireDate) VALUES (345, '2016-08-23');
INSERT INTO WorksIn (ID, BuildingID) VALUES (345, 64);
INSERT INTO Student (ID, RoomID, BuildingID, EnrollmentDate, Major) VALUES (745, 2, 172, '2007-03-15', 'History');
INSERT INTO Worker (ID, HireDate) VALUES (1145, '2019-10-04');
INSERT INTO WorksIn (ID, BuildingID) VALUES (1145, 158);
INSERT INTO Worker (ID, HireDate) VALUES (346, '2016-08-12');
INSERT INTO WorksIn (ID, BuildingID) VALUES (346, 4);
INSERT INTO Student (ID, RoomID, BuildingID, EnrollmentDate, Major) VALUES (746, 1, 131, '2021-07-13', 'Environmental Science');
INSERT INTO Worker (ID, HireDate) VALUES (1146, '2022-05-22');
INSERT INTO WorksIn (ID, BuildingID) VALUES (1146, 16);
INSERT INTO Worker (ID, HireDate) VALUES (347, '2010-09-12');
INSERT INTO WorksIn (ID, BuildingID) VALUES (347, 132);
INSERT INTO Student (ID, RoomID, BuildingID, EnrollmentDate, Major) VALUES (747, 1, 96, '2002-06-11', 'Economics');
INSERT INTO Worker (ID, HireDate) VALUES (1147, '2008-02-27');
INSERT INTO WorksIn (ID, BuildingID) VALUES (1147, 4);
INSERT INTO Worker (ID, HireDate) VALUES (348, '2014-12-05');
INSERT INTO WorksIn (ID, BuildingID) VALUES (348, 299);
INSERT INTO Worker (ID, HireDate) VALUES (748, '2008-09-05');
INSERT INTO WorksIn (ID, BuildingID) VALUES (748, 180);
INSERT INTO Student (ID, RoomID, BuildingID, EnrollmentDate, Major) VALUES (1148, 1, 93, '2021-05-11', 'Computer Science');
INSERT INTO Worker (ID, HireDate) VALUES (349, '2009-04-04');
INSERT INTO WorksIn (ID, BuildingID) VALUES (349, 323);
INSERT INTO Student (ID, RoomID, BuildingID, EnrollmentDate, Major) VALUES (749, 2, 226, '2010-09-24', 'History');
INSERT INTO Worker (ID, HireDate) VALUES (1149, '2012-07-20');
INSERT INTO WorksIn (ID, BuildingID) VALUES (1149, 80);
INSERT INTO Worker (ID, HireDate) VALUES (350, '2003-09-11');
INSERT INTO WorksIn (ID, BuildingID) VALUES (350, 89);
INSERT INTO Worker (ID, HireDate) VALUES (750, '2008-08-11');
INSERT INTO WorksIn (ID, BuildingID) VALUES (750, 355);
INSERT INTO Student (ID, RoomID, BuildingID, EnrollmentDate, Major) VALUES (1150, 1, 215, '2020-04-11', 'Mechanical Engineering');
INSERT INTO Worker (ID, HireDate) VALUES (351, '2004-10-03');
INSERT INTO WorksIn (ID, BuildingID) VALUES (351, 400);
INSERT INTO Worker (ID, HireDate) VALUES (751, '2015-12-16');
INSERT INTO WorksIn (ID, BuildingID) VALUES (751, 345);
INSERT INTO Student (ID, RoomID, BuildingID, EnrollmentDate, Major) VALUES (1151, 2, 101, '2022-04-03', 'Accounting');
INSERT INTO Worker (ID, HireDate) VALUES (352, '2006-05-20');
INSERT INTO WorksIn (ID, BuildingID) VALUES (352, 45);
INSERT INTO Student (ID, RoomID, BuildingID, EnrollmentDate, Major) VALUES (752, 1, 235, '2019-02-08', 'Political Science');
INSERT INTO Worker (ID, HireDate) VALUES (1152, '2009-05-18');
INSERT INTO WorksIn (ID, BuildingID) VALUES (1152, 179);
INSERT INTO Worker (ID, HireDate) VALUES (353, '2009-10-11');
INSERT INTO WorksIn (ID, BuildingID) VALUES (353, 228);
INSERT INTO Student (ID, RoomID, BuildingID, EnrollmentDate, Major) VALUES (753, 1, 76, '2022-10-03', 'English Literature');
INSERT INTO Worker (ID, HireDate) VALUES (1153, '2001-12-09');
INSERT INTO WorksIn (ID, BuildingID) VALUES (1153, 391);
INSERT INTO Worker (ID, HireDate) VALUES (354, '2001-05-20');
INSERT INTO WorksIn (ID, BuildingID) VALUES (354, 355);
INSERT INTO Worker (ID, HireDate) VALUES (754, '2010-08-25');
INSERT INTO WorksIn (ID, BuildingID) VALUES (754, 141);
INSERT INTO Student (ID, RoomID, BuildingID, EnrollmentDate, Major) VALUES (1154, 2, 235, '2008-12-30', 'Physics');
INSERT INTO Worker (ID, HireDate) VALUES (355, '2001-08-19');
INSERT INTO WorksIn (ID, BuildingID) VALUES (355, 243);
INSERT INTO Worker (ID, HireDate) VALUES (755, '2001-03-23');
INSERT INTO WorksIn (ID, BuildingID) VALUES (755, 284);
INSERT INTO Student (ID, RoomID, BuildingID, EnrollmentDate, Major) VALUES (1155, 2, 218, '2015-07-19', 'Computer Science');
INSERT INTO Student (ID, RoomID, BuildingID, EnrollmentDate, Major) VALUES (356, 1, 344, '2005-10-17', 'Business Administration');
INSERT INTO Worker (ID, HireDate) VALUES (756, '2005-07-03');
INSERT INTO WorksIn (ID, BuildingID) VALUES (756, 95);
INSERT INTO Worker (ID, HireDate) VALUES (1156, '2014-07-03');
INSERT INTO WorksIn (ID, BuildingID) VALUES (1156, 364);
INSERT INTO Student (ID, RoomID, BuildingID, EnrollmentDate, Major) VALUES (357, 1, 216, '2019-04-20', 'Mechanical Engineering');
INSERT INTO Worker (ID, HireDate) VALUES (757, '2014-05-25');
INSERT INTO WorksIn (ID, BuildingID) VALUES (757, 93);
INSERT INTO Worker (ID, HireDate) VALUES (1157, '2010-05-18');
INSERT INTO WorksIn (ID, BuildingID) VALUES (1157, 122);
INSERT INTO Worker (ID, HireDate) VALUES (358, '2011-06-11');
INSERT INTO WorksIn (ID, BuildingID) VALUES (358, 395);
INSERT INTO Worker (ID, HireDate) VALUES (758, '2008-11-02');
INSERT INTO WorksIn (ID, BuildingID) VALUES (758, 163);
INSERT INTO Student (ID, RoomID, BuildingID, EnrollmentDate, Major) VALUES (1158, 2, 53, '2013-09-21', 'Sociology');
INSERT INTO Student (ID, RoomID, BuildingID, EnrollmentDate, Major) VALUES (359, 2, 112, '2014-10-04', 'English Literature');
INSERT INTO Worker (ID, HireDate) VALUES (759, '2009-12-09');
INSERT INTO WorksIn (ID, BuildingID) VALUES (759, 61);
INSERT INTO Worker (ID, HireDate) VALUES (1159, '2007-07-03');
INSERT INTO WorksIn (ID, BuildingID) VALUES (1159, 143);
INSERT INTO Worker (ID, HireDate) VALUES (360, '2021-09-19');
INSERT INTO WorksIn (ID, BuildingID) VALUES (360, 366);
INSERT INTO Worker (ID, HireDate) VALUES (760, '2001-03-27');
INSERT INTO WorksIn (ID, BuildingID) VALUES (760, 47);
INSERT INTO Student (ID, RoomID, BuildingID, EnrollmentDate, Major) VALUES (1160, 2, 256, '2003-09-11', 'Environmental Science');
INSERT INTO Worker (ID, HireDate) VALUES (361, '2000-02-05');
INSERT INTO WorksIn (ID, BuildingID) VALUES (361, 370);
INSERT INTO Student (ID, RoomID, BuildingID, EnrollmentDate, Major) VALUES (761, 2, 146, '2013-03-19', 'Business Administration');
INSERT INTO Worker (ID, HireDate) VALUES (1161, '2011-03-29');
INSERT INTO WorksIn (ID, BuildingID) VALUES (1161, 308);
INSERT INTO Worker (ID, HireDate) VALUES (362, '2020-02-06');
INSERT INTO WorksIn (ID, BuildingID) VALUES (362, 213);
INSERT INTO Student (ID, RoomID, BuildingID, EnrollmentDate, Major) VALUES (762, 2, 359, '2008-07-03', 'Accounting');
INSERT INTO Worker (ID, HireDate) VALUES (1162, '2005-03-21');
INSERT INTO WorksIn (ID, BuildingID) VALUES (1162, 161);
INSERT INTO Worker (ID, HireDate) VALUES (363, '2020-05-28');
INSERT INTO WorksIn (ID, BuildingID) VALUES (363, 84);
INSERT INTO Worker (ID, HireDate) VALUES (763, '2007-07-06');
INSERT INTO WorksIn (ID, BuildingID) VALUES (763, 340);
INSERT INTO Student (ID, RoomID, BuildingID, EnrollmentDate, Major) VALUES (1163, 1, 399, '2012-07-12', 'Mechanical Engineering');
INSERT INTO Student (ID, RoomID, BuildingID, EnrollmentDate, Major) VALUES (364, 1, 173, '2020-11-08', 'Mechanical Engineering');
INSERT INTO Worker (ID, HireDate) VALUES (764, '2021-12-23');
INSERT INTO WorksIn (ID, BuildingID) VALUES (764, 173);
INSERT INTO Worker (ID, HireDate) VALUES (1164, '2011-02-02');
INSERT INTO WorksIn (ID, BuildingID) VALUES (1164, 143);
INSERT INTO Student (ID, RoomID, BuildingID, EnrollmentDate, Major) VALUES (365, 1, 155, '2020-04-21', 'Computer Science');
INSERT INTO Worker (ID, HireDate) VALUES (765, '2003-06-24');
INSERT INTO WorksIn (ID, BuildingID) VALUES (765, 73);
INSERT INTO Worker (ID, HireDate) VALUES (1165, '2007-06-06');
INSERT INTO WorksIn (ID, BuildingID) VALUES (1165, 34);
INSERT INTO Student (ID, RoomID, BuildingID, EnrollmentDate, Major) VALUES (366, 2, 356, '2023-11-05', 'Computer Science');
INSERT INTO Worker (ID, HireDate) VALUES (766, '2010-11-23');
INSERT INTO WorksIn (ID, BuildingID) VALUES (766, 87);
INSERT INTO Worker (ID, HireDate) VALUES (1166, '2003-03-19');
INSERT INTO WorksIn (ID, BuildingID) VALUES (1166, 273);
INSERT INTO Worker (ID, HireDate) VALUES (367, '2015-12-12');
INSERT INTO WorksIn (ID, BuildingID) VALUES (367, 310);
INSERT INTO Student (ID, RoomID, BuildingID, EnrollmentDate, Major) VALUES (767, 2, 130, '2011-01-27', 'Business Administration');
INSERT INTO Worker (ID, HireDate) VALUES (1167, '2007-05-07');
INSERT INTO WorksIn (ID, BuildingID) VALUES (1167, 364);
INSERT INTO Student (ID, RoomID, BuildingID, EnrollmentDate, Major) VALUES (368, 1, 78, '2014-11-11', 'English Literature');
INSERT INTO Worker (ID, HireDate) VALUES (768, '2006-05-31');
INSERT INTO WorksIn (ID, BuildingID) VALUES (768, 107);
INSERT INTO Worker (ID, HireDate) VALUES (1168, '2001-07-30');
INSERT INTO WorksIn (ID, BuildingID) VALUES (1168, 297);
INSERT INTO Worker (ID, HireDate) VALUES (369, '2023-08-14');
INSERT INTO WorksIn (ID, BuildingID) VALUES (369, 388);
INSERT INTO Worker (ID, HireDate) VALUES (769, '2008-10-11');
INSERT INTO WorksIn (ID, BuildingID) VALUES (769, 396);
INSERT INTO Student (ID, RoomID, BuildingID, EnrollmentDate, Major) VALUES (1169, 2, 4, '2007-01-31', 'Mechanical Engineering');
INSERT INTO Worker (ID, HireDate) VALUES (370, '2014-06-21');
INSERT INTO WorksIn (ID, BuildingID) VALUES (370, 125);
INSERT INTO Student (ID, RoomID, BuildingID, EnrollmentDate, Major) VALUES (770, 2, 79, '2019-07-26', 'Physics');
INSERT INTO Worker (ID, HireDate) VALUES (1170, '2014-05-08');
INSERT INTO WorksIn (ID, BuildingID) VALUES (1170, 320);
INSERT INTO Student (ID, RoomID, BuildingID, EnrollmentDate, Major) VALUES (371, 1, 243, '2009-04-29', 'Graphic Design');
INSERT INTO Worker (ID, HireDate) VALUES (771, '2002-08-03');
INSERT INTO WorksIn (ID, BuildingID) VALUES (771, 66);
INSERT INTO Worker (ID, HireDate) VALUES (1171, '2023-09-06');
INSERT INTO WorksIn (ID, BuildingID) VALUES (1171, 376);
INSERT INTO Worker (ID, HireDate) VALUES (372, '2015-06-20');
INSERT INTO WorksIn (ID, BuildingID) VALUES (372, 39);
INSERT INTO Student (ID, RoomID, BuildingID, EnrollmentDate, Major) VALUES (772, 2, 385, '2006-07-03', 'Mechanical Engineering');
INSERT INTO Worker (ID, HireDate) VALUES (1172, '2010-08-13');
INSERT INTO WorksIn (ID, BuildingID) VALUES (1172, 66);
INSERT INTO Worker (ID, HireDate) VALUES (373, '2011-01-03');
INSERT INTO WorksIn (ID, BuildingID) VALUES (373, 345);
INSERT INTO Worker (ID, HireDate) VALUES (773, '2018-07-19');
INSERT INTO WorksIn (ID, BuildingID) VALUES (773, 216);
INSERT INTO Student (ID, RoomID, BuildingID, EnrollmentDate, Major) VALUES (1173, 2, 329, '2007-11-24', 'History');
INSERT INTO Student (ID, RoomID, BuildingID, EnrollmentDate, Major) VALUES (374, 2, 131, '2006-10-26', 'English Literature');
INSERT INTO Worker (ID, HireDate) VALUES (774, '2019-09-12');
INSERT INTO WorksIn (ID, BuildingID) VALUES (774, 128);
INSERT INTO Worker (ID, HireDate) VALUES (1174, '2008-10-09');
INSERT INTO WorksIn (ID, BuildingID) VALUES (1174, 15);
INSERT INTO Worker (ID, HireDate) VALUES (375, '2013-07-25');
INSERT INTO WorksIn (ID, BuildingID) VALUES (375, 10);
INSERT INTO Student (ID, RoomID, BuildingID, EnrollmentDate, Major) VALUES (775, 1, 185, '2000-03-27', 'Physics');
INSERT INTO Worker (ID, HireDate) VALUES (1175, '2021-10-11');
INSERT INTO WorksIn (ID, BuildingID) VALUES (1175, 165);
INSERT INTO Worker (ID, HireDate) VALUES (376, '2013-03-01');
INSERT INTO WorksIn (ID, BuildingID) VALUES (376, 240);
INSERT INTO Student (ID, RoomID, BuildingID, EnrollmentDate, Major) VALUES (776, 1, 47, '2007-03-17', 'Physics');
INSERT INTO Worker (ID, HireDate) VALUES (1176, '2021-04-11');
INSERT INTO WorksIn (ID, BuildingID) VALUES (1176, 234);
INSERT INTO Worker (ID, HireDate) VALUES (377, '2005-06-05');
INSERT INTO WorksIn (ID, BuildingID) VALUES (377, 305);
INSERT INTO Student (ID, RoomID, BuildingID, EnrollmentDate, Major) VALUES (777, 1, 170, '2001-04-25', 'English Literature');
INSERT INTO Worker (ID, HireDate) VALUES (1177, '2000-07-05');
INSERT INTO WorksIn (ID, BuildingID) VALUES (1177, 397);
INSERT INTO Student (ID, RoomID, BuildingID, EnrollmentDate, Major) VALUES (378, 2, 241, '2014-06-28', 'English Literature');
INSERT INTO Worker (ID, HireDate) VALUES (778, '2005-02-11');
INSERT INTO WorksIn (ID, BuildingID) VALUES (778, 316);
INSERT INTO Worker (ID, HireDate) VALUES (1178, '2021-04-13');
INSERT INTO WorksIn (ID, BuildingID) VALUES (1178, 226);
INSERT INTO Student (ID, RoomID, BuildingID, EnrollmentDate, Major) VALUES (379, 2, 317, '2001-03-27', 'Environmental Science');
INSERT INTO Worker (ID, HireDate) VALUES (779, '2023-05-07');
INSERT INTO WorksIn (ID, BuildingID) VALUES (779, 33);
INSERT INTO Worker (ID, HireDate) VALUES (1179, '2019-05-27');
INSERT INTO WorksIn (ID, BuildingID) VALUES (1179, 346);
INSERT INTO Worker (ID, HireDate) VALUES (380, '2006-06-05');
INSERT INTO WorksIn (ID, BuildingID) VALUES (380, 121);
INSERT INTO Student (ID, RoomID, BuildingID, EnrollmentDate, Major) VALUES (780, 2, 48, '2012-12-31', 'Political Science');
INSERT INTO Worker (ID, HireDate) VALUES (1180, '2023-12-26');
INSERT INTO WorksIn (ID, BuildingID) VALUES (1180, 146);
INSERT INTO Worker (ID, HireDate) VALUES (381, '2003-09-15');
INSERT INTO WorksIn (ID, BuildingID) VALUES (381, 71);
INSERT INTO Student (ID, RoomID, BuildingID, EnrollmentDate, Major) VALUES (781, 2, 159, '2017-09-26', 'Nursing');
INSERT INTO Worker (ID, HireDate) VALUES (1181, '2018-10-24');
INSERT INTO WorksIn (ID, BuildingID) VALUES (1181, 288);
INSERT INTO Worker (ID, HireDate) VALUES (382, '2023-11-17');
INSERT INTO WorksIn (ID, BuildingID) VALUES (382, 253);
INSERT INTO Student (ID, RoomID, BuildingID, EnrollmentDate, Major) VALUES (782, 1, 360, '2001-06-08', 'History');
INSERT INTO Worker (ID, HireDate) VALUES (1182, '2018-12-23');
INSERT INTO WorksIn (ID, BuildingID) VALUES (1182, 163);
INSERT INTO Worker (ID, HireDate) VALUES (383, '2009-04-07');
INSERT INTO WorksIn (ID, BuildingID) VALUES (383, 392);
INSERT INTO Worker (ID, HireDate) VALUES (783, '2008-10-21');
INSERT INTO WorksIn (ID, BuildingID) VALUES (783, 120);
INSERT INTO Student (ID, RoomID, BuildingID, EnrollmentDate, Major) VALUES (1183, 2, 279, '2019-03-27', 'Sociology');
INSERT INTO Student (ID, RoomID, BuildingID, EnrollmentDate, Major) VALUES (384, 2, 81, '2004-04-19', 'English Literature');
INSERT INTO Worker (ID, HireDate) VALUES (784, '2012-12-24');
INSERT INTO WorksIn (ID, BuildingID) VALUES (784, 375);
INSERT INTO Worker (ID, HireDate) VALUES (1184, '2021-12-23');
INSERT INTO WorksIn (ID, BuildingID) VALUES (1184, 344);
INSERT INTO Student (ID, RoomID, BuildingID, EnrollmentDate, Major) VALUES (385, 2, 104, '2004-04-18', 'Business Administration');
INSERT INTO Worker (ID, HireDate) VALUES (785, '2008-12-19');
INSERT INTO WorksIn (ID, BuildingID) VALUES (785, 273);
INSERT INTO Worker (ID, HireDate) VALUES (1185, '2002-12-08');
INSERT INTO WorksIn (ID, BuildingID) VALUES (1185, 325);
INSERT INTO Worker (ID, HireDate) VALUES (386, '2009-07-09');
INSERT INTO WorksIn (ID, BuildingID) VALUES (386, 283);
INSERT INTO Student (ID, RoomID, BuildingID, EnrollmentDate, Major) VALUES (786, 2, 265, '2021-01-08', 'Sociology');
INSERT INTO Worker (ID, HireDate) VALUES (1186, '2005-05-29');
INSERT INTO WorksIn (ID, BuildingID) VALUES (1186, 323);
INSERT INTO Worker (ID, HireDate) VALUES (387, '2000-01-26');
INSERT INTO WorksIn (ID, BuildingID) VALUES (387, 247);
INSERT INTO Worker (ID, HireDate) VALUES (787, '2017-05-22');
INSERT INTO WorksIn (ID, BuildingID) VALUES (787, 246);
INSERT INTO Student (ID, RoomID, BuildingID, EnrollmentDate, Major) VALUES (1187, 2, 37, '2006-02-11', 'Physics');
INSERT INTO Student (ID, RoomID, BuildingID, EnrollmentDate, Major) VALUES (388, 2, 180, '2002-01-11', 'History');
INSERT INTO Worker (ID, HireDate) VALUES (788, '2005-07-18');
INSERT INTO WorksIn (ID, BuildingID) VALUES (788, 380);
INSERT INTO Worker (ID, HireDate) VALUES (1188, '2000-03-30');
INSERT INTO WorksIn (ID, BuildingID) VALUES (1188, 365);
INSERT INTO Student (ID, RoomID, BuildingID, EnrollmentDate, Major) VALUES (389, 1, 215, '2000-12-31', 'Psychology');
INSERT INTO Worker (ID, HireDate) VALUES (789, '2020-07-03');
INSERT INTO WorksIn (ID, BuildingID) VALUES (789, 280);
INSERT INTO Worker (ID, HireDate) VALUES (1189, '2023-02-02');
INSERT INTO WorksIn (ID, BuildingID) VALUES (1189, 50);
INSERT INTO Student (ID, RoomID, BuildingID, EnrollmentDate, Major) VALUES (390, 2, 329, '2012-03-14', 'Computer Science');
INSERT INTO Worker (ID, HireDate) VALUES (790, '2004-09-18');
INSERT INTO WorksIn (ID, BuildingID) VALUES (790, 132);
INSERT INTO Worker (ID, HireDate) VALUES (1190, '2007-02-21');
INSERT INTO WorksIn (ID, BuildingID) VALUES (1190, 117);
INSERT INTO Worker (ID, HireDate) VALUES (391, '2005-04-01');
INSERT INTO WorksIn (ID, BuildingID) VALUES (391, 163);
INSERT INTO Worker (ID, HireDate) VALUES (791, '2013-03-24');
INSERT INTO WorksIn (ID, BuildingID) VALUES (791, 318);
INSERT INTO Student (ID, RoomID, BuildingID, EnrollmentDate, Major) VALUES (1191, 2, 161, '2015-03-21', 'Computer Science');
INSERT INTO Worker (ID, HireDate) VALUES (392, '2012-07-17');
INSERT INTO WorksIn (ID, BuildingID) VALUES (392, 135);
INSERT INTO Student (ID, RoomID, BuildingID, EnrollmentDate, Major) VALUES (792, 1, 260, '2004-10-15', 'Business Administration');
INSERT INTO Worker (ID, HireDate) VALUES (1192, '2016-12-06');
INSERT INTO WorksIn (ID, BuildingID) VALUES (1192, 97);
INSERT INTO Worker (ID, HireDate) VALUES (393, '2002-04-14');
INSERT INTO WorksIn (ID, BuildingID) VALUES (393, 89);
INSERT INTO Worker (ID, HireDate) VALUES (793, '2004-06-30');
INSERT INTO WorksIn (ID, BuildingID) VALUES (793, 216);
INSERT INTO Student (ID, RoomID, BuildingID, EnrollmentDate, Major) VALUES (1193, 1, 329, '2007-10-17', 'Sociology');
INSERT INTO Worker (ID, HireDate) VALUES (394, '2014-08-05');
INSERT INTO WorksIn (ID, BuildingID) VALUES (394, 213);
INSERT INTO Worker (ID, HireDate) VALUES (794, '2002-08-05');
INSERT INTO WorksIn (ID, BuildingID) VALUES (794, 76);
INSERT INTO Student (ID, RoomID, BuildingID, EnrollmentDate, Major) VALUES (1194, 2, 341, '2010-01-30', 'Physics');
INSERT INTO Student (ID, RoomID, BuildingID, EnrollmentDate, Major) VALUES (395, 2, 13, '2004-10-23', 'Biology');
INSERT INTO Worker (ID, HireDate) VALUES (795, '2001-09-10');
INSERT INTO WorksIn (ID, BuildingID) VALUES (795, 299);
INSERT INTO Worker (ID, HireDate) VALUES (1195, '2018-01-14');
INSERT INTO WorksIn (ID, BuildingID) VALUES (1195, 279);
INSERT INTO Worker (ID, HireDate) VALUES (396, '2017-03-10');
INSERT INTO WorksIn (ID, BuildingID) VALUES (396, 63);
INSERT INTO Student (ID, RoomID, BuildingID, EnrollmentDate, Major) VALUES (796, 2, 200, '2016-11-03', 'Business Administration');
INSERT INTO Worker (ID, HireDate) VALUES (1196, '2012-05-03');
INSERT INTO WorksIn (ID, BuildingID) VALUES (1196, 109);
INSERT INTO Worker (ID, HireDate) VALUES (397, '2015-06-24');
INSERT INTO WorksIn (ID, BuildingID) VALUES (397, 222);
INSERT INTO Student (ID, RoomID, BuildingID, EnrollmentDate, Major) VALUES (797, 2, 106, '2016-05-01', 'Business Administration');
INSERT INTO Worker (ID, HireDate) VALUES (1197, '2006-08-08');
INSERT INTO WorksIn (ID, BuildingID) VALUES (1197, 304);
INSERT INTO Student (ID, RoomID, BuildingID, EnrollmentDate, Major) VALUES (398, 1, 169, '2003-12-25', 'Political Science');
INSERT INTO Worker (ID, HireDate) VALUES (798, '2003-04-09');
INSERT INTO WorksIn (ID, BuildingID) VALUES (798, 27);
INSERT INTO Worker (ID, HireDate) VALUES (1198, '2018-04-14');
INSERT INTO WorksIn (ID, BuildingID) VALUES (1198, 172);
INSERT INTO Worker (ID, HireDate) VALUES (399, '2020-02-15');
INSERT INTO WorksIn (ID, BuildingID) VALUES (399, 247);
INSERT INTO Student (ID, RoomID, BuildingID, EnrollmentDate, Major) VALUES (799, 1, 269, '2017-01-05', 'English Literature');
INSERT INTO Worker (ID, HireDate) VALUES (1199, '2021-05-02');
INSERT INTO WorksIn (ID, BuildingID) VALUES (1199, 200);
INSERT INTO Worker (ID, HireDate) VALUES (400, '2005-07-01');
INSERT INTO WorksIn (ID, BuildingID) VALUES (400, 320);
INSERT INTO Student (ID, RoomID, BuildingID, EnrollmentDate, Major) VALUES (800, 1, 356, '2012-06-17', 'Business Administration');
INSERT INTO Worker (ID, HireDate) VALUES (1200, '2006-05-30');
INSERT INTO WorksIn (ID, BuildingID) VALUES (1200, 170);
INSERT INTO Manager (ID, Department) VALUES (1, 'Quality Assurance');
INSERT INTO Cleaner (ID, Shift) VALUES (401, 'noon');
INSERT INTO Cleaner (ID, Shift) VALUES (2, 'noon');
INSERT INTO Manager (ID, Department) VALUES (402, 'Finances');
INSERT INTO Manager (ID, Department) VALUES (3, 'Finances');
INSERT INTO Cleaner (ID, Shift) VALUES (403, 'noon');
INSERT INTO Cleaner (ID, Shift) VALUES (4, 'evening');
INSERT INTO Manager (ID, Department) VALUES (404, 'Finances');
INSERT INTO Manager (ID, Department) VALUES (5, 'Finances');
INSERT INTO Cleaner (ID, Shift) VALUES (405, 'evening');
INSERT INTO Manager (ID, Department) VALUES (6, 'Asset Management');
INSERT INTO Cleaner (ID, Shift) VALUES (406, 'morning');
INSERT INTO Manager (ID, Department) VALUES (7, 'Finances');
INSERT INTO Cleaner (ID, Shift) VALUES (407, 'morning');
INSERT INTO Cleaner (ID, Shift) VALUES (8, 'noon');
INSERT INTO Manager (ID, Department) VALUES (408, 'Research and Development');
INSERT INTO Cleaner (ID, Shift) VALUES (9, 'evening');
INSERT INTO Manager (ID, Department) VALUES (409, 'Legal Department');
INSERT INTO Manager (ID, Department) VALUES (10, 'Public Relations');
INSERT INTO Cleaner (ID, Shift) VALUES (410, 'morning');
INSERT INTO Manager (ID, Department) VALUES (11, 'Legal Department');
INSERT INTO Cleaner (ID, Shift) VALUES (411, 'morning');
INSERT INTO Manager (ID, Department) VALUES (12, 'Customer Service');
INSERT INTO Cleaner (ID, Shift) VALUES (412, 'morning');
INSERT INTO Cleaner (ID, Shift) VALUES (13, 'morning');
INSERT INTO Manager (ID, Department) VALUES (413, 'Finances');
INSERT INTO Manager (ID, Department) VALUES (14, 'Research and Development');
INSERT INTO Cleaner (ID, Shift) VALUES (414, 'evening');
INSERT INTO Manager (ID, Department) VALUES (15, 'Finances');
INSERT INTO Cleaner (ID, Shift) VALUES (415, 'morning');
INSERT INTO Cleaner (ID, Shift) VALUES (16, 'evening');
INSERT INTO Manager (ID, Department) VALUES (416, 'Asset Management');
INSERT INTO Manager (ID, Department) VALUES (17, 'Legal Department');
INSERT INTO Cleaner (ID, Shift) VALUES (417, 'evening');
INSERT INTO Manager (ID, Department) VALUES (18, 'Research and Development');
INSERT INTO Cleaner (ID, Shift) VALUES (418, 'morning');
INSERT INTO Manager (ID, Department) VALUES (19, 'Legal Department');
INSERT INTO Cleaner (ID, Shift) VALUES (419, 'evening');
INSERT INTO Manager (ID, Department) VALUES (20, 'Asset Management');
INSERT INTO Cleaner (ID, Shift) VALUES (420, 'evening');
INSERT INTO Cleaner (ID, Shift) VALUES (21, 'noon');
INSERT INTO Manager (ID, Department) VALUES (421, 'Legal Department');
INSERT INTO Manager (ID, Department) VALUES (22, 'Customer Service');
INSERT INTO Cleaner (ID, Shift) VALUES (422, 'noon');
INSERT INTO Cleaner (ID, Shift) VALUES (23, 'morning');
INSERT INTO Manager (ID, Department) VALUES (423, 'Research and Development');
INSERT INTO Manager (ID, Department) VALUES (24, 'Research and Development');
INSERT INTO Cleaner (ID, Shift) VALUES (424, 'evening');
INSERT INTO Cleaner (ID, Shift) VALUES (25, 'morning');
INSERT INTO Manager (ID, Department) VALUES (425, 'Asset Management');
INSERT INTO Manager (ID, Department) VALUES (26, 'Asset Management');
INSERT INTO Cleaner (ID, Shift) VALUES (426, 'noon');
INSERT INTO Manager (ID, Department) VALUES (27, 'Asset Management');
INSERT INTO Cleaner (ID, Shift) VALUES (427, 'evening');
INSERT INTO Cleaner (ID, Shift) VALUES (28, 'noon');
INSERT INTO Manager (ID, Department) VALUES (428, 'Customer Service');
INSERT INTO Cleaner (ID, Shift) VALUES (29, 'morning');
INSERT INTO Manager (ID, Department) VALUES (429, 'Customer Service');
INSERT INTO Manager (ID, Department) VALUES (30, 'Legal Department');
INSERT INTO Cleaner (ID, Shift) VALUES (430, 'morning');
INSERT INTO Cleaner (ID, Shift) VALUES (31, 'morning');
INSERT INTO Manager (ID, Department) VALUES (431, 'Asset Management');
INSERT INTO Manager (ID, Department) VALUES (32, 'Asset Management');
INSERT INTO Cleaner (ID, Shift) VALUES (432, 'evening');
INSERT INTO Cleaner (ID, Shift) VALUES (33, 'evening');
INSERT INTO Manager (ID, Department) VALUES (433, 'Public Relations');
INSERT INTO Cleaner (ID, Shift) VALUES (34, 'evening');
INSERT INTO Manager (ID, Department) VALUES (434, 'Customer Service');
INSERT INTO Cleaner (ID, Shift) VALUES (35, 'noon');
INSERT INTO Manager (ID, Department) VALUES (435, 'Asset Management');
INSERT INTO Manager (ID, Department) VALUES (36, 'Public Relations');
INSERT INTO Cleaner (ID, Shift) VALUES (436, 'evening');
INSERT INTO Cleaner (ID, Shift) VALUES (37, 'evening');
INSERT INTO Manager (ID, Department) VALUES (437, 'Customer Service');
INSERT INTO Manager (ID, Department) VALUES (38, 'Asset Management');
INSERT INTO Cleaner (ID, Shift) VALUES (438, 'noon');
INSERT INTO Cleaner (ID, Shift) VALUES (39, 'noon');
INSERT INTO Manager (ID, Department) VALUES (439, 'Legal Department');
INSERT INTO Cleaner (ID, Shift) VALUES (40, 'evening');
INSERT INTO Manager (ID, Department) VALUES (440, 'Finances');
INSERT INTO Manager (ID, Department) VALUES (41, 'Legal Department');
INSERT INTO Cleaner (ID, Shift) VALUES (441, 'noon');
INSERT INTO Cleaner (ID, Shift) VALUES (42, 'morning');
INSERT INTO Manager (ID, Department) VALUES (442, 'Asset Management');
INSERT INTO Cleaner (ID, Shift) VALUES (43, 'morning');
INSERT INTO Manager (ID, Department) VALUES (443, 'Research and Development');
INSERT INTO Cleaner (ID, Shift) VALUES (44, 'noon');
INSERT INTO Manager (ID, Department) VALUES (444, 'Public Relations');
INSERT INTO Manager (ID, Department) VALUES (45, 'Research and Development');
INSERT INTO Cleaner (ID, Shift) VALUES (445, 'noon');
INSERT INTO Manager (ID, Department) VALUES (46, 'Quality Assurance');
INSERT INTO Cleaner (ID, Shift) VALUES (446, 'noon');
INSERT INTO Manager (ID, Department) VALUES (47, 'Quality Assurance');
INSERT INTO Cleaner (ID, Shift) VALUES (447, 'morning');
INSERT INTO Manager (ID, Department) VALUES (48, 'Public Relations');
INSERT INTO Cleaner (ID, Shift) VALUES (448, 'morning');
INSERT INTO Cleaner (ID, Shift) VALUES (49, 'morning');
INSERT INTO Manager (ID, Department) VALUES (449, 'Finances');
INSERT INTO Cleaner (ID, Shift) VALUES (50, 'noon');
INSERT INTO Manager (ID, Department) VALUES (450, 'Customer Service');
INSERT INTO Cleaner (ID, Shift) VALUES (51, 'evening');
INSERT INTO Manager (ID, Department) VALUES (451, 'Legal Department');
INSERT INTO Manager (ID, Department) VALUES (52, 'Finances');
INSERT INTO Cleaner (ID, Shift) VALUES (452, 'evening');
INSERT INTO Cleaner (ID, Shift) VALUES (53, 'morning');
INSERT INTO Manager (ID, Department) VALUES (453, 'Customer Service');
INSERT INTO Cleaner (ID, Shift) VALUES (54, 'noon');
INSERT INTO Manager (ID, Department) VALUES (454, 'Finances');
INSERT INTO Manager (ID, Department) VALUES (55, 'Finances');
INSERT INTO Cleaner (ID, Shift) VALUES (455, 'noon');
INSERT INTO Cleaner (ID, Shift) VALUES (56, 'noon');
INSERT INTO Manager (ID, Department) VALUES (456, 'Research and Development');
INSERT INTO Cleaner (ID, Shift) VALUES (57, 'evening');
INSERT INTO Manager (ID, Department) VALUES (457, 'Legal Department');
INSERT INTO Cleaner (ID, Shift) VALUES (58, 'evening');
INSERT INTO Manager (ID, Department) VALUES (458, 'Quality Assurance');
INSERT INTO Cleaner (ID, Shift) VALUES (59, 'morning');
INSERT INTO Manager (ID, Department) VALUES (459, 'Quality Assurance');
INSERT INTO Cleaner (ID, Shift) VALUES (60, 'evening');
INSERT INTO Manager (ID, Department) VALUES (460, 'Quality Assurance');
INSERT INTO Manager (ID, Department) VALUES (61, 'Finances');
INSERT INTO Cleaner (ID, Shift) VALUES (461, 'evening');
INSERT INTO Manager (ID, Department) VALUES (62, 'Legal Department');
INSERT INTO Cleaner (ID, Shift) VALUES (462, 'evening');
INSERT INTO Cleaner (ID, Shift) VALUES (63, 'morning');
INSERT INTO Manager (ID, Department) VALUES (463, 'Asset Management');
INSERT INTO Manager (ID, Department) VALUES (64, 'Legal Department');
INSERT INTO Cleaner (ID, Shift) VALUES (464, 'morning');
INSERT INTO Cleaner (ID, Shift) VALUES (65, 'morning');
INSERT INTO Manager (ID, Department) VALUES (465, 'Public Relations');
INSERT INTO Manager (ID, Department) VALUES (66, 'Finances');
INSERT INTO Cleaner (ID, Shift) VALUES (466, 'morning');
INSERT INTO Manager (ID, Department) VALUES (67, 'Research and Development');
INSERT INTO Cleaner (ID, Shift) VALUES (467, 'evening');
INSERT INTO Manager (ID, Department) VALUES (68, 'Customer Service');
INSERT INTO Cleaner (ID, Shift) VALUES (468, 'evening');
INSERT INTO Cleaner (ID, Shift) VALUES (69, 'noon');
INSERT INTO Manager (ID, Department) VALUES (469, 'Asset Management');
INSERT INTO Cleaner (ID, Shift) VALUES (70, 'noon');
INSERT INTO Manager (ID, Department) VALUES (470, 'Legal Department');
INSERT INTO Cleaner (ID, Shift) VALUES (71, 'noon');
INSERT INTO Manager (ID, Department) VALUES (471, 'Legal Department');
INSERT INTO Cleaner (ID, Shift) VALUES (72, 'evening');
INSERT INTO Manager (ID, Department) VALUES (472, 'Quality Assurance');
INSERT INTO Cleaner (ID, Shift) VALUES (73, 'noon');
INSERT INTO Manager (ID, Department) VALUES (473, 'Asset Management');
INSERT INTO Cleaner (ID, Shift) VALUES (74, 'noon');
INSERT INTO Manager (ID, Department) VALUES (474, 'Customer Service');
INSERT INTO Manager (ID, Department) VALUES (75, 'Customer Service');
INSERT INTO Cleaner (ID, Shift) VALUES (475, 'evening');
INSERT INTO Cleaner (ID, Shift) VALUES (76, 'evening');
INSERT INTO Manager (ID, Department) VALUES (476, 'Quality Assurance');
INSERT INTO Manager (ID, Department) VALUES (77, 'Legal Department');
INSERT INTO Cleaner (ID, Shift) VALUES (477, 'evening');
INSERT INTO Manager (ID, Department) VALUES (78, 'Legal Department');
INSERT INTO Cleaner (ID, Shift) VALUES (478, 'morning');
INSERT INTO Cleaner (ID, Shift) VALUES (79, 'evening');
INSERT INTO Manager (ID, Department) VALUES (479, 'Legal Department');
INSERT INTO Cleaner (ID, Shift) VALUES (80, 'noon');
INSERT INTO Manager (ID, Department) VALUES (480, 'Legal Department');
INSERT INTO Manager (ID, Department) VALUES (81, 'Finances');
INSERT INTO Cleaner (ID, Shift) VALUES (481, 'evening');
INSERT INTO Cleaner (ID, Shift) VALUES (82, 'noon');
INSERT INTO Manager (ID, Department) VALUES (482, 'Research and Development');
INSERT INTO Manager (ID, Department) VALUES (83, 'Legal Department');
INSERT INTO Cleaner (ID, Shift) VALUES (483, 'morning');
INSERT INTO Cleaner (ID, Shift) VALUES (84, 'evening');
INSERT INTO Manager (ID, Department) VALUES (484, 'Asset Management');
INSERT INTO Cleaner (ID, Shift) VALUES (85, 'morning');
INSERT INTO Manager (ID, Department) VALUES (485, 'Public Relations');
INSERT INTO Manager (ID, Department) VALUES (86, 'Finances');
INSERT INTO Cleaner (ID, Shift) VALUES (486, 'morning');
INSERT INTO Manager (ID, Department) VALUES (87, 'Asset Management');
INSERT INTO Cleaner (ID, Shift) VALUES (487, 'noon');
INSERT INTO Cleaner (ID, Shift) VALUES (88, 'noon');
INSERT INTO Manager (ID, Department) VALUES (488, 'Customer Service');
INSERT INTO Manager (ID, Department) VALUES (89, 'Quality Assurance');
INSERT INTO Cleaner (ID, Shift) VALUES (489, 'noon');
INSERT INTO Cleaner (ID, Shift) VALUES (90, 'evening');
INSERT INTO Manager (ID, Department) VALUES (490, 'Public Relations');
INSERT INTO Manager (ID, Department) VALUES (91, 'Finances');
INSERT INTO Cleaner (ID, Shift) VALUES (491, 'morning');
INSERT INTO Manager (ID, Department) VALUES (92, 'Legal Department');
INSERT INTO Cleaner (ID, Shift) VALUES (492, 'evening');
INSERT INTO Manager (ID, Department) VALUES (93, 'Quality Assurance');
INSERT INTO Cleaner (ID, Shift) VALUES (493, 'noon');
INSERT INTO Manager (ID, Department) VALUES (94, 'Legal Department');
INSERT INTO Cleaner (ID, Shift) VALUES (494, 'morning');
INSERT INTO Cleaner (ID, Shift) VALUES (95, 'evening');
INSERT INTO Manager (ID, Department) VALUES (495, 'Asset Management');
INSERT INTO Cleaner (ID, Shift) VALUES (96, 'evening');
INSERT INTO Manager (ID, Department) VALUES (496, 'Finances');
INSERT INTO Cleaner (ID, Shift) VALUES (97, 'evening');
INSERT INTO Manager (ID, Department) VALUES (497, 'Asset Management');
INSERT INTO Cleaner (ID, Shift) VALUES (98, 'morning');
INSERT INTO Manager (ID, Department) VALUES (498, 'Customer Service');
INSERT INTO Manager (ID, Department) VALUES (99, 'Quality Assurance');
INSERT INTO Cleaner (ID, Shift) VALUES (499, 'noon');
INSERT INTO Manager (ID, Department) VALUES (100, 'Public Relations');
INSERT INTO Cleaner (ID, Shift) VALUES (500, 'evening');
INSERT INTO Cleaner (ID, Shift) VALUES (101, 'morning');
INSERT INTO Manager (ID, Department) VALUES (501, 'Quality Assurance');
INSERT INTO Manager (ID, Department) VALUES (102, 'Research and Development');
INSERT INTO Cleaner (ID, Shift) VALUES (502, 'noon');
INSERT INTO Cleaner (ID, Shift) VALUES (103, 'evening');
INSERT INTO Manager (ID, Department) VALUES (503, 'Legal Department');
INSERT INTO Cleaner (ID, Shift) VALUES (104, 'evening');
INSERT INTO Manager (ID, Department) VALUES (504, 'Asset Management');
INSERT INTO Manager (ID, Department) VALUES (105, 'Asset Management');
INSERT INTO Cleaner (ID, Shift) VALUES (505, 'evening');
INSERT INTO Cleaner (ID, Shift) VALUES (106, 'evening');
INSERT INTO Manager (ID, Department) VALUES (506, 'Asset Management');
INSERT INTO Manager (ID, Department) VALUES (107, 'Legal Department');
INSERT INTO Cleaner (ID, Shift) VALUES (507, 'noon');
INSERT INTO Cleaner (ID, Shift) VALUES (108, 'morning');
INSERT INTO Manager (ID, Department) VALUES (508, 'Asset Management');
INSERT INTO Manager (ID, Department) VALUES (109, 'Customer Service');
INSERT INTO Cleaner (ID, Shift) VALUES (509, 'noon');
INSERT INTO Cleaner (ID, Shift) VALUES (110, 'evening');
INSERT INTO Manager (ID, Department) VALUES (510, 'Customer Service');
INSERT INTO Manager (ID, Department) VALUES (111, 'Finances');
INSERT INTO Cleaner (ID, Shift) VALUES (511, 'morning');
INSERT INTO Manager (ID, Department) VALUES (112, 'Asset Management');
INSERT INTO Cleaner (ID, Shift) VALUES (512, 'evening');
INSERT INTO Cleaner (ID, Shift) VALUES (113, 'evening');
INSERT INTO Manager (ID, Department) VALUES (513, 'Finances');
INSERT INTO Manager (ID, Department) VALUES (114, 'Legal Department');
INSERT INTO Cleaner (ID, Shift) VALUES (514, 'evening');
INSERT INTO Cleaner (ID, Shift) VALUES (115, 'morning');
INSERT INTO Manager (ID, Department) VALUES (515, 'Asset Management');
INSERT INTO Cleaner (ID, Shift) VALUES (116, 'morning');
INSERT INTO Manager (ID, Department) VALUES (516, 'Finances');
INSERT INTO Manager (ID, Department) VALUES (117, 'Quality Assurance');
INSERT INTO Cleaner (ID, Shift) VALUES (517, 'evening');
INSERT INTO Cleaner (ID, Shift) VALUES (118, 'evening');
INSERT INTO Manager (ID, Department) VALUES (518, 'Legal Department');
INSERT INTO Cleaner (ID, Shift) VALUES (119, 'noon');
INSERT INTO Manager (ID, Department) VALUES (519, 'Customer Service');
INSERT INTO Manager (ID, Department) VALUES (120, 'Public Relations');
INSERT INTO Cleaner (ID, Shift) VALUES (520, 'evening');
INSERT INTO Cleaner (ID, Shift) VALUES (121, 'noon');
INSERT INTO Manager (ID, Department) VALUES (521, 'Asset Management');
INSERT INTO Manager (ID, Department) VALUES (122, 'Quality Assurance');
INSERT INTO Cleaner (ID, Shift) VALUES (522, 'evening');
INSERT INTO Manager (ID, Department) VALUES (123, 'Quality Assurance');
INSERT INTO Cleaner (ID, Shift) VALUES (523, 'noon');
INSERT INTO Cleaner (ID, Shift) VALUES (124, 'noon');
INSERT INTO Manager (ID, Department) VALUES (524, 'Customer Service');
INSERT INTO Cleaner (ID, Shift) VALUES (125, 'evening');
INSERT INTO Manager (ID, Department) VALUES (525, 'Asset Management');
INSERT INTO Cleaner (ID, Shift) VALUES (126, 'evening');
INSERT INTO Manager (ID, Department) VALUES (526, 'Public Relations');
INSERT INTO Manager (ID, Department) VALUES (127, 'Finances');
INSERT INTO Cleaner (ID, Shift) VALUES (527, 'morning');
INSERT INTO Manager (ID, Department) VALUES (128, 'Legal Department');
INSERT INTO Cleaner (ID, Shift) VALUES (528, 'evening');
INSERT INTO Cleaner (ID, Shift) VALUES (129, 'noon');
INSERT INTO Manager (ID, Department) VALUES (529, 'Public Relations');
INSERT INTO Cleaner (ID, Shift) VALUES (130, 'evening');
INSERT INTO Manager (ID, Department) VALUES (530, 'Legal Department');
INSERT INTO Manager (ID, Department) VALUES (131, 'Asset Management');
INSERT INTO Cleaner (ID, Shift) VALUES (531, 'noon');
INSERT INTO Cleaner (ID, Shift) VALUES (132, 'noon');
INSERT INTO Manager (ID, Department) VALUES (532, 'Public Relations');
INSERT INTO Cleaner (ID, Shift) VALUES (133, 'morning');
INSERT INTO Manager (ID, Department) VALUES (533, 'Public Relations');
INSERT INTO Manager (ID, Department) VALUES (134, 'Legal Department');
INSERT INTO Cleaner (ID, Shift) VALUES (534, 'noon');
INSERT INTO Cleaner (ID, Shift) VALUES (135, 'noon');
INSERT INTO Manager (ID, Department) VALUES (535, 'Finances');
INSERT INTO Cleaner (ID, Shift) VALUES (136, 'morning');
INSERT INTO Manager (ID, Department) VALUES (536, 'Asset Management');
INSERT INTO Manager (ID, Department) VALUES (137, 'Asset Management');
INSERT INTO Cleaner (ID, Shift) VALUES (537, 'evening');
INSERT INTO Cleaner (ID, Shift) VALUES (138, 'evening');
INSERT INTO Manager (ID, Department) VALUES (538, 'Quality Assurance');
INSERT INTO Manager (ID, Department) VALUES (139, 'Legal Department');
INSERT INTO Cleaner (ID, Shift) VALUES (539, 'evening');
INSERT INTO Cleaner (ID, Shift) VALUES (140, 'noon');
INSERT INTO Manager (ID, Department) VALUES (540, 'Finances');
INSERT INTO Manager (ID, Department) VALUES (141, 'Finances');
INSERT INTO Cleaner (ID, Shift) VALUES (541, 'noon');
INSERT INTO Cleaner (ID, Shift) VALUES (142, 'morning');
INSERT INTO Manager (ID, Department) VALUES (542, 'Asset Management');
INSERT INTO Manager (ID, Department) VALUES (143, 'Customer Service');
INSERT INTO Cleaner (ID, Shift) VALUES (543, 'morning');
INSERT INTO Cleaner (ID, Shift) VALUES (144, 'morning');
INSERT INTO Manager (ID, Department) VALUES (544, 'Quality Assurance');
INSERT INTO Manager (ID, Department) VALUES (145, 'Research and Development');
INSERT INTO Cleaner (ID, Shift) VALUES (545, 'morning');
INSERT INTO Manager (ID, Department) VALUES (146, 'Finances');
INSERT INTO Cleaner (ID, Shift) VALUES (546, 'evening');
INSERT INTO Cleaner (ID, Shift) VALUES (147, 'noon');
INSERT INTO Manager (ID, Department) VALUES (547, 'Finances');
INSERT INTO Manager (ID, Department) VALUES (148, 'Asset Management');
INSERT INTO Cleaner (ID, Shift) VALUES (548, 'morning');
INSERT INTO Cleaner (ID, Shift) VALUES (149, 'morning');
INSERT INTO Manager (ID, Department) VALUES (549, 'Legal Department');
INSERT INTO Manager (ID, Department) VALUES (150, 'Asset Management');
INSERT INTO Cleaner (ID, Shift) VALUES (550, 'noon');
INSERT INTO Manager (ID, Department) VALUES (151, 'Asset Management');
INSERT INTO Cleaner (ID, Shift) VALUES (551, 'noon');
INSERT INTO Manager (ID, Department) VALUES (152, 'Legal Department');
INSERT INTO Cleaner (ID, Shift) VALUES (552, 'noon');
INSERT INTO Cleaner (ID, Shift) VALUES (153, 'noon');
INSERT INTO Manager (ID, Department) VALUES (553, 'Customer Service');
INSERT INTO Cleaner (ID, Shift) VALUES (154, 'morning');
INSERT INTO Manager (ID, Department) VALUES (554, 'Asset Management');
INSERT INTO Manager (ID, Department) VALUES (155, 'Finances');
INSERT INTO Cleaner (ID, Shift) VALUES (555, 'noon');
INSERT INTO Cleaner (ID, Shift) VALUES (156, 'noon');
INSERT INTO Manager (ID, Department) VALUES (556, 'Legal Department');
INSERT INTO Manager (ID, Department) VALUES (157, 'Public Relations');
INSERT INTO Cleaner (ID, Shift) VALUES (557, 'noon');
INSERT INTO Manager (ID, Department) VALUES (158, 'Research and Development');
INSERT INTO Cleaner (ID, Shift) VALUES (558, 'noon');
INSERT INTO Cleaner (ID, Shift) VALUES (159, 'evening');
INSERT INTO Manager (ID, Department) VALUES (559, 'Quality Assurance');
INSERT INTO Manager (ID, Department) VALUES (160, 'Research and Development');
INSERT INTO Cleaner (ID, Shift) VALUES (560, 'evening');
INSERT INTO Cleaner (ID, Shift) VALUES (161, 'noon');
INSERT INTO Manager (ID, Department) VALUES (561, 'Public Relations');
INSERT INTO Cleaner (ID, Shift) VALUES (162, 'evening');
INSERT INTO Manager (ID, Department) VALUES (562, 'Finances');
INSERT INTO Cleaner (ID, Shift) VALUES (163, 'evening');
INSERT INTO Manager (ID, Department) VALUES (563, 'Customer Service');
INSERT INTO Cleaner (ID, Shift) VALUES (164, 'morning');
INSERT INTO Manager (ID, Department) VALUES (564, 'Finances');
INSERT INTO Manager (ID, Department) VALUES (165, 'Asset Management');
INSERT INTO Cleaner (ID, Shift) VALUES (565, 'evening');
INSERT INTO Manager (ID, Department) VALUES (166, 'Customer Service');
INSERT INTO Cleaner (ID, Shift) VALUES (566, 'noon');
INSERT INTO Manager (ID, Department) VALUES (167, 'Customer Service');
INSERT INTO Cleaner (ID, Shift) VALUES (567, 'morning');
INSERT INTO Cleaner (ID, Shift) VALUES (168, 'morning');
INSERT INTO Manager (ID, Department) VALUES (568, 'Legal Department');
INSERT INTO Cleaner (ID, Shift) VALUES (169, 'evening');
INSERT INTO Manager (ID, Department) VALUES (569, 'Public Relations');
INSERT INTO Manager (ID, Department) VALUES (170, 'Asset Management');
INSERT INTO Cleaner (ID, Shift) VALUES (570, 'noon');
INSERT INTO Cleaner (ID, Shift) VALUES (171, 'evening');
INSERT INTO Manager (ID, Department) VALUES (571, 'Asset Management');
INSERT INTO Manager (ID, Department) VALUES (172, 'Research and Development');
INSERT INTO Cleaner (ID, Shift) VALUES (572, 'noon');
INSERT INTO Manager (ID, Department) VALUES (173, 'Finances');
INSERT INTO Cleaner (ID, Shift) VALUES (573, 'evening');
INSERT INTO Cleaner (ID, Shift) VALUES (174, 'noon');
INSERT INTO Manager (ID, Department) VALUES (574, 'Legal Department');
INSERT INTO Cleaner (ID, Shift) VALUES (175, 'evening');
INSERT INTO Manager (ID, Department) VALUES (575, 'Quality Assurance');
INSERT INTO Cleaner (ID, Shift) VALUES (176, 'morning');
INSERT INTO Manager (ID, Department) VALUES (576, 'Research and Development');
INSERT INTO Manager (ID, Department) VALUES (177, 'Legal Department');
INSERT INTO Cleaner (ID, Shift) VALUES (577, 'noon');
INSERT INTO Manager (ID, Department) VALUES (178, 'Finances');
INSERT INTO Cleaner (ID, Shift) VALUES (578, 'evening');
INSERT INTO Cleaner (ID, Shift) VALUES (179, 'evening');
INSERT INTO Manager (ID, Department) VALUES (579, 'Asset Management');
INSERT INTO Cleaner (ID, Shift) VALUES (180, 'morning');
INSERT INTO Manager (ID, Department) VALUES (580, 'Legal Department');
INSERT INTO Manager (ID, Department) VALUES (181, 'Customer Service');
INSERT INTO Cleaner (ID, Shift) VALUES (581, 'noon');
INSERT INTO Manager (ID, Department) VALUES (182, 'Asset Management');
INSERT INTO Cleaner (ID, Shift) VALUES (582, 'evening');
INSERT INTO Cleaner (ID, Shift) VALUES (183, 'evening');
INSERT INTO Manager (ID, Department) VALUES (583, 'Quality Assurance');
INSERT INTO Manager (ID, Department) VALUES (184, 'Quality Assurance');
INSERT INTO Cleaner (ID, Shift) VALUES (584, 'evening');
INSERT INTO Manager (ID, Department) VALUES (185, 'Legal Department');
INSERT INTO Cleaner (ID, Shift) VALUES (585, 'noon');
INSERT INTO Manager (ID, Department) VALUES (186, 'Finances');
INSERT INTO Cleaner (ID, Shift) VALUES (586, 'evening');
INSERT INTO Manager (ID, Department) VALUES (187, 'Public Relations');
INSERT INTO Cleaner (ID, Shift) VALUES (587, 'noon');
INSERT INTO Cleaner (ID, Shift) VALUES (188, 'evening');
INSERT INTO Manager (ID, Department) VALUES (588, 'Customer Service');
INSERT INTO Manager (ID, Department) VALUES (189, 'Asset Management');
INSERT INTO Cleaner (ID, Shift) VALUES (589, 'morning');
INSERT INTO Cleaner (ID, Shift) VALUES (190, 'noon');
INSERT INTO Manager (ID, Department) VALUES (590, 'Public Relations');
INSERT INTO Cleaner (ID, Shift) VALUES (191, 'evening');
INSERT INTO Manager (ID, Department) VALUES (591, 'Research and Development');
INSERT INTO Manager (ID, Department) VALUES (192, 'Asset Management');
INSERT INTO Cleaner (ID, Shift) VALUES (592, 'morning');
INSERT INTO Cleaner (ID, Shift) VALUES (193, 'noon');
INSERT INTO Manager (ID, Department) VALUES (593, 'Customer Service');
INSERT INTO Cleaner (ID, Shift) VALUES (194, 'evening');
INSERT INTO Manager (ID, Department) VALUES (594, 'Asset Management');
INSERT INTO Manager (ID, Department) VALUES (195, 'Asset Management');
INSERT INTO Cleaner (ID, Shift) VALUES (595, 'noon');
INSERT INTO Cleaner (ID, Shift) VALUES (196, 'morning');
INSERT INTO Manager (ID, Department) VALUES (596, 'Asset Management');
INSERT INTO Cleaner (ID, Shift) VALUES (197, 'evening');
INSERT INTO Manager (ID, Department) VALUES (597, 'Quality Assurance');
INSERT INTO Cleaner (ID, Shift) VALUES (198, 'morning');
INSERT INTO Manager (ID, Department) VALUES (598, 'Asset Management');
INSERT INTO Manager (ID, Department) VALUES (199, 'Finances');
INSERT INTO Cleaner (ID, Shift) VALUES (599, 'noon');
INSERT INTO Cleaner (ID, Shift) VALUES (200, 'evening');
INSERT INTO Manager (ID, Department) VALUES (600, 'Finances');
INSERT INTO Cleaner (ID, Shift) VALUES (201, 'morning');
INSERT INTO Manager (ID, Department) VALUES (601, 'Public Relations');
INSERT INTO Manager (ID, Department) VALUES (202, 'Asset Management');
INSERT INTO Cleaner (ID, Shift) VALUES (602, 'noon');
INSERT INTO Cleaner (ID, Shift) VALUES (203, 'noon');
INSERT INTO Manager (ID, Department) VALUES (603, 'Quality Assurance');
INSERT INTO Manager (ID, Department) VALUES (204, 'Quality Assurance');
INSERT INTO Cleaner (ID, Shift) VALUES (604, 'morning');
INSERT INTO Cleaner (ID, Shift) VALUES (205, 'morning');
INSERT INTO Manager (ID, Department) VALUES (605, 'Research and Development');
INSERT INTO Cleaner (ID, Shift) VALUES (206, 'evening');
INSERT INTO Manager (ID, Department) VALUES (606, 'Public Relations');
INSERT INTO Cleaner (ID, Shift) VALUES (207, 'noon');
INSERT INTO Manager (ID, Department) VALUES (607, 'Quality Assurance');
INSERT INTO Manager (ID, Department) VALUES (208, 'Finances');
INSERT INTO Cleaner (ID, Shift) VALUES (608, 'noon');
INSERT INTO Manager (ID, Department) VALUES (209, 'Legal Department');
INSERT INTO Cleaner (ID, Shift) VALUES (609, 'noon');
INSERT INTO Manager (ID, Department) VALUES (210, 'Legal Department');
INSERT INTO Cleaner (ID, Shift) VALUES (610, 'evening');
INSERT INTO Cleaner (ID, Shift) VALUES (211, 'evening');
INSERT INTO Manager (ID, Department) VALUES (611, 'Research and Development');
INSERT INTO Cleaner (ID, Shift) VALUES (212, 'morning');
INSERT INTO Manager (ID, Department) VALUES (612, 'Public Relations');
INSERT INTO Cleaner (ID, Shift) VALUES (213, 'evening');
INSERT INTO Manager (ID, Department) VALUES (613, 'Public Relations');
INSERT INTO Manager (ID, Department) VALUES (214, 'Research and Development');
INSERT INTO Cleaner (ID, Shift) VALUES (614, 'morning');
INSERT INTO Manager (ID, Department) VALUES (215, 'Legal Department');
INSERT INTO Cleaner (ID, Shift) VALUES (615, 'evening');
INSERT INTO Cleaner (ID, Shift) VALUES (216, 'noon');
INSERT INTO Manager (ID, Department) VALUES (616, 'Customer Service');
INSERT INTO Manager (ID, Department) VALUES (217, 'Finances');
INSERT INTO Cleaner (ID, Shift) VALUES (617, 'morning');
INSERT INTO Cleaner (ID, Shift) VALUES (218, 'evening');
INSERT INTO Manager (ID, Department) VALUES (618, 'Research and Development');
INSERT INTO Cleaner (ID, Shift) VALUES (219, 'evening');
INSERT INTO Manager (ID, Department) VALUES (619, 'Quality Assurance');
INSERT INTO Cleaner (ID, Shift) VALUES (220, 'evening');
INSERT INTO Manager (ID, Department) VALUES (620, 'Asset Management');
INSERT INTO Cleaner (ID, Shift) VALUES (221, 'evening');
INSERT INTO Manager (ID, Department) VALUES (621, 'Finances');
INSERT INTO Manager (ID, Department) VALUES (222, 'Research and Development');
INSERT INTO Cleaner (ID, Shift) VALUES (622, 'evening');
INSERT INTO Cleaner (ID, Shift) VALUES (223, 'noon');
INSERT INTO Manager (ID, Department) VALUES (623, 'Public Relations');
INSERT INTO Manager (ID, Department) VALUES (224, 'Public Relations');
INSERT INTO Cleaner (ID, Shift) VALUES (624, 'morning');
INSERT INTO Cleaner (ID, Shift) VALUES (225, 'evening');
INSERT INTO Manager (ID, Department) VALUES (625, 'Quality Assurance');
INSERT INTO Manager (ID, Department) VALUES (226, 'Public Relations');
INSERT INTO Cleaner (ID, Shift) VALUES (626, 'noon');
INSERT INTO Cleaner (ID, Shift) VALUES (227, 'morning');
INSERT INTO Manager (ID, Department) VALUES (627, 'Finances');
INSERT INTO Manager (ID, Department) VALUES (228, 'Customer Service');
INSERT INTO Cleaner (ID, Shift) VALUES (628, 'evening');
INSERT INTO Manager (ID, Department) VALUES (229, 'Finances');
INSERT INTO Cleaner (ID, Shift) VALUES (629, 'morning');
INSERT INTO Manager (ID, Department) VALUES (230, 'Legal Department');
INSERT INTO Cleaner (ID, Shift) VALUES (630, 'evening');
INSERT INTO Manager (ID, Department) VALUES (231, 'Public Relations');
INSERT INTO Cleaner (ID, Shift) VALUES (631, 'evening');
INSERT INTO Manager (ID, Department) VALUES (232, 'Legal Department');
INSERT INTO Cleaner (ID, Shift) VALUES (632, 'evening');
INSERT INTO Manager (ID, Department) VALUES (233, 'Finances');
INSERT INTO Cleaner (ID, Shift) VALUES (633, 'noon');
INSERT INTO Manager (ID, Department) VALUES (234, 'Legal Department');
INSERT INTO Cleaner (ID, Shift) VALUES (634, 'evening');
INSERT INTO Manager (ID, Department) VALUES (235, 'Customer Service');
INSERT INTO Cleaner (ID, Shift) VALUES (635, 'morning');
INSERT INTO Cleaner (ID, Shift) VALUES (236, 'noon');
INSERT INTO Manager (ID, Department) VALUES (636, 'Public Relations');
INSERT INTO Manager (ID, Department) VALUES (237, 'Finances');
INSERT INTO Cleaner (ID, Shift) VALUES (637, 'evening');
INSERT INTO Manager (ID, Department) VALUES (238, 'Legal Department');
INSERT INTO Cleaner (ID, Shift) VALUES (638, 'evening');
INSERT INTO Manager (ID, Department) VALUES (239, 'Customer Service');
INSERT INTO Cleaner (ID, Shift) VALUES (639, 'noon');
INSERT INTO Cleaner (ID, Shift) VALUES (240, 'morning');
INSERT INTO Manager (ID, Department) VALUES (640, 'Asset Management');
INSERT INTO Cleaner (ID, Shift) VALUES (241, 'noon');
INSERT INTO Manager (ID, Department) VALUES (641, 'Legal Department');
INSERT INTO Manager (ID, Department) VALUES (242, 'Public Relations');
INSERT INTO Cleaner (ID, Shift) VALUES (642, 'noon');
INSERT INTO Manager (ID, Department) VALUES (243, 'Asset Management');
INSERT INTO Cleaner (ID, Shift) VALUES (643, 'morning');
INSERT INTO Cleaner (ID, Shift) VALUES (244, 'morning');
INSERT INTO Manager (ID, Department) VALUES (644, 'Quality Assurance');
INSERT INTO Manager (ID, Department) VALUES (245, 'Public Relations');
INSERT INTO Cleaner (ID, Shift) VALUES (645, 'morning');
INSERT INTO Manager (ID, Department) VALUES (246, 'Finances');
INSERT INTO Cleaner (ID, Shift) VALUES (646, 'noon');
INSERT INTO Cleaner (ID, Shift) VALUES (247, 'noon');
INSERT INTO Manager (ID, Department) VALUES (647, 'Asset Management');
INSERT INTO Cleaner (ID, Shift) VALUES (248, 'noon');
INSERT INTO Manager (ID, Department) VALUES (648, 'Finances');
INSERT INTO Cleaner (ID, Shift) VALUES (249, 'morning');
INSERT INTO Manager (ID, Department) VALUES (649, 'Research and Development');
INSERT INTO Cleaner (ID, Shift) VALUES (250, 'evening');
INSERT INTO Manager (ID, Department) VALUES (650, 'Research and Development');
INSERT INTO Manager (ID, Department) VALUES (251, 'Finances');
INSERT INTO Cleaner (ID, Shift) VALUES (651, 'morning');
INSERT INTO Manager (ID, Department) VALUES (252, 'Quality Assurance');
INSERT INTO Cleaner (ID, Shift) VALUES (652, 'evening');
INSERT INTO Cleaner (ID, Shift) VALUES (253, 'morning');
INSERT INTO Manager (ID, Department) VALUES (653, 'Legal Department');
INSERT INTO Manager (ID, Department) VALUES (254, 'Customer Service');
INSERT INTO Cleaner (ID, Shift) VALUES (654, 'noon');
INSERT INTO Manager (ID, Department) VALUES (255, 'Research and Development');
INSERT INTO Cleaner (ID, Shift) VALUES (655, 'noon');
INSERT INTO Manager (ID, Department) VALUES (256, 'Research and Development');
INSERT INTO Cleaner (ID, Shift) VALUES (656, 'noon');
INSERT INTO Cleaner (ID, Shift) VALUES (257, 'noon');
INSERT INTO Manager (ID, Department) VALUES (657, 'Customer Service');
INSERT INTO Manager (ID, Department) VALUES (258, 'Legal Department');
INSERT INTO Cleaner (ID, Shift) VALUES (658, 'evening');
INSERT INTO Manager (ID, Department) VALUES (259, 'Finances');
INSERT INTO Cleaner (ID, Shift) VALUES (659, 'morning');
INSERT INTO Manager (ID, Department) VALUES (260, 'Public Relations');
INSERT INTO Cleaner (ID, Shift) VALUES (660, 'evening');
INSERT INTO Manager (ID, Department) VALUES (261, 'Asset Management');
INSERT INTO Cleaner (ID, Shift) VALUES (661, 'evening');
INSERT INTO Cleaner (ID, Shift) VALUES (262, 'noon');
INSERT INTO Manager (ID, Department) VALUES (662, 'Asset Management');
INSERT INTO Manager (ID, Department) VALUES (263, 'Finances');
INSERT INTO Cleaner (ID, Shift) VALUES (663, 'noon');
INSERT INTO Cleaner (ID, Shift) VALUES (264, 'noon');
INSERT INTO Manager (ID, Department) VALUES (664, 'Quality Assurance');
INSERT INTO Cleaner (ID, Shift) VALUES (265, 'evening');
INSERT INTO Manager (ID, Department) VALUES (665, 'Legal Department');
INSERT INTO Manager (ID, Department) VALUES (266, 'Legal Department');
INSERT INTO Cleaner (ID, Shift) VALUES (666, 'noon');
INSERT INTO Manager (ID, Department) VALUES (267, 'Public Relations');
INSERT INTO Cleaner (ID, Shift) VALUES (667, 'morning');
INSERT INTO Manager (ID, Department) VALUES (268, 'Research and Development');
INSERT INTO Cleaner (ID, Shift) VALUES (668, 'noon');
INSERT INTO Manager (ID, Department) VALUES (269, 'Finances');
INSERT INTO Cleaner (ID, Shift) VALUES (669, 'evening');
INSERT INTO Cleaner (ID, Shift) VALUES (270, 'evening');
INSERT INTO Manager (ID, Department) VALUES (670, 'Asset Management');
INSERT INTO Cleaner (ID, Shift) VALUES (271, 'evening');
INSERT INTO Manager (ID, Department) VALUES (671, 'Asset Management');
INSERT INTO Cleaner (ID, Shift) VALUES (272, 'noon');
INSERT INTO Manager (ID, Department) VALUES (672, 'Public Relations');
INSERT INTO Cleaner (ID, Shift) VALUES (273, 'evening');
INSERT INTO Manager (ID, Department) VALUES (673, 'Finances');
INSERT INTO Cleaner (ID, Shift) VALUES (274, 'morning');
INSERT INTO Manager (ID, Department) VALUES (674, 'Asset Management');
INSERT INTO Cleaner (ID, Shift) VALUES (275, 'evening');
INSERT INTO Manager (ID, Department) VALUES (675, 'Legal Department');
INSERT INTO Manager (ID, Department) VALUES (276, 'Asset Management');
INSERT INTO Cleaner (ID, Shift) VALUES (676, 'morning');
INSERT INTO Manager (ID, Department) VALUES (277, 'Customer Service');
INSERT INTO Cleaner (ID, Shift) VALUES (677, 'morning');
INSERT INTO Manager (ID, Department) VALUES (278, 'Research and Development');
INSERT INTO Cleaner (ID, Shift) VALUES (678, 'noon');
INSERT INTO Cleaner (ID, Shift) VALUES (279, 'evening');
INSERT INTO Manager (ID, Department) VALUES (679, 'Asset Management');
INSERT INTO Manager (ID, Department) VALUES (280, 'Legal Department');
INSERT INTO Cleaner (ID, Shift) VALUES (680, 'evening');
INSERT INTO Manager (ID, Department) VALUES (281, 'Finances');
INSERT INTO Cleaner (ID, Shift) VALUES (681, 'noon');
INSERT INTO Cleaner (ID, Shift) VALUES (282, 'evening');
INSERT INTO Manager (ID, Department) VALUES (682, 'Finances');
INSERT INTO Manager (ID, Department) VALUES (283, 'Finances');
INSERT INTO Cleaner (ID, Shift) VALUES (683, 'noon');
INSERT INTO Cleaner (ID, Shift) VALUES (284, 'morning');
INSERT INTO Manager (ID, Department) VALUES (684, 'Finances');
INSERT INTO Cleaner (ID, Shift) VALUES (285, 'evening');
INSERT INTO Manager (ID, Department) VALUES (685, 'Quality Assurance');
INSERT INTO Cleaner (ID, Shift) VALUES (286, 'noon');
INSERT INTO Manager (ID, Department) VALUES (686, 'Legal Department');
INSERT INTO Manager (ID, Department) VALUES (287, 'Legal Department');
INSERT INTO Cleaner (ID, Shift) VALUES (687, 'morning');
INSERT INTO Cleaner (ID, Shift) VALUES (288, 'evening');
INSERT INTO Manager (ID, Department) VALUES (688, 'Asset Management');
INSERT INTO Manager (ID, Department) VALUES (289, 'Asset Management');
INSERT INTO Cleaner (ID, Shift) VALUES (689, 'noon');
INSERT INTO Manager (ID, Department) VALUES (290, 'Finances');
INSERT INTO Cleaner (ID, Shift) VALUES (690, 'noon');
INSERT INTO Manager (ID, Department) VALUES (291, 'Asset Management');
INSERT INTO Cleaner (ID, Shift) VALUES (691, 'noon');
INSERT INTO Cleaner (ID, Shift) VALUES (292, 'evening');
INSERT INTO Manager (ID, Department) VALUES (692, 'Asset Management');
INSERT INTO Manager (ID, Department) VALUES (293, 'Legal Department');
INSERT INTO Cleaner (ID, Shift) VALUES (693, 'noon');
INSERT INTO Cleaner (ID, Shift) VALUES (294, 'evening');
INSERT INTO Manager (ID, Department) VALUES (694, 'Public Relations');
INSERT INTO Cleaner (ID, Shift) VALUES (295, 'noon');
INSERT INTO Manager (ID, Department) VALUES (695, 'Research and Development');
INSERT INTO Cleaner (ID, Shift) VALUES (296, 'morning');
INSERT INTO Manager (ID, Department) VALUES (696, 'Legal Department');
INSERT INTO Cleaner (ID, Shift) VALUES (297, 'morning');
INSERT INTO Manager (ID, Department) VALUES (697, 'Legal Department');
INSERT INTO Cleaner (ID, Shift) VALUES (298, 'evening');
INSERT INTO Manager (ID, Department) VALUES (698, 'Research and Development');
INSERT INTO Manager (ID, Department) VALUES (299, 'Finances');
INSERT INTO Cleaner (ID, Shift) VALUES (699, 'evening');
INSERT INTO Cleaner (ID, Shift) VALUES (300, 'morning');
INSERT INTO Manager (ID, Department) VALUES (700, 'Customer Service');
INSERT INTO Cleaner (ID, Shift) VALUES (301, 'noon');
INSERT INTO Manager (ID, Department) VALUES (701, 'Finances');
INSERT INTO Cleaner (ID, Shift) VALUES (302, 'evening');
INSERT INTO Manager (ID, Department) VALUES (702, 'Customer Service');
INSERT INTO Manager (ID, Department) VALUES (303, 'Quality Assurance');
INSERT INTO Cleaner (ID, Shift) VALUES (703, 'evening');
INSERT INTO Manager (ID, Department) VALUES (304, 'Quality Assurance');
INSERT INTO Cleaner (ID, Shift) VALUES (704, 'evening');
INSERT INTO Cleaner (ID, Shift) VALUES (305, 'evening');
INSERT INTO Manager (ID, Department) VALUES (705, 'Quality Assurance');
INSERT INTO Cleaner (ID, Shift) VALUES (306, 'noon');
INSERT INTO Manager (ID, Department) VALUES (706, 'Finances');
INSERT INTO Cleaner (ID, Shift) VALUES (307, 'morning');
INSERT INTO Manager (ID, Department) VALUES (707, 'Finances');
INSERT INTO Manager (ID, Department) VALUES (308, 'Legal Department');
INSERT INTO Cleaner (ID, Shift) VALUES (708, 'noon');
INSERT INTO Manager (ID, Department) VALUES (309, 'Public Relations');
INSERT INTO Cleaner (ID, Shift) VALUES (709, 'evening');
INSERT INTO Manager (ID, Department) VALUES (310, 'Legal Department');
INSERT INTO Cleaner (ID, Shift) VALUES (710, 'evening');
INSERT INTO Cleaner (ID, Shift) VALUES (311, 'morning');
INSERT INTO Manager (ID, Department) VALUES (711, 'Asset Management');
INSERT INTO Cleaner (ID, Shift) VALUES (312, 'noon');
INSERT INTO Manager (ID, Department) VALUES (712, 'Research and Development');
INSERT INTO Manager (ID, Department) VALUES (313, 'Quality Assurance');
INSERT INTO Cleaner (ID, Shift) VALUES (713, 'evening');
INSERT INTO Manager (ID, Department) VALUES (314, 'Public Relations');
INSERT INTO Cleaner (ID, Shift) VALUES (714, 'evening');
INSERT INTO Cleaner (ID, Shift) VALUES (315, 'evening');
INSERT INTO Manager (ID, Department) VALUES (715, 'Legal Department');
INSERT INTO Cleaner (ID, Shift) VALUES (316, 'evening');
INSERT INTO Manager (ID, Department) VALUES (716, 'Legal Department');
INSERT INTO Manager (ID, Department) VALUES (317, 'Research and Development');
INSERT INTO Cleaner (ID, Shift) VALUES (717, 'noon');
INSERT INTO Cleaner (ID, Shift) VALUES (318, 'noon');
INSERT INTO Manager (ID, Department) VALUES (718, 'Public Relations');
INSERT INTO Cleaner (ID, Shift) VALUES (319, 'noon');
INSERT INTO Manager (ID, Department) VALUES (719, 'Quality Assurance');
INSERT INTO Cleaner (ID, Shift) VALUES (320, 'morning');
INSERT INTO Manager (ID, Department) VALUES (720, 'Legal Department');
INSERT INTO Manager (ID, Department) VALUES (321, 'Asset Management');
INSERT INTO Cleaner (ID, Shift) VALUES (721, 'evening');
INSERT INTO Cleaner (ID, Shift) VALUES (322, 'noon');
INSERT INTO Manager (ID, Department) VALUES (722, 'Finances');
INSERT INTO Cleaner (ID, Shift) VALUES (323, 'morning');
INSERT INTO Manager (ID, Department) VALUES (723, 'Finances');
INSERT INTO Manager (ID, Department) VALUES (324, 'Legal Department');
INSERT INTO Cleaner (ID, Shift) VALUES (724, 'morning');
INSERT INTO Cleaner (ID, Shift) VALUES (325, 'noon');
INSERT INTO Manager (ID, Department) VALUES (725, 'Legal Department');
INSERT INTO Cleaner (ID, Shift) VALUES (326, 'noon');
INSERT INTO Manager (ID, Department) VALUES (726, 'Customer Service');
INSERT INTO Manager (ID, Department) VALUES (327, 'Legal Department');
INSERT INTO Cleaner (ID, Shift) VALUES (727, 'noon');
INSERT INTO Manager (ID, Department) VALUES (328, 'Legal Department');
INSERT INTO Cleaner (ID, Shift) VALUES (728, 'evening');
INSERT INTO Manager (ID, Department) VALUES (329, 'Quality Assurance');
INSERT INTO Cleaner (ID, Shift) VALUES (729, 'evening');
INSERT INTO Cleaner (ID, Shift) VALUES (330, 'evening');
INSERT INTO Manager (ID, Department) VALUES (730, 'Asset Management');
INSERT INTO Cleaner (ID, Shift) VALUES (331, 'noon');
INSERT INTO Manager (ID, Department) VALUES (731, 'Legal Department');
INSERT INTO Cleaner (ID, Shift) VALUES (332, 'noon');
INSERT INTO Manager (ID, Department) VALUES (732, 'Research and Development');
INSERT INTO Cleaner (ID, Shift) VALUES (333, 'evening');
INSERT INTO Manager (ID, Department) VALUES (733, 'Public Relations');
INSERT INTO Manager (ID, Department) VALUES (334, 'Asset Management');
INSERT INTO Cleaner (ID, Shift) VALUES (734, 'noon');
INSERT INTO Cleaner (ID, Shift) VALUES (335, 'morning');
INSERT INTO Manager (ID, Department) VALUES (735, 'Public Relations');
INSERT INTO Manager (ID, Department) VALUES (336, 'Legal Department');
INSERT INTO Cleaner (ID, Shift) VALUES (736, 'evening');
INSERT INTO Cleaner (ID, Shift) VALUES (337, 'noon');
INSERT INTO Manager (ID, Department) VALUES (737, 'Research and Development');
INSERT INTO Manager (ID, Department) VALUES (338, 'Finances');
INSERT INTO Cleaner (ID, Shift) VALUES (738, 'morning');
INSERT INTO Manager (ID, Department) VALUES (339, 'Asset Management');
INSERT INTO Cleaner (ID, Shift) VALUES (739, 'morning');
INSERT INTO Cleaner (ID, Shift) VALUES (340, 'evening');
INSERT INTO Manager (ID, Department) VALUES (740, 'Legal Department');
INSERT INTO Manager (ID, Department) VALUES (341, 'Asset Management');
INSERT INTO Cleaner (ID, Shift) VALUES (741, 'noon');
INSERT INTO Manager (ID, Department) VALUES (342, 'Asset Management');
INSERT INTO Cleaner (ID, Shift) VALUES (742, 'morning');
INSERT INTO Manager (ID, Department) VALUES (343, 'Quality Assurance');
INSERT INTO Cleaner (ID, Shift) VALUES (743, 'noon');
INSERT INTO Manager (ID, Department) VALUES (344, 'Legal Department');
INSERT INTO Cleaner (ID, Shift) VALUES (744, 'evening');
INSERT INTO Manager (ID, Department) VALUES (345, 'Public Relations');
INSERT INTO Cleaner (ID, Shift) VALUES (745, 'evening');
INSERT INTO Manager (ID, Department) VALUES (346, 'Finances');
INSERT INTO Cleaner (ID, Shift) VALUES (746, 'evening');
INSERT INTO Manager (ID, Department) VALUES (347, 'Asset Management');
INSERT INTO Cleaner (ID, Shift) VALUES (747, 'noon');
INSERT INTO Cleaner (ID, Shift) VALUES (348, 'morning');
INSERT INTO Manager (ID, Department) VALUES (748, 'Legal Department');
INSERT INTO Manager (ID, Department) VALUES (349, 'Research and Development');
INSERT INTO Cleaner (ID, Shift) VALUES (749, 'evening');
INSERT INTO Manager (ID, Department) VALUES (350, 'Research and Development');
INSERT INTO Cleaner (ID, Shift) VALUES (750, 'morning');
INSERT INTO Manager (ID, Department) VALUES (351, 'Finances');
INSERT INTO Cleaner (ID, Shift) VALUES (751, 'evening');
INSERT INTO Manager (ID, Department) VALUES (352, 'Customer Service');
INSERT INTO Cleaner (ID, Shift) VALUES (752, 'noon');
INSERT INTO Manager (ID, Department) VALUES (353, 'Finances');
INSERT INTO Cleaner (ID, Shift) VALUES (753, 'evening');
INSERT INTO Manager (ID, Department) VALUES (354, 'Asset Management');
INSERT INTO Cleaner (ID, Shift) VALUES (754, 'noon');
INSERT INTO Cleaner (ID, Shift) VALUES (355, 'noon');
INSERT INTO Manager (ID, Department) VALUES (755, 'Finances');
INSERT INTO Manager (ID, Department) VALUES (356, 'Quality Assurance');
INSERT INTO Cleaner (ID, Shift) VALUES (756, 'noon');
INSERT INTO Manager (ID, Department) VALUES (357, 'Finances');
INSERT INTO Cleaner (ID, Shift) VALUES (757, 'noon');
INSERT INTO Cleaner (ID, Shift) VALUES (358, 'morning');
INSERT INTO Manager (ID, Department) VALUES (758, 'Finances');
INSERT INTO Manager (ID, Department) VALUES (359, 'Customer Service');
INSERT INTO Cleaner (ID, Shift) VALUES (759, 'morning');
INSERT INTO Cleaner (ID, Shift) VALUES (360, 'noon');
INSERT INTO Manager (ID, Department) VALUES (760, 'Customer Service');
INSERT INTO Cleaner (ID, Shift) VALUES (361, 'morning');
INSERT INTO Manager (ID, Department) VALUES (761, 'Customer Service');
INSERT INTO Manager (ID, Department) VALUES (362, 'Legal Department');
INSERT INTO Cleaner (ID, Shift) VALUES (762, 'evening');
INSERT INTO Cleaner (ID, Shift) VALUES (363, 'evening');
INSERT INTO Manager (ID, Department) VALUES (763, 'Asset Management');
INSERT INTO Cleaner (ID, Shift) VALUES (364, 'morning');
INSERT INTO Manager (ID, Department) VALUES (764, 'Finances');
INSERT INTO Cleaner (ID, Shift) VALUES (365, 'evening');
INSERT INTO Manager (ID, Department) VALUES (765, 'Legal Department');
INSERT INTO Manager (ID, Department) VALUES (366, 'Finances');
INSERT INTO Cleaner (ID, Shift) VALUES (766, 'evening');
INSERT INTO Cleaner (ID, Shift) VALUES (367, 'evening');
INSERT INTO Manager (ID, Department) VALUES (767, 'Customer Service');
INSERT INTO Manager (ID, Department) VALUES (368, 'Asset Management');
INSERT INTO Cleaner (ID, Shift) VALUES (768, 'evening');
INSERT INTO Manager (ID, Department) VALUES (369, 'Customer Service');
INSERT INTO Cleaner (ID, Shift) VALUES (769, 'morning');
INSERT INTO Cleaner (ID, Shift) VALUES (370, 'noon');
INSERT INTO Manager (ID, Department) VALUES (770, 'Asset Management');
INSERT INTO Manager (ID, Department) VALUES (371, 'Public Relations');
INSERT INTO Cleaner (ID, Shift) VALUES (771, 'evening');
INSERT INTO Manager (ID, Department) VALUES (372, 'Asset Management');
INSERT INTO Cleaner (ID, Shift) VALUES (772, 'morning');
INSERT INTO Cleaner (ID, Shift) VALUES (373, 'noon');
INSERT INTO Manager (ID, Department) VALUES (773, 'Public Relations');
INSERT INTO Cleaner (ID, Shift) VALUES (374, 'morning');
INSERT INTO Manager (ID, Department) VALUES (774, 'Finances');
INSERT INTO Manager (ID, Department) VALUES (375, 'Asset Management');
INSERT INTO Cleaner (ID, Shift) VALUES (775, 'noon');
INSERT INTO Cleaner (ID, Shift) VALUES (376, 'noon');
INSERT INTO Manager (ID, Department) VALUES (776, 'Finances');
INSERT INTO Manager (ID, Department) VALUES (377, 'Research and Development');
INSERT INTO Cleaner (ID, Shift) VALUES (777, 'evening');
INSERT INTO Manager (ID, Department) VALUES (378, 'Quality Assurance');
INSERT INTO Cleaner (ID, Shift) VALUES (778, 'morning');
INSERT INTO Cleaner (ID, Shift) VALUES (379, 'morning');
INSERT INTO Manager (ID, Department) VALUES (779, 'Research and Development');
INSERT INTO Cleaner (ID, Shift) VALUES (380, 'noon');
INSERT INTO Manager (ID, Department) VALUES (780, 'Asset Management');
INSERT INTO Cleaner (ID, Shift) VALUES (381, 'evening');
INSERT INTO Manager (ID, Department) VALUES (781, 'Finances');
INSERT INTO Cleaner (ID, Shift) VALUES (382, 'morning');
INSERT INTO Manager (ID, Department) VALUES (782, 'Legal Department');
INSERT INTO Manager (ID, Department) VALUES (383, 'Asset Management');
INSERT INTO Cleaner (ID, Shift) VALUES (783, 'evening');
INSERT INTO Cleaner (ID, Shift) VALUES (384, 'evening');
INSERT INTO Manager (ID, Department) VALUES (784, 'Asset Management');
INSERT INTO Manager (ID, Department) VALUES (385, 'Legal Department');
INSERT INTO Cleaner (ID, Shift) VALUES (785, 'evening');
INSERT INTO Cleaner (ID, Shift) VALUES (386, 'noon');
INSERT INTO Manager (ID, Department) VALUES (786, 'Quality Assurance');
INSERT INTO Manager (ID, Department) VALUES (387, 'Customer Service');
INSERT INTO Cleaner (ID, Shift) VALUES (787, 'noon');
INSERT INTO Cleaner (ID, Shift) VALUES (388, 'evening');
INSERT INTO Manager (ID, Department) VALUES (788, 'Legal Department');
INSERT INTO Cleaner (ID, Shift) VALUES (389, 'evening');
INSERT INTO Manager (ID, Department) VALUES (789, 'Legal Department');
INSERT INTO Manager (ID, Department) VALUES (390, 'Asset Management');
INSERT INTO Cleaner (ID, Shift) VALUES (790, 'noon');
INSERT INTO Manager (ID, Department) VALUES (391, 'Asset Management');
INSERT INTO Cleaner (ID, Shift) VALUES (791, 'noon');
INSERT INTO Manager (ID, Department) VALUES (392, 'Research and Development');
INSERT INTO Cleaner (ID, Shift) VALUES (792, 'morning');
INSERT INTO Manager (ID, Department) VALUES (393, 'Finances');
INSERT INTO Cleaner (ID, Shift) VALUES (793, 'evening');
INSERT INTO Cleaner (ID, Shift) VALUES (394, 'morning');
INSERT INTO Manager (ID, Department) VALUES (794, 'Legal Department');
INSERT INTO Manager (ID, Department) VALUES (395, 'Asset Management');
INSERT INTO Cleaner (ID, Shift) VALUES (795, 'morning');
INSERT INTO Cleaner (ID, Shift) VALUES (396, 'morning');
INSERT INTO Manager (ID, Department) VALUES (796, 'Customer Service');
INSERT INTO Cleaner (ID, Shift) VALUES (397, 'noon');
INSERT INTO Manager (ID, Department) VALUES (797, 'Legal Department');
INSERT INTO Cleaner (ID, Shift) VALUES (398, 'noon');
INSERT INTO Manager (ID, Department) VALUES (798, 'Customer Service');
INSERT INTO Cleaner (ID, Shift) VALUES (399, 'morning');
INSERT INTO Manager (ID, Department) VALUES (799, 'Finances');
INSERT INTO Manager (ID, Department) VALUES (400, 'Asset Management');
INSERT INTO Cleaner (ID, Shift) VALUES (800, 'evening');
INSERT INTO Manager (ID, Department) VALUES (401, 'Research and Development');
INSERT INTO Cleaner (ID, Shift) VALUES (801, 'noon');
INSERT INTO Cleaner (ID, Shift) VALUES (402, 'morning');
INSERT INTO Manager (ID, Department) VALUES (802, 'Customer Service');
INSERT INTO Cleaner (ID, Shift) VALUES (403, 'evening');
INSERT INTO Manager (ID, Department) VALUES (803, 'Customer Service');
INSERT INTO Manager (ID, Department) VALUES (404, 'Public Relations');
INSERT INTO Cleaner (ID, Shift) VALUES (804, 'morning');
INSERT INTO Cleaner (ID, Shift) VALUES (405, 'evening');
INSERT INTO Manager (ID, Department) VALUES (805, 'Customer Service');
INSERT INTO Cleaner (ID, Shift) VALUES (406, 'noon');
INSERT INTO Manager (ID, Department) VALUES (806, 'Legal Department');
INSERT INTO Manager (ID, Department) VALUES (407, 'Legal Department');
INSERT INTO Cleaner (ID, Shift) VALUES (807, 'evening');
INSERT INTO Cleaner (ID, Shift) VALUES (408, 'noon');
INSERT INTO Manager (ID, Department) VALUES (808, 'Customer Service');
INSERT INTO Cleaner (ID, Shift) VALUES (409, 'morning');
INSERT INTO Manager (ID, Department) VALUES (809, 'Asset Management');
INSERT INTO Manager (ID, Department) VALUES (410, 'Public Relations');
INSERT INTO Cleaner (ID, Shift) VALUES (810, 'morning');
INSERT INTO Cleaner (ID, Shift) VALUES (411, 'evening');
INSERT INTO Manager (ID, Department) VALUES (811, 'Quality Assurance');
INSERT INTO Manager (ID, Department) VALUES (412, 'Asset Management');
INSERT INTO Cleaner (ID, Shift) VALUES (812, 'morning');
INSERT INTO Cleaner (ID, Shift) VALUES (413, 'noon');
INSERT INTO Manager (ID, Department) VALUES (813, 'Public Relations');
INSERT INTO Cleaner (ID, Shift) VALUES (414, 'evening');
INSERT INTO Manager (ID, Department) VALUES (814, 'Customer Service');
INSERT INTO Manager (ID, Department) VALUES (415, 'Legal Department');
INSERT INTO Cleaner (ID, Shift) VALUES (815, 'morning');
INSERT INTO Manager (ID, Department) VALUES (416, 'Finances');
INSERT INTO Cleaner (ID, Shift) VALUES (816, 'evening');
INSERT INTO Manager (ID, Department) VALUES (417, 'Customer Service');
INSERT INTO Cleaner (ID, Shift) VALUES (817, 'noon');
INSERT INTO Manager (ID, Department) VALUES (418, 'Legal Department');
INSERT INTO Cleaner (ID, Shift) VALUES (818, 'morning');
INSERT INTO Cleaner (ID, Shift) VALUES (419, 'evening');
INSERT INTO Manager (ID, Department) VALUES (819, 'Finances');
INSERT INTO Manager (ID, Department) VALUES (420, 'Finances');
INSERT INTO Cleaner (ID, Shift) VALUES (820, 'evening');
INSERT INTO Manager (ID, Department) VALUES (421, 'Legal Department');
INSERT INTO Cleaner (ID, Shift) VALUES (821, 'morning');
INSERT INTO Manager (ID, Department) VALUES (422, 'Asset Management');
INSERT INTO Cleaner (ID, Shift) VALUES (822, 'morning');
INSERT INTO Manager (ID, Department) VALUES (423, 'Legal Department');
INSERT INTO Cleaner (ID, Shift) VALUES (823, 'morning');
INSERT INTO Cleaner (ID, Shift) VALUES (424, 'evening');
INSERT INTO Manager (ID, Department) VALUES (824, 'Public Relations');
INSERT INTO Cleaner (ID, Shift) VALUES (425, 'morning');
INSERT INTO Manager (ID, Department) VALUES (825, 'Public Relations');
INSERT INTO Cleaner (ID, Shift) VALUES (426, 'morning');
INSERT INTO Manager (ID, Department) VALUES (826, 'Research and Development');
INSERT INTO Manager (ID, Department) VALUES (427, 'Customer Service');
INSERT INTO Cleaner (ID, Shift) VALUES (827, 'noon');
INSERT INTO Manager (ID, Department) VALUES (428, 'Quality Assurance');
INSERT INTO Cleaner (ID, Shift) VALUES (828, 'evening');
INSERT INTO Manager (ID, Department) VALUES (429, 'Asset Management');
INSERT INTO Cleaner (ID, Shift) VALUES (829, 'morning');
INSERT INTO Cleaner (ID, Shift) VALUES (430, 'evening');
INSERT INTO Manager (ID, Department) VALUES (830, 'Finances');
INSERT INTO Cleaner (ID, Shift) VALUES (431, 'evening');
INSERT INTO Manager (ID, Department) VALUES (831, 'Finances');
INSERT INTO Manager (ID, Department) VALUES (432, 'Customer Service');
INSERT INTO Cleaner (ID, Shift) VALUES (832, 'evening');
INSERT INTO Manager (ID, Department) VALUES (433, 'Quality Assurance');
INSERT INTO Cleaner (ID, Shift) VALUES (833, 'noon');
INSERT INTO Manager (ID, Department) VALUES (434, 'Asset Management');
INSERT INTO Cleaner (ID, Shift) VALUES (834, 'evening');
INSERT INTO Cleaner (ID, Shift) VALUES (435, 'evening');
INSERT INTO Manager (ID, Department) VALUES (835, 'Customer Service');
INSERT INTO Cleaner (ID, Shift) VALUES (436, 'evening');
INSERT INTO Manager (ID, Department) VALUES (836, 'Quality Assurance');
INSERT INTO Manager (ID, Department) VALUES (437, 'Asset Management');
INSERT INTO Cleaner (ID, Shift) VALUES (837, 'evening');
INSERT INTO Cleaner (ID, Shift) VALUES (438, 'morning');
INSERT INTO Manager (ID, Department) VALUES (838, 'Asset Management');
INSERT INTO Manager (ID, Department) VALUES (439, 'Quality Assurance');
INSERT INTO Cleaner (ID, Shift) VALUES (839, 'morning');
INSERT INTO Manager (ID, Department) VALUES (440, 'Finances');
INSERT INTO Cleaner (ID, Shift) VALUES (840, 'evening');
INSERT INTO Manager (ID, Department) VALUES (441, 'Finances');
INSERT INTO Cleaner (ID, Shift) VALUES (841, 'noon');
INSERT INTO Manager (ID, Department) VALUES (442, 'Research and Development');
INSERT INTO Cleaner (ID, Shift) VALUES (842, 'noon');
INSERT INTO Cleaner (ID, Shift) VALUES (443, 'morning');
INSERT INTO Manager (ID, Department) VALUES (843, 'Finances');
INSERT INTO Manager (ID, Department) VALUES (444, 'Research and Development');
INSERT INTO Cleaner (ID, Shift) VALUES (844, 'evening');
INSERT INTO Manager (ID, Department) VALUES (445, 'Finances');
INSERT INTO Cleaner (ID, Shift) VALUES (845, 'evening');
INSERT INTO Cleaner (ID, Shift) VALUES (446, 'evening');
INSERT INTO Manager (ID, Department) VALUES (846, 'Finances');
INSERT INTO Manager (ID, Department) VALUES (447, 'Asset Management');
INSERT INTO Cleaner (ID, Shift) VALUES (847, 'morning');
INSERT INTO Cleaner (ID, Shift) VALUES (448, 'evening');
INSERT INTO Manager (ID, Department) VALUES (848, 'Quality Assurance');
INSERT INTO Cleaner (ID, Shift) VALUES (449, 'noon');
INSERT INTO Manager (ID, Department) VALUES (849, 'Public Relations');
INSERT INTO Manager (ID, Department) VALUES (450, 'Finances');
INSERT INTO Cleaner (ID, Shift) VALUES (850, 'morning');
INSERT INTO Manager (ID, Department) VALUES (451, 'Legal Department');
INSERT INTO Cleaner (ID, Shift) VALUES (851, 'evening');
INSERT INTO Cleaner (ID, Shift) VALUES (452, 'evening');
INSERT INTO Manager (ID, Department) VALUES (852, 'Asset Management');
INSERT INTO Manager (ID, Department) VALUES (453, 'Legal Department');
INSERT INTO Cleaner (ID, Shift) VALUES (853, 'noon');
INSERT INTO Manager (ID, Department) VALUES (454, 'Public Relations');
INSERT INTO Cleaner (ID, Shift) VALUES (854, 'noon');
INSERT INTO Manager (ID, Department) VALUES (455, 'Public Relations');
INSERT INTO Cleaner (ID, Shift) VALUES (855, 'evening');
INSERT INTO Manager (ID, Department) VALUES (456, 'Customer Service');
INSERT INTO Cleaner (ID, Shift) VALUES (856, 'morning');
INSERT INTO Manager (ID, Department) VALUES (457, 'Asset Management');
INSERT INTO Cleaner (ID, Shift) VALUES (857, 'evening');
INSERT INTO Cleaner (ID, Shift) VALUES (458, 'noon');
INSERT INTO Manager (ID, Department) VALUES (858, 'Finances');
INSERT INTO Manager (ID, Department) VALUES (459, 'Public Relations');
INSERT INTO Cleaner (ID, Shift) VALUES (859, 'noon');
INSERT INTO Manager (ID, Department) VALUES (460, 'Legal Department');
INSERT INTO Cleaner (ID, Shift) VALUES (860, 'noon');
INSERT INTO Cleaner (ID, Shift) VALUES (461, 'noon');
INSERT INTO Manager (ID, Department) VALUES (861, 'Finances');
INSERT INTO Cleaner (ID, Shift) VALUES (462, 'evening');
INSERT INTO Manager (ID, Department) VALUES (862, 'Public Relations');
INSERT INTO Cleaner (ID, Shift) VALUES (463, 'evening');
INSERT INTO Manager (ID, Department) VALUES (863, 'Asset Management');
INSERT INTO Cleaner (ID, Shift) VALUES (464, 'morning');
INSERT INTO Manager (ID, Department) VALUES (864, 'Legal Department');
INSERT INTO Cleaner (ID, Shift) VALUES (465, 'noon');
INSERT INTO Manager (ID, Department) VALUES (865, 'Legal Department');
INSERT INTO Manager (ID, Department) VALUES (466, 'Finances');
INSERT INTO Cleaner (ID, Shift) VALUES (866, 'noon');
INSERT INTO Cleaner (ID, Shift) VALUES (467, 'evening');
INSERT INTO Manager (ID, Department) VALUES (867, 'Customer Service');
INSERT INTO Cleaner (ID, Shift) VALUES (468, 'morning');
INSERT INTO Manager (ID, Department) VALUES (868, 'Research and Development');
INSERT INTO Manager (ID, Department) VALUES (469, 'Finances');
INSERT INTO Cleaner (ID, Shift) VALUES (869, 'evening');
INSERT INTO Cleaner (ID, Shift) VALUES (470, 'evening');
INSERT INTO Manager (ID, Department) VALUES (870, 'Public Relations');
INSERT INTO Manager (ID, Department) VALUES (471, 'Legal Department');
INSERT INTO Cleaner (ID, Shift) VALUES (871, 'noon');
INSERT INTO Manager (ID, Department) VALUES (472, 'Asset Management');
INSERT INTO Cleaner (ID, Shift) VALUES (872, 'evening');
INSERT INTO Manager (ID, Department) VALUES (473, 'Customer Service');
INSERT INTO Cleaner (ID, Shift) VALUES (873, 'noon');
INSERT INTO Manager (ID, Department) VALUES (474, 'Legal Department');
INSERT INTO Cleaner (ID, Shift) VALUES (874, 'morning');
INSERT INTO Cleaner (ID, Shift) VALUES (475, 'morning');
INSERT INTO Manager (ID, Department) VALUES (875, 'Finances');
INSERT INTO Manager (ID, Department) VALUES (476, 'Quality Assurance');
INSERT INTO Cleaner (ID, Shift) VALUES (876, 'evening');
INSERT INTO Manager (ID, Department) VALUES (477, 'Quality Assurance');
INSERT INTO Cleaner (ID, Shift) VALUES (877, 'noon');
INSERT INTO Manager (ID, Department) VALUES (478, 'Finances');
INSERT INTO Cleaner (ID, Shift) VALUES (878, 'noon');
INSERT INTO Manager (ID, Department) VALUES (479, 'Finances');
INSERT INTO Cleaner (ID, Shift) VALUES (879, 'morning');
INSERT INTO Cleaner (ID, Shift) VALUES (480, 'evening');
INSERT INTO Manager (ID, Department) VALUES (880, 'Research and Development');
INSERT INTO Cleaner (ID, Shift) VALUES (481, 'morning');
INSERT INTO Manager (ID, Department) VALUES (881, 'Public Relations');
INSERT INTO Manager (ID, Department) VALUES (482, 'Finances');
INSERT INTO Cleaner (ID, Shift) VALUES (882, 'evening');
INSERT INTO Manager (ID, Department) VALUES (483, 'Public Relations');
INSERT INTO Cleaner (ID, Shift) VALUES (883, 'noon');
INSERT INTO Cleaner (ID, Shift) VALUES (484, 'evening');
INSERT INTO Manager (ID, Department) VALUES (884, 'Finances');
INSERT INTO Manager (ID, Department) VALUES (485, 'Legal Department');
INSERT INTO Cleaner (ID, Shift) VALUES (885, 'morning');
INSERT INTO Cleaner (ID, Shift) VALUES (486, 'morning');
INSERT INTO Manager (ID, Department) VALUES (886, 'Asset Management');
INSERT INTO Manager (ID, Department) VALUES (487, 'Public Relations');
INSERT INTO Cleaner (ID, Shift) VALUES (887, 'evening');
INSERT INTO Manager (ID, Department) VALUES (488, 'Finances');
INSERT INTO Cleaner (ID, Shift) VALUES (888, 'noon');
INSERT INTO Manager (ID, Department) VALUES (489, 'Finances');
INSERT INTO Cleaner (ID, Shift) VALUES (889, 'morning');
INSERT INTO Cleaner (ID, Shift) VALUES (490, 'evening');
INSERT INTO Manager (ID, Department) VALUES (890, 'Customer Service');
INSERT INTO Manager (ID, Department) VALUES (491, 'Asset Management');
INSERT INTO Cleaner (ID, Shift) VALUES (891, 'morning');
INSERT INTO Cleaner (ID, Shift) VALUES (492, 'morning');
INSERT INTO Manager (ID, Department) VALUES (892, 'Quality Assurance');
INSERT INTO Manager (ID, Department) VALUES (493, 'Customer Service');
INSERT INTO Cleaner (ID, Shift) VALUES (893, 'morning');
INSERT INTO Cleaner (ID, Shift) VALUES (494, 'morning');
INSERT INTO Manager (ID, Department) VALUES (894, 'Finances');
INSERT INTO Cleaner (ID, Shift) VALUES (495, 'morning');
INSERT INTO Manager (ID, Department) VALUES (895, 'Asset Management');
INSERT INTO Cleaner (ID, Shift) VALUES (496, 'evening');
INSERT INTO Manager (ID, Department) VALUES (896, 'Quality Assurance');
INSERT INTO Cleaner (ID, Shift) VALUES (497, 'morning');
INSERT INTO Manager (ID, Department) VALUES (897, 'Legal Department');
INSERT INTO Cleaner (ID, Shift) VALUES (498, 'noon');
INSERT INTO Manager (ID, Department) VALUES (898, 'Customer Service');
INSERT INTO Cleaner (ID, Shift) VALUES (499, 'noon');
INSERT INTO Manager (ID, Department) VALUES (899, 'Legal Department');
INSERT INTO Manager (ID, Department) VALUES (500, 'Legal Department');
INSERT INTO Cleaner (ID, Shift) VALUES (900, 'morning');
INSERT INTO Cleaner (ID, Shift) VALUES (501, 'evening');
INSERT INTO Manager (ID, Department) VALUES (901, 'Asset Management');
INSERT INTO Manager (ID, Department) VALUES (502, 'Customer Service');
INSERT INTO Cleaner (ID, Shift) VALUES (902, 'morning');
INSERT INTO Cleaner (ID, Shift) VALUES (503, 'evening');
INSERT INTO Manager (ID, Department) VALUES (903, 'Quality Assurance');
INSERT INTO Cleaner (ID, Shift) VALUES (504, 'noon');
INSERT INTO Manager (ID, Department) VALUES (904, 'Finances');
INSERT INTO Manager (ID, Department) VALUES (505, 'Public Relations');
INSERT INTO Cleaner (ID, Shift) VALUES (905, 'evening');
INSERT INTO Cleaner (ID, Shift) VALUES (506, 'morning');
INSERT INTO Manager (ID, Department) VALUES (906, 'Quality Assurance');
INSERT INTO Cleaner (ID, Shift) VALUES (507, 'noon');
INSERT INTO Manager (ID, Department) VALUES (907, 'Quality Assurance');
INSERT INTO Cleaner (ID, Shift) VALUES (508, 'morning');
INSERT INTO Manager (ID, Department) VALUES (908, 'Research and Development');
INSERT INTO Cleaner (ID, Shift) VALUES (509, 'morning');
INSERT INTO Manager (ID, Department) VALUES (909, 'Quality Assurance');
INSERT INTO Cleaner (ID, Shift) VALUES (510, 'evening');
INSERT INTO Manager (ID, Department) VALUES (910, 'Asset Management');
INSERT INTO Cleaner (ID, Shift) VALUES (511, 'evening');
INSERT INTO Manager (ID, Department) VALUES (911, 'Quality Assurance');
INSERT INTO Cleaner (ID, Shift) VALUES (512, 'noon');
INSERT INTO Manager (ID, Department) VALUES (912, 'Research and Development');
INSERT INTO Cleaner (ID, Shift) VALUES (513, 'noon');
INSERT INTO Manager (ID, Department) VALUES (913, 'Quality Assurance');
INSERT INTO Cleaner (ID, Shift) VALUES (514, 'evening');
INSERT INTO Manager (ID, Department) VALUES (914, 'Quality Assurance');
INSERT INTO Manager (ID, Department) VALUES (515, 'Quality Assurance');
INSERT INTO Cleaner (ID, Shift) VALUES (915, 'evening');
INSERT INTO Cleaner (ID, Shift) VALUES (516, 'morning');
INSERT INTO Manager (ID, Department) VALUES (916, 'Quality Assurance');
INSERT INTO Manager (ID, Department) VALUES (517, 'Public Relations');
INSERT INTO Cleaner (ID, Shift) VALUES (917, 'morning');
INSERT INTO Manager (ID, Department) VALUES (518, 'Asset Management');
INSERT INTO Cleaner (ID, Shift) VALUES (918, 'morning');
INSERT INTO Cleaner (ID, Shift) VALUES (519, 'morning');
INSERT INTO Manager (ID, Department) VALUES (919, 'Customer Service');
INSERT INTO Manager (ID, Department) VALUES (520, 'Quality Assurance');
INSERT INTO Cleaner (ID, Shift) VALUES (920, 'noon');
INSERT INTO Cleaner (ID, Shift) VALUES (521, 'morning');
INSERT INTO Manager (ID, Department) VALUES (921, 'Public Relations');
INSERT INTO Manager (ID, Department) VALUES (522, 'Customer Service');
INSERT INTO Cleaner (ID, Shift) VALUES (922, 'morning');
INSERT INTO Manager (ID, Department) VALUES (523, 'Finances');
INSERT INTO Cleaner (ID, Shift) VALUES (923, 'noon');
INSERT INTO Manager (ID, Department) VALUES (524, 'Finances');
INSERT INTO Cleaner (ID, Shift) VALUES (924, 'morning');
INSERT INTO Cleaner (ID, Shift) VALUES (525, 'evening');
INSERT INTO Manager (ID, Department) VALUES (925, 'Asset Management');
INSERT INTO Cleaner (ID, Shift) VALUES (526, 'noon');
INSERT INTO Manager (ID, Department) VALUES (926, 'Quality Assurance');
INSERT INTO Cleaner (ID, Shift) VALUES (527, 'evening');
INSERT INTO Manager (ID, Department) VALUES (927, 'Public Relations');
INSERT INTO Cleaner (ID, Shift) VALUES (528, 'morning');
INSERT INTO Manager (ID, Department) VALUES (928, 'Customer Service');
INSERT INTO Manager (ID, Department) VALUES (529, 'Finances');
INSERT INTO Cleaner (ID, Shift) VALUES (929, 'morning');
INSERT INTO Manager (ID, Department) VALUES (530, 'Asset Management');
INSERT INTO Cleaner (ID, Shift) VALUES (930, 'noon');
INSERT INTO Manager (ID, Department) VALUES (531, 'Customer Service');
INSERT INTO Cleaner (ID, Shift) VALUES (931, 'noon');
INSERT INTO Manager (ID, Department) VALUES (532, 'Quality Assurance');
INSERT INTO Cleaner (ID, Shift) VALUES (932, 'evening');
INSERT INTO Cleaner (ID, Shift) VALUES (533, 'noon');
INSERT INTO Manager (ID, Department) VALUES (933, 'Legal Department');
INSERT INTO Cleaner (ID, Shift) VALUES (534, 'morning');
INSERT INTO Manager (ID, Department) VALUES (934, 'Finances');
INSERT INTO Cleaner (ID, Shift) VALUES (535, 'morning');
INSERT INTO Manager (ID, Department) VALUES (935, 'Quality Assurance');
INSERT INTO Cleaner (ID, Shift) VALUES (536, 'morning');
INSERT INTO Manager (ID, Department) VALUES (936, 'Research and Development');
INSERT INTO Manager (ID, Department) VALUES (537, 'Customer Service');
INSERT INTO Cleaner (ID, Shift) VALUES (937, 'evening');
INSERT INTO Manager (ID, Department) VALUES (538, 'Legal Department');
INSERT INTO Cleaner (ID, Shift) VALUES (938, 'evening');
INSERT INTO Manager (ID, Department) VALUES (539, 'Asset Management');
INSERT INTO Cleaner (ID, Shift) VALUES (939, 'morning');
INSERT INTO Cleaner (ID, Shift) VALUES (540, 'evening');
INSERT INTO Manager (ID, Department) VALUES (940, 'Asset Management');
INSERT INTO Cleaner (ID, Shift) VALUES (541, 'evening');
INSERT INTO Manager (ID, Department) VALUES (941, 'Finances');
INSERT INTO Cleaner (ID, Shift) VALUES (542, 'noon');
INSERT INTO Manager (ID, Department) VALUES (942, 'Legal Department');
INSERT INTO Cleaner (ID, Shift) VALUES (543, 'morning');
INSERT INTO Manager (ID, Department) VALUES (943, 'Asset Management');
INSERT INTO Manager (ID, Department) VALUES (544, 'Finances');
INSERT INTO Cleaner (ID, Shift) VALUES (944, 'noon');
INSERT INTO Manager (ID, Department) VALUES (545, 'Research and Development');
INSERT INTO Cleaner (ID, Shift) VALUES (945, 'morning');
INSERT INTO Manager (ID, Department) VALUES (546, 'Finances');
INSERT INTO Cleaner (ID, Shift) VALUES (946, 'noon');
INSERT INTO Cleaner (ID, Shift) VALUES (547, 'noon');
INSERT INTO Manager (ID, Department) VALUES (947, 'Research and Development');
INSERT INTO Manager (ID, Department) VALUES (548, 'Asset Management');
INSERT INTO Cleaner (ID, Shift) VALUES (948, 'noon');
INSERT INTO Manager (ID, Department) VALUES (549, 'Quality Assurance');
INSERT INTO Cleaner (ID, Shift) VALUES (949, 'noon');
INSERT INTO Cleaner (ID, Shift) VALUES (550, 'noon');
INSERT INTO Manager (ID, Department) VALUES (950, 'Quality Assurance');
INSERT INTO Cleaner (ID, Shift) VALUES (551, 'noon');
INSERT INTO Manager (ID, Department) VALUES (951, 'Research and Development');
INSERT INTO Manager (ID, Department) VALUES (552, 'Asset Management');
INSERT INTO Cleaner (ID, Shift) VALUES (952, 'noon');
INSERT INTO Cleaner (ID, Shift) VALUES (553, 'evening');
INSERT INTO Manager (ID, Department) VALUES (953, 'Quality Assurance');
INSERT INTO Manager (ID, Department) VALUES (554, 'Legal Department');
INSERT INTO Cleaner (ID, Shift) VALUES (954, 'noon');
INSERT INTO Manager (ID, Department) VALUES (555, 'Research and Development');
INSERT INTO Cleaner (ID, Shift) VALUES (955, 'evening');
INSERT INTO Manager (ID, Department) VALUES (556, 'Quality Assurance');
INSERT INTO Cleaner (ID, Shift) VALUES (956, 'morning');
INSERT INTO Manager (ID, Department) VALUES (557, 'Research and Development');
INSERT INTO Cleaner (ID, Shift) VALUES (957, 'morning');
INSERT INTO Manager (ID, Department) VALUES (558, 'Finances');
INSERT INTO Cleaner (ID, Shift) VALUES (958, 'noon');
INSERT INTO Manager (ID, Department) VALUES (559, 'Customer Service');
INSERT INTO Cleaner (ID, Shift) VALUES (959, 'noon');
INSERT INTO Cleaner (ID, Shift) VALUES (560, 'morning');
INSERT INTO Manager (ID, Department) VALUES (960, 'Legal Department');
INSERT INTO Manager (ID, Department) VALUES (561, 'Customer Service');
INSERT INTO Cleaner (ID, Shift) VALUES (961, 'morning');
INSERT INTO Cleaner (ID, Shift) VALUES (562, 'noon');
INSERT INTO Manager (ID, Department) VALUES (962, 'Quality Assurance');
INSERT INTO Cleaner (ID, Shift) VALUES (563, 'morning');
INSERT INTO Manager (ID, Department) VALUES (963, 'Customer Service');
INSERT INTO Cleaner (ID, Shift) VALUES (564, 'morning');
INSERT INTO Manager (ID, Department) VALUES (964, 'Research and Development');
INSERT INTO Cleaner (ID, Shift) VALUES (565, 'morning');
INSERT INTO Manager (ID, Department) VALUES (965, 'Legal Department');
INSERT INTO Cleaner (ID, Shift) VALUES (566, 'evening');
INSERT INTO Manager (ID, Department) VALUES (966, 'Asset Management');
INSERT INTO Manager (ID, Department) VALUES (567, 'Finances');
INSERT INTO Cleaner (ID, Shift) VALUES (967, 'noon');
INSERT INTO Manager (ID, Department) VALUES (568, 'Quality Assurance');
INSERT INTO Cleaner (ID, Shift) VALUES (968, 'morning');
INSERT INTO Manager (ID, Department) VALUES (569, 'Legal Department');
INSERT INTO Cleaner (ID, Shift) VALUES (969, 'noon');
INSERT INTO Cleaner (ID, Shift) VALUES (570, 'morning');
INSERT INTO Manager (ID, Department) VALUES (970, 'Finances');
INSERT INTO Manager (ID, Department) VALUES (571, 'Asset Management');
INSERT INTO Cleaner (ID, Shift) VALUES (971, 'evening');
INSERT INTO Manager (ID, Department) VALUES (572, 'Research and Development');
INSERT INTO Cleaner (ID, Shift) VALUES (972, 'evening');
INSERT INTO Manager (ID, Department) VALUES (573, 'Public Relations');
INSERT INTO Cleaner (ID, Shift) VALUES (973, 'evening');
INSERT INTO Manager (ID, Department) VALUES (574, 'Quality Assurance');
INSERT INTO Cleaner (ID, Shift) VALUES (974, 'noon');
INSERT INTO Cleaner (ID, Shift) VALUES (575, 'evening');
INSERT INTO Manager (ID, Department) VALUES (975, 'Finances');
INSERT INTO Manager (ID, Department) VALUES (576, 'Legal Department');
INSERT INTO Cleaner (ID, Shift) VALUES (976, 'morning');
INSERT INTO Manager (ID, Department) VALUES (577, 'Legal Department');
INSERT INTO Cleaner (ID, Shift) VALUES (977, 'noon');
INSERT INTO Cleaner (ID, Shift) VALUES (578, 'morning');
INSERT INTO Manager (ID, Department) VALUES (978, 'Quality Assurance');
INSERT INTO Manager (ID, Department) VALUES (579, 'Customer Service');
INSERT INTO Cleaner (ID, Shift) VALUES (979, 'evening');
INSERT INTO Manager (ID, Department) VALUES (580, 'Legal Department');
INSERT INTO Cleaner (ID, Shift) VALUES (980, 'evening');
INSERT INTO Cleaner (ID, Shift) VALUES (581, 'noon');
INSERT INTO Manager (ID, Department) VALUES (981, 'Finances');
INSERT INTO Cleaner (ID, Shift) VALUES (582, 'noon');
INSERT INTO Manager (ID, Department) VALUES (982, 'Legal Department');
INSERT INTO Manager (ID, Department) VALUES (583, 'Finances');
INSERT INTO Cleaner (ID, Shift) VALUES (983, 'noon');
INSERT INTO Manager (ID, Department) VALUES (584, 'Asset Management');
INSERT INTO Cleaner (ID, Shift) VALUES (984, 'noon');
INSERT INTO Manager (ID, Department) VALUES (585, 'Finances');
INSERT INTO Cleaner (ID, Shift) VALUES (985, 'evening');
INSERT INTO Manager (ID, Department) VALUES (586, 'Legal Department');
INSERT INTO Cleaner (ID, Shift) VALUES (986, 'noon');
INSERT INTO Manager (ID, Department) VALUES (587, 'Quality Assurance');
INSERT INTO Cleaner (ID, Shift) VALUES (987, 'morning');
INSERT INTO Cleaner (ID, Shift) VALUES (588, 'morning');
INSERT INTO Manager (ID, Department) VALUES (988, 'Asset Management');
INSERT INTO Cleaner (ID, Shift) VALUES (589, 'noon');
INSERT INTO Manager (ID, Department) VALUES (989, 'Legal Department');
INSERT INTO Cleaner (ID, Shift) VALUES (590, 'noon');
INSERT INTO Manager (ID, Department) VALUES (990, 'Customer Service');
INSERT INTO Manager (ID, Department) VALUES (591, 'Legal Department');
INSERT INTO Cleaner (ID, Shift) VALUES (991, 'noon');
INSERT INTO Manager (ID, Department) VALUES (592, 'Research and Development');
INSERT INTO Cleaner (ID, Shift) VALUES (992, 'noon');
INSERT INTO Manager (ID, Department) VALUES (593, 'Finances');
INSERT INTO Cleaner (ID, Shift) VALUES (993, 'noon');
INSERT INTO Manager (ID, Department) VALUES (594, 'Public Relations');
INSERT INTO Cleaner (ID, Shift) VALUES (994, 'morning');
INSERT INTO Cleaner (ID, Shift) VALUES (595, 'noon');
INSERT INTO Manager (ID, Department) VALUES (995, 'Customer Service');
INSERT INTO Manager (ID, Department) VALUES (596, 'Customer Service');
INSERT INTO Cleaner (ID, Shift) VALUES (996, 'noon');
INSERT INTO Manager (ID, Department) VALUES (597, 'Finances');
INSERT INTO Cleaner (ID, Shift) VALUES (997, 'noon');
INSERT INTO Cleaner (ID, Shift) VALUES (598, 'evening');
INSERT INTO Manager (ID, Department) VALUES (998, 'Legal Department');
INSERT INTO Manager (ID, Department) VALUES (599, 'Legal Department');
INSERT INTO Cleaner (ID, Shift) VALUES (999, 'morning');
INSERT INTO Cleaner (ID, Shift) VALUES (600, 'evening');
INSERT INTO Manager (ID, Department) VALUES (1000, 'Asset Management');
INSERT INTO Manager (ID, Department) VALUES (601, 'Legal Department');
INSERT INTO Cleaner (ID, Shift) VALUES (1001, 'morning');
INSERT INTO Manager (ID, Department) VALUES (602, 'Finances');
INSERT INTO Cleaner (ID, Shift) VALUES (1002, 'noon');
INSERT INTO Manager (ID, Department) VALUES (603, 'Quality Assurance');
INSERT INTO Cleaner (ID, Shift) VALUES (1003, 'morning');
INSERT INTO Cleaner (ID, Shift) VALUES (604, 'morning');
INSERT INTO Manager (ID, Department) VALUES (1004, 'Research and Development');
INSERT INTO Cleaner (ID, Shift) VALUES (605, 'evening');
INSERT INTO Manager (ID, Department) VALUES (1005, 'Public Relations');
INSERT INTO Manager (ID, Department) VALUES (606, 'Legal Department');
INSERT INTO Cleaner (ID, Shift) VALUES (1006, 'evening');
INSERT INTO Cleaner (ID, Shift) VALUES (607, 'evening');
INSERT INTO Manager (ID, Department) VALUES (1007, 'Asset Management');
INSERT INTO Manager (ID, Department) VALUES (608, 'Finances');
INSERT INTO Cleaner (ID, Shift) VALUES (1008, 'noon');
INSERT INTO Cleaner (ID, Shift) VALUES (609, 'noon');
INSERT INTO Manager (ID, Department) VALUES (1009, 'Legal Department');
INSERT INTO Manager (ID, Department) VALUES (610, 'Finances');
INSERT INTO Cleaner (ID, Shift) VALUES (1010, 'noon');
INSERT INTO Manager (ID, Department) VALUES (611, 'Legal Department');
INSERT INTO Cleaner (ID, Shift) VALUES (1011, 'morning');
INSERT INTO Cleaner (ID, Shift) VALUES (612, 'evening');
INSERT INTO Manager (ID, Department) VALUES (1012, 'Legal Department');
INSERT INTO Cleaner (ID, Shift) VALUES (613, 'morning');
INSERT INTO Manager (ID, Department) VALUES (1013, 'Finances');
INSERT INTO Manager (ID, Department) VALUES (614, 'Asset Management');
INSERT INTO Cleaner (ID, Shift) VALUES (1014, 'noon');
INSERT INTO Cleaner (ID, Shift) VALUES (615, 'evening');
INSERT INTO Manager (ID, Department) VALUES (1015, 'Finances');
INSERT INTO Manager (ID, Department) VALUES (616, 'Finances');
INSERT INTO Cleaner (ID, Shift) VALUES (1016, 'evening');
INSERT INTO Manager (ID, Department) VALUES (617, 'Finances');
INSERT INTO Cleaner (ID, Shift) VALUES (1017, 'morning');
INSERT INTO Manager (ID, Department) VALUES (618, 'Legal Department');
INSERT INTO Cleaner (ID, Shift) VALUES (1018, 'morning');
INSERT INTO Cleaner (ID, Shift) VALUES (619, 'noon');
INSERT INTO Manager (ID, Department) VALUES (1019, 'Asset Management');
INSERT INTO Cleaner (ID, Shift) VALUES (620, 'noon');
INSERT INTO Manager (ID, Department) VALUES (1020, 'Legal Department');
INSERT INTO Cleaner (ID, Shift) VALUES (621, 'noon');
INSERT INTO Manager (ID, Department) VALUES (1021, 'Legal Department');
INSERT INTO Manager (ID, Department) VALUES (622, 'Legal Department');
INSERT INTO Cleaner (ID, Shift) VALUES (1022, 'morning');
INSERT INTO Cleaner (ID, Shift) VALUES (623, 'noon');
INSERT INTO Manager (ID, Department) VALUES (1023, 'Research and Development');
INSERT INTO Cleaner (ID, Shift) VALUES (624, 'morning');
INSERT INTO Manager (ID, Department) VALUES (1024, 'Asset Management');
INSERT INTO Cleaner (ID, Shift) VALUES (625, 'morning');
INSERT INTO Manager (ID, Department) VALUES (1025, 'Asset Management');
INSERT INTO Cleaner (ID, Shift) VALUES (626, 'noon');
INSERT INTO Manager (ID, Department) VALUES (1026, 'Legal Department');
INSERT INTO Cleaner (ID, Shift) VALUES (627, 'evening');
INSERT INTO Manager (ID, Department) VALUES (1027, 'Finances');
INSERT INTO Cleaner (ID, Shift) VALUES (628, 'noon');
INSERT INTO Manager (ID, Department) VALUES (1028, 'Asset Management');
INSERT INTO Cleaner (ID, Shift) VALUES (629, 'evening');
INSERT INTO Manager (ID, Department) VALUES (1029, 'Asset Management');
INSERT INTO Cleaner (ID, Shift) VALUES (630, 'noon');
INSERT INTO Manager (ID, Department) VALUES (1030, 'Finances');
INSERT INTO Manager (ID, Department) VALUES (631, 'Customer Service');
INSERT INTO Cleaner (ID, Shift) VALUES (1031, 'morning');
INSERT INTO Manager (ID, Department) VALUES (632, 'Asset Management');
INSERT INTO Cleaner (ID, Shift) VALUES (1032, 'noon');
INSERT INTO Cleaner (ID, Shift) VALUES (633, 'morning');
INSERT INTO Manager (ID, Department) VALUES (1033, 'Public Relations');
INSERT INTO Manager (ID, Department) VALUES (634, 'Finances');
INSERT INTO Cleaner (ID, Shift) VALUES (1034, 'noon');
INSERT INTO Manager (ID, Department) VALUES (635, 'Legal Department');
INSERT INTO Cleaner (ID, Shift) VALUES (1035, 'noon');
INSERT INTO Manager (ID, Department) VALUES (636, 'Quality Assurance');
INSERT INTO Cleaner (ID, Shift) VALUES (1036, 'noon');
INSERT INTO Manager (ID, Department) VALUES (637, 'Legal Department');
INSERT INTO Cleaner (ID, Shift) VALUES (1037, 'noon');
INSERT INTO Manager (ID, Department) VALUES (638, 'Asset Management');
INSERT INTO Cleaner (ID, Shift) VALUES (1038, 'morning');
INSERT INTO Cleaner (ID, Shift) VALUES (639, 'morning');
INSERT INTO Manager (ID, Department) VALUES (1039, 'Public Relations');
INSERT INTO Cleaner (ID, Shift) VALUES (640, 'evening');
INSERT INTO Manager (ID, Department) VALUES (1040, 'Quality Assurance');
INSERT INTO Manager (ID, Department) VALUES (641, 'Public Relations');
INSERT INTO Cleaner (ID, Shift) VALUES (1041, 'noon');
INSERT INTO Cleaner (ID, Shift) VALUES (642, 'morning');
INSERT INTO Manager (ID, Department) VALUES (1042, 'Finances');
INSERT INTO Manager (ID, Department) VALUES (643, 'Legal Department');
INSERT INTO Cleaner (ID, Shift) VALUES (1043, 'noon');
INSERT INTO Manager (ID, Department) VALUES (644, 'Asset Management');
INSERT INTO Cleaner (ID, Shift) VALUES (1044, 'morning');
INSERT INTO Manager (ID, Department) VALUES (645, 'Customer Service');
INSERT INTO Cleaner (ID, Shift) VALUES (1045, 'evening');
INSERT INTO Manager (ID, Department) VALUES (646, 'Customer Service');
INSERT INTO Cleaner (ID, Shift) VALUES (1046, 'noon');
INSERT INTO Cleaner (ID, Shift) VALUES (647, 'morning');
INSERT INTO Manager (ID, Department) VALUES (1047, 'Legal Department');
INSERT INTO Manager (ID, Department) VALUES (648, 'Research and Development');
INSERT INTO Cleaner (ID, Shift) VALUES (1048, 'noon');
INSERT INTO Manager (ID, Department) VALUES (649, 'Customer Service');
INSERT INTO Cleaner (ID, Shift) VALUES (1049, 'evening');
INSERT INTO Manager (ID, Department) VALUES (650, 'Customer Service');
INSERT INTO Cleaner (ID, Shift) VALUES (1050, 'noon');
INSERT INTO Cleaner (ID, Shift) VALUES (651, 'evening');
INSERT INTO Manager (ID, Department) VALUES (1051, 'Quality Assurance');
INSERT INTO Manager (ID, Department) VALUES (652, 'Finances');
INSERT INTO Cleaner (ID, Shift) VALUES (1052, 'evening');
INSERT INTO Cleaner (ID, Shift) VALUES (653, 'morning');
INSERT INTO Manager (ID, Department) VALUES (1053, 'Research and Development');
INSERT INTO Manager (ID, Department) VALUES (654, 'Quality Assurance');
INSERT INTO Cleaner (ID, Shift) VALUES (1054, 'morning');
INSERT INTO Cleaner (ID, Shift) VALUES (655, 'noon');
INSERT INTO Manager (ID, Department) VALUES (1055, 'Finances');
INSERT INTO Manager (ID, Department) VALUES (656, 'Legal Department');
INSERT INTO Cleaner (ID, Shift) VALUES (1056, 'morning');
INSERT INTO Cleaner (ID, Shift) VALUES (657, 'noon');
INSERT INTO Manager (ID, Department) VALUES (1057, 'Asset Management');
INSERT INTO Manager (ID, Department) VALUES (658, 'Asset Management');
INSERT INTO Cleaner (ID, Shift) VALUES (1058, 'morning');
INSERT INTO Cleaner (ID, Shift) VALUES (659, 'morning');
INSERT INTO Manager (ID, Department) VALUES (1059, 'Asset Management');
INSERT INTO Cleaner (ID, Shift) VALUES (660, 'evening');
INSERT INTO Manager (ID, Department) VALUES (1060, 'Research and Development');
INSERT INTO Manager (ID, Department) VALUES (661, 'Finances');
INSERT INTO Cleaner (ID, Shift) VALUES (1061, 'evening');
INSERT INTO Cleaner (ID, Shift) VALUES (662, 'noon');
INSERT INTO Manager (ID, Department) VALUES (1062, 'Research and Development');
INSERT INTO Cleaner (ID, Shift) VALUES (663, 'noon');
INSERT INTO Manager (ID, Department) VALUES (1063, 'Legal Department');
INSERT INTO Cleaner (ID, Shift) VALUES (664, 'morning');
INSERT INTO Manager (ID, Department) VALUES (1064, 'Legal Department');
INSERT INTO Manager (ID, Department) VALUES (665, 'Finances');
INSERT INTO Cleaner (ID, Shift) VALUES (1065, 'noon');
INSERT INTO Manager (ID, Department) VALUES (666, 'Research and Development');
INSERT INTO Cleaner (ID, Shift) VALUES (1066, 'morning');
INSERT INTO Cleaner (ID, Shift) VALUES (667, 'morning');
INSERT INTO Manager (ID, Department) VALUES (1067, 'Customer Service');
INSERT INTO Manager (ID, Department) VALUES (668, 'Quality Assurance');
INSERT INTO Cleaner (ID, Shift) VALUES (1068, 'morning');
INSERT INTO Cleaner (ID, Shift) VALUES (669, 'evening');
INSERT INTO Manager (ID, Department) VALUES (1069, 'Customer Service');
INSERT INTO Cleaner (ID, Shift) VALUES (670, 'morning');
INSERT INTO Manager (ID, Department) VALUES (1070, 'Asset Management');
INSERT INTO Cleaner (ID, Shift) VALUES (671, 'evening');
INSERT INTO Manager (ID, Department) VALUES (1071, 'Asset Management');
INSERT INTO Manager (ID, Department) VALUES (672, 'Legal Department');
INSERT INTO Cleaner (ID, Shift) VALUES (1072, 'evening');
INSERT INTO Cleaner (ID, Shift) VALUES (673, 'morning');
INSERT INTO Manager (ID, Department) VALUES (1073, 'Asset Management');
INSERT INTO Cleaner (ID, Shift) VALUES (674, 'evening');
INSERT INTO Manager (ID, Department) VALUES (1074, 'Asset Management');
INSERT INTO Manager (ID, Department) VALUES (675, 'Asset Management');
INSERT INTO Cleaner (ID, Shift) VALUES (1075, 'evening');
INSERT INTO Manager (ID, Department) VALUES (676, 'Asset Management');
INSERT INTO Cleaner (ID, Shift) VALUES (1076, 'evening');
INSERT INTO Cleaner (ID, Shift) VALUES (677, 'noon');
INSERT INTO Manager (ID, Department) VALUES (1077, 'Finances');
INSERT INTO Manager (ID, Department) VALUES (678, 'Customer Service');
INSERT INTO Cleaner (ID, Shift) VALUES (1078, 'morning');
INSERT INTO Cleaner (ID, Shift) VALUES (679, 'noon');
INSERT INTO Manager (ID, Department) VALUES (1079, 'Public Relations');
INSERT INTO Cleaner (ID, Shift) VALUES (680, 'noon');
INSERT INTO Manager (ID, Department) VALUES (1080, 'Finances');
INSERT INTO Manager (ID, Department) VALUES (681, 'Public Relations');
INSERT INTO Cleaner (ID, Shift) VALUES (1081, 'evening');
INSERT INTO Manager (ID, Department) VALUES (682, 'Public Relations');
INSERT INTO Cleaner (ID, Shift) VALUES (1082, 'evening');
INSERT INTO Cleaner (ID, Shift) VALUES (683, 'noon');
INSERT INTO Manager (ID, Department) VALUES (1083, 'Asset Management');
INSERT INTO Manager (ID, Department) VALUES (684, 'Asset Management');
INSERT INTO Cleaner (ID, Shift) VALUES (1084, 'noon');
INSERT INTO Cleaner (ID, Shift) VALUES (685, 'evening');
INSERT INTO Manager (ID, Department) VALUES (1085, 'Asset Management');
INSERT INTO Manager (ID, Department) VALUES (686, 'Research and Development');
INSERT INTO Cleaner (ID, Shift) VALUES (1086, 'evening');
INSERT INTO Manager (ID, Department) VALUES (687, 'Customer Service');
INSERT INTO Cleaner (ID, Shift) VALUES (1087, 'evening');
INSERT INTO Manager (ID, Department) VALUES (688, 'Quality Assurance');
INSERT INTO Cleaner (ID, Shift) VALUES (1088, 'morning');
INSERT INTO Manager (ID, Department) VALUES (689, 'Legal Department');
INSERT INTO Cleaner (ID, Shift) VALUES (1089, 'noon');
INSERT INTO Cleaner (ID, Shift) VALUES (690, 'morning');
INSERT INTO Manager (ID, Department) VALUES (1090, 'Public Relations');
INSERT INTO Manager (ID, Department) VALUES (691, 'Public Relations');
INSERT INTO Cleaner (ID, Shift) VALUES (1091, 'noon');
INSERT INTO Manager (ID, Department) VALUES (692, 'Legal Department');
INSERT INTO Cleaner (ID, Shift) VALUES (1092, 'noon');
INSERT INTO Manager (ID, Department) VALUES (693, 'Public Relations');
INSERT INTO Cleaner (ID, Shift) VALUES (1093, 'morning');
INSERT INTO Manager (ID, Department) VALUES (694, 'Legal Department');
INSERT INTO Cleaner (ID, Shift) VALUES (1094, 'morning');
INSERT INTO Manager (ID, Department) VALUES (695, 'Public Relations');
INSERT INTO Cleaner (ID, Shift) VALUES (1095, 'noon');
INSERT INTO Cleaner (ID, Shift) VALUES (696, 'morning');
INSERT INTO Manager (ID, Department) VALUES (1096, 'Legal Department');
INSERT INTO Cleaner (ID, Shift) VALUES (697, 'morning');
INSERT INTO Manager (ID, Department) VALUES (1097, 'Asset Management');
INSERT INTO Manager (ID, Department) VALUES (698, 'Quality Assurance');
INSERT INTO Cleaner (ID, Shift) VALUES (1098, 'evening');
INSERT INTO Manager (ID, Department) VALUES (699, 'Customer Service');
INSERT INTO Cleaner (ID, Shift) VALUES (1099, 'noon');
INSERT INTO Cleaner (ID, Shift) VALUES (700, 'evening');
INSERT INTO Manager (ID, Department) VALUES (1100, 'Asset Management');
INSERT INTO Cleaner (ID, Shift) VALUES (701, 'evening');
INSERT INTO Manager (ID, Department) VALUES (1101, 'Asset Management');
INSERT INTO Manager (ID, Department) VALUES (702, 'Finances');
INSERT INTO Cleaner (ID, Shift) VALUES (1102, 'evening');
INSERT INTO Manager (ID, Department) VALUES (703, 'Finances');
INSERT INTO Cleaner (ID, Shift) VALUES (1103, 'evening');
INSERT INTO Cleaner (ID, Shift) VALUES (704, 'noon');
INSERT INTO Manager (ID, Department) VALUES (1104, 'Quality Assurance');
INSERT INTO Cleaner (ID, Shift) VALUES (705, 'noon');
INSERT INTO Manager (ID, Department) VALUES (1105, 'Finances');
INSERT INTO Cleaner (ID, Shift) VALUES (706, 'morning');
INSERT INTO Manager (ID, Department) VALUES (1106, 'Asset Management');
INSERT INTO Manager (ID, Department) VALUES (707, 'Finances');
INSERT INTO Cleaner (ID, Shift) VALUES (1107, 'morning');
INSERT INTO Cleaner (ID, Shift) VALUES (708, 'noon');
INSERT INTO Manager (ID, Department) VALUES (1108, 'Asset Management');
INSERT INTO Manager (ID, Department) VALUES (709, 'Asset Management');
INSERT INTO Cleaner (ID, Shift) VALUES (1109, 'noon');
INSERT INTO Manager (ID, Department) VALUES (710, 'Asset Management');
INSERT INTO Cleaner (ID, Shift) VALUES (1110, 'noon');
INSERT INTO Manager (ID, Department) VALUES (711, 'Customer Service');
INSERT INTO Cleaner (ID, Shift) VALUES (1111, 'morning');
INSERT INTO Manager (ID, Department) VALUES (712, 'Finances');
INSERT INTO Cleaner (ID, Shift) VALUES (1112, 'noon');
INSERT INTO Manager (ID, Department) VALUES (713, 'Legal Department');
INSERT INTO Cleaner (ID, Shift) VALUES (1113, 'evening');
INSERT INTO Cleaner (ID, Shift) VALUES (714, 'morning');
INSERT INTO Manager (ID, Department) VALUES (1114, 'Asset Management');
INSERT INTO Cleaner (ID, Shift) VALUES (715, 'evening');
INSERT INTO Manager (ID, Department) VALUES (1115, 'Quality Assurance');
INSERT INTO Cleaner (ID, Shift) VALUES (716, 'morning');
INSERT INTO Manager (ID, Department) VALUES (1116, 'Asset Management');
INSERT INTO Manager (ID, Department) VALUES (717, 'Asset Management');
INSERT INTO Cleaner (ID, Shift) VALUES (1117, 'morning');
INSERT INTO Cleaner (ID, Shift) VALUES (718, 'noon');
INSERT INTO Manager (ID, Department) VALUES (1118, 'Legal Department');
INSERT INTO Cleaner (ID, Shift) VALUES (719, 'evening');
INSERT INTO Manager (ID, Department) VALUES (1119, 'Asset Management');
INSERT INTO Manager (ID, Department) VALUES (720, 'Research and Development');
INSERT INTO Cleaner (ID, Shift) VALUES (1120, 'evening');
INSERT INTO Cleaner (ID, Shift) VALUES (721, 'morning');
INSERT INTO Manager (ID, Department) VALUES (1121, 'Legal Department');
INSERT INTO Cleaner (ID, Shift) VALUES (722, 'morning');
INSERT INTO Manager (ID, Department) VALUES (1122, 'Customer Service');
INSERT INTO Cleaner (ID, Shift) VALUES (723, 'evening');
INSERT INTO Manager (ID, Department) VALUES (1123, 'Finances');
INSERT INTO Cleaner (ID, Shift) VALUES (724, 'noon');
INSERT INTO Manager (ID, Department) VALUES (1124, 'Legal Department');
INSERT INTO Cleaner (ID, Shift) VALUES (725, 'morning');
INSERT INTO Manager (ID, Department) VALUES (1125, 'Research and Development');
INSERT INTO Cleaner (ID, Shift) VALUES (726, 'evening');
INSERT INTO Manager (ID, Department) VALUES (1126, 'Quality Assurance');
INSERT INTO Cleaner (ID, Shift) VALUES (727, 'noon');
INSERT INTO Manager (ID, Department) VALUES (1127, 'Asset Management');
INSERT INTO Manager (ID, Department) VALUES (728, 'Finances');
INSERT INTO Cleaner (ID, Shift) VALUES (1128, 'noon');
INSERT INTO Cleaner (ID, Shift) VALUES (729, 'evening');
INSERT INTO Manager (ID, Department) VALUES (1129, 'Finances');
INSERT INTO Cleaner (ID, Shift) VALUES (730, 'evening');
INSERT INTO Manager (ID, Department) VALUES (1130, 'Legal Department');
INSERT INTO Cleaner (ID, Shift) VALUES (731, 'morning');
INSERT INTO Manager (ID, Department) VALUES (1131, 'Research and Development');
INSERT INTO Cleaner (ID, Shift) VALUES (732, 'noon');
INSERT INTO Manager (ID, Department) VALUES (1132, 'Research and Development');
INSERT INTO Manager (ID, Department) VALUES (733, 'Asset Management');
INSERT INTO Cleaner (ID, Shift) VALUES (1133, 'noon');
INSERT INTO Manager (ID, Department) VALUES (734, 'Asset Management');
INSERT INTO Cleaner (ID, Shift) VALUES (1134, 'noon');
INSERT INTO Cleaner (ID, Shift) VALUES (735, 'evening');
INSERT INTO Manager (ID, Department) VALUES (1135, 'Legal Department');
INSERT INTO Cleaner (ID, Shift) VALUES (736, 'noon');
INSERT INTO Manager (ID, Department) VALUES (1136, 'Quality Assurance');
INSERT INTO Cleaner (ID, Shift) VALUES (737, 'morning');
INSERT INTO Manager (ID, Department) VALUES (1137, 'Asset Management');
INSERT INTO Manager (ID, Department) VALUES (738, 'Customer Service');
INSERT INTO Cleaner (ID, Shift) VALUES (1138, 'evening');
INSERT INTO Manager (ID, Department) VALUES (739, 'Research and Development');
INSERT INTO Cleaner (ID, Shift) VALUES (1139, 'evening');
INSERT INTO Cleaner (ID, Shift) VALUES (740, 'evening');
INSERT INTO Manager (ID, Department) VALUES (1140, 'Legal Department');
INSERT INTO Manager (ID, Department) VALUES (741, 'Asset Management');
INSERT INTO Cleaner (ID, Shift) VALUES (1141, 'morning');
INSERT INTO Cleaner (ID, Shift) VALUES (742, 'evening');
INSERT INTO Manager (ID, Department) VALUES (1142, 'Asset Management');
INSERT INTO Manager (ID, Department) VALUES (743, 'Finances');
INSERT INTO Cleaner (ID, Shift) VALUES (1143, 'noon');
INSERT INTO Manager (ID, Department) VALUES (744, 'Legal Department');
INSERT INTO Cleaner (ID, Shift) VALUES (1144, 'evening');
INSERT INTO Manager (ID, Department) VALUES (745, 'Research and Development');
INSERT INTO Cleaner (ID, Shift) VALUES (1145, 'morning');
INSERT INTO Cleaner (ID, Shift) VALUES (746, 'noon');
INSERT INTO Manager (ID, Department) VALUES (1146, 'Finances');
INSERT INTO Cleaner (ID, Shift) VALUES (747, 'evening');
INSERT INTO Manager (ID, Department) VALUES (1147, 'Finances');
INSERT INTO Cleaner (ID, Shift) VALUES (748, 'morning');
INSERT INTO Manager (ID, Department) VALUES (1148, 'Finances');
INSERT INTO Manager (ID, Department) VALUES (749, 'Asset Management');
INSERT INTO Cleaner (ID, Shift) VALUES (1149, 'noon');
INSERT INTO Manager (ID, Department) VALUES (750, 'Asset Management');
INSERT INTO Cleaner (ID, Shift) VALUES (1150, 'evening');
INSERT INTO Manager (ID, Department) VALUES (751, 'Finances');
INSERT INTO Cleaner (ID, Shift) VALUES (1151, 'evening');
INSERT INTO Cleaner (ID, Shift) VALUES (752, 'noon');
INSERT INTO Manager (ID, Department) VALUES (1152, 'Finances');
INSERT INTO Manager (ID, Department) VALUES (753, 'Legal Department');
INSERT INTO Cleaner (ID, Shift) VALUES (1153, 'morning');
INSERT INTO Cleaner (ID, Shift) VALUES (754, 'morning');
INSERT INTO Manager (ID, Department) VALUES (1154, 'Quality Assurance');
INSERT INTO Manager (ID, Department) VALUES (755, 'Customer Service');
INSERT INTO Cleaner (ID, Shift) VALUES (1155, 'noon');
INSERT INTO Cleaner (ID, Shift) VALUES (756, 'evening');
INSERT INTO Manager (ID, Department) VALUES (1156, 'Finances');
INSERT INTO Manager (ID, Department) VALUES (757, 'Quality Assurance');
INSERT INTO Cleaner (ID, Shift) VALUES (1157, 'morning');
INSERT INTO Cleaner (ID, Shift) VALUES (758, 'morning');
INSERT INTO Manager (ID, Department) VALUES (1158, 'Asset Management');
INSERT INTO Cleaner (ID, Shift) VALUES (759, 'noon');
INSERT INTO Manager (ID, Department) VALUES (1159, 'Research and Development');
INSERT INTO Manager (ID, Department) VALUES (760, 'Asset Management');
INSERT INTO Cleaner (ID, Shift) VALUES (1160, 'noon');
INSERT INTO Cleaner (ID, Shift) VALUES (761, 'noon');
INSERT INTO Manager (ID, Department) VALUES (1161, 'Asset Management');
INSERT INTO Cleaner (ID, Shift) VALUES (762, 'morning');
INSERT INTO Manager (ID, Department) VALUES (1162, 'Legal Department');
INSERT INTO Cleaner (ID, Shift) VALUES (763, 'noon');
INSERT INTO Manager (ID, Department) VALUES (1163, 'Quality Assurance');
INSERT INTO Cleaner (ID, Shift) VALUES (764, 'morning');
INSERT INTO Manager (ID, Department) VALUES (1164, 'Research and Development');
INSERT INTO Cleaner (ID, Shift) VALUES (765, 'evening');
INSERT INTO Manager (ID, Department) VALUES (1165, 'Finances');
INSERT INTO Cleaner (ID, Shift) VALUES (766, 'morning');
INSERT INTO Manager (ID, Department) VALUES (1166, 'Quality Assurance');
INSERT INTO Manager (ID, Department) VALUES (767, 'Finances');
INSERT INTO Cleaner (ID, Shift) VALUES (1167, 'noon');
INSERT INTO Manager (ID, Department) VALUES (768, 'Asset Management');
INSERT INTO Cleaner (ID, Shift) VALUES (1168, 'morning');
INSERT INTO Manager (ID, Department) VALUES (769, 'Quality Assurance');
INSERT INTO Cleaner (ID, Shift) VALUES (1169, 'morning');
INSERT INTO Manager (ID, Department) VALUES (770, 'Quality Assurance');
INSERT INTO Cleaner (ID, Shift) VALUES (1170, 'morning');
INSERT INTO Cleaner (ID, Shift) VALUES (771, 'evening');
INSERT INTO Manager (ID, Department) VALUES (1171, 'Finances');
INSERT INTO Cleaner (ID, Shift) VALUES (772, 'noon');
INSERT INTO Manager (ID, Department) VALUES (1172, 'Finances');
INSERT INTO Manager (ID, Department) VALUES (773, 'Legal Department');
INSERT INTO Cleaner (ID, Shift) VALUES (1173, 'morning');
INSERT INTO Manager (ID, Department) VALUES (774, 'Legal Department');
INSERT INTO Cleaner (ID, Shift) VALUES (1174, 'evening');
INSERT INTO Manager (ID, Department) VALUES (775, 'Finances');
INSERT INTO Cleaner (ID, Shift) VALUES (1175, 'evening');
INSERT INTO Manager (ID, Department) VALUES (776, 'Finances');
INSERT INTO Cleaner (ID, Shift) VALUES (1176, 'noon');
INSERT INTO Cleaner (ID, Shift) VALUES (777, 'morning');
INSERT INTO Manager (ID, Department) VALUES (1177, 'Asset Management');
INSERT INTO Cleaner (ID, Shift) VALUES (778, 'noon');
INSERT INTO Manager (ID, Department) VALUES (1178, 'Legal Department');
INSERT INTO Cleaner (ID, Shift) VALUES (779, 'morning');
INSERT INTO Manager (ID, Department) VALUES (1179, 'Finances');
INSERT INTO Cleaner (ID, Shift) VALUES (780, 'morning');
INSERT INTO Manager (ID, Department) VALUES (1180, 'Asset Management');
INSERT INTO Manager (ID, Department) VALUES (781, 'Public Relations');
INSERT INTO Cleaner (ID, Shift) VALUES (1181, 'noon');
INSERT INTO Cleaner (ID, Shift) VALUES (782, 'evening');
INSERT INTO Manager (ID, Department) VALUES (1182, 'Customer Service');
INSERT INTO Cleaner (ID, Shift) VALUES (783, 'morning');
INSERT INTO Manager (ID, Department) VALUES (1183, 'Customer Service');
INSERT INTO Cleaner (ID, Shift) VALUES (784, 'noon');
INSERT INTO Manager (ID, Department) VALUES (1184, 'Public Relations');
INSERT INTO Cleaner (ID, Shift) VALUES (785, 'evening');
INSERT INTO Manager (ID, Department) VALUES (1185, 'Asset Management');
INSERT INTO Cleaner (ID, Shift) VALUES (786, 'evening');
INSERT INTO Manager (ID, Department) VALUES (1186, 'Asset Management');
INSERT INTO Manager (ID, Department) VALUES (787, 'Finances');
INSERT INTO Cleaner (ID, Shift) VALUES (1187, 'morning');
INSERT INTO Manager (ID, Department) VALUES (788, 'Finances');
INSERT INTO Cleaner (ID, Shift) VALUES (1188, 'noon');
INSERT INTO Manager (ID, Department) VALUES (789, 'Legal Department');
INSERT INTO Cleaner (ID, Shift) VALUES (1189, 'morning');
INSERT INTO Cleaner (ID, Shift) VALUES (790, 'evening');
INSERT INTO Manager (ID, Department) VALUES (1190, 'Public Relations');
INSERT INTO Cleaner (ID, Shift) VALUES (791, 'noon');
INSERT INTO Manager (ID, Department) VALUES (1191, 'Customer Service');
INSERT INTO Manager (ID, Department) VALUES (792, 'Quality Assurance');
INSERT INTO Cleaner (ID, Shift) VALUES (1192, 'noon');
INSERT INTO Manager (ID, Department) VALUES (793, 'Customer Service');
INSERT INTO Cleaner (ID, Shift) VALUES (1193, 'noon');
INSERT INTO Cleaner (ID, Shift) VALUES (794, 'evening');
INSERT INTO Manager (ID, Department) VALUES (1194, 'Asset Management');
INSERT INTO Manager (ID, Department) VALUES (795, 'Finances');
INSERT INTO Cleaner (ID, Shift) VALUES (1195, 'noon');
INSERT INTO Manager (ID, Department) VALUES (796, 'Asset Management');
INSERT INTO Cleaner (ID, Shift) VALUES (1196, 'noon');
INSERT INTO Manager (ID, Department) VALUES (797, 'Finances');
INSERT INTO Cleaner (ID, Shift) VALUES (1197, 'noon');
INSERT INTO Cleaner (ID, Shift) VALUES (798, 'noon');
INSERT INTO Manager (ID, Department) VALUES (1198, 'Legal Department');
INSERT INTO Manager (ID, Department) VALUES (799, 'Research and Development');
INSERT INTO Cleaner (ID, Shift) VALUES (1199, 'evening');
INSERT INTO Manager (ID, Department) VALUES (800, 'Finances');
INSERT INTO Cleaner (ID, Shift) VALUES (1200, 'morning');