USE Lev_MPDB;
INSERT INTO Building (BuildingID) VALUES (1);
INSERT INTO Room (RoomID, BuildingID, MaxCapacity) VALUES (1, 1, 5);
INSERT INTO Room (RoomID, BuildingID, MaxCapacity) VALUES (2, 1, 7);
INSERT INTO Building (BuildingID) VALUES (2);
INSERT INTO Room (RoomID, BuildingID, MaxCapacity) VALUES (1, 2, 5);
INSERT INTO Room (RoomID, BuildingID, MaxCapacity) VALUES (2, 2, 7);
INSERT INTO Building (BuildingID) VALUES (3);
INSERT INTO Room (RoomID, BuildingID, MaxCapacity) VALUES (1, 3, 5);
INSERT INTO Room (RoomID, BuildingID, MaxCapacity) VALUES (2, 3, 5);
INSERT INTO Building (BuildingID) VALUES (4);
INSERT INTO Room (RoomID, BuildingID, MaxCapacity) VALUES (1, 4, 4);
INSERT INTO Room (RoomID, BuildingID, MaxCapacity) VALUES (2, 4, 5);
INSERT INTO Building (BuildingID) VALUES (5);
INSERT INTO Room (RoomID, BuildingID, MaxCapacity) VALUES (1, 5, 4);
INSERT INTO Room (RoomID, BuildingID, MaxCapacity) VALUES (2, 5, 8);
INSERT INTO Building (BuildingID) VALUES (6);
INSERT INTO Room (RoomID, BuildingID, MaxCapacity) VALUES (1, 6, 5);
INSERT INTO Room (RoomID, BuildingID, MaxCapacity) VALUES (2, 6, 6);
INSERT INTO Building (BuildingID) VALUES (7);
INSERT INTO Room (RoomID, BuildingID, MaxCapacity) VALUES (1, 7, 5);
INSERT INTO Room (RoomID, BuildingID, MaxCapacity) VALUES (2, 7, 6);
INSERT INTO Building (BuildingID) VALUES (8);
INSERT INTO Room (RoomID, BuildingID, MaxCapacity) VALUES (1, 8, 5);
INSERT INTO Room (RoomID, BuildingID, MaxCapacity) VALUES (2, 8, 6);
INSERT INTO Building (BuildingID) VALUES (9);
INSERT INTO Room (RoomID, BuildingID, MaxCapacity) VALUES (1, 9, 8);
INSERT INTO Room (RoomID, BuildingID, MaxCapacity) VALUES (2, 9, 6);
INSERT INTO Building (BuildingID) VALUES (10);
INSERT INTO Room (RoomID, BuildingID, MaxCapacity) VALUES (1, 10, 7);
INSERT INTO Room (RoomID, BuildingID, MaxCapacity) VALUES (2, 10, 5);
INSERT INTO Building (BuildingID) VALUES (11);
INSERT INTO Room (RoomID, BuildingID, MaxCapacity) VALUES (1, 11, 7);
INSERT INTO Room (RoomID, BuildingID, MaxCapacity) VALUES (2, 11, 5);
INSERT INTO Building (BuildingID) VALUES (12);
INSERT INTO Room (RoomID, BuildingID, MaxCapacity) VALUES (1, 12, 4);
INSERT INTO Room (RoomID, BuildingID, MaxCapacity) VALUES (2, 12, 6);
INSERT INTO Building (BuildingID) VALUES (13);
INSERT INTO Room (RoomID, BuildingID, MaxCapacity) VALUES (1, 13, 5);
INSERT INTO Room (RoomID, BuildingID, MaxCapacity) VALUES (2, 13, 7);
INSERT INTO Building (BuildingID) VALUES (14);
INSERT INTO Room (RoomID, BuildingID, MaxCapacity) VALUES (1, 14, 8);
INSERT INTO Room (RoomID, BuildingID, MaxCapacity) VALUES (2, 14, 7);
INSERT INTO Building (BuildingID) VALUES (15);
INSERT INTO Room (RoomID, BuildingID, MaxCapacity) VALUES (1, 15, 8);
INSERT INTO Room (RoomID, BuildingID, MaxCapacity) VALUES (2, 15, 5);
INSERT INTO Building (BuildingID) VALUES (16);
INSERT INTO Room (RoomID, BuildingID, MaxCapacity) VALUES (1, 16, 7);
INSERT INTO Room (RoomID, BuildingID, MaxCapacity) VALUES (2, 16, 4);
INSERT INTO Building (BuildingID) VALUES (17);
INSERT INTO Room (RoomID, BuildingID, MaxCapacity) VALUES (1, 17, 8);
INSERT INTO Room (RoomID, BuildingID, MaxCapacity) VALUES (2, 17, 5);
INSERT INTO Building (BuildingID) VALUES (18);
INSERT INTO Room (RoomID, BuildingID, MaxCapacity) VALUES (1, 18, 7);
INSERT INTO Room (RoomID, BuildingID, MaxCapacity) VALUES (2, 18, 8);
INSERT INTO Building (BuildingID) VALUES (19);
INSERT INTO Room (RoomID, BuildingID, MaxCapacity) VALUES (1, 19, 5);
INSERT INTO Room (RoomID, BuildingID, MaxCapacity) VALUES (2, 19, 5);
INSERT INTO Building (BuildingID) VALUES (20);
INSERT INTO Room (RoomID, BuildingID, MaxCapacity) VALUES (1, 20, 4);
INSERT INTO Room (RoomID, BuildingID, MaxCapacity) VALUES (2, 20, 5);
INSERT INTO Building (BuildingID) VALUES (21);
INSERT INTO Room (RoomID, BuildingID, MaxCapacity) VALUES (1, 21, 7);
INSERT INTO Room (RoomID, BuildingID, MaxCapacity) VALUES (2, 21, 8);
INSERT INTO Building (BuildingID) VALUES (22);
INSERT INTO Room (RoomID, BuildingID, MaxCapacity) VALUES (1, 22, 4);
INSERT INTO Room (RoomID, BuildingID, MaxCapacity) VALUES (2, 22, 7);
INSERT INTO Building (BuildingID) VALUES (23);
INSERT INTO Room (RoomID, BuildingID, MaxCapacity) VALUES (1, 23, 7);
INSERT INTO Room (RoomID, BuildingID, MaxCapacity) VALUES (2, 23, 8);
INSERT INTO Building (BuildingID) VALUES (24);
INSERT INTO Room (RoomID, BuildingID, MaxCapacity) VALUES (1, 24, 8);
INSERT INTO Room (RoomID, BuildingID, MaxCapacity) VALUES (2, 24, 6);
INSERT INTO Building (BuildingID) VALUES (25);
INSERT INTO Room (RoomID, BuildingID, MaxCapacity) VALUES (1, 25, 5);
INSERT INTO Room (RoomID, BuildingID, MaxCapacity) VALUES (2, 25, 4);
INSERT INTO Building (BuildingID) VALUES (26);
INSERT INTO Room (RoomID, BuildingID, MaxCapacity) VALUES (1, 26, 8);
INSERT INTO Room (RoomID, BuildingID, MaxCapacity) VALUES (2, 26, 7);
INSERT INTO Building (BuildingID) VALUES (27);
INSERT INTO Room (RoomID, BuildingID, MaxCapacity) VALUES (1, 27, 8);
INSERT INTO Room (RoomID, BuildingID, MaxCapacity) VALUES (2, 27, 5);
INSERT INTO Building (BuildingID) VALUES (28);
INSERT INTO Room (RoomID, BuildingID, MaxCapacity) VALUES (1, 28, 8);
INSERT INTO Room (RoomID, BuildingID, MaxCapacity) VALUES (2, 28, 4);
INSERT INTO Building (BuildingID) VALUES (29);
INSERT INTO Room (RoomID, BuildingID, MaxCapacity) VALUES (1, 29, 7);
INSERT INTO Room (RoomID, BuildingID, MaxCapacity) VALUES (2, 29, 5);
INSERT INTO Building (BuildingID) VALUES (30);
INSERT INTO Room (RoomID, BuildingID, MaxCapacity) VALUES (1, 30, 6);
INSERT INTO Room (RoomID, BuildingID, MaxCapacity) VALUES (2, 30, 7);
INSERT INTO Building (BuildingID) VALUES (31);
INSERT INTO Room (RoomID, BuildingID, MaxCapacity) VALUES (1, 31, 7);
INSERT INTO Room (RoomID, BuildingID, MaxCapacity) VALUES (2, 31, 8);
INSERT INTO Building (BuildingID) VALUES (32);
INSERT INTO Room (RoomID, BuildingID, MaxCapacity) VALUES (1, 32, 4);
INSERT INTO Room (RoomID, BuildingID, MaxCapacity) VALUES (2, 32, 7);
INSERT INTO Building (BuildingID) VALUES (33);
INSERT INTO Room (RoomID, BuildingID, MaxCapacity) VALUES (1, 33, 6);
INSERT INTO Room (RoomID, BuildingID, MaxCapacity) VALUES (2, 33, 5);
INSERT INTO Building (BuildingID) VALUES (34);
INSERT INTO Room (RoomID, BuildingID, MaxCapacity) VALUES (1, 34, 8);
INSERT INTO Room (RoomID, BuildingID, MaxCapacity) VALUES (2, 34, 8);
INSERT INTO Building (BuildingID) VALUES (35);
INSERT INTO Room (RoomID, BuildingID, MaxCapacity) VALUES (1, 35, 8);
INSERT INTO Room (RoomID, BuildingID, MaxCapacity) VALUES (2, 35, 4);
INSERT INTO Building (BuildingID) VALUES (36);
INSERT INTO Room (RoomID, BuildingID, MaxCapacity) VALUES (1, 36, 4);
INSERT INTO Room (RoomID, BuildingID, MaxCapacity) VALUES (2, 36, 8);
INSERT INTO Building (BuildingID) VALUES (37);
INSERT INTO Room (RoomID, BuildingID, MaxCapacity) VALUES (1, 37, 7);
INSERT INTO Room (RoomID, BuildingID, MaxCapacity) VALUES (2, 37, 6);
INSERT INTO Building (BuildingID) VALUES (38);
INSERT INTO Room (RoomID, BuildingID, MaxCapacity) VALUES (1, 38, 4);
INSERT INTO Room (RoomID, BuildingID, MaxCapacity) VALUES (2, 38, 6);
INSERT INTO Building (BuildingID) VALUES (39);
INSERT INTO Room (RoomID, BuildingID, MaxCapacity) VALUES (1, 39, 5);
INSERT INTO Room (RoomID, BuildingID, MaxCapacity) VALUES (2, 39, 6);
INSERT INTO Building (BuildingID) VALUES (40);
INSERT INTO Room (RoomID, BuildingID, MaxCapacity) VALUES (1, 40, 4);
INSERT INTO Room (RoomID, BuildingID, MaxCapacity) VALUES (2, 40, 8);
INSERT INTO Building (BuildingID) VALUES (41);
INSERT INTO Room (RoomID, BuildingID, MaxCapacity) VALUES (1, 41, 5);
INSERT INTO Room (RoomID, BuildingID, MaxCapacity) VALUES (2, 41, 6);
INSERT INTO Building (BuildingID) VALUES (42);
INSERT INTO Room (RoomID, BuildingID, MaxCapacity) VALUES (1, 42, 4);
INSERT INTO Room (RoomID, BuildingID, MaxCapacity) VALUES (2, 42, 4);
INSERT INTO Building (BuildingID) VALUES (43);
INSERT INTO Room (RoomID, BuildingID, MaxCapacity) VALUES (1, 43, 8);
INSERT INTO Room (RoomID, BuildingID, MaxCapacity) VALUES (2, 43, 8);
INSERT INTO Building (BuildingID) VALUES (44);
INSERT INTO Room (RoomID, BuildingID, MaxCapacity) VALUES (1, 44, 8);
INSERT INTO Room (RoomID, BuildingID, MaxCapacity) VALUES (2, 44, 5);
INSERT INTO Building (BuildingID) VALUES (45);
INSERT INTO Room (RoomID, BuildingID, MaxCapacity) VALUES (1, 45, 5);
INSERT INTO Room (RoomID, BuildingID, MaxCapacity) VALUES (2, 45, 7);
INSERT INTO Building (BuildingID) VALUES (46);
INSERT INTO Room (RoomID, BuildingID, MaxCapacity) VALUES (1, 46, 6);
INSERT INTO Room (RoomID, BuildingID, MaxCapacity) VALUES (2, 46, 8);
INSERT INTO Building (BuildingID) VALUES (47);
INSERT INTO Room (RoomID, BuildingID, MaxCapacity) VALUES (1, 47, 6);
INSERT INTO Room (RoomID, BuildingID, MaxCapacity) VALUES (2, 47, 4);
INSERT INTO Building (BuildingID) VALUES (48);
INSERT INTO Room (RoomID, BuildingID, MaxCapacity) VALUES (1, 48, 4);
INSERT INTO Room (RoomID, BuildingID, MaxCapacity) VALUES (2, 48, 7);
INSERT INTO Building (BuildingID) VALUES (49);
INSERT INTO Room (RoomID, BuildingID, MaxCapacity) VALUES (1, 49, 8);
INSERT INTO Room (RoomID, BuildingID, MaxCapacity) VALUES (2, 49, 5);
INSERT INTO Building (BuildingID) VALUES (50);
INSERT INTO Room (RoomID, BuildingID, MaxCapacity) VALUES (1, 50, 8);
INSERT INTO Room (RoomID, BuildingID, MaxCapacity) VALUES (2, 50, 7);
INSERT INTO Building (BuildingID) VALUES (51);
INSERT INTO Room (RoomID, BuildingID, MaxCapacity) VALUES (1, 51, 8);
INSERT INTO Room (RoomID, BuildingID, MaxCapacity) VALUES (2, 51, 4);
INSERT INTO Building (BuildingID) VALUES (52);
INSERT INTO Room (RoomID, BuildingID, MaxCapacity) VALUES (1, 52, 4);
INSERT INTO Room (RoomID, BuildingID, MaxCapacity) VALUES (2, 52, 4);
INSERT INTO Building (BuildingID) VALUES (53);
INSERT INTO Room (RoomID, BuildingID, MaxCapacity) VALUES (1, 53, 8);
INSERT INTO Room (RoomID, BuildingID, MaxCapacity) VALUES (2, 53, 7);
INSERT INTO Building (BuildingID) VALUES (54);
INSERT INTO Room (RoomID, BuildingID, MaxCapacity) VALUES (1, 54, 6);
INSERT INTO Room (RoomID, BuildingID, MaxCapacity) VALUES (2, 54, 6);
INSERT INTO Building (BuildingID) VALUES (55);
INSERT INTO Room (RoomID, BuildingID, MaxCapacity) VALUES (1, 55, 7);
INSERT INTO Room (RoomID, BuildingID, MaxCapacity) VALUES (2, 55, 8);
INSERT INTO Building (BuildingID) VALUES (56);
INSERT INTO Room (RoomID, BuildingID, MaxCapacity) VALUES (1, 56, 8);
INSERT INTO Room (RoomID, BuildingID, MaxCapacity) VALUES (2, 56, 7);
INSERT INTO Building (BuildingID) VALUES (57);
INSERT INTO Room (RoomID, BuildingID, MaxCapacity) VALUES (1, 57, 4);
INSERT INTO Room (RoomID, BuildingID, MaxCapacity) VALUES (2, 57, 8);
INSERT INTO Building (BuildingID) VALUES (58);
INSERT INTO Room (RoomID, BuildingID, MaxCapacity) VALUES (1, 58, 8);
INSERT INTO Room (RoomID, BuildingID, MaxCapacity) VALUES (2, 58, 5);
INSERT INTO Building (BuildingID) VALUES (59);
INSERT INTO Room (RoomID, BuildingID, MaxCapacity) VALUES (1, 59, 6);
INSERT INTO Room (RoomID, BuildingID, MaxCapacity) VALUES (2, 59, 4);
INSERT INTO Building (BuildingID) VALUES (60);
INSERT INTO Room (RoomID, BuildingID, MaxCapacity) VALUES (1, 60, 5);
INSERT INTO Room (RoomID, BuildingID, MaxCapacity) VALUES (2, 60, 6);
INSERT INTO Building (BuildingID) VALUES (61);
INSERT INTO Room (RoomID, BuildingID, MaxCapacity) VALUES (1, 61, 8);
INSERT INTO Room (RoomID, BuildingID, MaxCapacity) VALUES (2, 61, 7);
INSERT INTO Building (BuildingID) VALUES (62);
INSERT INTO Room (RoomID, BuildingID, MaxCapacity) VALUES (1, 62, 4);
INSERT INTO Room (RoomID, BuildingID, MaxCapacity) VALUES (2, 62, 5);
INSERT INTO Building (BuildingID) VALUES (63);
INSERT INTO Room (RoomID, BuildingID, MaxCapacity) VALUES (1, 63, 4);
INSERT INTO Room (RoomID, BuildingID, MaxCapacity) VALUES (2, 63, 8);
INSERT INTO Building (BuildingID) VALUES (64);
INSERT INTO Room (RoomID, BuildingID, MaxCapacity) VALUES (1, 64, 7);
INSERT INTO Room (RoomID, BuildingID, MaxCapacity) VALUES (2, 64, 4);
INSERT INTO Building (BuildingID) VALUES (65);
INSERT INTO Room (RoomID, BuildingID, MaxCapacity) VALUES (1, 65, 7);
INSERT INTO Room (RoomID, BuildingID, MaxCapacity) VALUES (2, 65, 8);
INSERT INTO Building (BuildingID) VALUES (66);
INSERT INTO Room (RoomID, BuildingID, MaxCapacity) VALUES (1, 66, 7);
INSERT INTO Room (RoomID, BuildingID, MaxCapacity) VALUES (2, 66, 6);
INSERT INTO Building (BuildingID) VALUES (67);
INSERT INTO Room (RoomID, BuildingID, MaxCapacity) VALUES (1, 67, 8);
INSERT INTO Room (RoomID, BuildingID, MaxCapacity) VALUES (2, 67, 8);
INSERT INTO Building (BuildingID) VALUES (68);
INSERT INTO Room (RoomID, BuildingID, MaxCapacity) VALUES (1, 68, 7);
INSERT INTO Room (RoomID, BuildingID, MaxCapacity) VALUES (2, 68, 8);
INSERT INTO Building (BuildingID) VALUES (69);
INSERT INTO Room (RoomID, BuildingID, MaxCapacity) VALUES (1, 69, 6);
INSERT INTO Room (RoomID, BuildingID, MaxCapacity) VALUES (2, 69, 5);
INSERT INTO Building (BuildingID) VALUES (70);
INSERT INTO Room (RoomID, BuildingID, MaxCapacity) VALUES (1, 70, 8);
INSERT INTO Room (RoomID, BuildingID, MaxCapacity) VALUES (2, 70, 4);
INSERT INTO Building (BuildingID) VALUES (71);
INSERT INTO Room (RoomID, BuildingID, MaxCapacity) VALUES (1, 71, 4);
INSERT INTO Room (RoomID, BuildingID, MaxCapacity) VALUES (2, 71, 4);
INSERT INTO Building (BuildingID) VALUES (72);
INSERT INTO Room (RoomID, BuildingID, MaxCapacity) VALUES (1, 72, 6);
INSERT INTO Room (RoomID, BuildingID, MaxCapacity) VALUES (2, 72, 6);
INSERT INTO Building (BuildingID) VALUES (73);
INSERT INTO Room (RoomID, BuildingID, MaxCapacity) VALUES (1, 73, 8);
INSERT INTO Room (RoomID, BuildingID, MaxCapacity) VALUES (2, 73, 5);
INSERT INTO Building (BuildingID) VALUES (74);
INSERT INTO Room (RoomID, BuildingID, MaxCapacity) VALUES (1, 74, 8);
INSERT INTO Room (RoomID, BuildingID, MaxCapacity) VALUES (2, 74, 6);
INSERT INTO Building (BuildingID) VALUES (75);
INSERT INTO Room (RoomID, BuildingID, MaxCapacity) VALUES (1, 75, 4);
INSERT INTO Room (RoomID, BuildingID, MaxCapacity) VALUES (2, 75, 7);
INSERT INTO Building (BuildingID) VALUES (76);
INSERT INTO Room (RoomID, BuildingID, MaxCapacity) VALUES (1, 76, 5);
INSERT INTO Room (RoomID, BuildingID, MaxCapacity) VALUES (2, 76, 7);
INSERT INTO Building (BuildingID) VALUES (77);
INSERT INTO Room (RoomID, BuildingID, MaxCapacity) VALUES (1, 77, 7);
INSERT INTO Room (RoomID, BuildingID, MaxCapacity) VALUES (2, 77, 5);
INSERT INTO Building (BuildingID) VALUES (78);
INSERT INTO Room (RoomID, BuildingID, MaxCapacity) VALUES (1, 78, 8);
INSERT INTO Room (RoomID, BuildingID, MaxCapacity) VALUES (2, 78, 4);
INSERT INTO Building (BuildingID) VALUES (79);
INSERT INTO Room (RoomID, BuildingID, MaxCapacity) VALUES (1, 79, 4);
INSERT INTO Room (RoomID, BuildingID, MaxCapacity) VALUES (2, 79, 5);
INSERT INTO Building (BuildingID) VALUES (80);
INSERT INTO Room (RoomID, BuildingID, MaxCapacity) VALUES (1, 80, 7);
INSERT INTO Room (RoomID, BuildingID, MaxCapacity) VALUES (2, 80, 4);
INSERT INTO Building (BuildingID) VALUES (81);
INSERT INTO Room (RoomID, BuildingID, MaxCapacity) VALUES (1, 81, 5);
INSERT INTO Room (RoomID, BuildingID, MaxCapacity) VALUES (2, 81, 7);
INSERT INTO Building (BuildingID) VALUES (82);
INSERT INTO Room (RoomID, BuildingID, MaxCapacity) VALUES (1, 82, 7);
INSERT INTO Room (RoomID, BuildingID, MaxCapacity) VALUES (2, 82, 7);
INSERT INTO Building (BuildingID) VALUES (83);
INSERT INTO Room (RoomID, BuildingID, MaxCapacity) VALUES (1, 83, 4);
INSERT INTO Room (RoomID, BuildingID, MaxCapacity) VALUES (2, 83, 6);
INSERT INTO Building (BuildingID) VALUES (84);
INSERT INTO Room (RoomID, BuildingID, MaxCapacity) VALUES (1, 84, 8);
INSERT INTO Room (RoomID, BuildingID, MaxCapacity) VALUES (2, 84, 8);
INSERT INTO Building (BuildingID) VALUES (85);
INSERT INTO Room (RoomID, BuildingID, MaxCapacity) VALUES (1, 85, 6);
INSERT INTO Room (RoomID, BuildingID, MaxCapacity) VALUES (2, 85, 8);
INSERT INTO Building (BuildingID) VALUES (86);
INSERT INTO Room (RoomID, BuildingID, MaxCapacity) VALUES (1, 86, 7);
INSERT INTO Room (RoomID, BuildingID, MaxCapacity) VALUES (2, 86, 8);
INSERT INTO Building (BuildingID) VALUES (87);
INSERT INTO Room (RoomID, BuildingID, MaxCapacity) VALUES (1, 87, 5);
INSERT INTO Room (RoomID, BuildingID, MaxCapacity) VALUES (2, 87, 7);
INSERT INTO Building (BuildingID) VALUES (88);
INSERT INTO Room (RoomID, BuildingID, MaxCapacity) VALUES (1, 88, 5);
INSERT INTO Room (RoomID, BuildingID, MaxCapacity) VALUES (2, 88, 4);
INSERT INTO Building (BuildingID) VALUES (89);
INSERT INTO Room (RoomID, BuildingID, MaxCapacity) VALUES (1, 89, 7);
INSERT INTO Room (RoomID, BuildingID, MaxCapacity) VALUES (2, 89, 6);
INSERT INTO Building (BuildingID) VALUES (90);
INSERT INTO Room (RoomID, BuildingID, MaxCapacity) VALUES (1, 90, 4);
INSERT INTO Room (RoomID, BuildingID, MaxCapacity) VALUES (2, 90, 5);
INSERT INTO Building (BuildingID) VALUES (91);
INSERT INTO Room (RoomID, BuildingID, MaxCapacity) VALUES (1, 91, 5);
INSERT INTO Room (RoomID, BuildingID, MaxCapacity) VALUES (2, 91, 5);
INSERT INTO Building (BuildingID) VALUES (92);
INSERT INTO Room (RoomID, BuildingID, MaxCapacity) VALUES (1, 92, 5);
INSERT INTO Room (RoomID, BuildingID, MaxCapacity) VALUES (2, 92, 7);
INSERT INTO Building (BuildingID) VALUES (93);
INSERT INTO Room (RoomID, BuildingID, MaxCapacity) VALUES (1, 93, 4);
INSERT INTO Room (RoomID, BuildingID, MaxCapacity) VALUES (2, 93, 4);
INSERT INTO Building (BuildingID) VALUES (94);
INSERT INTO Room (RoomID, BuildingID, MaxCapacity) VALUES (1, 94, 5);
INSERT INTO Room (RoomID, BuildingID, MaxCapacity) VALUES (2, 94, 7);
INSERT INTO Building (BuildingID) VALUES (95);
INSERT INTO Room (RoomID, BuildingID, MaxCapacity) VALUES (1, 95, 8);
INSERT INTO Room (RoomID, BuildingID, MaxCapacity) VALUES (2, 95, 4);
INSERT INTO Building (BuildingID) VALUES (96);
INSERT INTO Room (RoomID, BuildingID, MaxCapacity) VALUES (1, 96, 6);
INSERT INTO Room (RoomID, BuildingID, MaxCapacity) VALUES (2, 96, 5);
INSERT INTO Building (BuildingID) VALUES (97);
INSERT INTO Room (RoomID, BuildingID, MaxCapacity) VALUES (1, 97, 6);
INSERT INTO Room (RoomID, BuildingID, MaxCapacity) VALUES (2, 97, 5);
INSERT INTO Building (BuildingID) VALUES (98);
INSERT INTO Room (RoomID, BuildingID, MaxCapacity) VALUES (1, 98, 8);
INSERT INTO Room (RoomID, BuildingID, MaxCapacity) VALUES (2, 98, 4);
INSERT INTO Building (BuildingID) VALUES (99);
INSERT INTO Room (RoomID, BuildingID, MaxCapacity) VALUES (1, 99, 4);
INSERT INTO Room (RoomID, BuildingID, MaxCapacity) VALUES (2, 99, 4);
INSERT INTO Building (BuildingID) VALUES (100);
INSERT INTO Room (RoomID, BuildingID, MaxCapacity) VALUES (1, 100, 4);
INSERT INTO Room (RoomID, BuildingID, MaxCapacity) VALUES (2, 100, 6);
INSERT INTO Building (BuildingID) VALUES (101);
INSERT INTO Room (RoomID, BuildingID, MaxCapacity) VALUES (1, 101, 8);
INSERT INTO Room (RoomID, BuildingID, MaxCapacity) VALUES (2, 101, 5);
INSERT INTO Building (BuildingID) VALUES (102);
INSERT INTO Room (RoomID, BuildingID, MaxCapacity) VALUES (1, 102, 4);
INSERT INTO Room (RoomID, BuildingID, MaxCapacity) VALUES (2, 102, 8);
INSERT INTO Building (BuildingID) VALUES (103);
INSERT INTO Room (RoomID, BuildingID, MaxCapacity) VALUES (1, 103, 6);
INSERT INTO Room (RoomID, BuildingID, MaxCapacity) VALUES (2, 103, 5);
INSERT INTO Building (BuildingID) VALUES (104);
INSERT INTO Room (RoomID, BuildingID, MaxCapacity) VALUES (1, 104, 4);
INSERT INTO Room (RoomID, BuildingID, MaxCapacity) VALUES (2, 104, 8);
INSERT INTO Building (BuildingID) VALUES (105);
INSERT INTO Room (RoomID, BuildingID, MaxCapacity) VALUES (1, 105, 6);
INSERT INTO Room (RoomID, BuildingID, MaxCapacity) VALUES (2, 105, 4);
INSERT INTO Building (BuildingID) VALUES (106);
INSERT INTO Room (RoomID, BuildingID, MaxCapacity) VALUES (1, 106, 7);
INSERT INTO Room (RoomID, BuildingID, MaxCapacity) VALUES (2, 106, 4);
INSERT INTO Building (BuildingID) VALUES (107);
INSERT INTO Room (RoomID, BuildingID, MaxCapacity) VALUES (1, 107, 5);
INSERT INTO Room (RoomID, BuildingID, MaxCapacity) VALUES (2, 107, 5);
INSERT INTO Building (BuildingID) VALUES (108);
INSERT INTO Room (RoomID, BuildingID, MaxCapacity) VALUES (1, 108, 8);
INSERT INTO Room (RoomID, BuildingID, MaxCapacity) VALUES (2, 108, 4);
INSERT INTO Building (BuildingID) VALUES (109);
INSERT INTO Room (RoomID, BuildingID, MaxCapacity) VALUES (1, 109, 5);
INSERT INTO Room (RoomID, BuildingID, MaxCapacity) VALUES (2, 109, 7);
INSERT INTO Building (BuildingID) VALUES (110);
INSERT INTO Room (RoomID, BuildingID, MaxCapacity) VALUES (1, 110, 7);
INSERT INTO Room (RoomID, BuildingID, MaxCapacity) VALUES (2, 110, 8);
INSERT INTO Building (BuildingID) VALUES (111);
INSERT INTO Room (RoomID, BuildingID, MaxCapacity) VALUES (1, 111, 4);
INSERT INTO Room (RoomID, BuildingID, MaxCapacity) VALUES (2, 111, 8);
INSERT INTO Building (BuildingID) VALUES (112);
INSERT INTO Room (RoomID, BuildingID, MaxCapacity) VALUES (1, 112, 7);
INSERT INTO Room (RoomID, BuildingID, MaxCapacity) VALUES (2, 112, 7);
INSERT INTO Building (BuildingID) VALUES (113);
INSERT INTO Room (RoomID, BuildingID, MaxCapacity) VALUES (1, 113, 8);
INSERT INTO Room (RoomID, BuildingID, MaxCapacity) VALUES (2, 113, 8);
INSERT INTO Building (BuildingID) VALUES (114);
INSERT INTO Room (RoomID, BuildingID, MaxCapacity) VALUES (1, 114, 7);
INSERT INTO Room (RoomID, BuildingID, MaxCapacity) VALUES (2, 114, 8);
INSERT INTO Building (BuildingID) VALUES (115);
INSERT INTO Room (RoomID, BuildingID, MaxCapacity) VALUES (1, 115, 8);
INSERT INTO Room (RoomID, BuildingID, MaxCapacity) VALUES (2, 115, 6);
INSERT INTO Building (BuildingID) VALUES (116);
INSERT INTO Room (RoomID, BuildingID, MaxCapacity) VALUES (1, 116, 4);
INSERT INTO Room (RoomID, BuildingID, MaxCapacity) VALUES (2, 116, 6);
INSERT INTO Building (BuildingID) VALUES (117);
INSERT INTO Room (RoomID, BuildingID, MaxCapacity) VALUES (1, 117, 6);
INSERT INTO Room (RoomID, BuildingID, MaxCapacity) VALUES (2, 117, 6);
INSERT INTO Building (BuildingID) VALUES (118);
INSERT INTO Room (RoomID, BuildingID, MaxCapacity) VALUES (1, 118, 7);
INSERT INTO Room (RoomID, BuildingID, MaxCapacity) VALUES (2, 118, 6);
INSERT INTO Building (BuildingID) VALUES (119);
INSERT INTO Room (RoomID, BuildingID, MaxCapacity) VALUES (1, 119, 7);
INSERT INTO Room (RoomID, BuildingID, MaxCapacity) VALUES (2, 119, 4);
INSERT INTO Building (BuildingID) VALUES (120);
INSERT INTO Room (RoomID, BuildingID, MaxCapacity) VALUES (1, 120, 8);
INSERT INTO Room (RoomID, BuildingID, MaxCapacity) VALUES (2, 120, 5);
INSERT INTO Building (BuildingID) VALUES (121);
INSERT INTO Room (RoomID, BuildingID, MaxCapacity) VALUES (1, 121, 5);
INSERT INTO Room (RoomID, BuildingID, MaxCapacity) VALUES (2, 121, 7);
INSERT INTO Building (BuildingID) VALUES (122);
INSERT INTO Room (RoomID, BuildingID, MaxCapacity) VALUES (1, 122, 4);
INSERT INTO Room (RoomID, BuildingID, MaxCapacity) VALUES (2, 122, 8);
INSERT INTO Building (BuildingID) VALUES (123);
INSERT INTO Room (RoomID, BuildingID, MaxCapacity) VALUES (1, 123, 8);
INSERT INTO Room (RoomID, BuildingID, MaxCapacity) VALUES (2, 123, 7);
INSERT INTO Building (BuildingID) VALUES (124);
INSERT INTO Room (RoomID, BuildingID, MaxCapacity) VALUES (1, 124, 5);
INSERT INTO Room (RoomID, BuildingID, MaxCapacity) VALUES (2, 124, 8);
INSERT INTO Building (BuildingID) VALUES (125);
INSERT INTO Room (RoomID, BuildingID, MaxCapacity) VALUES (1, 125, 7);
INSERT INTO Room (RoomID, BuildingID, MaxCapacity) VALUES (2, 125, 4);
INSERT INTO Building (BuildingID) VALUES (126);
INSERT INTO Room (RoomID, BuildingID, MaxCapacity) VALUES (1, 126, 5);
INSERT INTO Room (RoomID, BuildingID, MaxCapacity) VALUES (2, 126, 8);
INSERT INTO Building (BuildingID) VALUES (127);
INSERT INTO Room (RoomID, BuildingID, MaxCapacity) VALUES (1, 127, 6);
INSERT INTO Room (RoomID, BuildingID, MaxCapacity) VALUES (2, 127, 5);
INSERT INTO Building (BuildingID) VALUES (128);
INSERT INTO Room (RoomID, BuildingID, MaxCapacity) VALUES (1, 128, 6);
INSERT INTO Room (RoomID, BuildingID, MaxCapacity) VALUES (2, 128, 4);
INSERT INTO Building (BuildingID) VALUES (129);
INSERT INTO Room (RoomID, BuildingID, MaxCapacity) VALUES (1, 129, 7);
INSERT INTO Room (RoomID, BuildingID, MaxCapacity) VALUES (2, 129, 6);
INSERT INTO Building (BuildingID) VALUES (130);
INSERT INTO Room (RoomID, BuildingID, MaxCapacity) VALUES (1, 130, 7);
INSERT INTO Room (RoomID, BuildingID, MaxCapacity) VALUES (2, 130, 8);
INSERT INTO Building (BuildingID) VALUES (131);
INSERT INTO Room (RoomID, BuildingID, MaxCapacity) VALUES (1, 131, 5);
INSERT INTO Room (RoomID, BuildingID, MaxCapacity) VALUES (2, 131, 7);
INSERT INTO Building (BuildingID) VALUES (132);
INSERT INTO Room (RoomID, BuildingID, MaxCapacity) VALUES (1, 132, 5);
INSERT INTO Room (RoomID, BuildingID, MaxCapacity) VALUES (2, 132, 8);
INSERT INTO Building (BuildingID) VALUES (133);
INSERT INTO Room (RoomID, BuildingID, MaxCapacity) VALUES (1, 133, 8);
INSERT INTO Room (RoomID, BuildingID, MaxCapacity) VALUES (2, 133, 5);
INSERT INTO Building (BuildingID) VALUES (134);
INSERT INTO Room (RoomID, BuildingID, MaxCapacity) VALUES (1, 134, 6);
INSERT INTO Room (RoomID, BuildingID, MaxCapacity) VALUES (2, 134, 8);
INSERT INTO Building (BuildingID) VALUES (135);
INSERT INTO Room (RoomID, BuildingID, MaxCapacity) VALUES (1, 135, 5);
INSERT INTO Room (RoomID, BuildingID, MaxCapacity) VALUES (2, 135, 7);
INSERT INTO Building (BuildingID) VALUES (136);
INSERT INTO Room (RoomID, BuildingID, MaxCapacity) VALUES (1, 136, 6);
INSERT INTO Room (RoomID, BuildingID, MaxCapacity) VALUES (2, 136, 5);
INSERT INTO Building (BuildingID) VALUES (137);
INSERT INTO Room (RoomID, BuildingID, MaxCapacity) VALUES (1, 137, 4);
INSERT INTO Room (RoomID, BuildingID, MaxCapacity) VALUES (2, 137, 6);
INSERT INTO Building (BuildingID) VALUES (138);
INSERT INTO Room (RoomID, BuildingID, MaxCapacity) VALUES (1, 138, 7);
INSERT INTO Room (RoomID, BuildingID, MaxCapacity) VALUES (2, 138, 6);
INSERT INTO Building (BuildingID) VALUES (139);
INSERT INTO Room (RoomID, BuildingID, MaxCapacity) VALUES (1, 139, 6);
INSERT INTO Room (RoomID, BuildingID, MaxCapacity) VALUES (2, 139, 6);
INSERT INTO Building (BuildingID) VALUES (140);
INSERT INTO Room (RoomID, BuildingID, MaxCapacity) VALUES (1, 140, 8);
INSERT INTO Room (RoomID, BuildingID, MaxCapacity) VALUES (2, 140, 5);
INSERT INTO Building (BuildingID) VALUES (141);
INSERT INTO Room (RoomID, BuildingID, MaxCapacity) VALUES (1, 141, 8);
INSERT INTO Room (RoomID, BuildingID, MaxCapacity) VALUES (2, 141, 8);
INSERT INTO Building (BuildingID) VALUES (142);
INSERT INTO Room (RoomID, BuildingID, MaxCapacity) VALUES (1, 142, 8);
INSERT INTO Room (RoomID, BuildingID, MaxCapacity) VALUES (2, 142, 8);
INSERT INTO Building (BuildingID) VALUES (143);
INSERT INTO Room (RoomID, BuildingID, MaxCapacity) VALUES (1, 143, 4);
INSERT INTO Room (RoomID, BuildingID, MaxCapacity) VALUES (2, 143, 6);
INSERT INTO Building (BuildingID) VALUES (144);
INSERT INTO Room (RoomID, BuildingID, MaxCapacity) VALUES (1, 144, 6);
INSERT INTO Room (RoomID, BuildingID, MaxCapacity) VALUES (2, 144, 6);
INSERT INTO Building (BuildingID) VALUES (145);
INSERT INTO Room (RoomID, BuildingID, MaxCapacity) VALUES (1, 145, 4);
INSERT INTO Room (RoomID, BuildingID, MaxCapacity) VALUES (2, 145, 4);
INSERT INTO Building (BuildingID) VALUES (146);
INSERT INTO Room (RoomID, BuildingID, MaxCapacity) VALUES (1, 146, 7);
INSERT INTO Room (RoomID, BuildingID, MaxCapacity) VALUES (2, 146, 8);
INSERT INTO Building (BuildingID) VALUES (147);
INSERT INTO Room (RoomID, BuildingID, MaxCapacity) VALUES (1, 147, 8);
INSERT INTO Room (RoomID, BuildingID, MaxCapacity) VALUES (2, 147, 4);
INSERT INTO Building (BuildingID) VALUES (148);
INSERT INTO Room (RoomID, BuildingID, MaxCapacity) VALUES (1, 148, 8);
INSERT INTO Room (RoomID, BuildingID, MaxCapacity) VALUES (2, 148, 5);
INSERT INTO Building (BuildingID) VALUES (149);
INSERT INTO Room (RoomID, BuildingID, MaxCapacity) VALUES (1, 149, 7);
INSERT INTO Room (RoomID, BuildingID, MaxCapacity) VALUES (2, 149, 8);
INSERT INTO Building (BuildingID) VALUES (150);
INSERT INTO Room (RoomID, BuildingID, MaxCapacity) VALUES (1, 150, 7);
INSERT INTO Room (RoomID, BuildingID, MaxCapacity) VALUES (2, 150, 4);
INSERT INTO Building (BuildingID) VALUES (151);
INSERT INTO Room (RoomID, BuildingID, MaxCapacity) VALUES (1, 151, 6);
INSERT INTO Room (RoomID, BuildingID, MaxCapacity) VALUES (2, 151, 5);
INSERT INTO Building (BuildingID) VALUES (152);
INSERT INTO Room (RoomID, BuildingID, MaxCapacity) VALUES (1, 152, 4);
INSERT INTO Room (RoomID, BuildingID, MaxCapacity) VALUES (2, 152, 8);
INSERT INTO Building (BuildingID) VALUES (153);
INSERT INTO Room (RoomID, BuildingID, MaxCapacity) VALUES (1, 153, 5);
INSERT INTO Room (RoomID, BuildingID, MaxCapacity) VALUES (2, 153, 4);
INSERT INTO Building (BuildingID) VALUES (154);
INSERT INTO Room (RoomID, BuildingID, MaxCapacity) VALUES (1, 154, 6);
INSERT INTO Room (RoomID, BuildingID, MaxCapacity) VALUES (2, 154, 4);
INSERT INTO Building (BuildingID) VALUES (155);
INSERT INTO Room (RoomID, BuildingID, MaxCapacity) VALUES (1, 155, 4);
INSERT INTO Room (RoomID, BuildingID, MaxCapacity) VALUES (2, 155, 7);
INSERT INTO Building (BuildingID) VALUES (156);
INSERT INTO Room (RoomID, BuildingID, MaxCapacity) VALUES (1, 156, 6);
INSERT INTO Room (RoomID, BuildingID, MaxCapacity) VALUES (2, 156, 4);
INSERT INTO Building (BuildingID) VALUES (157);
INSERT INTO Room (RoomID, BuildingID, MaxCapacity) VALUES (1, 157, 5);
INSERT INTO Room (RoomID, BuildingID, MaxCapacity) VALUES (2, 157, 6);
INSERT INTO Building (BuildingID) VALUES (158);
INSERT INTO Room (RoomID, BuildingID, MaxCapacity) VALUES (1, 158, 6);
INSERT INTO Room (RoomID, BuildingID, MaxCapacity) VALUES (2, 158, 8);
INSERT INTO Building (BuildingID) VALUES (159);
INSERT INTO Room (RoomID, BuildingID, MaxCapacity) VALUES (1, 159, 4);
INSERT INTO Room (RoomID, BuildingID, MaxCapacity) VALUES (2, 159, 6);
INSERT INTO Building (BuildingID) VALUES (160);
INSERT INTO Room (RoomID, BuildingID, MaxCapacity) VALUES (1, 160, 5);
INSERT INTO Room (RoomID, BuildingID, MaxCapacity) VALUES (2, 160, 5);
INSERT INTO Building (BuildingID) VALUES (161);
INSERT INTO Room (RoomID, BuildingID, MaxCapacity) VALUES (1, 161, 7);
INSERT INTO Room (RoomID, BuildingID, MaxCapacity) VALUES (2, 161, 8);
INSERT INTO Building (BuildingID) VALUES (162);
INSERT INTO Room (RoomID, BuildingID, MaxCapacity) VALUES (1, 162, 8);
INSERT INTO Room (RoomID, BuildingID, MaxCapacity) VALUES (2, 162, 6);
INSERT INTO Building (BuildingID) VALUES (163);
INSERT INTO Room (RoomID, BuildingID, MaxCapacity) VALUES (1, 163, 8);
INSERT INTO Room (RoomID, BuildingID, MaxCapacity) VALUES (2, 163, 6);
INSERT INTO Building (BuildingID) VALUES (164);
INSERT INTO Room (RoomID, BuildingID, MaxCapacity) VALUES (1, 164, 8);
INSERT INTO Room (RoomID, BuildingID, MaxCapacity) VALUES (2, 164, 7);
INSERT INTO Building (BuildingID) VALUES (165);
INSERT INTO Room (RoomID, BuildingID, MaxCapacity) VALUES (1, 165, 7);
INSERT INTO Room (RoomID, BuildingID, MaxCapacity) VALUES (2, 165, 5);
INSERT INTO Building (BuildingID) VALUES (166);
INSERT INTO Room (RoomID, BuildingID, MaxCapacity) VALUES (1, 166, 8);
INSERT INTO Room (RoomID, BuildingID, MaxCapacity) VALUES (2, 166, 4);
INSERT INTO Building (BuildingID) VALUES (167);
INSERT INTO Room (RoomID, BuildingID, MaxCapacity) VALUES (1, 167, 5);
INSERT INTO Room (RoomID, BuildingID, MaxCapacity) VALUES (2, 167, 6);
INSERT INTO Building (BuildingID) VALUES (168);
INSERT INTO Room (RoomID, BuildingID, MaxCapacity) VALUES (1, 168, 4);
INSERT INTO Room (RoomID, BuildingID, MaxCapacity) VALUES (2, 168, 7);
INSERT INTO Building (BuildingID) VALUES (169);
INSERT INTO Room (RoomID, BuildingID, MaxCapacity) VALUES (1, 169, 8);
INSERT INTO Room (RoomID, BuildingID, MaxCapacity) VALUES (2, 169, 5);
INSERT INTO Building (BuildingID) VALUES (170);
INSERT INTO Room (RoomID, BuildingID, MaxCapacity) VALUES (1, 170, 8);
INSERT INTO Room (RoomID, BuildingID, MaxCapacity) VALUES (2, 170, 6);
INSERT INTO Building (BuildingID) VALUES (171);
INSERT INTO Room (RoomID, BuildingID, MaxCapacity) VALUES (1, 171, 8);
INSERT INTO Room (RoomID, BuildingID, MaxCapacity) VALUES (2, 171, 6);
INSERT INTO Building (BuildingID) VALUES (172);
INSERT INTO Room (RoomID, BuildingID, MaxCapacity) VALUES (1, 172, 6);
INSERT INTO Room (RoomID, BuildingID, MaxCapacity) VALUES (2, 172, 6);
INSERT INTO Building (BuildingID) VALUES (173);
INSERT INTO Room (RoomID, BuildingID, MaxCapacity) VALUES (1, 173, 6);
INSERT INTO Room (RoomID, BuildingID, MaxCapacity) VALUES (2, 173, 4);
INSERT INTO Building (BuildingID) VALUES (174);
INSERT INTO Room (RoomID, BuildingID, MaxCapacity) VALUES (1, 174, 6);
INSERT INTO Room (RoomID, BuildingID, MaxCapacity) VALUES (2, 174, 5);
INSERT INTO Building (BuildingID) VALUES (175);
INSERT INTO Room (RoomID, BuildingID, MaxCapacity) VALUES (1, 175, 8);
INSERT INTO Room (RoomID, BuildingID, MaxCapacity) VALUES (2, 175, 8);
INSERT INTO Building (BuildingID) VALUES (176);
INSERT INTO Room (RoomID, BuildingID, MaxCapacity) VALUES (1, 176, 6);
INSERT INTO Room (RoomID, BuildingID, MaxCapacity) VALUES (2, 176, 4);
INSERT INTO Building (BuildingID) VALUES (177);
INSERT INTO Room (RoomID, BuildingID, MaxCapacity) VALUES (1, 177, 4);
INSERT INTO Room (RoomID, BuildingID, MaxCapacity) VALUES (2, 177, 5);
INSERT INTO Building (BuildingID) VALUES (178);
INSERT INTO Room (RoomID, BuildingID, MaxCapacity) VALUES (1, 178, 5);
INSERT INTO Room (RoomID, BuildingID, MaxCapacity) VALUES (2, 178, 5);
INSERT INTO Building (BuildingID) VALUES (179);
INSERT INTO Room (RoomID, BuildingID, MaxCapacity) VALUES (1, 179, 4);
INSERT INTO Room (RoomID, BuildingID, MaxCapacity) VALUES (2, 179, 4);
INSERT INTO Building (BuildingID) VALUES (180);
INSERT INTO Room (RoomID, BuildingID, MaxCapacity) VALUES (1, 180, 7);
INSERT INTO Room (RoomID, BuildingID, MaxCapacity) VALUES (2, 180, 5);
INSERT INTO Building (BuildingID) VALUES (181);
INSERT INTO Room (RoomID, BuildingID, MaxCapacity) VALUES (1, 181, 8);
INSERT INTO Room (RoomID, BuildingID, MaxCapacity) VALUES (2, 181, 4);
INSERT INTO Building (BuildingID) VALUES (182);
INSERT INTO Room (RoomID, BuildingID, MaxCapacity) VALUES (1, 182, 5);
INSERT INTO Room (RoomID, BuildingID, MaxCapacity) VALUES (2, 182, 5);
INSERT INTO Building (BuildingID) VALUES (183);
INSERT INTO Room (RoomID, BuildingID, MaxCapacity) VALUES (1, 183, 7);
INSERT INTO Room (RoomID, BuildingID, MaxCapacity) VALUES (2, 183, 4);
INSERT INTO Building (BuildingID) VALUES (184);
INSERT INTO Room (RoomID, BuildingID, MaxCapacity) VALUES (1, 184, 8);
INSERT INTO Room (RoomID, BuildingID, MaxCapacity) VALUES (2, 184, 7);
INSERT INTO Building (BuildingID) VALUES (185);
INSERT INTO Room (RoomID, BuildingID, MaxCapacity) VALUES (1, 185, 7);
INSERT INTO Room (RoomID, BuildingID, MaxCapacity) VALUES (2, 185, 5);
INSERT INTO Building (BuildingID) VALUES (186);
INSERT INTO Room (RoomID, BuildingID, MaxCapacity) VALUES (1, 186, 6);
INSERT INTO Room (RoomID, BuildingID, MaxCapacity) VALUES (2, 186, 5);
INSERT INTO Building (BuildingID) VALUES (187);
INSERT INTO Room (RoomID, BuildingID, MaxCapacity) VALUES (1, 187, 8);
INSERT INTO Room (RoomID, BuildingID, MaxCapacity) VALUES (2, 187, 7);
INSERT INTO Building (BuildingID) VALUES (188);
INSERT INTO Room (RoomID, BuildingID, MaxCapacity) VALUES (1, 188, 6);
INSERT INTO Room (RoomID, BuildingID, MaxCapacity) VALUES (2, 188, 4);
INSERT INTO Building (BuildingID) VALUES (189);
INSERT INTO Room (RoomID, BuildingID, MaxCapacity) VALUES (1, 189, 5);
INSERT INTO Room (RoomID, BuildingID, MaxCapacity) VALUES (2, 189, 6);
INSERT INTO Building (BuildingID) VALUES (190);
INSERT INTO Room (RoomID, BuildingID, MaxCapacity) VALUES (1, 190, 8);
INSERT INTO Room (RoomID, BuildingID, MaxCapacity) VALUES (2, 190, 5);
INSERT INTO Building (BuildingID) VALUES (191);
INSERT INTO Room (RoomID, BuildingID, MaxCapacity) VALUES (1, 191, 5);
INSERT INTO Room (RoomID, BuildingID, MaxCapacity) VALUES (2, 191, 5);
INSERT INTO Building (BuildingID) VALUES (192);
INSERT INTO Room (RoomID, BuildingID, MaxCapacity) VALUES (1, 192, 7);
INSERT INTO Room (RoomID, BuildingID, MaxCapacity) VALUES (2, 192, 4);
INSERT INTO Building (BuildingID) VALUES (193);
INSERT INTO Room (RoomID, BuildingID, MaxCapacity) VALUES (1, 193, 7);
INSERT INTO Room (RoomID, BuildingID, MaxCapacity) VALUES (2, 193, 8);
INSERT INTO Building (BuildingID) VALUES (194);
INSERT INTO Room (RoomID, BuildingID, MaxCapacity) VALUES (1, 194, 4);
INSERT INTO Room (RoomID, BuildingID, MaxCapacity) VALUES (2, 194, 8);
INSERT INTO Building (BuildingID) VALUES (195);
INSERT INTO Room (RoomID, BuildingID, MaxCapacity) VALUES (1, 195, 6);
INSERT INTO Room (RoomID, BuildingID, MaxCapacity) VALUES (2, 195, 7);
INSERT INTO Building (BuildingID) VALUES (196);
INSERT INTO Room (RoomID, BuildingID, MaxCapacity) VALUES (1, 196, 8);
INSERT INTO Room (RoomID, BuildingID, MaxCapacity) VALUES (2, 196, 8);
INSERT INTO Building (BuildingID) VALUES (197);
INSERT INTO Room (RoomID, BuildingID, MaxCapacity) VALUES (1, 197, 5);
INSERT INTO Room (RoomID, BuildingID, MaxCapacity) VALUES (2, 197, 7);
INSERT INTO Building (BuildingID) VALUES (198);
INSERT INTO Room (RoomID, BuildingID, MaxCapacity) VALUES (1, 198, 5);
INSERT INTO Room (RoomID, BuildingID, MaxCapacity) VALUES (2, 198, 6);
INSERT INTO Building (BuildingID) VALUES (199);
INSERT INTO Room (RoomID, BuildingID, MaxCapacity) VALUES (1, 199, 8);
INSERT INTO Room (RoomID, BuildingID, MaxCapacity) VALUES (2, 199, 8);
INSERT INTO Building (BuildingID) VALUES (200);
INSERT INTO Room (RoomID, BuildingID, MaxCapacity) VALUES (1, 200, 8);
INSERT INTO Room (RoomID, BuildingID, MaxCapacity) VALUES (2, 200, 6);
INSERT INTO Building (BuildingID) VALUES (201);
INSERT INTO Room (RoomID, BuildingID, MaxCapacity) VALUES (1, 201, 8);
INSERT INTO Room (RoomID, BuildingID, MaxCapacity) VALUES (2, 201, 7);
INSERT INTO Building (BuildingID) VALUES (202);
INSERT INTO Room (RoomID, BuildingID, MaxCapacity) VALUES (1, 202, 5);
INSERT INTO Room (RoomID, BuildingID, MaxCapacity) VALUES (2, 202, 7);
INSERT INTO Building (BuildingID) VALUES (203);
INSERT INTO Room (RoomID, BuildingID, MaxCapacity) VALUES (1, 203, 5);
INSERT INTO Room (RoomID, BuildingID, MaxCapacity) VALUES (2, 203, 4);
INSERT INTO Building (BuildingID) VALUES (204);
INSERT INTO Room (RoomID, BuildingID, MaxCapacity) VALUES (1, 204, 7);
INSERT INTO Room (RoomID, BuildingID, MaxCapacity) VALUES (2, 204, 7);
INSERT INTO Building (BuildingID) VALUES (205);
INSERT INTO Room (RoomID, BuildingID, MaxCapacity) VALUES (1, 205, 4);
INSERT INTO Room (RoomID, BuildingID, MaxCapacity) VALUES (2, 205, 4);
INSERT INTO Building (BuildingID) VALUES (206);
INSERT INTO Room (RoomID, BuildingID, MaxCapacity) VALUES (1, 206, 7);
INSERT INTO Room (RoomID, BuildingID, MaxCapacity) VALUES (2, 206, 5);
INSERT INTO Building (BuildingID) VALUES (207);
INSERT INTO Room (RoomID, BuildingID, MaxCapacity) VALUES (1, 207, 6);
INSERT INTO Room (RoomID, BuildingID, MaxCapacity) VALUES (2, 207, 5);
INSERT INTO Building (BuildingID) VALUES (208);
INSERT INTO Room (RoomID, BuildingID, MaxCapacity) VALUES (1, 208, 5);
INSERT INTO Room (RoomID, BuildingID, MaxCapacity) VALUES (2, 208, 7);
INSERT INTO Building (BuildingID) VALUES (209);
INSERT INTO Room (RoomID, BuildingID, MaxCapacity) VALUES (1, 209, 6);
INSERT INTO Room (RoomID, BuildingID, MaxCapacity) VALUES (2, 209, 4);
INSERT INTO Building (BuildingID) VALUES (210);
INSERT INTO Room (RoomID, BuildingID, MaxCapacity) VALUES (1, 210, 7);
INSERT INTO Room (RoomID, BuildingID, MaxCapacity) VALUES (2, 210, 6);
INSERT INTO Building (BuildingID) VALUES (211);
INSERT INTO Room (RoomID, BuildingID, MaxCapacity) VALUES (1, 211, 8);
INSERT INTO Room (RoomID, BuildingID, MaxCapacity) VALUES (2, 211, 5);
INSERT INTO Building (BuildingID) VALUES (212);
INSERT INTO Room (RoomID, BuildingID, MaxCapacity) VALUES (1, 212, 5);
INSERT INTO Room (RoomID, BuildingID, MaxCapacity) VALUES (2, 212, 4);
INSERT INTO Building (BuildingID) VALUES (213);
INSERT INTO Room (RoomID, BuildingID, MaxCapacity) VALUES (1, 213, 6);
INSERT INTO Room (RoomID, BuildingID, MaxCapacity) VALUES (2, 213, 7);
INSERT INTO Building (BuildingID) VALUES (214);
INSERT INTO Room (RoomID, BuildingID, MaxCapacity) VALUES (1, 214, 8);
INSERT INTO Room (RoomID, BuildingID, MaxCapacity) VALUES (2, 214, 5);
INSERT INTO Building (BuildingID) VALUES (215);
INSERT INTO Room (RoomID, BuildingID, MaxCapacity) VALUES (1, 215, 6);
INSERT INTO Room (RoomID, BuildingID, MaxCapacity) VALUES (2, 215, 6);
INSERT INTO Building (BuildingID) VALUES (216);
INSERT INTO Room (RoomID, BuildingID, MaxCapacity) VALUES (1, 216, 5);
INSERT INTO Room (RoomID, BuildingID, MaxCapacity) VALUES (2, 216, 7);
INSERT INTO Building (BuildingID) VALUES (217);
INSERT INTO Room (RoomID, BuildingID, MaxCapacity) VALUES (1, 217, 4);
INSERT INTO Room (RoomID, BuildingID, MaxCapacity) VALUES (2, 217, 7);
INSERT INTO Building (BuildingID) VALUES (218);
INSERT INTO Room (RoomID, BuildingID, MaxCapacity) VALUES (1, 218, 8);
INSERT INTO Room (RoomID, BuildingID, MaxCapacity) VALUES (2, 218, 7);
INSERT INTO Building (BuildingID) VALUES (219);
INSERT INTO Room (RoomID, BuildingID, MaxCapacity) VALUES (1, 219, 7);
INSERT INTO Room (RoomID, BuildingID, MaxCapacity) VALUES (2, 219, 6);
INSERT INTO Building (BuildingID) VALUES (220);
INSERT INTO Room (RoomID, BuildingID, MaxCapacity) VALUES (1, 220, 6);
INSERT INTO Room (RoomID, BuildingID, MaxCapacity) VALUES (2, 220, 5);
INSERT INTO Building (BuildingID) VALUES (221);
INSERT INTO Room (RoomID, BuildingID, MaxCapacity) VALUES (1, 221, 7);
INSERT INTO Room (RoomID, BuildingID, MaxCapacity) VALUES (2, 221, 7);
INSERT INTO Building (BuildingID) VALUES (222);
INSERT INTO Room (RoomID, BuildingID, MaxCapacity) VALUES (1, 222, 5);
INSERT INTO Room (RoomID, BuildingID, MaxCapacity) VALUES (2, 222, 4);
INSERT INTO Building (BuildingID) VALUES (223);
INSERT INTO Room (RoomID, BuildingID, MaxCapacity) VALUES (1, 223, 7);
INSERT INTO Room (RoomID, BuildingID, MaxCapacity) VALUES (2, 223, 5);
INSERT INTO Building (BuildingID) VALUES (224);
INSERT INTO Room (RoomID, BuildingID, MaxCapacity) VALUES (1, 224, 4);
INSERT INTO Room (RoomID, BuildingID, MaxCapacity) VALUES (2, 224, 7);
INSERT INTO Building (BuildingID) VALUES (225);
INSERT INTO Room (RoomID, BuildingID, MaxCapacity) VALUES (1, 225, 6);
INSERT INTO Room (RoomID, BuildingID, MaxCapacity) VALUES (2, 225, 7);
INSERT INTO Building (BuildingID) VALUES (226);
INSERT INTO Room (RoomID, BuildingID, MaxCapacity) VALUES (1, 226, 6);
INSERT INTO Room (RoomID, BuildingID, MaxCapacity) VALUES (2, 226, 4);
INSERT INTO Building (BuildingID) VALUES (227);
INSERT INTO Room (RoomID, BuildingID, MaxCapacity) VALUES (1, 227, 5);
INSERT INTO Room (RoomID, BuildingID, MaxCapacity) VALUES (2, 227, 6);
INSERT INTO Building (BuildingID) VALUES (228);
INSERT INTO Room (RoomID, BuildingID, MaxCapacity) VALUES (1, 228, 6);
INSERT INTO Room (RoomID, BuildingID, MaxCapacity) VALUES (2, 228, 4);
INSERT INTO Building (BuildingID) VALUES (229);
INSERT INTO Room (RoomID, BuildingID, MaxCapacity) VALUES (1, 229, 4);
INSERT INTO Room (RoomID, BuildingID, MaxCapacity) VALUES (2, 229, 5);
INSERT INTO Building (BuildingID) VALUES (230);
INSERT INTO Room (RoomID, BuildingID, MaxCapacity) VALUES (1, 230, 7);
INSERT INTO Room (RoomID, BuildingID, MaxCapacity) VALUES (2, 230, 8);
INSERT INTO Building (BuildingID) VALUES (231);
INSERT INTO Room (RoomID, BuildingID, MaxCapacity) VALUES (1, 231, 8);
INSERT INTO Room (RoomID, BuildingID, MaxCapacity) VALUES (2, 231, 6);
INSERT INTO Building (BuildingID) VALUES (232);
INSERT INTO Room (RoomID, BuildingID, MaxCapacity) VALUES (1, 232, 5);
INSERT INTO Room (RoomID, BuildingID, MaxCapacity) VALUES (2, 232, 8);
INSERT INTO Building (BuildingID) VALUES (233);
INSERT INTO Room (RoomID, BuildingID, MaxCapacity) VALUES (1, 233, 7);
INSERT INTO Room (RoomID, BuildingID, MaxCapacity) VALUES (2, 233, 8);
INSERT INTO Building (BuildingID) VALUES (234);
INSERT INTO Room (RoomID, BuildingID, MaxCapacity) VALUES (1, 234, 5);
INSERT INTO Room (RoomID, BuildingID, MaxCapacity) VALUES (2, 234, 5);
INSERT INTO Building (BuildingID) VALUES (235);
INSERT INTO Room (RoomID, BuildingID, MaxCapacity) VALUES (1, 235, 4);
INSERT INTO Room (RoomID, BuildingID, MaxCapacity) VALUES (2, 235, 6);
INSERT INTO Building (BuildingID) VALUES (236);
INSERT INTO Room (RoomID, BuildingID, MaxCapacity) VALUES (1, 236, 5);
INSERT INTO Room (RoomID, BuildingID, MaxCapacity) VALUES (2, 236, 4);
INSERT INTO Building (BuildingID) VALUES (237);
INSERT INTO Room (RoomID, BuildingID, MaxCapacity) VALUES (1, 237, 7);
INSERT INTO Room (RoomID, BuildingID, MaxCapacity) VALUES (2, 237, 8);
INSERT INTO Building (BuildingID) VALUES (238);
INSERT INTO Room (RoomID, BuildingID, MaxCapacity) VALUES (1, 238, 7);
INSERT INTO Room (RoomID, BuildingID, MaxCapacity) VALUES (2, 238, 8);
INSERT INTO Building (BuildingID) VALUES (239);
INSERT INTO Room (RoomID, BuildingID, MaxCapacity) VALUES (1, 239, 6);
INSERT INTO Room (RoomID, BuildingID, MaxCapacity) VALUES (2, 239, 7);
INSERT INTO Building (BuildingID) VALUES (240);
INSERT INTO Room (RoomID, BuildingID, MaxCapacity) VALUES (1, 240, 8);
INSERT INTO Room (RoomID, BuildingID, MaxCapacity) VALUES (2, 240, 8);
INSERT INTO Building (BuildingID) VALUES (241);
INSERT INTO Room (RoomID, BuildingID, MaxCapacity) VALUES (1, 241, 8);
INSERT INTO Room (RoomID, BuildingID, MaxCapacity) VALUES (2, 241, 5);
INSERT INTO Building (BuildingID) VALUES (242);
INSERT INTO Room (RoomID, BuildingID, MaxCapacity) VALUES (1, 242, 8);
INSERT INTO Room (RoomID, BuildingID, MaxCapacity) VALUES (2, 242, 6);
INSERT INTO Building (BuildingID) VALUES (243);
INSERT INTO Room (RoomID, BuildingID, MaxCapacity) VALUES (1, 243, 8);
INSERT INTO Room (RoomID, BuildingID, MaxCapacity) VALUES (2, 243, 6);
INSERT INTO Building (BuildingID) VALUES (244);
INSERT INTO Room (RoomID, BuildingID, MaxCapacity) VALUES (1, 244, 7);
INSERT INTO Room (RoomID, BuildingID, MaxCapacity) VALUES (2, 244, 4);
INSERT INTO Building (BuildingID) VALUES (245);
INSERT INTO Room (RoomID, BuildingID, MaxCapacity) VALUES (1, 245, 7);
INSERT INTO Room (RoomID, BuildingID, MaxCapacity) VALUES (2, 245, 4);
INSERT INTO Building (BuildingID) VALUES (246);
INSERT INTO Room (RoomID, BuildingID, MaxCapacity) VALUES (1, 246, 5);
INSERT INTO Room (RoomID, BuildingID, MaxCapacity) VALUES (2, 246, 5);
INSERT INTO Building (BuildingID) VALUES (247);
INSERT INTO Room (RoomID, BuildingID, MaxCapacity) VALUES (1, 247, 5);
INSERT INTO Room (RoomID, BuildingID, MaxCapacity) VALUES (2, 247, 4);
INSERT INTO Building (BuildingID) VALUES (248);
INSERT INTO Room (RoomID, BuildingID, MaxCapacity) VALUES (1, 248, 6);
INSERT INTO Room (RoomID, BuildingID, MaxCapacity) VALUES (2, 248, 6);
INSERT INTO Building (BuildingID) VALUES (249);
INSERT INTO Room (RoomID, BuildingID, MaxCapacity) VALUES (1, 249, 4);
INSERT INTO Room (RoomID, BuildingID, MaxCapacity) VALUES (2, 249, 4);
INSERT INTO Building (BuildingID) VALUES (250);
INSERT INTO Room (RoomID, BuildingID, MaxCapacity) VALUES (1, 250, 7);
INSERT INTO Room (RoomID, BuildingID, MaxCapacity) VALUES (2, 250, 5);
INSERT INTO Building (BuildingID) VALUES (251);
INSERT INTO Room (RoomID, BuildingID, MaxCapacity) VALUES (1, 251, 4);
INSERT INTO Room (RoomID, BuildingID, MaxCapacity) VALUES (2, 251, 4);
INSERT INTO Building (BuildingID) VALUES (252);
INSERT INTO Room (RoomID, BuildingID, MaxCapacity) VALUES (1, 252, 5);
INSERT INTO Room (RoomID, BuildingID, MaxCapacity) VALUES (2, 252, 7);
INSERT INTO Building (BuildingID) VALUES (253);
INSERT INTO Room (RoomID, BuildingID, MaxCapacity) VALUES (1, 253, 5);
INSERT INTO Room (RoomID, BuildingID, MaxCapacity) VALUES (2, 253, 4);
INSERT INTO Building (BuildingID) VALUES (254);
INSERT INTO Room (RoomID, BuildingID, MaxCapacity) VALUES (1, 254, 7);
INSERT INTO Room (RoomID, BuildingID, MaxCapacity) VALUES (2, 254, 8);
INSERT INTO Building (BuildingID) VALUES (255);
INSERT INTO Room (RoomID, BuildingID, MaxCapacity) VALUES (1, 255, 6);
INSERT INTO Room (RoomID, BuildingID, MaxCapacity) VALUES (2, 255, 4);
INSERT INTO Building (BuildingID) VALUES (256);
INSERT INTO Room (RoomID, BuildingID, MaxCapacity) VALUES (1, 256, 4);
INSERT INTO Room (RoomID, BuildingID, MaxCapacity) VALUES (2, 256, 4);
INSERT INTO Building (BuildingID) VALUES (257);
INSERT INTO Room (RoomID, BuildingID, MaxCapacity) VALUES (1, 257, 6);
INSERT INTO Room (RoomID, BuildingID, MaxCapacity) VALUES (2, 257, 6);
INSERT INTO Building (BuildingID) VALUES (258);
INSERT INTO Room (RoomID, BuildingID, MaxCapacity) VALUES (1, 258, 4);
INSERT INTO Room (RoomID, BuildingID, MaxCapacity) VALUES (2, 258, 6);
INSERT INTO Building (BuildingID) VALUES (259);
INSERT INTO Room (RoomID, BuildingID, MaxCapacity) VALUES (1, 259, 6);
INSERT INTO Room (RoomID, BuildingID, MaxCapacity) VALUES (2, 259, 5);
INSERT INTO Building (BuildingID) VALUES (260);
INSERT INTO Room (RoomID, BuildingID, MaxCapacity) VALUES (1, 260, 5);
INSERT INTO Room (RoomID, BuildingID, MaxCapacity) VALUES (2, 260, 8);
INSERT INTO Building (BuildingID) VALUES (261);
INSERT INTO Room (RoomID, BuildingID, MaxCapacity) VALUES (1, 261, 8);
INSERT INTO Room (RoomID, BuildingID, MaxCapacity) VALUES (2, 261, 4);
INSERT INTO Building (BuildingID) VALUES (262);
INSERT INTO Room (RoomID, BuildingID, MaxCapacity) VALUES (1, 262, 7);
INSERT INTO Room (RoomID, BuildingID, MaxCapacity) VALUES (2, 262, 5);
INSERT INTO Building (BuildingID) VALUES (263);
INSERT INTO Room (RoomID, BuildingID, MaxCapacity) VALUES (1, 263, 6);
INSERT INTO Room (RoomID, BuildingID, MaxCapacity) VALUES (2, 263, 5);
INSERT INTO Building (BuildingID) VALUES (264);
INSERT INTO Room (RoomID, BuildingID, MaxCapacity) VALUES (1, 264, 4);
INSERT INTO Room (RoomID, BuildingID, MaxCapacity) VALUES (2, 264, 7);
INSERT INTO Building (BuildingID) VALUES (265);
INSERT INTO Room (RoomID, BuildingID, MaxCapacity) VALUES (1, 265, 4);
INSERT INTO Room (RoomID, BuildingID, MaxCapacity) VALUES (2, 265, 7);
INSERT INTO Building (BuildingID) VALUES (266);
INSERT INTO Room (RoomID, BuildingID, MaxCapacity) VALUES (1, 266, 8);
INSERT INTO Room (RoomID, BuildingID, MaxCapacity) VALUES (2, 266, 8);
INSERT INTO Building (BuildingID) VALUES (267);
INSERT INTO Room (RoomID, BuildingID, MaxCapacity) VALUES (1, 267, 5);
INSERT INTO Room (RoomID, BuildingID, MaxCapacity) VALUES (2, 267, 5);
INSERT INTO Building (BuildingID) VALUES (268);
INSERT INTO Room (RoomID, BuildingID, MaxCapacity) VALUES (1, 268, 8);
INSERT INTO Room (RoomID, BuildingID, MaxCapacity) VALUES (2, 268, 7);
INSERT INTO Building (BuildingID) VALUES (269);
INSERT INTO Room (RoomID, BuildingID, MaxCapacity) VALUES (1, 269, 4);
INSERT INTO Room (RoomID, BuildingID, MaxCapacity) VALUES (2, 269, 8);
INSERT INTO Building (BuildingID) VALUES (270);
INSERT INTO Room (RoomID, BuildingID, MaxCapacity) VALUES (1, 270, 4);
INSERT INTO Room (RoomID, BuildingID, MaxCapacity) VALUES (2, 270, 5);
INSERT INTO Building (BuildingID) VALUES (271);
INSERT INTO Room (RoomID, BuildingID, MaxCapacity) VALUES (1, 271, 8);
INSERT INTO Room (RoomID, BuildingID, MaxCapacity) VALUES (2, 271, 8);
INSERT INTO Building (BuildingID) VALUES (272);
INSERT INTO Room (RoomID, BuildingID, MaxCapacity) VALUES (1, 272, 6);
INSERT INTO Room (RoomID, BuildingID, MaxCapacity) VALUES (2, 272, 5);
INSERT INTO Building (BuildingID) VALUES (273);
INSERT INTO Room (RoomID, BuildingID, MaxCapacity) VALUES (1, 273, 5);
INSERT INTO Room (RoomID, BuildingID, MaxCapacity) VALUES (2, 273, 8);
INSERT INTO Building (BuildingID) VALUES (274);
INSERT INTO Room (RoomID, BuildingID, MaxCapacity) VALUES (1, 274, 5);
INSERT INTO Room (RoomID, BuildingID, MaxCapacity) VALUES (2, 274, 4);
INSERT INTO Building (BuildingID) VALUES (275);
INSERT INTO Room (RoomID, BuildingID, MaxCapacity) VALUES (1, 275, 4);
INSERT INTO Room (RoomID, BuildingID, MaxCapacity) VALUES (2, 275, 7);
INSERT INTO Building (BuildingID) VALUES (276);
INSERT INTO Room (RoomID, BuildingID, MaxCapacity) VALUES (1, 276, 5);
INSERT INTO Room (RoomID, BuildingID, MaxCapacity) VALUES (2, 276, 4);
INSERT INTO Building (BuildingID) VALUES (277);
INSERT INTO Room (RoomID, BuildingID, MaxCapacity) VALUES (1, 277, 6);
INSERT INTO Room (RoomID, BuildingID, MaxCapacity) VALUES (2, 277, 5);
INSERT INTO Building (BuildingID) VALUES (278);
INSERT INTO Room (RoomID, BuildingID, MaxCapacity) VALUES (1, 278, 4);
INSERT INTO Room (RoomID, BuildingID, MaxCapacity) VALUES (2, 278, 8);
INSERT INTO Building (BuildingID) VALUES (279);
INSERT INTO Room (RoomID, BuildingID, MaxCapacity) VALUES (1, 279, 8);
INSERT INTO Room (RoomID, BuildingID, MaxCapacity) VALUES (2, 279, 4);
INSERT INTO Building (BuildingID) VALUES (280);
INSERT INTO Room (RoomID, BuildingID, MaxCapacity) VALUES (1, 280, 5);
INSERT INTO Room (RoomID, BuildingID, MaxCapacity) VALUES (2, 280, 4);
INSERT INTO Building (BuildingID) VALUES (281);
INSERT INTO Room (RoomID, BuildingID, MaxCapacity) VALUES (1, 281, 6);
INSERT INTO Room (RoomID, BuildingID, MaxCapacity) VALUES (2, 281, 4);
INSERT INTO Building (BuildingID) VALUES (282);
INSERT INTO Room (RoomID, BuildingID, MaxCapacity) VALUES (1, 282, 5);
INSERT INTO Room (RoomID, BuildingID, MaxCapacity) VALUES (2, 282, 7);
INSERT INTO Building (BuildingID) VALUES (283);
INSERT INTO Room (RoomID, BuildingID, MaxCapacity) VALUES (1, 283, 4);
INSERT INTO Room (RoomID, BuildingID, MaxCapacity) VALUES (2, 283, 8);
INSERT INTO Building (BuildingID) VALUES (284);
INSERT INTO Room (RoomID, BuildingID, MaxCapacity) VALUES (1, 284, 6);
INSERT INTO Room (RoomID, BuildingID, MaxCapacity) VALUES (2, 284, 4);
INSERT INTO Building (BuildingID) VALUES (285);
INSERT INTO Room (RoomID, BuildingID, MaxCapacity) VALUES (1, 285, 6);
INSERT INTO Room (RoomID, BuildingID, MaxCapacity) VALUES (2, 285, 6);
INSERT INTO Building (BuildingID) VALUES (286);
INSERT INTO Room (RoomID, BuildingID, MaxCapacity) VALUES (1, 286, 6);
INSERT INTO Room (RoomID, BuildingID, MaxCapacity) VALUES (2, 286, 6);
INSERT INTO Building (BuildingID) VALUES (287);
INSERT INTO Room (RoomID, BuildingID, MaxCapacity) VALUES (1, 287, 7);
INSERT INTO Room (RoomID, BuildingID, MaxCapacity) VALUES (2, 287, 5);
INSERT INTO Building (BuildingID) VALUES (288);
INSERT INTO Room (RoomID, BuildingID, MaxCapacity) VALUES (1, 288, 6);
INSERT INTO Room (RoomID, BuildingID, MaxCapacity) VALUES (2, 288, 6);
INSERT INTO Building (BuildingID) VALUES (289);
INSERT INTO Room (RoomID, BuildingID, MaxCapacity) VALUES (1, 289, 8);
INSERT INTO Room (RoomID, BuildingID, MaxCapacity) VALUES (2, 289, 4);
INSERT INTO Building (BuildingID) VALUES (290);
INSERT INTO Room (RoomID, BuildingID, MaxCapacity) VALUES (1, 290, 7);
INSERT INTO Room (RoomID, BuildingID, MaxCapacity) VALUES (2, 290, 8);
INSERT INTO Building (BuildingID) VALUES (291);
INSERT INTO Room (RoomID, BuildingID, MaxCapacity) VALUES (1, 291, 6);
INSERT INTO Room (RoomID, BuildingID, MaxCapacity) VALUES (2, 291, 6);
INSERT INTO Building (BuildingID) VALUES (292);
INSERT INTO Room (RoomID, BuildingID, MaxCapacity) VALUES (1, 292, 5);
INSERT INTO Room (RoomID, BuildingID, MaxCapacity) VALUES (2, 292, 7);
INSERT INTO Building (BuildingID) VALUES (293);
INSERT INTO Room (RoomID, BuildingID, MaxCapacity) VALUES (1, 293, 6);
INSERT INTO Room (RoomID, BuildingID, MaxCapacity) VALUES (2, 293, 8);
INSERT INTO Building (BuildingID) VALUES (294);
INSERT INTO Room (RoomID, BuildingID, MaxCapacity) VALUES (1, 294, 6);
INSERT INTO Room (RoomID, BuildingID, MaxCapacity) VALUES (2, 294, 7);
INSERT INTO Building (BuildingID) VALUES (295);
INSERT INTO Room (RoomID, BuildingID, MaxCapacity) VALUES (1, 295, 8);
INSERT INTO Room (RoomID, BuildingID, MaxCapacity) VALUES (2, 295, 8);
INSERT INTO Building (BuildingID) VALUES (296);
INSERT INTO Room (RoomID, BuildingID, MaxCapacity) VALUES (1, 296, 7);
INSERT INTO Room (RoomID, BuildingID, MaxCapacity) VALUES (2, 296, 8);
INSERT INTO Building (BuildingID) VALUES (297);
INSERT INTO Room (RoomID, BuildingID, MaxCapacity) VALUES (1, 297, 6);
INSERT INTO Room (RoomID, BuildingID, MaxCapacity) VALUES (2, 297, 7);
INSERT INTO Building (BuildingID) VALUES (298);
INSERT INTO Room (RoomID, BuildingID, MaxCapacity) VALUES (1, 298, 7);
INSERT INTO Room (RoomID, BuildingID, MaxCapacity) VALUES (2, 298, 5);
INSERT INTO Building (BuildingID) VALUES (299);
INSERT INTO Room (RoomID, BuildingID, MaxCapacity) VALUES (1, 299, 8);
INSERT INTO Room (RoomID, BuildingID, MaxCapacity) VALUES (2, 299, 8);
INSERT INTO Building (BuildingID) VALUES (300);
INSERT INTO Room (RoomID, BuildingID, MaxCapacity) VALUES (1, 300, 8);
INSERT INTO Room (RoomID, BuildingID, MaxCapacity) VALUES (2, 300, 8);
INSERT INTO Building (BuildingID) VALUES (301);
INSERT INTO Room (RoomID, BuildingID, MaxCapacity) VALUES (1, 301, 4);
INSERT INTO Room (RoomID, BuildingID, MaxCapacity) VALUES (2, 301, 8);
INSERT INTO Building (BuildingID) VALUES (302);
INSERT INTO Room (RoomID, BuildingID, MaxCapacity) VALUES (1, 302, 5);
INSERT INTO Room (RoomID, BuildingID, MaxCapacity) VALUES (2, 302, 8);
INSERT INTO Building (BuildingID) VALUES (303);
INSERT INTO Room (RoomID, BuildingID, MaxCapacity) VALUES (1, 303, 8);
INSERT INTO Room (RoomID, BuildingID, MaxCapacity) VALUES (2, 303, 7);
INSERT INTO Building (BuildingID) VALUES (304);
INSERT INTO Room (RoomID, BuildingID, MaxCapacity) VALUES (1, 304, 7);
INSERT INTO Room (RoomID, BuildingID, MaxCapacity) VALUES (2, 304, 8);
INSERT INTO Building (BuildingID) VALUES (305);
INSERT INTO Room (RoomID, BuildingID, MaxCapacity) VALUES (1, 305, 7);
INSERT INTO Room (RoomID, BuildingID, MaxCapacity) VALUES (2, 305, 4);
INSERT INTO Building (BuildingID) VALUES (306);
INSERT INTO Room (RoomID, BuildingID, MaxCapacity) VALUES (1, 306, 5);
INSERT INTO Room (RoomID, BuildingID, MaxCapacity) VALUES (2, 306, 7);
INSERT INTO Building (BuildingID) VALUES (307);
INSERT INTO Room (RoomID, BuildingID, MaxCapacity) VALUES (1, 307, 4);
INSERT INTO Room (RoomID, BuildingID, MaxCapacity) VALUES (2, 307, 6);
INSERT INTO Building (BuildingID) VALUES (308);
INSERT INTO Room (RoomID, BuildingID, MaxCapacity) VALUES (1, 308, 6);
INSERT INTO Room (RoomID, BuildingID, MaxCapacity) VALUES (2, 308, 5);
INSERT INTO Building (BuildingID) VALUES (309);
INSERT INTO Room (RoomID, BuildingID, MaxCapacity) VALUES (1, 309, 5);
INSERT INTO Room (RoomID, BuildingID, MaxCapacity) VALUES (2, 309, 6);
INSERT INTO Building (BuildingID) VALUES (310);
INSERT INTO Room (RoomID, BuildingID, MaxCapacity) VALUES (1, 310, 5);
INSERT INTO Room (RoomID, BuildingID, MaxCapacity) VALUES (2, 310, 4);
INSERT INTO Building (BuildingID) VALUES (311);
INSERT INTO Room (RoomID, BuildingID, MaxCapacity) VALUES (1, 311, 7);
INSERT INTO Room (RoomID, BuildingID, MaxCapacity) VALUES (2, 311, 6);
INSERT INTO Building (BuildingID) VALUES (312);
INSERT INTO Room (RoomID, BuildingID, MaxCapacity) VALUES (1, 312, 6);
INSERT INTO Room (RoomID, BuildingID, MaxCapacity) VALUES (2, 312, 7);
INSERT INTO Building (BuildingID) VALUES (313);
INSERT INTO Room (RoomID, BuildingID, MaxCapacity) VALUES (1, 313, 5);
INSERT INTO Room (RoomID, BuildingID, MaxCapacity) VALUES (2, 313, 5);
INSERT INTO Building (BuildingID) VALUES (314);
INSERT INTO Room (RoomID, BuildingID, MaxCapacity) VALUES (1, 314, 6);
INSERT INTO Room (RoomID, BuildingID, MaxCapacity) VALUES (2, 314, 7);
INSERT INTO Building (BuildingID) VALUES (315);
INSERT INTO Room (RoomID, BuildingID, MaxCapacity) VALUES (1, 315, 8);
INSERT INTO Room (RoomID, BuildingID, MaxCapacity) VALUES (2, 315, 8);
INSERT INTO Building (BuildingID) VALUES (316);
INSERT INTO Room (RoomID, BuildingID, MaxCapacity) VALUES (1, 316, 7);
INSERT INTO Room (RoomID, BuildingID, MaxCapacity) VALUES (2, 316, 6);
INSERT INTO Building (BuildingID) VALUES (317);
INSERT INTO Room (RoomID, BuildingID, MaxCapacity) VALUES (1, 317, 8);
INSERT INTO Room (RoomID, BuildingID, MaxCapacity) VALUES (2, 317, 7);
INSERT INTO Building (BuildingID) VALUES (318);
INSERT INTO Room (RoomID, BuildingID, MaxCapacity) VALUES (1, 318, 5);
INSERT INTO Room (RoomID, BuildingID, MaxCapacity) VALUES (2, 318, 7);
INSERT INTO Building (BuildingID) VALUES (319);
INSERT INTO Room (RoomID, BuildingID, MaxCapacity) VALUES (1, 319, 7);
INSERT INTO Room (RoomID, BuildingID, MaxCapacity) VALUES (2, 319, 7);
INSERT INTO Building (BuildingID) VALUES (320);
INSERT INTO Room (RoomID, BuildingID, MaxCapacity) VALUES (1, 320, 4);
INSERT INTO Room (RoomID, BuildingID, MaxCapacity) VALUES (2, 320, 8);
INSERT INTO Building (BuildingID) VALUES (321);
INSERT INTO Room (RoomID, BuildingID, MaxCapacity) VALUES (1, 321, 4);
INSERT INTO Room (RoomID, BuildingID, MaxCapacity) VALUES (2, 321, 7);
INSERT INTO Building (BuildingID) VALUES (322);
INSERT INTO Room (RoomID, BuildingID, MaxCapacity) VALUES (1, 322, 5);
INSERT INTO Room (RoomID, BuildingID, MaxCapacity) VALUES (2, 322, 5);
INSERT INTO Building (BuildingID) VALUES (323);
INSERT INTO Room (RoomID, BuildingID, MaxCapacity) VALUES (1, 323, 4);
INSERT INTO Room (RoomID, BuildingID, MaxCapacity) VALUES (2, 323, 8);
INSERT INTO Building (BuildingID) VALUES (324);
INSERT INTO Room (RoomID, BuildingID, MaxCapacity) VALUES (1, 324, 4);
INSERT INTO Room (RoomID, BuildingID, MaxCapacity) VALUES (2, 324, 7);
INSERT INTO Building (BuildingID) VALUES (325);
INSERT INTO Room (RoomID, BuildingID, MaxCapacity) VALUES (1, 325, 7);
INSERT INTO Room (RoomID, BuildingID, MaxCapacity) VALUES (2, 325, 8);
INSERT INTO Building (BuildingID) VALUES (326);
INSERT INTO Room (RoomID, BuildingID, MaxCapacity) VALUES (1, 326, 8);
INSERT INTO Room (RoomID, BuildingID, MaxCapacity) VALUES (2, 326, 7);
INSERT INTO Building (BuildingID) VALUES (327);
INSERT INTO Room (RoomID, BuildingID, MaxCapacity) VALUES (1, 327, 4);
INSERT INTO Room (RoomID, BuildingID, MaxCapacity) VALUES (2, 327, 7);
INSERT INTO Building (BuildingID) VALUES (328);
INSERT INTO Room (RoomID, BuildingID, MaxCapacity) VALUES (1, 328, 5);
INSERT INTO Room (RoomID, BuildingID, MaxCapacity) VALUES (2, 328, 5);
INSERT INTO Building (BuildingID) VALUES (329);
INSERT INTO Room (RoomID, BuildingID, MaxCapacity) VALUES (1, 329, 4);
INSERT INTO Room (RoomID, BuildingID, MaxCapacity) VALUES (2, 329, 8);
INSERT INTO Building (BuildingID) VALUES (330);
INSERT INTO Room (RoomID, BuildingID, MaxCapacity) VALUES (1, 330, 5);
INSERT INTO Room (RoomID, BuildingID, MaxCapacity) VALUES (2, 330, 4);
INSERT INTO Building (BuildingID) VALUES (331);
INSERT INTO Room (RoomID, BuildingID, MaxCapacity) VALUES (1, 331, 4);
INSERT INTO Room (RoomID, BuildingID, MaxCapacity) VALUES (2, 331, 7);
INSERT INTO Building (BuildingID) VALUES (332);
INSERT INTO Room (RoomID, BuildingID, MaxCapacity) VALUES (1, 332, 4);
INSERT INTO Room (RoomID, BuildingID, MaxCapacity) VALUES (2, 332, 6);
INSERT INTO Building (BuildingID) VALUES (333);
INSERT INTO Room (RoomID, BuildingID, MaxCapacity) VALUES (1, 333, 6);
INSERT INTO Room (RoomID, BuildingID, MaxCapacity) VALUES (2, 333, 6);
INSERT INTO Building (BuildingID) VALUES (334);
INSERT INTO Room (RoomID, BuildingID, MaxCapacity) VALUES (1, 334, 8);
INSERT INTO Room (RoomID, BuildingID, MaxCapacity) VALUES (2, 334, 5);
INSERT INTO Building (BuildingID) VALUES (335);
INSERT INTO Room (RoomID, BuildingID, MaxCapacity) VALUES (1, 335, 4);
INSERT INTO Room (RoomID, BuildingID, MaxCapacity) VALUES (2, 335, 7);
INSERT INTO Building (BuildingID) VALUES (336);
INSERT INTO Room (RoomID, BuildingID, MaxCapacity) VALUES (1, 336, 5);
INSERT INTO Room (RoomID, BuildingID, MaxCapacity) VALUES (2, 336, 4);
INSERT INTO Building (BuildingID) VALUES (337);
INSERT INTO Room (RoomID, BuildingID, MaxCapacity) VALUES (1, 337, 8);
INSERT INTO Room (RoomID, BuildingID, MaxCapacity) VALUES (2, 337, 5);
INSERT INTO Building (BuildingID) VALUES (338);
INSERT INTO Room (RoomID, BuildingID, MaxCapacity) VALUES (1, 338, 6);
INSERT INTO Room (RoomID, BuildingID, MaxCapacity) VALUES (2, 338, 7);
INSERT INTO Building (BuildingID) VALUES (339);
INSERT INTO Room (RoomID, BuildingID, MaxCapacity) VALUES (1, 339, 6);
INSERT INTO Room (RoomID, BuildingID, MaxCapacity) VALUES (2, 339, 7);
INSERT INTO Building (BuildingID) VALUES (340);
INSERT INTO Room (RoomID, BuildingID, MaxCapacity) VALUES (1, 340, 8);
INSERT INTO Room (RoomID, BuildingID, MaxCapacity) VALUES (2, 340, 8);
INSERT INTO Building (BuildingID) VALUES (341);
INSERT INTO Room (RoomID, BuildingID, MaxCapacity) VALUES (1, 341, 8);
INSERT INTO Room (RoomID, BuildingID, MaxCapacity) VALUES (2, 341, 5);
INSERT INTO Building (BuildingID) VALUES (342);
INSERT INTO Room (RoomID, BuildingID, MaxCapacity) VALUES (1, 342, 4);
INSERT INTO Room (RoomID, BuildingID, MaxCapacity) VALUES (2, 342, 5);
INSERT INTO Building (BuildingID) VALUES (343);
INSERT INTO Room (RoomID, BuildingID, MaxCapacity) VALUES (1, 343, 5);
INSERT INTO Room (RoomID, BuildingID, MaxCapacity) VALUES (2, 343, 7);
INSERT INTO Building (BuildingID) VALUES (344);
INSERT INTO Room (RoomID, BuildingID, MaxCapacity) VALUES (1, 344, 6);
INSERT INTO Room (RoomID, BuildingID, MaxCapacity) VALUES (2, 344, 4);
INSERT INTO Building (BuildingID) VALUES (345);
INSERT INTO Room (RoomID, BuildingID, MaxCapacity) VALUES (1, 345, 8);
INSERT INTO Room (RoomID, BuildingID, MaxCapacity) VALUES (2, 345, 5);
INSERT INTO Building (BuildingID) VALUES (346);
INSERT INTO Room (RoomID, BuildingID, MaxCapacity) VALUES (1, 346, 8);
INSERT INTO Room (RoomID, BuildingID, MaxCapacity) VALUES (2, 346, 4);
INSERT INTO Building (BuildingID) VALUES (347);
INSERT INTO Room (RoomID, BuildingID, MaxCapacity) VALUES (1, 347, 7);
INSERT INTO Room (RoomID, BuildingID, MaxCapacity) VALUES (2, 347, 5);
INSERT INTO Building (BuildingID) VALUES (348);
INSERT INTO Room (RoomID, BuildingID, MaxCapacity) VALUES (1, 348, 7);
INSERT INTO Room (RoomID, BuildingID, MaxCapacity) VALUES (2, 348, 8);
INSERT INTO Building (BuildingID) VALUES (349);
INSERT INTO Room (RoomID, BuildingID, MaxCapacity) VALUES (1, 349, 8);
INSERT INTO Room (RoomID, BuildingID, MaxCapacity) VALUES (2, 349, 8);
INSERT INTO Building (BuildingID) VALUES (350);
INSERT INTO Room (RoomID, BuildingID, MaxCapacity) VALUES (1, 350, 8);
INSERT INTO Room (RoomID, BuildingID, MaxCapacity) VALUES (2, 350, 6);
INSERT INTO Building (BuildingID) VALUES (351);
INSERT INTO Room (RoomID, BuildingID, MaxCapacity) VALUES (1, 351, 8);
INSERT INTO Room (RoomID, BuildingID, MaxCapacity) VALUES (2, 351, 7);
INSERT INTO Building (BuildingID) VALUES (352);
INSERT INTO Room (RoomID, BuildingID, MaxCapacity) VALUES (1, 352, 6);
INSERT INTO Room (RoomID, BuildingID, MaxCapacity) VALUES (2, 352, 5);
INSERT INTO Building (BuildingID) VALUES (353);
INSERT INTO Room (RoomID, BuildingID, MaxCapacity) VALUES (1, 353, 5);
INSERT INTO Room (RoomID, BuildingID, MaxCapacity) VALUES (2, 353, 5);
INSERT INTO Building (BuildingID) VALUES (354);
INSERT INTO Room (RoomID, BuildingID, MaxCapacity) VALUES (1, 354, 7);
INSERT INTO Room (RoomID, BuildingID, MaxCapacity) VALUES (2, 354, 8);
INSERT INTO Building (BuildingID) VALUES (355);
INSERT INTO Room (RoomID, BuildingID, MaxCapacity) VALUES (1, 355, 8);
INSERT INTO Room (RoomID, BuildingID, MaxCapacity) VALUES (2, 355, 6);
INSERT INTO Building (BuildingID) VALUES (356);
INSERT INTO Room (RoomID, BuildingID, MaxCapacity) VALUES (1, 356, 6);
INSERT INTO Room (RoomID, BuildingID, MaxCapacity) VALUES (2, 356, 6);
INSERT INTO Building (BuildingID) VALUES (357);
INSERT INTO Room (RoomID, BuildingID, MaxCapacity) VALUES (1, 357, 5);
INSERT INTO Room (RoomID, BuildingID, MaxCapacity) VALUES (2, 357, 8);
INSERT INTO Building (BuildingID) VALUES (358);
INSERT INTO Room (RoomID, BuildingID, MaxCapacity) VALUES (1, 358, 7);
INSERT INTO Room (RoomID, BuildingID, MaxCapacity) VALUES (2, 358, 4);
INSERT INTO Building (BuildingID) VALUES (359);
INSERT INTO Room (RoomID, BuildingID, MaxCapacity) VALUES (1, 359, 6);
INSERT INTO Room (RoomID, BuildingID, MaxCapacity) VALUES (2, 359, 7);
INSERT INTO Building (BuildingID) VALUES (360);
INSERT INTO Room (RoomID, BuildingID, MaxCapacity) VALUES (1, 360, 8);
INSERT INTO Room (RoomID, BuildingID, MaxCapacity) VALUES (2, 360, 7);
INSERT INTO Building (BuildingID) VALUES (361);
INSERT INTO Room (RoomID, BuildingID, MaxCapacity) VALUES (1, 361, 5);
INSERT INTO Room (RoomID, BuildingID, MaxCapacity) VALUES (2, 361, 7);
INSERT INTO Building (BuildingID) VALUES (362);
INSERT INTO Room (RoomID, BuildingID, MaxCapacity) VALUES (1, 362, 8);
INSERT INTO Room (RoomID, BuildingID, MaxCapacity) VALUES (2, 362, 4);
INSERT INTO Building (BuildingID) VALUES (363);
INSERT INTO Room (RoomID, BuildingID, MaxCapacity) VALUES (1, 363, 4);
INSERT INTO Room (RoomID, BuildingID, MaxCapacity) VALUES (2, 363, 8);
INSERT INTO Building (BuildingID) VALUES (364);
INSERT INTO Room (RoomID, BuildingID, MaxCapacity) VALUES (1, 364, 4);
INSERT INTO Room (RoomID, BuildingID, MaxCapacity) VALUES (2, 364, 6);
INSERT INTO Building (BuildingID) VALUES (365);
INSERT INTO Room (RoomID, BuildingID, MaxCapacity) VALUES (1, 365, 4);
INSERT INTO Room (RoomID, BuildingID, MaxCapacity) VALUES (2, 365, 4);
INSERT INTO Building (BuildingID) VALUES (366);
INSERT INTO Room (RoomID, BuildingID, MaxCapacity) VALUES (1, 366, 8);
INSERT INTO Room (RoomID, BuildingID, MaxCapacity) VALUES (2, 366, 6);
INSERT INTO Building (BuildingID) VALUES (367);
INSERT INTO Room (RoomID, BuildingID, MaxCapacity) VALUES (1, 367, 7);
INSERT INTO Room (RoomID, BuildingID, MaxCapacity) VALUES (2, 367, 5);
INSERT INTO Building (BuildingID) VALUES (368);
INSERT INTO Room (RoomID, BuildingID, MaxCapacity) VALUES (1, 368, 5);
INSERT INTO Room (RoomID, BuildingID, MaxCapacity) VALUES (2, 368, 5);
INSERT INTO Building (BuildingID) VALUES (369);
INSERT INTO Room (RoomID, BuildingID, MaxCapacity) VALUES (1, 369, 5);
INSERT INTO Room (RoomID, BuildingID, MaxCapacity) VALUES (2, 369, 5);
INSERT INTO Building (BuildingID) VALUES (370);
INSERT INTO Room (RoomID, BuildingID, MaxCapacity) VALUES (1, 370, 4);
INSERT INTO Room (RoomID, BuildingID, MaxCapacity) VALUES (2, 370, 5);
INSERT INTO Building (BuildingID) VALUES (371);
INSERT INTO Room (RoomID, BuildingID, MaxCapacity) VALUES (1, 371, 4);
INSERT INTO Room (RoomID, BuildingID, MaxCapacity) VALUES (2, 371, 6);
INSERT INTO Building (BuildingID) VALUES (372);
INSERT INTO Room (RoomID, BuildingID, MaxCapacity) VALUES (1, 372, 6);
INSERT INTO Room (RoomID, BuildingID, MaxCapacity) VALUES (2, 372, 7);
INSERT INTO Building (BuildingID) VALUES (373);
INSERT INTO Room (RoomID, BuildingID, MaxCapacity) VALUES (1, 373, 5);
INSERT INTO Room (RoomID, BuildingID, MaxCapacity) VALUES (2, 373, 8);
INSERT INTO Building (BuildingID) VALUES (374);
INSERT INTO Room (RoomID, BuildingID, MaxCapacity) VALUES (1, 374, 4);
INSERT INTO Room (RoomID, BuildingID, MaxCapacity) VALUES (2, 374, 6);
INSERT INTO Building (BuildingID) VALUES (375);
INSERT INTO Room (RoomID, BuildingID, MaxCapacity) VALUES (1, 375, 4);
INSERT INTO Room (RoomID, BuildingID, MaxCapacity) VALUES (2, 375, 8);
INSERT INTO Building (BuildingID) VALUES (376);
INSERT INTO Room (RoomID, BuildingID, MaxCapacity) VALUES (1, 376, 5);
INSERT INTO Room (RoomID, BuildingID, MaxCapacity) VALUES (2, 376, 5);
INSERT INTO Building (BuildingID) VALUES (377);
INSERT INTO Room (RoomID, BuildingID, MaxCapacity) VALUES (1, 377, 8);
INSERT INTO Room (RoomID, BuildingID, MaxCapacity) VALUES (2, 377, 6);
INSERT INTO Building (BuildingID) VALUES (378);
INSERT INTO Room (RoomID, BuildingID, MaxCapacity) VALUES (1, 378, 6);
INSERT INTO Room (RoomID, BuildingID, MaxCapacity) VALUES (2, 378, 7);
INSERT INTO Building (BuildingID) VALUES (379);
INSERT INTO Room (RoomID, BuildingID, MaxCapacity) VALUES (1, 379, 6);
INSERT INTO Room (RoomID, BuildingID, MaxCapacity) VALUES (2, 379, 6);
INSERT INTO Building (BuildingID) VALUES (380);
INSERT INTO Room (RoomID, BuildingID, MaxCapacity) VALUES (1, 380, 5);
INSERT INTO Room (RoomID, BuildingID, MaxCapacity) VALUES (2, 380, 7);
INSERT INTO Building (BuildingID) VALUES (381);
INSERT INTO Room (RoomID, BuildingID, MaxCapacity) VALUES (1, 381, 8);
INSERT INTO Room (RoomID, BuildingID, MaxCapacity) VALUES (2, 381, 5);
INSERT INTO Building (BuildingID) VALUES (382);
INSERT INTO Room (RoomID, BuildingID, MaxCapacity) VALUES (1, 382, 5);
INSERT INTO Room (RoomID, BuildingID, MaxCapacity) VALUES (2, 382, 5);
INSERT INTO Building (BuildingID) VALUES (383);
INSERT INTO Room (RoomID, BuildingID, MaxCapacity) VALUES (1, 383, 7);
INSERT INTO Room (RoomID, BuildingID, MaxCapacity) VALUES (2, 383, 8);
INSERT INTO Building (BuildingID) VALUES (384);
INSERT INTO Room (RoomID, BuildingID, MaxCapacity) VALUES (1, 384, 4);
INSERT INTO Room (RoomID, BuildingID, MaxCapacity) VALUES (2, 384, 7);
INSERT INTO Building (BuildingID) VALUES (385);
INSERT INTO Room (RoomID, BuildingID, MaxCapacity) VALUES (1, 385, 7);
INSERT INTO Room (RoomID, BuildingID, MaxCapacity) VALUES (2, 385, 6);
INSERT INTO Building (BuildingID) VALUES (386);
INSERT INTO Room (RoomID, BuildingID, MaxCapacity) VALUES (1, 386, 5);
INSERT INTO Room (RoomID, BuildingID, MaxCapacity) VALUES (2, 386, 8);
INSERT INTO Building (BuildingID) VALUES (387);
INSERT INTO Room (RoomID, BuildingID, MaxCapacity) VALUES (1, 387, 6);
INSERT INTO Room (RoomID, BuildingID, MaxCapacity) VALUES (2, 387, 8);
INSERT INTO Building (BuildingID) VALUES (388);
INSERT INTO Room (RoomID, BuildingID, MaxCapacity) VALUES (1, 388, 6);
INSERT INTO Room (RoomID, BuildingID, MaxCapacity) VALUES (2, 388, 7);
INSERT INTO Building (BuildingID) VALUES (389);
INSERT INTO Room (RoomID, BuildingID, MaxCapacity) VALUES (1, 389, 5);
INSERT INTO Room (RoomID, BuildingID, MaxCapacity) VALUES (2, 389, 6);
INSERT INTO Building (BuildingID) VALUES (390);
INSERT INTO Room (RoomID, BuildingID, MaxCapacity) VALUES (1, 390, 5);
INSERT INTO Room (RoomID, BuildingID, MaxCapacity) VALUES (2, 390, 5);
INSERT INTO Building (BuildingID) VALUES (391);
INSERT INTO Room (RoomID, BuildingID, MaxCapacity) VALUES (1, 391, 5);
INSERT INTO Room (RoomID, BuildingID, MaxCapacity) VALUES (2, 391, 4);
INSERT INTO Building (BuildingID) VALUES (392);
INSERT INTO Room (RoomID, BuildingID, MaxCapacity) VALUES (1, 392, 8);
INSERT INTO Room (RoomID, BuildingID, MaxCapacity) VALUES (2, 392, 8);
INSERT INTO Building (BuildingID) VALUES (393);
INSERT INTO Room (RoomID, BuildingID, MaxCapacity) VALUES (1, 393, 4);
INSERT INTO Room (RoomID, BuildingID, MaxCapacity) VALUES (2, 393, 5);
INSERT INTO Building (BuildingID) VALUES (394);
INSERT INTO Room (RoomID, BuildingID, MaxCapacity) VALUES (1, 394, 5);
INSERT INTO Room (RoomID, BuildingID, MaxCapacity) VALUES (2, 394, 5);
INSERT INTO Building (BuildingID) VALUES (395);
INSERT INTO Room (RoomID, BuildingID, MaxCapacity) VALUES (1, 395, 5);
INSERT INTO Room (RoomID, BuildingID, MaxCapacity) VALUES (2, 395, 4);
INSERT INTO Building (BuildingID) VALUES (396);
INSERT INTO Room (RoomID, BuildingID, MaxCapacity) VALUES (1, 396, 7);
INSERT INTO Room (RoomID, BuildingID, MaxCapacity) VALUES (2, 396, 4);
INSERT INTO Building (BuildingID) VALUES (397);
INSERT INTO Room (RoomID, BuildingID, MaxCapacity) VALUES (1, 397, 4);
INSERT INTO Room (RoomID, BuildingID, MaxCapacity) VALUES (2, 397, 6);
INSERT INTO Building (BuildingID) VALUES (398);
INSERT INTO Room (RoomID, BuildingID, MaxCapacity) VALUES (1, 398, 5);
INSERT INTO Room (RoomID, BuildingID, MaxCapacity) VALUES (2, 398, 7);
INSERT INTO Building (BuildingID) VALUES (399);
INSERT INTO Room (RoomID, BuildingID, MaxCapacity) VALUES (1, 399, 7);
INSERT INTO Room (RoomID, BuildingID, MaxCapacity) VALUES (2, 399, 4);
INSERT INTO Building (BuildingID) VALUES (400);
INSERT INTO Room (RoomID, BuildingID, MaxCapacity) VALUES (1, 400, 8);
INSERT INTO Room (RoomID, BuildingID, MaxCapacity) VALUES (2, 400, 4);
INSERT INTO Person (ID, Age, PhoneNumber, Name) VALUES (1, 35, '0551324810', 'Makenna');
INSERT INTO Person (ID, Age, PhoneNumber, Name) VALUES (2, 26, '0538677451', 'Angelina');
INSERT INTO Person (ID, Age, PhoneNumber, Name) VALUES (3, 44, '0554635286', 'Cameron');
INSERT INTO Person (ID, Age, PhoneNumber, Name) VALUES (4, 29, '0546245936', 'Sara');
INSERT INTO Person (ID, Age, PhoneNumber, Name) VALUES (5, 46, '0587488167', 'Aaliyah');
INSERT INTO Person (ID, Age, PhoneNumber, Name) VALUES (6, 38, '0569674497', 'Walter');
INSERT INTO Person (ID, Age, PhoneNumber, Name) VALUES (7, 26, '0564851184', 'Michael');
INSERT INTO Person (ID, Age, PhoneNumber, Name) VALUES (8, 26, '0521343577', 'Christopher');
INSERT INTO Person (ID, Age, PhoneNumber, Name) VALUES (9, 32, '0582528681', 'Makenna');
INSERT INTO Person (ID, Age, PhoneNumber, Name) VALUES (10, 45, '0584787443', 'Makayla');
INSERT INTO Person (ID, Age, PhoneNumber, Name) VALUES (11, 29, '0535714477', 'Brandon');
INSERT INTO Person (ID, Age, PhoneNumber, Name) VALUES (12, 36, '0504292953', 'Makayla');
INSERT INTO Person (ID, Age, PhoneNumber, Name) VALUES (13, 50, '0571167505', 'Melissa');
INSERT INTO Person (ID, Age, PhoneNumber, Name) VALUES (14, 32, '0583657130', 'Madison');
INSERT INTO Person (ID, Age, PhoneNumber, Name) VALUES (15, 33, '0537651377', 'Landon');
INSERT INTO Person (ID, Age, PhoneNumber, Name) VALUES (16, 42, '0542464590', 'Makenna');
INSERT INTO Person (ID, Age, PhoneNumber, Name) VALUES (17, 25, '0569286774', 'Nathan');
INSERT INTO Person (ID, Age, PhoneNumber, Name) VALUES (18, 28, '0587598714', 'Keith');
INSERT INTO Person (ID, Age, PhoneNumber, Name) VALUES (19, 28, '0535539597', 'Rylee');
INSERT INTO Person (ID, Age, PhoneNumber, Name) VALUES (20, 49, '0565499031', 'Mia');
INSERT INTO Person (ID, Age, PhoneNumber, Name) VALUES (21, 35, '0501383274', 'Mariah');
INSERT INTO Person (ID, Age, PhoneNumber, Name) VALUES (22, 43, '0536410122', 'Aaron');
INSERT INTO Person (ID, Age, PhoneNumber, Name) VALUES (23, 44, '0591060307', 'Christopher');
INSERT INTO Person (ID, Age, PhoneNumber, Name) VALUES (24, 38, '0595204487', 'Nicholas');
INSERT INTO Person (ID, Age, PhoneNumber, Name) VALUES (25, 30, '0535646024', 'Wayne');
INSERT INTO Person (ID, Age, PhoneNumber, Name) VALUES (26, 35, '0574071073', 'Daniel');
INSERT INTO Person (ID, Age, PhoneNumber, Name) VALUES (27, 30, '0501788109', 'Maya');
INSERT INTO Person (ID, Age, PhoneNumber, Name) VALUES (28, 38, '0537976397', 'Victoria');
INSERT INTO Person (ID, Age, PhoneNumber, Name) VALUES (29, 45, '0565865831', 'Oscar');
INSERT INTO Person (ID, Age, PhoneNumber, Name) VALUES (30, 35, '0555264251', 'Eric');
INSERT INTO Person (ID, Age, PhoneNumber, Name) VALUES (31, 38, '0535617790', 'Brooke');
INSERT INTO Person (ID, Age, PhoneNumber, Name) VALUES (32, 50, '0546576437', 'Sara');
INSERT INTO Person (ID, Age, PhoneNumber, Name) VALUES (33, 39, '0587785855', 'Oscar');
INSERT INTO Person (ID, Age, PhoneNumber, Name) VALUES (34, 39, '0530724009', 'Glenn');
INSERT INTO Person (ID, Age, PhoneNumber, Name) VALUES (35, 43, '0550096770', 'Violet');
INSERT INTO Person (ID, Age, PhoneNumber, Name) VALUES (36, 30, '0507630680', 'Norman');
INSERT INTO Person (ID, Age, PhoneNumber, Name) VALUES (37, 30, '0513963899', 'Elise');
INSERT INTO Person (ID, Age, PhoneNumber, Name) VALUES (38, 50, '0506318545', 'Lily');
INSERT INTO Person (ID, Age, PhoneNumber, Name) VALUES (39, 33, '0514566763', 'Haley');
INSERT INTO Person (ID, Age, PhoneNumber, Name) VALUES (40, 33, '0502668341', 'Caroline');
INSERT INTO Person (ID, Age, PhoneNumber, Name) VALUES (41, 43, '0565388192', 'Brandon');
INSERT INTO Person (ID, Age, PhoneNumber, Name) VALUES (42, 33, '0599514780', 'Isaac');
INSERT INTO Person (ID, Age, PhoneNumber, Name) VALUES (43, 39, '0516509546', 'Max');
INSERT INTO Person (ID, Age, PhoneNumber, Name) VALUES (44, 29, '0567459780', 'Rylee');
INSERT INTO Person (ID, Age, PhoneNumber, Name) VALUES (45, 40, '0596254747', 'Gianna');
INSERT INTO Person (ID, Age, PhoneNumber, Name) VALUES (46, 47, '0556309483', 'Isaac');
INSERT INTO Person (ID, Age, PhoneNumber, Name) VALUES (47, 41, '0594306942', 'Charles');
INSERT INTO Person (ID, Age, PhoneNumber, Name) VALUES (48, 39, '0551897705', 'Brandon');
INSERT INTO Person (ID, Age, PhoneNumber, Name) VALUES (49, 47, '0549042223', 'George');
INSERT INTO Person (ID, Age, PhoneNumber, Name) VALUES (50, 41, '0551405507', 'Rylee');
INSERT INTO Person (ID, Age, PhoneNumber, Name) VALUES (51, 35, '0553999221', 'Roy');
INSERT INTO Person (ID, Age, PhoneNumber, Name) VALUES (52, 27, '0540923082', 'Amanda');
INSERT INTO Person (ID, Age, PhoneNumber, Name) VALUES (53, 30, '0576182642', 'Rylee');
INSERT INTO Person (ID, Age, PhoneNumber, Name) VALUES (54, 35, '0525740796', 'Mckenzie');
INSERT INTO Person (ID, Age, PhoneNumber, Name) VALUES (55, 38, '0576761263', 'Taylor');
INSERT INTO Person (ID, Age, PhoneNumber, Name) VALUES (56, 38, '0575352354', 'Megan');
INSERT INTO Person (ID, Age, PhoneNumber, Name) VALUES (57, 36, '0567077594', 'Joshua');
INSERT INTO Person (ID, Age, PhoneNumber, Name) VALUES (58, 30, '0550248460', 'Katherine');
INSERT INTO Person (ID, Age, PhoneNumber, Name) VALUES (59, 38, '0524231592', 'Nathan');
INSERT INTO Person (ID, Age, PhoneNumber, Name) VALUES (60, 29, '0504851843', 'Roger');
INSERT INTO Person (ID, Age, PhoneNumber, Name) VALUES (61, 32, '0534264312', 'Joel');
INSERT INTO Person (ID, Age, PhoneNumber, Name) VALUES (62, 36, '0513103153', 'Sadie');
INSERT INTO Person (ID, Age, PhoneNumber, Name) VALUES (63, 47, '0510680101', 'Louis');
INSERT INTO Person (ID, Age, PhoneNumber, Name) VALUES (64, 34, '0597598065', 'Philip');
INSERT INTO Person (ID, Age, PhoneNumber, Name) VALUES (65, 34, '0505040708', 'Peter');
INSERT INTO Person (ID, Age, PhoneNumber, Name) VALUES (66, 26, '0542450223', 'Roy');
INSERT INTO Person (ID, Age, PhoneNumber, Name) VALUES (67, 40, '0517922070', 'Derek');
INSERT INTO Person (ID, Age, PhoneNumber, Name) VALUES (68, 45, '0522138731', 'Sophie');
INSERT INTO Person (ID, Age, PhoneNumber, Name) VALUES (69, 29, '0505712076', 'Mark');
INSERT INTO Person (ID, Age, PhoneNumber, Name) VALUES (70, 31, '0591451765', 'Landon');
INSERT INTO Person (ID, Age, PhoneNumber, Name) VALUES (71, 30, '0588211676', 'Claire');
INSERT INTO Person (ID, Age, PhoneNumber, Name) VALUES (72, 45, '0517277794', 'Kaitlyn');
INSERT INTO Person (ID, Age, PhoneNumber, Name) VALUES (73, 36, '0510302628', 'Jonathan');
INSERT INTO Person (ID, Age, PhoneNumber, Name) VALUES (74, 30, '0542509296', 'Ryan');
INSERT INTO Person (ID, Age, PhoneNumber, Name) VALUES (75, 44, '0537445992', 'Sara');
INSERT INTO Person (ID, Age, PhoneNumber, Name) VALUES (76, 46, '0532976402', 'Danielle');
INSERT INTO Person (ID, Age, PhoneNumber, Name) VALUES (77, 42, '0564422870', 'Oscar');
INSERT INTO Person (ID, Age, PhoneNumber, Name) VALUES (78, 31, '0585244620', 'Norman');
INSERT INTO Person (ID, Age, PhoneNumber, Name) VALUES (79, 34, '0563111985', 'Lila');
INSERT INTO Person (ID, Age, PhoneNumber, Name) VALUES (80, 25, '0570139167', 'Isabelle');
INSERT INTO Person (ID, Age, PhoneNumber, Name) VALUES (81, 26, '0526774415', 'Isaac');
INSERT INTO Person (ID, Age, PhoneNumber, Name) VALUES (82, 41, '0507795674', 'Ralph');
INSERT INTO Person (ID, Age, PhoneNumber, Name) VALUES (83, 39, '0592741070', 'Lauren');
INSERT INTO Person (ID, Age, PhoneNumber, Name) VALUES (84, 45, '0516076368', 'Makenna');
INSERT INTO Person (ID, Age, PhoneNumber, Name) VALUES (85, 37, '0577876781', 'Calvin');
INSERT INTO Person (ID, Age, PhoneNumber, Name) VALUES (86, 25, '0513378045', 'Sadie');
INSERT INTO Person (ID, Age, PhoneNumber, Name) VALUES (87, 38, '0573030929', 'Roger');
INSERT INTO Person (ID, Age, PhoneNumber, Name) VALUES (88, 25, '0550586727', 'Kenneth');
INSERT INTO Person (ID, Age, PhoneNumber, Name) VALUES (89, 39, '0556499563', 'Mark');
INSERT INTO Person (ID, Age, PhoneNumber, Name) VALUES (90, 44, '0543884326', 'Isaiah');
INSERT INTO Person (ID, Age, PhoneNumber, Name) VALUES (91, 50, '0577675911', 'Rachel');
INSERT INTO Person (ID, Age, PhoneNumber, Name) VALUES (92, 26, '0580903427', 'Kylie');
INSERT INTO Person (ID, Age, PhoneNumber, Name) VALUES (93, 49, '0541329312', 'Danielle');
INSERT INTO Person (ID, Age, PhoneNumber, Name) VALUES (94, 32, '0568699562', 'Lauren');
INSERT INTO Person (ID, Age, PhoneNumber, Name) VALUES (95, 45, '0598603543', 'Morgan');
INSERT INTO Person (ID, Age, PhoneNumber, Name) VALUES (96, 40, '0521084951', 'Roger');
INSERT INTO Person (ID, Age, PhoneNumber, Name) VALUES (97, 42, '0573416825', 'Audrey');
INSERT INTO Person (ID, Age, PhoneNumber, Name) VALUES (98, 47, '0501594223', 'Maya');
INSERT INTO Person (ID, Age, PhoneNumber, Name) VALUES (99, 44, '0589805294', 'Paige');
INSERT INTO Person (ID, Age, PhoneNumber, Name) VALUES (100, 36, '0591869555', 'Londyn');
INSERT INTO Person (ID, Age, PhoneNumber, Name) VALUES (101, 32, '0534426556', 'Daniel');
INSERT INTO Person (ID, Age, PhoneNumber, Name) VALUES (102, 46, '0565487756', 'Nicole');
INSERT INTO Person (ID, Age, PhoneNumber, Name) VALUES (103, 39, '0519331212', 'Avery');
INSERT INTO Person (ID, Age, PhoneNumber, Name) VALUES (104, 44, '0541175724', 'Eric');
INSERT INTO Person (ID, Age, PhoneNumber, Name) VALUES (105, 26, '0585650262', 'Clarence');
INSERT INTO Person (ID, Age, PhoneNumber, Name) VALUES (106, 26, '0571698713', 'Aria');
INSERT INTO Person (ID, Age, PhoneNumber, Name) VALUES (107, 49, '0527830776', 'Lily');
INSERT INTO Person (ID, Age, PhoneNumber, Name) VALUES (108, 34, '0554963341', 'Julia');
INSERT INTO Person (ID, Age, PhoneNumber, Name) VALUES (109, 47, '0560726555', 'Cameron');
INSERT INTO Person (ID, Age, PhoneNumber, Name) VALUES (110, 32, '0597773473', 'Landon');
INSERT INTO Person (ID, Age, PhoneNumber, Name) VALUES (111, 45, '0553171687', 'Steven');
INSERT INTO Person (ID, Age, PhoneNumber, Name) VALUES (112, 25, '0517148057', 'Kylie');
INSERT INTO Person (ID, Age, PhoneNumber, Name) VALUES (113, 50, '0540950866', 'Kayla');
INSERT INTO Person (ID, Age, PhoneNumber, Name) VALUES (114, 30, '0542595604', 'Mackenzie');
INSERT INTO Person (ID, Age, PhoneNumber, Name) VALUES (115, 48, '0533903335', 'Benjamin');
INSERT INTO Person (ID, Age, PhoneNumber, Name) VALUES (116, 49, '0545281396', 'Rachel');
INSERT INTO Person (ID, Age, PhoneNumber, Name) VALUES (117, 33, '0583301616', 'Julianna');
INSERT INTO Person (ID, Age, PhoneNumber, Name) VALUES (118, 36, '0542180203', 'Eddie');
INSERT INTO Person (ID, Age, PhoneNumber, Name) VALUES (119, 36, '0508967377', 'Joseph');
INSERT INTO Person (ID, Age, PhoneNumber, Name) VALUES (120, 40, '0537802783', 'Thomas');
INSERT INTO Person (ID, Age, PhoneNumber, Name) VALUES (121, 28, '0508043938', 'Joshua');
INSERT INTO Person (ID, Age, PhoneNumber, Name) VALUES (122, 25, '0503352744', 'Adalyn');
INSERT INTO Person (ID, Age, PhoneNumber, Name) VALUES (123, 44, '0543091452', 'Kenneth');
INSERT INTO Person (ID, Age, PhoneNumber, Name) VALUES (124, 48, '0520010272', 'Rylee');
INSERT INTO Person (ID, Age, PhoneNumber, Name) VALUES (125, 25, '0532251481', 'Jessica');
INSERT INTO Person (ID, Age, PhoneNumber, Name) VALUES (126, 33, '0506990929', 'Anna');
INSERT INTO Person (ID, Age, PhoneNumber, Name) VALUES (127, 33, '0569461009', 'Martin');
INSERT INTO Person (ID, Age, PhoneNumber, Name) VALUES (128, 49, '0591599531', 'Jonathan');
INSERT INTO Person (ID, Age, PhoneNumber, Name) VALUES (129, 26, '0546183217', 'Francis');
INSERT INTO Person (ID, Age, PhoneNumber, Name) VALUES (130, 38, '0528215010', 'Walter');
INSERT INTO Person (ID, Age, PhoneNumber, Name) VALUES (131, 39, '0539354222', 'Kennedy');
INSERT INTO Person (ID, Age, PhoneNumber, Name) VALUES (132, 46, '0567617193', 'Emma');
INSERT INTO Person (ID, Age, PhoneNumber, Name) VALUES (133, 35, '0579325544', 'Miles');
INSERT INTO Person (ID, Age, PhoneNumber, Name) VALUES (134, 36, '0596501023', 'Morgan');
INSERT INTO Person (ID, Age, PhoneNumber, Name) VALUES (135, 31, '0586167473', 'Kenneth');
INSERT INTO Person (ID, Age, PhoneNumber, Name) VALUES (136, 37, '0599191016', 'Roger');
INSERT INTO Person (ID, Age, PhoneNumber, Name) VALUES (137, 31, '0504919293', 'Clarence');
INSERT INTO Person (ID, Age, PhoneNumber, Name) VALUES (138, 45, '0564028564', 'Jocelyn');
INSERT INTO Person (ID, Age, PhoneNumber, Name) VALUES (139, 35, '0576686983', 'Martin');
INSERT INTO Person (ID, Age, PhoneNumber, Name) VALUES (140, 44, '0504780469', 'Alex');
INSERT INTO Person (ID, Age, PhoneNumber, Name) VALUES (141, 38, '0519609521', 'Megan');
INSERT INTO Person (ID, Age, PhoneNumber, Name) VALUES (142, 30, '0521486797', 'Walter');
INSERT INTO Person (ID, Age, PhoneNumber, Name) VALUES (143, 32, '0500324819', 'Jacob');
INSERT INTO Person (ID, Age, PhoneNumber, Name) VALUES (144, 45, '0509649565', 'Julianna');
INSERT INTO Person (ID, Age, PhoneNumber, Name) VALUES (145, 32, '0552032792', 'Grace');
INSERT INTO Person (ID, Age, PhoneNumber, Name) VALUES (146, 31, '0570821592', 'Joseph');
INSERT INTO Person (ID, Age, PhoneNumber, Name) VALUES (147, 47, '0584642316', 'Londyn');
INSERT INTO Person (ID, Age, PhoneNumber, Name) VALUES (148, 27, '0513586424', 'Alexis');
INSERT INTO Person (ID, Age, PhoneNumber, Name) VALUES (149, 29, '0545268922', 'Leah');
INSERT INTO Person (ID, Age, PhoneNumber, Name) VALUES (150, 47, '0563845554', 'Adalyn');
INSERT INTO Person (ID, Age, PhoneNumber, Name) VALUES (151, 49, '0587380430', 'Nora');
INSERT INTO Person (ID, Age, PhoneNumber, Name) VALUES (152, 35, '0563240770', 'Isaac');
INSERT INTO Person (ID, Age, PhoneNumber, Name) VALUES (153, 33, '0553590006', 'Stephanie');
INSERT INTO Person (ID, Age, PhoneNumber, Name) VALUES (154, 38, '0570632892', 'Levi');
INSERT INTO Person (ID, Age, PhoneNumber, Name) VALUES (155, 50, '0552517214', 'Isabel');
INSERT INTO Person (ID, Age, PhoneNumber, Name) VALUES (156, 48, '0596833509', 'Melissa');
INSERT INTO Person (ID, Age, PhoneNumber, Name) VALUES (157, 40, '0531683541', 'Ellie');
INSERT INTO Person (ID, Age, PhoneNumber, Name) VALUES (158, 47, '0545398374', 'Charles');
INSERT INTO Person (ID, Age, PhoneNumber, Name) VALUES (159, 26, '0567051354', 'Oscar');
INSERT INTO Person (ID, Age, PhoneNumber, Name) VALUES (160, 32, '0545723413', 'Delaney');
INSERT INTO Person (ID, Age, PhoneNumber, Name) VALUES (161, 36, '0598032157', 'Angelina');
INSERT INTO Person (ID, Age, PhoneNumber, Name) VALUES (162, 35, '0507597738', 'Isabella');
INSERT INTO Person (ID, Age, PhoneNumber, Name) VALUES (163, 41, '0568935972', 'Caroline');
INSERT INTO Person (ID, Age, PhoneNumber, Name) VALUES (164, 43, '0565187570', 'Mckenzie');
INSERT INTO Person (ID, Age, PhoneNumber, Name) VALUES (165, 36, '0589869592', 'Amelia');
INSERT INTO Person (ID, Age, PhoneNumber, Name) VALUES (166, 46, '0507242988', 'Isaiah');
INSERT INTO Person (ID, Age, PhoneNumber, Name) VALUES (167, 37, '0534738190', 'Robert');
INSERT INTO Person (ID, Age, PhoneNumber, Name) VALUES (168, 45, '0576054719', 'Isabel');
INSERT INTO Person (ID, Age, PhoneNumber, Name) VALUES (169, 48, '0599843272', 'Anthony');
INSERT INTO Person (ID, Age, PhoneNumber, Name) VALUES (170, 41, '0529637169', 'Nicholas');
INSERT INTO Person (ID, Age, PhoneNumber, Name) VALUES (171, 31, '0526407729', 'Elise');
INSERT INTO Person (ID, Age, PhoneNumber, Name) VALUES (172, 35, '0561248030', 'Martin');
INSERT INTO Person (ID, Age, PhoneNumber, Name) VALUES (173, 47, '0590954229', 'Cameron');
INSERT INTO Person (ID, Age, PhoneNumber, Name) VALUES (174, 31, '0514354106', 'Hannah');
INSERT INTO Person (ID, Age, PhoneNumber, Name) VALUES (175, 33, '0512318613', 'Sara');
INSERT INTO Person (ID, Age, PhoneNumber, Name) VALUES (176, 45, '0574695184', 'Gianna');
INSERT INTO Person (ID, Age, PhoneNumber, Name) VALUES (177, 38, '0525232457', 'Kaitlyn');
INSERT INTO Person (ID, Age, PhoneNumber, Name) VALUES (178, 36, '0516287333', 'Leonard');
INSERT INTO Person (ID, Age, PhoneNumber, Name) VALUES (179, 28, '0562566940', 'Trevor');
INSERT INTO Person (ID, Age, PhoneNumber, Name) VALUES (180, 29, '0576861198', 'Gerald');
INSERT INTO Person (ID, Age, PhoneNumber, Name) VALUES (181, 30, '0521517222', 'Londyn');
INSERT INTO Person (ID, Age, PhoneNumber, Name) VALUES (182, 36, '0522016080', 'Taylor');
INSERT INTO Person (ID, Age, PhoneNumber, Name) VALUES (183, 31, '0599233130', 'Allison');
INSERT INTO Person (ID, Age, PhoneNumber, Name) VALUES (184, 42, '0539313825', 'Madison');
INSERT INTO Person (ID, Age, PhoneNumber, Name) VALUES (185, 45, '0525777091', 'Glenn');
INSERT INTO Person (ID, Age, PhoneNumber, Name) VALUES (186, 39, '0553422104', 'Skylar');
INSERT INTO Person (ID, Age, PhoneNumber, Name) VALUES (187, 41, '0548572653', 'Jonathan');
INSERT INTO Person (ID, Age, PhoneNumber, Name) VALUES (188, 36, '0534471792', 'Rylee');
INSERT INTO Person (ID, Age, PhoneNumber, Name) VALUES (189, 36, '0515886489', 'John');
INSERT INTO Person (ID, Age, PhoneNumber, Name) VALUES (190, 36, '0538498588', 'Roland');
INSERT INTO Person (ID, Age, PhoneNumber, Name) VALUES (191, 41, '0505673889', 'Matthew');
INSERT INTO Person (ID, Age, PhoneNumber, Name) VALUES (192, 29, '0553620444', 'Olivia');
INSERT INTO Person (ID, Age, PhoneNumber, Name) VALUES (193, 41, '0537912469', 'Aubrey');
INSERT INTO Person (ID, Age, PhoneNumber, Name) VALUES (194, 50, '0510040429', 'Adriana');
INSERT INTO Person (ID, Age, PhoneNumber, Name) VALUES (195, 40, '0517404201', 'Audrey');
INSERT INTO Person (ID, Age, PhoneNumber, Name) VALUES (196, 46, '0543578547', 'Ryan');
INSERT INTO Person (ID, Age, PhoneNumber, Name) VALUES (197, 50, '0516479915', 'Nora');
INSERT INTO Person (ID, Age, PhoneNumber, Name) VALUES (198, 47, '0576243325', 'Jonathan');
INSERT INTO Person (ID, Age, PhoneNumber, Name) VALUES (199, 48, '0549898543', 'Carl');
INSERT INTO Person (ID, Age, PhoneNumber, Name) VALUES (200, 48, '0543113008', 'Charles');
INSERT INTO Person (ID, Age, PhoneNumber, Name) VALUES (201, 47, '0565634580', 'Claire');
INSERT INTO Person (ID, Age, PhoneNumber, Name) VALUES (202, 50, '0578916576', 'Mackenzie');
INSERT INTO Person (ID, Age, PhoneNumber, Name) VALUES (203, 41, '0500072784', 'Hannah');
INSERT INTO Person (ID, Age, PhoneNumber, Name) VALUES (204, 35, '0594763047', 'Jessica');
INSERT INTO Person (ID, Age, PhoneNumber, Name) VALUES (205, 50, '0566940226', 'Megan');
INSERT INTO Person (ID, Age, PhoneNumber, Name) VALUES (206, 33, '0515662660', 'Aaliyah');
INSERT INTO Person (ID, Age, PhoneNumber, Name) VALUES (207, 30, '0536855761', 'Robert');
INSERT INTO Person (ID, Age, PhoneNumber, Name) VALUES (208, 31, '0548986593', 'Joel');
INSERT INTO Person (ID, Age, PhoneNumber, Name) VALUES (209, 32, '0542011863', 'Thomas');
INSERT INTO Person (ID, Age, PhoneNumber, Name) VALUES (210, 44, '0559226906', 'Jonathan');
INSERT INTO Person (ID, Age, PhoneNumber, Name) VALUES (211, 30, '0565941524', 'Isabel');
INSERT INTO Person (ID, Age, PhoneNumber, Name) VALUES (212, 34, '0588713661', 'Francis');
INSERT INTO Person (ID, Age, PhoneNumber, Name) VALUES (213, 37, '0583967954', 'Rylee');
INSERT INTO Person (ID, Age, PhoneNumber, Name) VALUES (214, 38, '0566646777', 'Mackenzie');
INSERT INTO Person (ID, Age, PhoneNumber, Name) VALUES (215, 41, '0563947646', 'Angelina');
INSERT INTO Person (ID, Age, PhoneNumber, Name) VALUES (216, 49, '0525529946', 'Anthony');
INSERT INTO Person (ID, Age, PhoneNumber, Name) VALUES (217, 49, '0545306025', 'Eugene');
INSERT INTO Person (ID, Age, PhoneNumber, Name) VALUES (218, 27, '0526533021', 'Arthur');
INSERT INTO Person (ID, Age, PhoneNumber, Name) VALUES (219, 42, '0504341082', 'Joseph');
INSERT INTO Person (ID, Age, PhoneNumber, Name) VALUES (220, 33, '0506487413', 'Angelina');
INSERT INTO Person (ID, Age, PhoneNumber, Name) VALUES (221, 45, '0534290886', 'Roland');
INSERT INTO Person (ID, Age, PhoneNumber, Name) VALUES (222, 30, '0589607258', 'Michael');
INSERT INTO Person (ID, Age, PhoneNumber, Name) VALUES (223, 39, '0522436207', 'David');
INSERT INTO Person (ID, Age, PhoneNumber, Name) VALUES (224, 30, '0577415068', 'Wayne');
INSERT INTO Person (ID, Age, PhoneNumber, Name) VALUES (225, 32, '0580348707', 'Hailey');
INSERT INTO Person (ID, Age, PhoneNumber, Name) VALUES (226, 40, '0543705236', 'Norman');
INSERT INTO Person (ID, Age, PhoneNumber, Name) VALUES (227, 32, '0574923865', 'Brian');
INSERT INTO Person (ID, Age, PhoneNumber, Name) VALUES (228, 41, '0569056411', 'Samantha');
INSERT INTO Person (ID, Age, PhoneNumber, Name) VALUES (229, 30, '0571036420', 'Riley');
INSERT INTO Person (ID, Age, PhoneNumber, Name) VALUES (230, 46, '0556543936', 'Allison');
INSERT INTO Person (ID, Age, PhoneNumber, Name) VALUES (231, 32, '0524067955', 'Ellie');
INSERT INTO Person (ID, Age, PhoneNumber, Name) VALUES (232, 35, '0570175839', 'Sophie');
INSERT INTO Person (ID, Age, PhoneNumber, Name) VALUES (233, 45, '0517191699', 'Madison');
INSERT INTO Person (ID, Age, PhoneNumber, Name) VALUES (234, 48, '0554175433', 'Norman');
INSERT INTO Person (ID, Age, PhoneNumber, Name) VALUES (235, 41, '0598396799', 'Clarence');
INSERT INTO Person (ID, Age, PhoneNumber, Name) VALUES (236, 28, '0570559173', 'Richard');
INSERT INTO Person (ID, Age, PhoneNumber, Name) VALUES (237, 31, '0594826343', 'Louis');
INSERT INTO Person (ID, Age, PhoneNumber, Name) VALUES (238, 38, '0595597843', 'Angelina');
INSERT INTO Person (ID, Age, PhoneNumber, Name) VALUES (239, 44, '0578915054', 'Roger');
INSERT INTO Person (ID, Age, PhoneNumber, Name) VALUES (240, 25, '0547513190', 'Allison');
INSERT INTO Person (ID, Age, PhoneNumber, Name) VALUES (241, 43, '0540354698', 'Howard');
INSERT INTO Person (ID, Age, PhoneNumber, Name) VALUES (242, 30, '0535848772', 'Roger');
INSERT INTO Person (ID, Age, PhoneNumber, Name) VALUES (243, 33, '0556184467', 'Samuel');
INSERT INTO Person (ID, Age, PhoneNumber, Name) VALUES (244, 44, '0556460666', 'Gerald');
INSERT INTO Person (ID, Age, PhoneNumber, Name) VALUES (245, 36, '0581305429', 'Oscar');
INSERT INTO Person (ID, Age, PhoneNumber, Name) VALUES (246, 43, '0540828378', 'Lily');
INSERT INTO Person (ID, Age, PhoneNumber, Name) VALUES (247, 28, '0559346504', 'Elizabeth');
INSERT INTO Person (ID, Age, PhoneNumber, Name) VALUES (248, 29, '0559864828', 'Skylar');
INSERT INTO Person (ID, Age, PhoneNumber, Name) VALUES (249, 31, '0580969073', 'Michael');
INSERT INTO Person (ID, Age, PhoneNumber, Name) VALUES (250, 49, '0586258397', 'Alexandra');
INSERT INTO Person (ID, Age, PhoneNumber, Name) VALUES (251, 25, '0570943730', 'Jessica');
INSERT INTO Person (ID, Age, PhoneNumber, Name) VALUES (252, 39, '0551448917', 'Ralph');
INSERT INTO Person (ID, Age, PhoneNumber, Name) VALUES (253, 26, '0579682616', 'Christopher');
INSERT INTO Person (ID, Age, PhoneNumber, Name) VALUES (254, 30, '0526004934', 'Isabella');
INSERT INTO Person (ID, Age, PhoneNumber, Name) VALUES (255, 27, '0539271194', 'Makayla');
INSERT INTO Person (ID, Age, PhoneNumber, Name) VALUES (256, 28, '0598181320', 'Gerald');
INSERT INTO Person (ID, Age, PhoneNumber, Name) VALUES (257, 27, '0513210093', 'Emma');
INSERT INTO Person (ID, Age, PhoneNumber, Name) VALUES (258, 41, '0514965008', 'Adriana');
INSERT INTO Person (ID, Age, PhoneNumber, Name) VALUES (259, 29, '0598439542', 'Anthony');
INSERT INTO Person (ID, Age, PhoneNumber, Name) VALUES (260, 42, '0528766894', 'Albert');
INSERT INTO Person (ID, Age, PhoneNumber, Name) VALUES (261, 28, '0531286961', 'Mia');
INSERT INTO Person (ID, Age, PhoneNumber, Name) VALUES (262, 47, '0528917189', 'Bradley');
INSERT INTO Person (ID, Age, PhoneNumber, Name) VALUES (263, 50, '0506243152', 'Katherine');
INSERT INTO Person (ID, Age, PhoneNumber, Name) VALUES (264, 39, '0543154215', 'Gordon');
INSERT INTO Person (ID, Age, PhoneNumber, Name) VALUES (265, 27, '0558939882', 'Roy');
INSERT INTO Person (ID, Age, PhoneNumber, Name) VALUES (266, 46, '0577193511', 'Piper');
INSERT INTO Person (ID, Age, PhoneNumber, Name) VALUES (267, 29, '0533143297', 'Mia');
INSERT INTO Person (ID, Age, PhoneNumber, Name) VALUES (268, 44, '0583818994', 'Riley');
INSERT INTO Person (ID, Age, PhoneNumber, Name) VALUES (269, 30, '0546742114', 'Michael');
INSERT INTO Person (ID, Age, PhoneNumber, Name) VALUES (270, 37, '0544446115', 'Albert');
INSERT INTO Person (ID, Age, PhoneNumber, Name) VALUES (271, 31, '0544691014', 'Isabella');
INSERT INTO Person (ID, Age, PhoneNumber, Name) VALUES (272, 48, '0548552048', 'Caroline');
INSERT INTO Person (ID, Age, PhoneNumber, Name) VALUES (273, 43, '0524207452', 'Jacob');
INSERT INTO Person (ID, Age, PhoneNumber, Name) VALUES (274, 44, '0589447323', 'Faith');
INSERT INTO Person (ID, Age, PhoneNumber, Name) VALUES (275, 47, '0594028364', 'Sophie');
INSERT INTO Person (ID, Age, PhoneNumber, Name) VALUES (276, 28, '0545409165', 'Violet');
INSERT INTO Person (ID, Age, PhoneNumber, Name) VALUES (277, 36, '0526968174', 'Amanda');
INSERT INTO Person (ID, Age, PhoneNumber, Name) VALUES (278, 34, '0563981151', 'Walter');
INSERT INTO Person (ID, Age, PhoneNumber, Name) VALUES (279, 41, '0502305610', 'Eugene');
INSERT INTO Person (ID, Age, PhoneNumber, Name) VALUES (280, 38, '0529438685', 'Richard');
INSERT INTO Person (ID, Age, PhoneNumber, Name) VALUES (281, 40, '0517377559', 'Sarah');
INSERT INTO Person (ID, Age, PhoneNumber, Name) VALUES (282, 42, '0560777664', 'Harry');
INSERT INTO Person (ID, Age, PhoneNumber, Name) VALUES (283, 29, '0589026011', 'Eric');
INSERT INTO Person (ID, Age, PhoneNumber, Name) VALUES (284, 30, '0540869120', 'Bradley');
INSERT INTO Person (ID, Age, PhoneNumber, Name) VALUES (285, 47, '0569932016', 'Amelia');
INSERT INTO Person (ID, Age, PhoneNumber, Name) VALUES (286, 27, '0513680432', 'Katherine');
INSERT INTO Person (ID, Age, PhoneNumber, Name) VALUES (287, 28, '0593324566', 'Delaney');
INSERT INTO Person (ID, Age, PhoneNumber, Name) VALUES (288, 36, '0527622343', 'Joseph');
INSERT INTO Person (ID, Age, PhoneNumber, Name) VALUES (289, 50, '0534827302', 'Calvin');
INSERT INTO Person (ID, Age, PhoneNumber, Name) VALUES (290, 30, '0576620668', 'Bradley');
INSERT INTO Person (ID, Age, PhoneNumber, Name) VALUES (291, 49, '0581220979', 'Nicole');
INSERT INTO Person (ID, Age, PhoneNumber, Name) VALUES (292, 35, '0587714762', 'Landon');
INSERT INTO Person (ID, Age, PhoneNumber, Name) VALUES (293, 27, '0515491391', 'Leah');
INSERT INTO Person (ID, Age, PhoneNumber, Name) VALUES (294, 35, '0575448373', 'Joseph');
INSERT INTO Person (ID, Age, PhoneNumber, Name) VALUES (295, 44, '0510357603', 'Kaitlyn');
INSERT INTO Person (ID, Age, PhoneNumber, Name) VALUES (296, 47, '0500946386', 'Ariana');
INSERT INTO Person (ID, Age, PhoneNumber, Name) VALUES (297, 27, '0509980830', 'Mckenzie');
INSERT INTO Person (ID, Age, PhoneNumber, Name) VALUES (298, 37, '0586345885', 'Louis');
INSERT INTO Person (ID, Age, PhoneNumber, Name) VALUES (299, 45, '0544406668', 'Bradley');
INSERT INTO Person (ID, Age, PhoneNumber, Name) VALUES (300, 43, '0508231119', 'Lawrence');
INSERT INTO Person (ID, Age, PhoneNumber, Name) VALUES (301, 29, '0595368627', 'Angelina');
INSERT INTO Person (ID, Age, PhoneNumber, Name) VALUES (302, 28, '0540522767', 'Stephanie');
INSERT INTO Person (ID, Age, PhoneNumber, Name) VALUES (303, 33, '0580228936', 'Adalyn');
INSERT INTO Person (ID, Age, PhoneNumber, Name) VALUES (304, 34, '0512895785', 'Julianna');
INSERT INTO Person (ID, Age, PhoneNumber, Name) VALUES (305, 26, '0500269734', 'Glenn');
INSERT INTO Person (ID, Age, PhoneNumber, Name) VALUES (306, 44, '0533728119', 'Max');
INSERT INTO Person (ID, Age, PhoneNumber, Name) VALUES (307, 48, '0597737034', 'Lawrence');
INSERT INTO Person (ID, Age, PhoneNumber, Name) VALUES (308, 48, '0591188841', 'Dennis');
INSERT INTO Person (ID, Age, PhoneNumber, Name) VALUES (309, 28, '0585529402', 'Robert');
INSERT INTO Person (ID, Age, PhoneNumber, Name) VALUES (310, 42, '0558613900', 'Frederick');
INSERT INTO Person (ID, Age, PhoneNumber, Name) VALUES (311, 39, '0556731375', 'Max');
INSERT INTO Person (ID, Age, PhoneNumber, Name) VALUES (312, 46, '0596126962', 'Andrew');
INSERT INTO Person (ID, Age, PhoneNumber, Name) VALUES (313, 29, '0586115601', 'Rylee');
INSERT INTO Person (ID, Age, PhoneNumber, Name) VALUES (314, 26, '0555119527', 'Sadie');
INSERT INTO Person (ID, Age, PhoneNumber, Name) VALUES (315, 33, '0585902060', 'Haley');
INSERT INTO Person (ID, Age, PhoneNumber, Name) VALUES (316, 34, '0586449510', 'Francis');
INSERT INTO Person (ID, Age, PhoneNumber, Name) VALUES (317, 32, '0503497764', 'Rylee');
INSERT INTO Person (ID, Age, PhoneNumber, Name) VALUES (318, 47, '0580876662', 'Emily');
INSERT INTO Person (ID, Age, PhoneNumber, Name) VALUES (319, 36, '0585889206', 'Mia');
INSERT INTO Person (ID, Age, PhoneNumber, Name) VALUES (320, 47, '0502628884', 'Sadie');
INSERT INTO Person (ID, Age, PhoneNumber, Name) VALUES (321, 50, '0532582623', 'Landon');
INSERT INTO Person (ID, Age, PhoneNumber, Name) VALUES (322, 36, '0550488092', 'Avery');
INSERT INTO Person (ID, Age, PhoneNumber, Name) VALUES (323, 30, '0511714296', 'Martin');
INSERT INTO Person (ID, Age, PhoneNumber, Name) VALUES (324, 32, '0527795245', 'Julia');
INSERT INTO Person (ID, Age, PhoneNumber, Name) VALUES (325, 43, '0572191590', 'Madison');
INSERT INTO Person (ID, Age, PhoneNumber, Name) VALUES (326, 28, '0533894842', 'Jonathan');
INSERT INTO Person (ID, Age, PhoneNumber, Name) VALUES (327, 40, '0509730859', 'Sadie');
INSERT INTO Person (ID, Age, PhoneNumber, Name) VALUES (328, 41, '0512767564', 'Leonard');
INSERT INTO Person (ID, Age, PhoneNumber, Name) VALUES (329, 28, '0582539392', 'Isaiah');
INSERT INTO Person (ID, Age, PhoneNumber, Name) VALUES (330, 28, '0550032386', 'Isaac');
INSERT INTO Person (ID, Age, PhoneNumber, Name) VALUES (331, 29, '0523672691', 'Joseph');
INSERT INTO Person (ID, Age, PhoneNumber, Name) VALUES (332, 26, '0569551632', 'Kayla');
INSERT INTO Person (ID, Age, PhoneNumber, Name) VALUES (333, 40, '0510741473', 'Anthony');
INSERT INTO Person (ID, Age, PhoneNumber, Name) VALUES (334, 25, '0542211441', 'Glenn');
INSERT INTO Person (ID, Age, PhoneNumber, Name) VALUES (335, 40, '0599888387', 'Daniel');
INSERT INTO Person (ID, Age, PhoneNumber, Name) VALUES (336, 40, '0559027381', 'Eric');
INSERT INTO Person (ID, Age, PhoneNumber, Name) VALUES (337, 43, '0551902348', 'Harry');
INSERT INTO Person (ID, Age, PhoneNumber, Name) VALUES (338, 40, '0594670916', 'Sadie');
INSERT INTO Person (ID, Age, PhoneNumber, Name) VALUES (339, 28, '0581716760', 'Victoria');
INSERT INTO Person (ID, Age, PhoneNumber, Name) VALUES (340, 30, '0597719981', 'Jennifer');
INSERT INTO Person (ID, Age, PhoneNumber, Name) VALUES (341, 28, '0548762414', 'David');
INSERT INTO Person (ID, Age, PhoneNumber, Name) VALUES (342, 29, '0529245675', 'Rylee');
INSERT INTO Person (ID, Age, PhoneNumber, Name) VALUES (343, 45, '0598341611', 'Victor');
INSERT INTO Person (ID, Age, PhoneNumber, Name) VALUES (344, 50, '0563343312', 'Robert');
INSERT INTO Person (ID, Age, PhoneNumber, Name) VALUES (345, 34, '0555396561', 'Peyton');
INSERT INTO Person (ID, Age, PhoneNumber, Name) VALUES (346, 46, '0583598874', 'Kenneth');
INSERT INTO Person (ID, Age, PhoneNumber, Name) VALUES (347, 31, '0589415829', 'Joel');
INSERT INTO Person (ID, Age, PhoneNumber, Name) VALUES (348, 34, '0555449335', 'Claire');
INSERT INTO Person (ID, Age, PhoneNumber, Name) VALUES (349, 43, '0538257381', 'Matthew');
INSERT INTO Person (ID, Age, PhoneNumber, Name) VALUES (350, 49, '0556780959', 'Makenna');
INSERT INTO Person (ID, Age, PhoneNumber, Name) VALUES (351, 31, '0511021507', 'Layla');
INSERT INTO Person (ID, Age, PhoneNumber, Name) VALUES (352, 34, '0580787756', 'Keith');
INSERT INTO Person (ID, Age, PhoneNumber, Name) VALUES (353, 40, '0546133106', 'Christopher');
INSERT INTO Person (ID, Age, PhoneNumber, Name) VALUES (354, 28, '0515808659', 'Andrew');
INSERT INTO Person (ID, Age, PhoneNumber, Name) VALUES (355, 29, '0550739911', 'Trevor');
INSERT INTO Person (ID, Age, PhoneNumber, Name) VALUES (356, 25, '0544769071', 'Glenn');
INSERT INTO Person (ID, Age, PhoneNumber, Name) VALUES (357, 34, '0585003694', 'Robert');
INSERT INTO Person (ID, Age, PhoneNumber, Name) VALUES (358, 50, '0566511931', 'Matthew');
INSERT INTO Person (ID, Age, PhoneNumber, Name) VALUES (359, 30, '0509381402', 'Calvin');
INSERT INTO Person (ID, Age, PhoneNumber, Name) VALUES (360, 46, '0528516748', 'Maya');
INSERT INTO Person (ID, Age, PhoneNumber, Name) VALUES (361, 33, '0554639146', 'Anna');
INSERT INTO Person (ID, Age, PhoneNumber, Name) VALUES (362, 33, '0520164690', 'Harry');
INSERT INTO Person (ID, Age, PhoneNumber, Name) VALUES (363, 38, '0566562610', 'Brandon');
INSERT INTO Person (ID, Age, PhoneNumber, Name) VALUES (364, 40, '0589672658', 'Kennedy');
INSERT INTO Person (ID, Age, PhoneNumber, Name) VALUES (365, 26, '0507112681', 'Joseph');
INSERT INTO Person (ID, Age, PhoneNumber, Name) VALUES (366, 25, '0530431670', 'Violet');
INSERT INTO Person (ID, Age, PhoneNumber, Name) VALUES (367, 28, '0553619566', 'Matthew');
INSERT INTO Person (ID, Age, PhoneNumber, Name) VALUES (368, 47, '0505911681', 'Jordyn');
INSERT INTO Person (ID, Age, PhoneNumber, Name) VALUES (369, 29, '0585774310', 'Lester');
INSERT INTO Person (ID, Age, PhoneNumber, Name) VALUES (370, 36, '0588138929', 'Lester');
INSERT INTO Person (ID, Age, PhoneNumber, Name) VALUES (371, 39, '0525546455', 'Gabrielle');
INSERT INTO Person (ID, Age, PhoneNumber, Name) VALUES (372, 35, '0518192209', 'Megan');
INSERT INTO Person (ID, Age, PhoneNumber, Name) VALUES (373, 34, '0501405617', 'Joshua');
INSERT INTO Person (ID, Age, PhoneNumber, Name) VALUES (374, 32, '0574893783', 'Madison');
INSERT INTO Person (ID, Age, PhoneNumber, Name) VALUES (375, 42, '0573247394', 'Nathan');
INSERT INTO Person (ID, Age, PhoneNumber, Name) VALUES (376, 32, '0560247949', 'Natalie');
INSERT INTO Person (ID, Age, PhoneNumber, Name) VALUES (377, 27, '0552274058', 'Lily');
INSERT INTO Person (ID, Age, PhoneNumber, Name) VALUES (378, 32, '0547384765', 'Jacob');
INSERT INTO Person (ID, Age, PhoneNumber, Name) VALUES (379, 33, '0564162679', 'Ryan');
INSERT INTO Person (ID, Age, PhoneNumber, Name) VALUES (380, 30, '0519407813', 'Kennedy');
INSERT INTO Person (ID, Age, PhoneNumber, Name) VALUES (381, 35, '0521070338', 'Trevor');
INSERT INTO Person (ID, Age, PhoneNumber, Name) VALUES (382, 38, '0530521727', 'Paige');
INSERT INTO Person (ID, Age, PhoneNumber, Name) VALUES (383, 44, '0578618600', 'Amanda');
INSERT INTO Person (ID, Age, PhoneNumber, Name) VALUES (384, 47, '0505226039', 'Norman');
INSERT INTO Person (ID, Age, PhoneNumber, Name) VALUES (385, 40, '0526668963', 'Avery');
INSERT INTO Person (ID, Age, PhoneNumber, Name) VALUES (386, 36, '0505393066', 'Lauren');
INSERT INTO Person (ID, Age, PhoneNumber, Name) VALUES (387, 31, '0503559084', 'Aubrey');
INSERT INTO Person (ID, Age, PhoneNumber, Name) VALUES (388, 47, '0533257353', 'Francis');
INSERT INTO Person (ID, Age, PhoneNumber, Name) VALUES (389, 43, '0554888434', 'Amanda');
INSERT INTO Person (ID, Age, PhoneNumber, Name) VALUES (390, 33, '0517248670', 'Hannah');
INSERT INTO Person (ID, Age, PhoneNumber, Name) VALUES (391, 46, '0566847823', 'Norman');
INSERT INTO Person (ID, Age, PhoneNumber, Name) VALUES (392, 27, '0556003940', 'Eddie');
INSERT INTO Person (ID, Age, PhoneNumber, Name) VALUES (393, 46, '0543516959', 'Alexis');
INSERT INTO Person (ID, Age, PhoneNumber, Name) VALUES (394, 31, '0561888650', 'Victoria');
INSERT INTO Person (ID, Age, PhoneNumber, Name) VALUES (395, 44, '0555499270', 'Rylee');
INSERT INTO Person (ID, Age, PhoneNumber, Name) VALUES (396, 32, '0582654725', 'Mariah');
INSERT INTO Person (ID, Age, PhoneNumber, Name) VALUES (397, 47, '0520308786', 'Alyssa');
INSERT INTO Person (ID, Age, PhoneNumber, Name) VALUES (398, 30, '0594409364', 'Robert');
INSERT INTO Person (ID, Age, PhoneNumber, Name) VALUES (399, 40, '0512295117', 'Gregory');
INSERT INTO Person (ID, Age, PhoneNumber, Name) VALUES (400, 26, '0510404499', 'John');
INSERT INTO Person (ID, Age, PhoneNumber, Name) VALUES (401, 48, '0530006554', 'Piper');
INSERT INTO Person (ID, Age, PhoneNumber, Name) VALUES (402, 49, '0586463936', 'Philip');
INSERT INTO Person (ID, Age, PhoneNumber, Name) VALUES (403, 42, '0565420702', 'John');
INSERT INTO Person (ID, Age, PhoneNumber, Name) VALUES (404, 25, '0526901796', 'Riley');
INSERT INTO Person (ID, Age, PhoneNumber, Name) VALUES (405, 38, '0526246844', 'Faith');
INSERT INTO Person (ID, Age, PhoneNumber, Name) VALUES (406, 28, '0537198330', 'Haley');
INSERT INTO Person (ID, Age, PhoneNumber, Name) VALUES (407, 44, '0525454898', 'Lila');
INSERT INTO Person (ID, Age, PhoneNumber, Name) VALUES (408, 25, '0568706119', 'Ariana');
INSERT INTO Person (ID, Age, PhoneNumber, Name) VALUES (409, 44, '0579459739', 'Gregory');
INSERT INTO Person (ID, Age, PhoneNumber, Name) VALUES (410, 28, '0590302138', 'Joel');
INSERT INTO Person (ID, Age, PhoneNumber, Name) VALUES (411, 36, '0537497577', 'Avery');
INSERT INTO Person (ID, Age, PhoneNumber, Name) VALUES (412, 46, '0568687174', 'Mariah');
INSERT INTO Person (ID, Age, PhoneNumber, Name) VALUES (413, 41, '0558942553', 'Kennedy');
INSERT INTO Person (ID, Age, PhoneNumber, Name) VALUES (414, 30, '0573241379', 'Ashley');
INSERT INTO Person (ID, Age, PhoneNumber, Name) VALUES (415, 30, '0505284893', 'Madison');
INSERT INTO Person (ID, Age, PhoneNumber, Name) VALUES (416, 37, '0579336559', 'Paige');
INSERT INTO Person (ID, Age, PhoneNumber, Name) VALUES (417, 35, '0592914319', 'Alexis');
INSERT INTO Person (ID, Age, PhoneNumber, Name) VALUES (418, 30, '0587041904', 'Evelyn');
INSERT INTO Person (ID, Age, PhoneNumber, Name) VALUES (419, 32, '0561252991', 'Violet');
INSERT INTO Person (ID, Age, PhoneNumber, Name) VALUES (420, 46, '0540637106', 'Arthur');
INSERT INTO Person (ID, Age, PhoneNumber, Name) VALUES (421, 41, '0582560795', 'Lawrence');
INSERT INTO Person (ID, Age, PhoneNumber, Name) VALUES (422, 25, '0534747556', 'Lawrence');
INSERT INTO Person (ID, Age, PhoneNumber, Name) VALUES (423, 25, '0586754467', 'Jerome');
INSERT INTO Person (ID, Age, PhoneNumber, Name) VALUES (424, 39, '0589387706', 'Stephanie');
INSERT INTO Person (ID, Age, PhoneNumber, Name) VALUES (425, 47, '0551716082', 'Makenna');
INSERT INTO Person (ID, Age, PhoneNumber, Name) VALUES (426, 33, '0518532503', 'Kenneth');
INSERT INTO Person (ID, Age, PhoneNumber, Name) VALUES (427, 38, '0567040296', 'Aria');
INSERT INTO Person (ID, Age, PhoneNumber, Name) VALUES (428, 27, '0516367691', 'Ariana');
INSERT INTO Person (ID, Age, PhoneNumber, Name) VALUES (429, 44, '0505901786', 'Thomas');
INSERT INTO Person (ID, Age, PhoneNumber, Name) VALUES (430, 43, '0579535452', 'Riley');
INSERT INTO Person (ID, Age, PhoneNumber, Name) VALUES (431, 49, '0552310273', 'Lila');
INSERT INTO Person (ID, Age, PhoneNumber, Name) VALUES (432, 40, '0556278845', 'Morgan');
INSERT INTO Person (ID, Age, PhoneNumber, Name) VALUES (433, 33, '0577320392', 'Evelyn');
INSERT INTO Person (ID, Age, PhoneNumber, Name) VALUES (434, 41, '0526547919', 'Gerald');
INSERT INTO Person (ID, Age, PhoneNumber, Name) VALUES (435, 40, '0556838959', 'Chloe');
INSERT INTO Person (ID, Age, PhoneNumber, Name) VALUES (436, 36, '0530015164', 'Robert');
INSERT INTO Person (ID, Age, PhoneNumber, Name) VALUES (437, 40, '0543870311', 'Cameron');
INSERT INTO Person (ID, Age, PhoneNumber, Name) VALUES (438, 30, '0519582934', 'Alexis');
INSERT INTO Person (ID, Age, PhoneNumber, Name) VALUES (439, 27, '0588349646', 'Keith');
INSERT INTO Person (ID, Age, PhoneNumber, Name) VALUES (440, 29, '0583716931', 'Stephanie');
INSERT INTO Person (ID, Age, PhoneNumber, Name) VALUES (441, 35, '0578281446', 'Samuel');
INSERT INTO Person (ID, Age, PhoneNumber, Name) VALUES (442, 50, '0561198046', 'Hannah');
INSERT INTO Person (ID, Age, PhoneNumber, Name) VALUES (443, 29, '0542586575', 'Jasmine');
INSERT INTO Person (ID, Age, PhoneNumber, Name) VALUES (444, 34, '0591804700', 'Lawrence');
INSERT INTO Person (ID, Age, PhoneNumber, Name) VALUES (445, 38, '0577125413', 'Brian');
INSERT INTO Person (ID, Age, PhoneNumber, Name) VALUES (446, 37, '0532616673', 'Leah');
INSERT INTO Person (ID, Age, PhoneNumber, Name) VALUES (447, 27, '0512489787', 'Rachel');
INSERT INTO Person (ID, Age, PhoneNumber, Name) VALUES (448, 50, '0514009561', 'Edward');
INSERT INTO Person (ID, Age, PhoneNumber, Name) VALUES (449, 26, '0599949980', 'Taylor');
INSERT INTO Person (ID, Age, PhoneNumber, Name) VALUES (450, 38, '0523890623', 'Scott');
INSERT INTO Person (ID, Age, PhoneNumber, Name) VALUES (451, 47, '0539745614', 'Cameron');
INSERT INTO Person (ID, Age, PhoneNumber, Name) VALUES (452, 38, '0578424762', 'Roger');
INSERT INTO Person (ID, Age, PhoneNumber, Name) VALUES (453, 50, '0542657953', 'Isabelle');
INSERT INTO Person (ID, Age, PhoneNumber, Name) VALUES (454, 46, '0518083018', 'Roland');
INSERT INTO Person (ID, Age, PhoneNumber, Name) VALUES (455, 49, '0511073142', 'Oscar');
INSERT INTO Person (ID, Age, PhoneNumber, Name) VALUES (456, 38, '0586911222', 'Adriana');
INSERT INTO Person (ID, Age, PhoneNumber, Name) VALUES (457, 34, '0570195016', 'Avery');
INSERT INTO Person (ID, Age, PhoneNumber, Name) VALUES (458, 25, '0517217806', 'Howard');
INSERT INTO Person (ID, Age, PhoneNumber, Name) VALUES (459, 27, '0502989366', 'Sara');
INSERT INTO Person (ID, Age, PhoneNumber, Name) VALUES (460, 31, '0554019255', 'Paige');
INSERT INTO Person (ID, Age, PhoneNumber, Name) VALUES (461, 46, '0508754109', 'Adriana');
INSERT INTO Person (ID, Age, PhoneNumber, Name) VALUES (462, 36, '0587185130', 'Kevin');
INSERT INTO Person (ID, Age, PhoneNumber, Name) VALUES (463, 44, '0556289235', 'Howard');
INSERT INTO Person (ID, Age, PhoneNumber, Name) VALUES (464, 46, '0555426257', 'Alexis');
INSERT INTO Person (ID, Age, PhoneNumber, Name) VALUES (465, 50, '0527395859', 'Gabrielle');
INSERT INTO Person (ID, Age, PhoneNumber, Name) VALUES (466, 38, '0528937316', 'Daniel');
INSERT INTO Person (ID, Age, PhoneNumber, Name) VALUES (467, 41, '0577517627', 'Gabriella');
INSERT INTO Person (ID, Age, PhoneNumber, Name) VALUES (468, 25, '0561601004', 'Audrey');
INSERT INTO Person (ID, Age, PhoneNumber, Name) VALUES (469, 25, '0580230050', 'Louis');
INSERT INTO Person (ID, Age, PhoneNumber, Name) VALUES (470, 47, '0504203960', 'Timothy');
INSERT INTO Person (ID, Age, PhoneNumber, Name) VALUES (471, 30, '0517543358', 'Hannah');
INSERT INTO Person (ID, Age, PhoneNumber, Name) VALUES (472, 49, '0564068754', 'Harold');
INSERT INTO Person (ID, Age, PhoneNumber, Name) VALUES (473, 42, '0576502578', 'Rachel');
INSERT INTO Person (ID, Age, PhoneNumber, Name) VALUES (474, 28, '0554631076', 'Eddie');
INSERT INTO Person (ID, Age, PhoneNumber, Name) VALUES (475, 30, '0568851069', 'Angelina');
INSERT INTO Person (ID, Age, PhoneNumber, Name) VALUES (476, 45, '0598189460', 'Brooke');
INSERT INTO Person (ID, Age, PhoneNumber, Name) VALUES (477, 31, '0568639906', 'Lila');
INSERT INTO Person (ID, Age, PhoneNumber, Name) VALUES (478, 42, '0557073120', 'Frederick');
INSERT INTO Person (ID, Age, PhoneNumber, Name) VALUES (479, 34, '0532463211', 'Ryan');
INSERT INTO Person (ID, Age, PhoneNumber, Name) VALUES (480, 44, '0564121303', 'Allison');
INSERT INTO Person (ID, Age, PhoneNumber, Name) VALUES (481, 32, '0581800628', 'Ariana');
INSERT INTO Person (ID, Age, PhoneNumber, Name) VALUES (482, 41, '0536998601', 'Gabrielle');
INSERT INTO Person (ID, Age, PhoneNumber, Name) VALUES (483, 40, '0527870884', 'Megan');
INSERT INTO Person (ID, Age, PhoneNumber, Name) VALUES (484, 35, '0597038224', 'Stephanie');
INSERT INTO Person (ID, Age, PhoneNumber, Name) VALUES (485, 46, '0556689057', 'Taylor');
INSERT INTO Person (ID, Age, PhoneNumber, Name) VALUES (486, 48, '0588615470', 'Calvin');
INSERT INTO Person (ID, Age, PhoneNumber, Name) VALUES (487, 49, '0524086077', 'Skylar');
INSERT INTO Person (ID, Age, PhoneNumber, Name) VALUES (488, 33, '0548548254', 'Taylor');
INSERT INTO Person (ID, Age, PhoneNumber, Name) VALUES (489, 34, '0529239451', 'Dennis');
INSERT INTO Person (ID, Age, PhoneNumber, Name) VALUES (490, 45, '0551917808', 'Aubrey');
INSERT INTO Person (ID, Age, PhoneNumber, Name) VALUES (491, 45, '0537830720', 'Isabella');
INSERT INTO Person (ID, Age, PhoneNumber, Name) VALUES (492, 25, '0597576146', 'Arthur');
INSERT INTO Person (ID, Age, PhoneNumber, Name) VALUES (493, 42, '0580677595', 'Miles');
INSERT INTO Person (ID, Age, PhoneNumber, Name) VALUES (494, 40, '0555164299', 'Frank');
INSERT INTO Person (ID, Age, PhoneNumber, Name) VALUES (495, 32, '0519140126', 'Lila');
INSERT INTO Person (ID, Age, PhoneNumber, Name) VALUES (496, 42, '0563510363', 'Kaitlyn');
INSERT INTO Person (ID, Age, PhoneNumber, Name) VALUES (497, 48, '0547281068', 'Henry');
INSERT INTO Person (ID, Age, PhoneNumber, Name) VALUES (498, 42, '0521429299', 'Olivia');
INSERT INTO Person (ID, Age, PhoneNumber, Name) VALUES (499, 36, '0504261999', 'Joseph');
INSERT INTO Person (ID, Age, PhoneNumber, Name) VALUES (500, 26, '0572476921', 'Isaiah');
INSERT INTO Person (ID, Age, PhoneNumber, Name) VALUES (501, 48, '0509074086', 'Isabel');
INSERT INTO Person (ID, Age, PhoneNumber, Name) VALUES (502, 28, '0564948944', 'Nathan');
INSERT INTO Person (ID, Age, PhoneNumber, Name) VALUES (503, 25, '0534957758', 'Faith');
INSERT INTO Person (ID, Age, PhoneNumber, Name) VALUES (504, 27, '0563581730', 'Nicholas');
INSERT INTO Person (ID, Age, PhoneNumber, Name) VALUES (505, 26, '0509119029', 'Arthur');
INSERT INTO Person (ID, Age, PhoneNumber, Name) VALUES (506, 39, '0592116784', 'Megan');
INSERT INTO Person (ID, Age, PhoneNumber, Name) VALUES (507, 33, '0515699229', 'Walter');
INSERT INTO Person (ID, Age, PhoneNumber, Name) VALUES (508, 40, '0552262341', 'Miles');
INSERT INTO Person (ID, Age, PhoneNumber, Name) VALUES (509, 47, '0524498131', 'Albert');
INSERT INTO Person (ID, Age, PhoneNumber, Name) VALUES (510, 38, '0550124326', 'Evelyn');
INSERT INTO Person (ID, Age, PhoneNumber, Name) VALUES (511, 39, '0531481504', 'Hailey');
INSERT INTO Person (ID, Age, PhoneNumber, Name) VALUES (512, 40, '0515984193', 'Danielle');
INSERT INTO Person (ID, Age, PhoneNumber, Name) VALUES (513, 31, '0537728345', 'Maya');
INSERT INTO Person (ID, Age, PhoneNumber, Name) VALUES (514, 38, '0529297064', 'Makayla');
INSERT INTO Person (ID, Age, PhoneNumber, Name) VALUES (515, 30, '0537229528', 'Gordon');
INSERT INTO Person (ID, Age, PhoneNumber, Name) VALUES (516, 29, '0548533127', 'Maya');
INSERT INTO Person (ID, Age, PhoneNumber, Name) VALUES (517, 32, '0592774362', 'Tyler');
INSERT INTO Person (ID, Age, PhoneNumber, Name) VALUES (518, 49, '0559989083', 'Benjamin');
INSERT INTO Person (ID, Age, PhoneNumber, Name) VALUES (519, 30, '0558283376', 'Roger');
INSERT INTO Person (ID, Age, PhoneNumber, Name) VALUES (520, 45, '0566657887', 'Olivia');
INSERT INTO Person (ID, Age, PhoneNumber, Name) VALUES (521, 38, '0577895256', 'Nora');
INSERT INTO Person (ID, Age, PhoneNumber, Name) VALUES (522, 26, '0507478115', 'Bradley');
INSERT INTO Person (ID, Age, PhoneNumber, Name) VALUES (523, 35, '0543790216', 'Claire');
INSERT INTO Person (ID, Age, PhoneNumber, Name) VALUES (524, 48, '0529915409', 'Skylar');
INSERT INTO Person (ID, Age, PhoneNumber, Name) VALUES (525, 37, '0550846072', 'Jonathan');
INSERT INTO Person (ID, Age, PhoneNumber, Name) VALUES (526, 37, '0521660559', 'Leonard');
INSERT INTO Person (ID, Age, PhoneNumber, Name) VALUES (527, 29, '0502567429', 'Ariana');
INSERT INTO Person (ID, Age, PhoneNumber, Name) VALUES (528, 48, '0510076790', 'Donald');
INSERT INTO Person (ID, Age, PhoneNumber, Name) VALUES (529, 30, '0508382458', 'Gregory');
INSERT INTO Person (ID, Age, PhoneNumber, Name) VALUES (530, 35, '0530926907', 'Nora');
INSERT INTO Person (ID, Age, PhoneNumber, Name) VALUES (531, 49, '0515820440', 'Caroline');
INSERT INTO Person (ID, Age, PhoneNumber, Name) VALUES (532, 39, '0568502136', 'Adalyn');
INSERT INTO Person (ID, Age, PhoneNumber, Name) VALUES (533, 27, '0501397599', 'Sarah');
INSERT INTO Person (ID, Age, PhoneNumber, Name) VALUES (534, 49, '0530933312', 'Trevor');
INSERT INTO Person (ID, Age, PhoneNumber, Name) VALUES (535, 50, '0522777203', 'Daniel');
INSERT INTO Person (ID, Age, PhoneNumber, Name) VALUES (536, 36, '0520921309', 'Kennedy');
INSERT INTO Person (ID, Age, PhoneNumber, Name) VALUES (537, 38, '0532858777', 'Lawrence');
INSERT INTO Person (ID, Age, PhoneNumber, Name) VALUES (538, 27, '0569610841', 'Benjamin');
INSERT INTO Person (ID, Age, PhoneNumber, Name) VALUES (539, 40, '0548332174', 'Alexis');
INSERT INTO Person (ID, Age, PhoneNumber, Name) VALUES (540, 31, '0538776743', 'Victor');
INSERT INTO Person (ID, Age, PhoneNumber, Name) VALUES (541, 33, '0521513023', 'Stephanie');
INSERT INTO Person (ID, Age, PhoneNumber, Name) VALUES (542, 29, '0593176178', 'Eddie');
INSERT INTO Person (ID, Age, PhoneNumber, Name) VALUES (543, 31, '0537398408', 'Nathan');
INSERT INTO Person (ID, Age, PhoneNumber, Name) VALUES (544, 30, '0533135841', 'Landon');
INSERT INTO Person (ID, Age, PhoneNumber, Name) VALUES (545, 38, '0552404475', 'Paige');
INSERT INTO Person (ID, Age, PhoneNumber, Name) VALUES (546, 35, '0550753645', 'Paige');
INSERT INTO Person (ID, Age, PhoneNumber, Name) VALUES (547, 49, '0599762091', 'Julia');
INSERT INTO Person (ID, Age, PhoneNumber, Name) VALUES (548, 50, '0518499792', 'Elise');
INSERT INTO Person (ID, Age, PhoneNumber, Name) VALUES (549, 26, '0545631117', 'Roger');
INSERT INTO Person (ID, Age, PhoneNumber, Name) VALUES (550, 26, '0517883564', 'Maya');
INSERT INTO Person (ID, Age, PhoneNumber, Name) VALUES (551, 38, '0577509149', 'Delaney');
INSERT INTO Person (ID, Age, PhoneNumber, Name) VALUES (552, 49, '0576674209', 'Donald');
INSERT INTO Person (ID, Age, PhoneNumber, Name) VALUES (553, 40, '0560830045', 'Allison');
INSERT INTO Person (ID, Age, PhoneNumber, Name) VALUES (554, 25, '0500714733', 'Haley');
INSERT INTO Person (ID, Age, PhoneNumber, Name) VALUES (555, 50, '0569977883', 'Mackenzie');
INSERT INTO Person (ID, Age, PhoneNumber, Name) VALUES (556, 37, '0577382400', 'Sydney');
INSERT INTO Person (ID, Age, PhoneNumber, Name) VALUES (557, 33, '0596364244', 'Madison');
INSERT INTO Person (ID, Age, PhoneNumber, Name) VALUES (558, 29, '0500584071', 'Robert');
INSERT INTO Person (ID, Age, PhoneNumber, Name) VALUES (559, 27, '0511562690', 'Jessica');
INSERT INTO Person (ID, Age, PhoneNumber, Name) VALUES (560, 28, '0504563229', 'Stephen');
INSERT INTO Person (ID, Age, PhoneNumber, Name) VALUES (561, 35, '0553905471', 'Alexandra');
INSERT INTO Person (ID, Age, PhoneNumber, Name) VALUES (562, 25, '0542561532', 'Isaiah');
INSERT INTO Person (ID, Age, PhoneNumber, Name) VALUES (563, 31, '0566894752', 'Peyton');
INSERT INTO Person (ID, Age, PhoneNumber, Name) VALUES (564, 31, '0517241359', 'Madison');
INSERT INTO Person (ID, Age, PhoneNumber, Name) VALUES (565, 27, '0534418176', 'Roger');
INSERT INTO Person (ID, Age, PhoneNumber, Name) VALUES (566, 46, '0540379636', 'Gerald');
INSERT INTO Person (ID, Age, PhoneNumber, Name) VALUES (567, 35, '0540390240', 'Amanda');
INSERT INTO Person (ID, Age, PhoneNumber, Name) VALUES (568, 38, '0508910889', 'Peter');
INSERT INTO Person (ID, Age, PhoneNumber, Name) VALUES (569, 47, '0519122772', 'Terry');
INSERT INTO Person (ID, Age, PhoneNumber, Name) VALUES (570, 46, '0533166472', 'Lester');
INSERT INTO Person (ID, Age, PhoneNumber, Name) VALUES (571, 35, '0501764961', 'Kennedy');
INSERT INTO Person (ID, Age, PhoneNumber, Name) VALUES (572, 45, '0563120222', 'Scott');
INSERT INTO Person (ID, Age, PhoneNumber, Name) VALUES (573, 27, '0545325604', 'Kevin');
INSERT INTO Person (ID, Age, PhoneNumber, Name) VALUES (574, 47, '0573267252', 'Leah');
INSERT INTO Person (ID, Age, PhoneNumber, Name) VALUES (575, 44, '0505427170', 'Kenneth');
INSERT INTO Person (ID, Age, PhoneNumber, Name) VALUES (576, 32, '0529381103', 'Trevor');
INSERT INTO Person (ID, Age, PhoneNumber, Name) VALUES (577, 25, '0578506631', 'Anthony');
INSERT INTO Person (ID, Age, PhoneNumber, Name) VALUES (578, 33, '0516257910', 'Eddie');
INSERT INTO Person (ID, Age, PhoneNumber, Name) VALUES (579, 46, '0519250489', 'Chloe');
INSERT INTO Person (ID, Age, PhoneNumber, Name) VALUES (580, 29, '0536186018', 'Piper');
INSERT INTO Person (ID, Age, PhoneNumber, Name) VALUES (581, 37, '0562738249', 'Amanda');
INSERT INTO Person (ID, Age, PhoneNumber, Name) VALUES (582, 25, '0563388439', 'Matthew');
INSERT INTO Person (ID, Age, PhoneNumber, Name) VALUES (583, 36, '0562023050', 'Rylee');
INSERT INTO Person (ID, Age, PhoneNumber, Name) VALUES (584, 39, '0507690005', 'Walter');
INSERT INTO Person (ID, Age, PhoneNumber, Name) VALUES (585, 28, '0562139648', 'Sarah');
INSERT INTO Person (ID, Age, PhoneNumber, Name) VALUES (586, 50, '0504844971', 'Madeline');
INSERT INTO Person (ID, Age, PhoneNumber, Name) VALUES (587, 42, '0502876706', 'Louis');
INSERT INTO Person (ID, Age, PhoneNumber, Name) VALUES (588, 25, '0567230285', 'Richard');
INSERT INTO Person (ID, Age, PhoneNumber, Name) VALUES (589, 49, '0514909796', 'Rachel');
INSERT INTO Person (ID, Age, PhoneNumber, Name) VALUES (590, 26, '0528973999', 'Isaac');
INSERT INTO Person (ID, Age, PhoneNumber, Name) VALUES (591, 31, '0583170723', 'Gabriella');
INSERT INTO Person (ID, Age, PhoneNumber, Name) VALUES (592, 39, '0592492070', 'Dennis');
INSERT INTO Person (ID, Age, PhoneNumber, Name) VALUES (593, 27, '0592890560', 'Roger');
INSERT INTO Person (ID, Age, PhoneNumber, Name) VALUES (594, 43, '0559139339', 'Max');
INSERT INTO Person (ID, Age, PhoneNumber, Name) VALUES (595, 26, '0585190984', 'Carl');
INSERT INTO Person (ID, Age, PhoneNumber, Name) VALUES (596, 42, '0567480883', 'Claire');
INSERT INTO Person (ID, Age, PhoneNumber, Name) VALUES (597, 49, '0564233263', 'Andrew');
INSERT INTO Person (ID, Age, PhoneNumber, Name) VALUES (598, 45, '0582078275', 'Daniel');
INSERT INTO Person (ID, Age, PhoneNumber, Name) VALUES (599, 41, '0526747347', 'Kaitlyn');
INSERT INTO Person (ID, Age, PhoneNumber, Name) VALUES (600, 49, '0506722720', 'Avery');
INSERT INTO Person (ID, Age, PhoneNumber, Name) VALUES (601, 37, '0547006205', 'Calvin');
INSERT INTO Person (ID, Age, PhoneNumber, Name) VALUES (602, 26, '0534000686', 'Henry');
INSERT INTO Person (ID, Age, PhoneNumber, Name) VALUES (603, 41, '0568524045', 'Aria');
INSERT INTO Person (ID, Age, PhoneNumber, Name) VALUES (604, 41, '0506888774', 'Jordyn');
INSERT INTO Person (ID, Age, PhoneNumber, Name) VALUES (605, 36, '0535423682', 'Derek');
INSERT INTO Person (ID, Age, PhoneNumber, Name) VALUES (606, 42, '0560177087', 'Lila');
INSERT INTO Person (ID, Age, PhoneNumber, Name) VALUES (607, 50, '0598410430', 'Landon');
INSERT INTO Person (ID, Age, PhoneNumber, Name) VALUES (608, 47, '0594328521', 'Ellie');
INSERT INTO Person (ID, Age, PhoneNumber, Name) VALUES (609, 31, '0552375892', 'Jeffrey');
INSERT INTO Person (ID, Age, PhoneNumber, Name) VALUES (610, 34, '0582504730', 'Makayla');
INSERT INTO Person (ID, Age, PhoneNumber, Name) VALUES (611, 40, '0547662896', 'Emma');
INSERT INTO Person (ID, Age, PhoneNumber, Name) VALUES (612, 46, '0551520734', 'Sarah');
INSERT INTO Person (ID, Age, PhoneNumber, Name) VALUES (613, 43, '0590466677', 'Caroline');
INSERT INTO Person (ID, Age, PhoneNumber, Name) VALUES (614, 50, '0538459607', 'Andrew');
INSERT INTO Person (ID, Age, PhoneNumber, Name) VALUES (615, 33, '0521074155', 'Trevor');
INSERT INTO Person (ID, Age, PhoneNumber, Name) VALUES (616, 37, '0569056327', 'Riley');
INSERT INTO Person (ID, Age, PhoneNumber, Name) VALUES (617, 48, '0558804239', 'Donald');
INSERT INTO Person (ID, Age, PhoneNumber, Name) VALUES (618, 48, '0513170993', 'Londyn');
INSERT INTO Person (ID, Age, PhoneNumber, Name) VALUES (619, 43, '0569145169', 'Stephanie');
INSERT INTO Person (ID, Age, PhoneNumber, Name) VALUES (620, 29, '0554545702', 'Skylar');
INSERT INTO Person (ID, Age, PhoneNumber, Name) VALUES (621, 47, '0562100462', 'Riley');
INSERT INTO Person (ID, Age, PhoneNumber, Name) VALUES (622, 42, '0511383787', 'Mariah');
INSERT INTO Person (ID, Age, PhoneNumber, Name) VALUES (623, 45, '0507142895', 'Alexandra');
INSERT INTO Person (ID, Age, PhoneNumber, Name) VALUES (624, 43, '0577814189', 'Henry');
INSERT INTO Person (ID, Age, PhoneNumber, Name) VALUES (625, 26, '0594688364', 'Adriana');
INSERT INTO Person (ID, Age, PhoneNumber, Name) VALUES (626, 47, '0541217659', 'Patrick');
INSERT INTO Person (ID, Age, PhoneNumber, Name) VALUES (627, 34, '0560486894', 'Olivia');
INSERT INTO Person (ID, Age, PhoneNumber, Name) VALUES (628, 45, '0505700434', 'Hannah');
INSERT INTO Person (ID, Age, PhoneNumber, Name) VALUES (629, 42, '0530948673', 'Ryan');
INSERT INTO Person (ID, Age, PhoneNumber, Name) VALUES (630, 50, '0546591335', 'Allison');
INSERT INTO Person (ID, Age, PhoneNumber, Name) VALUES (631, 28, '0520687692', 'Londyn');
INSERT INTO Person (ID, Age, PhoneNumber, Name) VALUES (632, 45, '0570830250', 'Madison');
INSERT INTO Person (ID, Age, PhoneNumber, Name) VALUES (633, 39, '0571034076', 'Lester');
INSERT INTO Person (ID, Age, PhoneNumber, Name) VALUES (634, 45, '0598599578', 'Andrew');
INSERT INTO Person (ID, Age, PhoneNumber, Name) VALUES (635, 45, '0536291215', 'Patrick');
INSERT INTO Person (ID, Age, PhoneNumber, Name) VALUES (636, 34, '0526813321', 'Timothy');
INSERT INTO Person (ID, Age, PhoneNumber, Name) VALUES (637, 28, '0570528034', 'Jerome');
INSERT INTO Person (ID, Age, PhoneNumber, Name) VALUES (638, 46, '0590602619', 'Aaliyah');
INSERT INTO Person (ID, Age, PhoneNumber, Name) VALUES (639, 49, '0513624392', 'Stephen');
INSERT INTO Person (ID, Age, PhoneNumber, Name) VALUES (640, 41, '0527563503', 'Emma');
INSERT INTO Person (ID, Age, PhoneNumber, Name) VALUES (641, 46, '0519504724', 'Brandon');
INSERT INTO Person (ID, Age, PhoneNumber, Name) VALUES (642, 50, '0505342881', 'Riley');
INSERT INTO Person (ID, Age, PhoneNumber, Name) VALUES (643, 38, '0520128558', 'Londyn');
INSERT INTO Person (ID, Age, PhoneNumber, Name) VALUES (644, 38, '0548540597', 'Sydney');
INSERT INTO Person (ID, Age, PhoneNumber, Name) VALUES (645, 26, '0562725209', 'Christopher');
INSERT INTO Person (ID, Age, PhoneNumber, Name) VALUES (646, 30, '0558252641', 'Frank');
INSERT INTO Person (ID, Age, PhoneNumber, Name) VALUES (647, 35, '0592629956', 'Patrick');
INSERT INTO Person (ID, Age, PhoneNumber, Name) VALUES (648, 40, '0580020092', 'Andrew');
INSERT INTO Person (ID, Age, PhoneNumber, Name) VALUES (649, 40, '0567246904', 'Glenn');
INSERT INTO Person (ID, Age, PhoneNumber, Name) VALUES (650, 46, '0571249276', 'Jordyn');
INSERT INTO Person (ID, Age, PhoneNumber, Name) VALUES (651, 50, '0551959194', 'Miles');
INSERT INTO Person (ID, Age, PhoneNumber, Name) VALUES (652, 33, '0546090452', 'Stephen');
INSERT INTO Person (ID, Age, PhoneNumber, Name) VALUES (653, 26, '0512582131', 'Claire');
INSERT INTO Person (ID, Age, PhoneNumber, Name) VALUES (654, 27, '0517624310', 'Ralph');
INSERT INTO Person (ID, Age, PhoneNumber, Name) VALUES (655, 46, '0583366000', 'Emma');
INSERT INTO Person (ID, Age, PhoneNumber, Name) VALUES (656, 46, '0555375502', 'Caroline');
INSERT INTO Person (ID, Age, PhoneNumber, Name) VALUES (657, 44, '0546184295', 'Haley');
INSERT INTO Person (ID, Age, PhoneNumber, Name) VALUES (658, 25, '0573142803', 'Harold');
INSERT INTO Person (ID, Age, PhoneNumber, Name) VALUES (659, 26, '0530307906', 'Haley');
INSERT INTO Person (ID, Age, PhoneNumber, Name) VALUES (660, 39, '0591565192', 'Bella');
INSERT INTO Person (ID, Age, PhoneNumber, Name) VALUES (661, 27, '0541582176', 'Keith');
INSERT INTO Person (ID, Age, PhoneNumber, Name) VALUES (662, 39, '0589619432', 'Scott');
INSERT INTO Person (ID, Age, PhoneNumber, Name) VALUES (663, 32, '0547877793', 'Natalie');
INSERT INTO Person (ID, Age, PhoneNumber, Name) VALUES (664, 29, '0571904931', 'Landon');
INSERT INTO Person (ID, Age, PhoneNumber, Name) VALUES (665, 33, '0522436477', 'Olivia');
INSERT INTO Person (ID, Age, PhoneNumber, Name) VALUES (666, 32, '0589297069', 'William');
INSERT INTO Person (ID, Age, PhoneNumber, Name) VALUES (667, 32, '0513271948', 'Calvin');
INSERT INTO Person (ID, Age, PhoneNumber, Name) VALUES (668, 34, '0514034684', 'Lester');
INSERT INTO Person (ID, Age, PhoneNumber, Name) VALUES (669, 46, '0520719460', 'Landon');
INSERT INTO Person (ID, Age, PhoneNumber, Name) VALUES (670, 27, '0518084256', 'Paige');
INSERT INTO Person (ID, Age, PhoneNumber, Name) VALUES (671, 49, '0539677021', 'Delaney');
INSERT INTO Person (ID, Age, PhoneNumber, Name) VALUES (672, 41, '0544509139', 'Timothy');
INSERT INTO Person (ID, Age, PhoneNumber, Name) VALUES (673, 30, '0551791593', 'Albert');
INSERT INTO Person (ID, Age, PhoneNumber, Name) VALUES (674, 42, '0589025767', 'Aria');
INSERT INTO Person (ID, Age, PhoneNumber, Name) VALUES (675, 49, '0556008656', 'Walter');
INSERT INTO Person (ID, Age, PhoneNumber, Name) VALUES (676, 38, '0593802818', 'John');
INSERT INTO Person (ID, Age, PhoneNumber, Name) VALUES (677, 45, '0515367797', 'Nicholas');
INSERT INTO Person (ID, Age, PhoneNumber, Name) VALUES (678, 34, '0516583803', 'Adalyn');
INSERT INTO Person (ID, Age, PhoneNumber, Name) VALUES (679, 49, '0579506748', 'Madison');
INSERT INTO Person (ID, Age, PhoneNumber, Name) VALUES (680, 37, '0548917835', 'Aria');
INSERT INTO Person (ID, Age, PhoneNumber, Name) VALUES (681, 49, '0504095484', 'Piper');
INSERT INTO Person (ID, Age, PhoneNumber, Name) VALUES (682, 46, '0565957491', 'Lauren');
INSERT INTO Person (ID, Age, PhoneNumber, Name) VALUES (683, 42, '0526046446', 'Sydney');
INSERT INTO Person (ID, Age, PhoneNumber, Name) VALUES (684, 43, '0555517075', 'Christopher');
INSERT INTO Person (ID, Age, PhoneNumber, Name) VALUES (685, 35, '0528331365', 'Mia');
INSERT INTO Person (ID, Age, PhoneNumber, Name) VALUES (686, 29, '0549589713', 'Alexandra');
INSERT INTO Person (ID, Age, PhoneNumber, Name) VALUES (687, 44, '0559817643', 'Landon');
INSERT INTO Person (ID, Age, PhoneNumber, Name) VALUES (688, 49, '0540894358', 'Sara');
INSERT INTO Person (ID, Age, PhoneNumber, Name) VALUES (689, 40, '0506276151', 'Sydney');
INSERT INTO Person (ID, Age, PhoneNumber, Name) VALUES (690, 32, '0568692192', 'Brooke');
INSERT INTO Person (ID, Age, PhoneNumber, Name) VALUES (691, 42, '0569141301', 'Nicole');
INSERT INTO Person (ID, Age, PhoneNumber, Name) VALUES (692, 47, '0595512238', 'Jordyn');
INSERT INTO Person (ID, Age, PhoneNumber, Name) VALUES (693, 30, '0554079551', 'Hannah');
INSERT INTO Person (ID, Age, PhoneNumber, Name) VALUES (694, 29, '0568916953', 'Raymond');
INSERT INTO Person (ID, Age, PhoneNumber, Name) VALUES (695, 42, '0553601872', 'Mackenzie');
INSERT INTO Person (ID, Age, PhoneNumber, Name) VALUES (696, 44, '0531245962', 'Lila');
INSERT INTO Person (ID, Age, PhoneNumber, Name) VALUES (697, 26, '0556487277', 'Norman');
INSERT INTO Person (ID, Age, PhoneNumber, Name) VALUES (698, 34, '0536602811', 'Anthony');
INSERT INTO Person (ID, Age, PhoneNumber, Name) VALUES (699, 38, '0568424408', 'Richard');
INSERT INTO Person (ID, Age, PhoneNumber, Name) VALUES (700, 38, '0579426659', 'Melissa');
INSERT INTO Person (ID, Age, PhoneNumber, Name) VALUES (701, 33, '0594782086', 'Anthony');
INSERT INTO Person (ID, Age, PhoneNumber, Name) VALUES (702, 40, '0526074298', 'Amanda');
INSERT INTO Person (ID, Age, PhoneNumber, Name) VALUES (703, 49, '0587954031', 'Roger');
INSERT INTO Person (ID, Age, PhoneNumber, Name) VALUES (704, 44, '0520967746', 'Audrey');
INSERT INTO Person (ID, Age, PhoneNumber, Name) VALUES (705, 28, '0507050192', 'Allison');
INSERT INTO Person (ID, Age, PhoneNumber, Name) VALUES (706, 47, '0510473755', 'Makayla');
INSERT INTO Person (ID, Age, PhoneNumber, Name) VALUES (707, 50, '0571116561', 'Mariah');
INSERT INTO Person (ID, Age, PhoneNumber, Name) VALUES (708, 29, '0505637585', 'Matthew');
INSERT INTO Person (ID, Age, PhoneNumber, Name) VALUES (709, 31, '0596622079', 'Jocelyn');
INSERT INTO Person (ID, Age, PhoneNumber, Name) VALUES (710, 31, '0532219825', 'Gerald');
INSERT INTO Person (ID, Age, PhoneNumber, Name) VALUES (711, 50, '0519362150', 'Kennedy');
INSERT INTO Person (ID, Age, PhoneNumber, Name) VALUES (712, 43, '0589820185', 'Sara');
INSERT INTO Person (ID, Age, PhoneNumber, Name) VALUES (713, 44, '0569802608', 'Layla');
INSERT INTO Person (ID, Age, PhoneNumber, Name) VALUES (714, 30, '0532349153', 'Delaney');
INSERT INTO Person (ID, Age, PhoneNumber, Name) VALUES (715, 29, '0544084700', 'Aaliyah');
INSERT INTO Person (ID, Age, PhoneNumber, Name) VALUES (716, 38, '0507479821', 'Kaitlyn');
INSERT INTO Person (ID, Age, PhoneNumber, Name) VALUES (717, 42, '0530813479', 'Amelia');
INSERT INTO Person (ID, Age, PhoneNumber, Name) VALUES (718, 34, '0571308789', 'Olivia');
INSERT INTO Person (ID, Age, PhoneNumber, Name) VALUES (719, 38, '0530301743', 'Claire');
INSERT INTO Person (ID, Age, PhoneNumber, Name) VALUES (720, 31, '0525000961', 'Violet');
INSERT INTO Person (ID, Age, PhoneNumber, Name) VALUES (721, 47, '0517290215', 'Lauren');
INSERT INTO Person (ID, Age, PhoneNumber, Name) VALUES (722, 38, '0566395070', 'Jennifer');
INSERT INTO Person (ID, Age, PhoneNumber, Name) VALUES (723, 44, '0554416576', 'Albert');
INSERT INTO Person (ID, Age, PhoneNumber, Name) VALUES (724, 33, '0597906075', 'Derek');
INSERT INTO Person (ID, Age, PhoneNumber, Name) VALUES (725, 37, '0540600866', 'Stephen');
INSERT INTO Person (ID, Age, PhoneNumber, Name) VALUES (726, 32, '0549308167', 'Rylee');
INSERT INTO Person (ID, Age, PhoneNumber, Name) VALUES (727, 33, '0591175502', 'Jonathan');
INSERT INTO Person (ID, Age, PhoneNumber, Name) VALUES (728, 36, '0538076582', 'Grace');
INSERT INTO Person (ID, Age, PhoneNumber, Name) VALUES (729, 45, '0592343301', 'Joel');
INSERT INTO Person (ID, Age, PhoneNumber, Name) VALUES (730, 43, '0563744576', 'Timothy');
INSERT INTO Person (ID, Age, PhoneNumber, Name) VALUES (731, 49, '0596246938', 'Philip');
INSERT INTO Person (ID, Age, PhoneNumber, Name) VALUES (732, 40, '0568747545', 'Makenna');
INSERT INTO Person (ID, Age, PhoneNumber, Name) VALUES (733, 48, '0501178465', 'Avery');
INSERT INTO Person (ID, Age, PhoneNumber, Name) VALUES (734, 35, '0508402643', 'Kaitlyn');
INSERT INTO Person (ID, Age, PhoneNumber, Name) VALUES (735, 38, '0552904763', 'Jennifer');
INSERT INTO Person (ID, Age, PhoneNumber, Name) VALUES (736, 38, '0556817366', 'Eddie');
INSERT INTO Person (ID, Age, PhoneNumber, Name) VALUES (737, 43, '0528659949', 'Caroline');
INSERT INTO Person (ID, Age, PhoneNumber, Name) VALUES (738, 42, '0540006184', 'Lily');
INSERT INTO Person (ID, Age, PhoneNumber, Name) VALUES (739, 44, '0526230423', 'Gerald');
INSERT INTO Person (ID, Age, PhoneNumber, Name) VALUES (740, 49, '0561016492', 'Lily');
INSERT INTO Person (ID, Age, PhoneNumber, Name) VALUES (741, 30, '0558476934', 'Kylie');
INSERT INTO Person (ID, Age, PhoneNumber, Name) VALUES (742, 39, '0582309853', 'Kevin');
INSERT INTO Person (ID, Age, PhoneNumber, Name) VALUES (743, 29, '0572455705', 'Frank');
INSERT INTO Person (ID, Age, PhoneNumber, Name) VALUES (744, 46, '0598073954', 'Aubrey');
INSERT INTO Person (ID, Age, PhoneNumber, Name) VALUES (745, 39, '0590734150', 'Londyn');
INSERT INTO Person (ID, Age, PhoneNumber, Name) VALUES (746, 30, '0543315802', 'Terry');
INSERT INTO Person (ID, Age, PhoneNumber, Name) VALUES (747, 38, '0572717689', 'Angelina');
INSERT INTO Person (ID, Age, PhoneNumber, Name) VALUES (748, 35, '0517006255', 'Gianna');
INSERT INTO Person (ID, Age, PhoneNumber, Name) VALUES (749, 45, '0522820472', 'Stephen');
INSERT INTO Person (ID, Age, PhoneNumber, Name) VALUES (750, 33, '0578975301', 'Adalyn');
INSERT INTO Person (ID, Age, PhoneNumber, Name) VALUES (751, 44, '0501229295', 'Jasmine');
INSERT INTO Person (ID, Age, PhoneNumber, Name) VALUES (752, 27, '0550712534', 'Paige');
INSERT INTO Person (ID, Age, PhoneNumber, Name) VALUES (753, 26, '0514367700', 'Grace');
INSERT INTO Person (ID, Age, PhoneNumber, Name) VALUES (754, 40, '0515246622', 'Jerome');
INSERT INTO Person (ID, Age, PhoneNumber, Name) VALUES (755, 29, '0512134052', 'Kennedy');
INSERT INTO Person (ID, Age, PhoneNumber, Name) VALUES (756, 42, '0501393058', 'Frederick');
INSERT INTO Person (ID, Age, PhoneNumber, Name) VALUES (757, 40, '0582263153', 'Frederick');
INSERT INTO Person (ID, Age, PhoneNumber, Name) VALUES (758, 39, '0523565523', 'Isabel');
INSERT INTO Person (ID, Age, PhoneNumber, Name) VALUES (759, 40, '0515575549', 'Jacob');
INSERT INTO Person (ID, Age, PhoneNumber, Name) VALUES (760, 40, '0529022249', 'Faith');
INSERT INTO Person (ID, Age, PhoneNumber, Name) VALUES (761, 30, '0547610107', 'Eugene');
INSERT INTO Person (ID, Age, PhoneNumber, Name) VALUES (762, 38, '0552069512', 'Evelyn');
INSERT INTO Person (ID, Age, PhoneNumber, Name) VALUES (763, 29, '0557452831', 'Nicole');
INSERT INTO Person (ID, Age, PhoneNumber, Name) VALUES (764, 40, '0546899098', 'Clarence');
INSERT INTO Person (ID, Age, PhoneNumber, Name) VALUES (765, 40, '0584230771', 'Richard');
INSERT INTO Person (ID, Age, PhoneNumber, Name) VALUES (766, 41, '0519587417', 'Landon');
INSERT INTO Person (ID, Age, PhoneNumber, Name) VALUES (767, 29, '0543737616', 'Henry');
INSERT INTO Person (ID, Age, PhoneNumber, Name) VALUES (768, 41, '0543304367', 'Madison');
INSERT INTO Person (ID, Age, PhoneNumber, Name) VALUES (769, 39, '0546499012', 'Joseph');
INSERT INTO Person (ID, Age, PhoneNumber, Name) VALUES (770, 39, '0577699828', 'Isabella');
INSERT INTO Person (ID, Age, PhoneNumber, Name) VALUES (771, 32, '0599644766', 'Brian');
INSERT INTO Person (ID, Age, PhoneNumber, Name) VALUES (772, 49, '0507273174', 'Isabel');
INSERT INTO Person (ID, Age, PhoneNumber, Name) VALUES (773, 27, '0522991561', 'Eugene');
INSERT INTO Person (ID, Age, PhoneNumber, Name) VALUES (774, 33, '0527514004', 'Harold');
INSERT INTO Person (ID, Age, PhoneNumber, Name) VALUES (775, 30, '0585309855', 'Lawrence');
INSERT INTO Person (ID, Age, PhoneNumber, Name) VALUES (776, 36, '0576951592', 'Jocelyn');
INSERT INTO Person (ID, Age, PhoneNumber, Name) VALUES (777, 32, '0517663756', 'Gregory');
INSERT INTO Person (ID, Age, PhoneNumber, Name) VALUES (778, 42, '0503199217', 'Terry');
INSERT INTO Person (ID, Age, PhoneNumber, Name) VALUES (779, 40, '0595252093', 'Mckenzie');
INSERT INTO Person (ID, Age, PhoneNumber, Name) VALUES (780, 47, '0533128819', 'Skylar');
INSERT INTO Person (ID, Age, PhoneNumber, Name) VALUES (781, 49, '0573515386', 'Daniel');
INSERT INTO Person (ID, Age, PhoneNumber, Name) VALUES (782, 27, '0547883107', 'Martin');
INSERT INTO Person (ID, Age, PhoneNumber, Name) VALUES (783, 32, '0516272674', 'Gabriella');
INSERT INTO Person (ID, Age, PhoneNumber, Name) VALUES (784, 27, '0535654573', 'Howard');
INSERT INTO Person (ID, Age, PhoneNumber, Name) VALUES (785, 42, '0599471180', 'Bella');
INSERT INTO Person (ID, Age, PhoneNumber, Name) VALUES (786, 28, '0558476193', 'Isaiah');
INSERT INTO Person (ID, Age, PhoneNumber, Name) VALUES (787, 28, '0574681825', 'Elise');
INSERT INTO Person (ID, Age, PhoneNumber, Name) VALUES (788, 42, '0535471125', 'Sadie');
INSERT INTO Person (ID, Age, PhoneNumber, Name) VALUES (789, 46, '0573001609', 'Terry');
INSERT INTO Person (ID, Age, PhoneNumber, Name) VALUES (790, 50, '0527293209', 'Matthew');
INSERT INTO Person (ID, Age, PhoneNumber, Name) VALUES (791, 48, '0561451335', 'George');
INSERT INTO Person (ID, Age, PhoneNumber, Name) VALUES (792, 36, '0538037389', 'Michael');
INSERT INTO Person (ID, Age, PhoneNumber, Name) VALUES (793, 37, '0544115381', 'Alexis');
INSERT INTO Person (ID, Age, PhoneNumber, Name) VALUES (794, 28, '0595897098', 'Leah');
INSERT INTO Person (ID, Age, PhoneNumber, Name) VALUES (795, 29, '0528859473', 'Sophie');
INSERT INTO Person (ID, Age, PhoneNumber, Name) VALUES (796, 28, '0511934152', 'Clarence');
INSERT INTO Person (ID, Age, PhoneNumber, Name) VALUES (797, 43, '0594884946', 'Aubrey');
INSERT INTO Person (ID, Age, PhoneNumber, Name) VALUES (798, 28, '0536692708', 'Melissa');
INSERT INTO Person (ID, Age, PhoneNumber, Name) VALUES (799, 40, '0577904062', 'Avery');
INSERT INTO Person (ID, Age, PhoneNumber, Name) VALUES (800, 33, '0513714919', 'Gregory');
INSERT INTO Person (ID, Age, PhoneNumber, Name) VALUES (801, 33, '0512070949', 'Lester');
INSERT INTO Person (ID, Age, PhoneNumber, Name) VALUES (802, 38, '0510154959', 'Robert');
INSERT INTO Person (ID, Age, PhoneNumber, Name) VALUES (803, 31, '0579750603', 'Audrey');
INSERT INTO Person (ID, Age, PhoneNumber, Name) VALUES (804, 26, '0529181695', 'Joshua');
INSERT INTO Person (ID, Age, PhoneNumber, Name) VALUES (805, 34, '0538517148', 'Max');
INSERT INTO Person (ID, Age, PhoneNumber, Name) VALUES (806, 25, '0503034141', 'Alexandra');
INSERT INTO Person (ID, Age, PhoneNumber, Name) VALUES (807, 35, '0504178362', 'Dennis');
INSERT INTO Person (ID, Age, PhoneNumber, Name) VALUES (808, 38, '0510643483', 'Michael');
INSERT INTO Person (ID, Age, PhoneNumber, Name) VALUES (809, 44, '0516135861', 'Glenn');
INSERT INTO Person (ID, Age, PhoneNumber, Name) VALUES (810, 50, '0582206447', 'Leonard');
INSERT INTO Person (ID, Age, PhoneNumber, Name) VALUES (811, 36, '0549566394', 'Miles');
INSERT INTO Person (ID, Age, PhoneNumber, Name) VALUES (812, 32, '0501950580', 'Norman');
INSERT INTO Person (ID, Age, PhoneNumber, Name) VALUES (813, 41, '0535782244', 'Sara');
INSERT INTO Person (ID, Age, PhoneNumber, Name) VALUES (814, 43, '0554584324', 'Martin');
INSERT INTO Person (ID, Age, PhoneNumber, Name) VALUES (815, 27, '0537320484', 'Elise');
INSERT INTO Person (ID, Age, PhoneNumber, Name) VALUES (816, 46, '0528630881', 'Donald');
INSERT INTO Person (ID, Age, PhoneNumber, Name) VALUES (817, 40, '0550897846', 'Joseph');
INSERT INTO Person (ID, Age, PhoneNumber, Name) VALUES (818, 35, '0547393084', 'Jeffrey');
INSERT INTO Person (ID, Age, PhoneNumber, Name) VALUES (819, 31, '0542783845', 'Brooke');
INSERT INTO Person (ID, Age, PhoneNumber, Name) VALUES (820, 29, '0596318685', 'Kylie');
INSERT INTO Person (ID, Age, PhoneNumber, Name) VALUES (821, 49, '0502029158', 'Ariana');
INSERT INTO Person (ID, Age, PhoneNumber, Name) VALUES (822, 40, '0591925286', 'Adriana');
INSERT INTO Person (ID, Age, PhoneNumber, Name) VALUES (823, 38, '0527496441', 'Audrey');
INSERT INTO Person (ID, Age, PhoneNumber, Name) VALUES (824, 45, '0514567986', 'Calvin');
INSERT INTO Person (ID, Age, PhoneNumber, Name) VALUES (825, 44, '0581146652', 'Terry');
INSERT INTO Person (ID, Age, PhoneNumber, Name) VALUES (826, 36, '0519553971', 'Lila');
INSERT INTO Person (ID, Age, PhoneNumber, Name) VALUES (827, 31, '0537395378', 'Morgan');
INSERT INTO Person (ID, Age, PhoneNumber, Name) VALUES (828, 40, '0554276535', 'Daniel');
INSERT INTO Person (ID, Age, PhoneNumber, Name) VALUES (829, 35, '0570909700', 'Roger');
INSERT INTO Person (ID, Age, PhoneNumber, Name) VALUES (830, 35, '0538522925', 'Andrew');
INSERT INTO Person (ID, Age, PhoneNumber, Name) VALUES (831, 41, '0563986689', 'Oscar');
INSERT INTO Person (ID, Age, PhoneNumber, Name) VALUES (832, 27, '0587862337', 'Clarence');
INSERT INTO Person (ID, Age, PhoneNumber, Name) VALUES (833, 31, '0531127399', 'Mckenzie');
INSERT INTO Person (ID, Age, PhoneNumber, Name) VALUES (834, 31, '0519415150', 'Carl');
INSERT INTO Person (ID, Age, PhoneNumber, Name) VALUES (835, 28, '0584693612', 'Samuel');
INSERT INTO Person (ID, Age, PhoneNumber, Name) VALUES (836, 32, '0512823379', 'Bella');
INSERT INTO Person (ID, Age, PhoneNumber, Name) VALUES (837, 28, '0546166449', 'Steven');
INSERT INTO Person (ID, Age, PhoneNumber, Name) VALUES (838, 37, '0582346797', 'Carl');
INSERT INTO Person (ID, Age, PhoneNumber, Name) VALUES (839, 44, '0564563695', 'Stephanie');
INSERT INTO Person (ID, Age, PhoneNumber, Name) VALUES (840, 35, '0598921563', 'Bella');
INSERT INTO Person (ID, Age, PhoneNumber, Name) VALUES (841, 35, '0547066996', 'Gabrielle');
INSERT INTO Person (ID, Age, PhoneNumber, Name) VALUES (842, 46, '0524542996', 'Morgan');
INSERT INTO Person (ID, Age, PhoneNumber, Name) VALUES (843, 49, '0528983303', 'Rachel');
INSERT INTO Person (ID, Age, PhoneNumber, Name) VALUES (844, 41, '0531959307', 'Keith');
INSERT INTO Person (ID, Age, PhoneNumber, Name) VALUES (845, 41, '0566128884', 'Lauren');
INSERT INTO Person (ID, Age, PhoneNumber, Name) VALUES (846, 32, '0509098380', 'Harry');
INSERT INTO Person (ID, Age, PhoneNumber, Name) VALUES (847, 39, '0582859498', 'Henry');
INSERT INTO Person (ID, Age, PhoneNumber, Name) VALUES (848, 49, '0516764003', 'Amanda');
INSERT INTO Person (ID, Age, PhoneNumber, Name) VALUES (849, 45, '0542448664', 'Oscar');
INSERT INTO Person (ID, Age, PhoneNumber, Name) VALUES (850, 25, '0586171742', 'Piper');
INSERT INTO Person (ID, Age, PhoneNumber, Name) VALUES (851, 39, '0547217958', 'Michael');
INSERT INTO Person (ID, Age, PhoneNumber, Name) VALUES (852, 45, '0569743848', 'Delaney');
INSERT INTO Person (ID, Age, PhoneNumber, Name) VALUES (853, 47, '0530830239', 'Roland');
INSERT INTO Person (ID, Age, PhoneNumber, Name) VALUES (854, 32, '0549126263', 'Mackenzie');
INSERT INTO Person (ID, Age, PhoneNumber, Name) VALUES (855, 43, '0565212070', 'Nicholas');
INSERT INTO Person (ID, Age, PhoneNumber, Name) VALUES (856, 36, '0577528134', 'Evelyn');
INSERT INTO Person (ID, Age, PhoneNumber, Name) VALUES (857, 25, '0562860875', 'Clarence');
INSERT INTO Person (ID, Age, PhoneNumber, Name) VALUES (858, 25, '0597894952', 'Ronald');
INSERT INTO Person (ID, Age, PhoneNumber, Name) VALUES (859, 27, '0589985162', 'Adriana');
INSERT INTO Person (ID, Age, PhoneNumber, Name) VALUES (860, 33, '0576594828', 'Gerald');
INSERT INTO Person (ID, Age, PhoneNumber, Name) VALUES (861, 39, '0518848058', 'Mariah');
INSERT INTO Person (ID, Age, PhoneNumber, Name) VALUES (862, 36, '0581322018', 'Hailey');
INSERT INTO Person (ID, Age, PhoneNumber, Name) VALUES (863, 38, '0560933708', 'Eric');
INSERT INTO Person (ID, Age, PhoneNumber, Name) VALUES (864, 47, '0586564724', 'Brianna');
INSERT INTO Person (ID, Age, PhoneNumber, Name) VALUES (865, 34, '0527982566', 'Kylie');
INSERT INTO Person (ID, Age, PhoneNumber, Name) VALUES (866, 33, '0511247370', 'Bradley');
INSERT INTO Person (ID, Age, PhoneNumber, Name) VALUES (867, 32, '0563565381', 'Brian');
INSERT INTO Person (ID, Age, PhoneNumber, Name) VALUES (868, 26, '0567033709', 'Adriana');
INSERT INTO Person (ID, Age, PhoneNumber, Name) VALUES (869, 28, '0575580478', 'Natalie');
INSERT INTO Person (ID, Age, PhoneNumber, Name) VALUES (870, 27, '0514066091', 'Richard');
INSERT INTO Person (ID, Age, PhoneNumber, Name) VALUES (871, 36, '0539328994', 'Megan');
INSERT INTO Person (ID, Age, PhoneNumber, Name) VALUES (872, 41, '0534911768', 'Audrey');
INSERT INTO Person (ID, Age, PhoneNumber, Name) VALUES (873, 35, '0579179936', 'Harold');
INSERT INTO Person (ID, Age, PhoneNumber, Name) VALUES (874, 27, '0510254489', 'Amanda');
INSERT INTO Person (ID, Age, PhoneNumber, Name) VALUES (875, 43, '0518142259', 'Joshua');
INSERT INTO Person (ID, Age, PhoneNumber, Name) VALUES (876, 50, '0524856915', 'Maya');
INSERT INTO Person (ID, Age, PhoneNumber, Name) VALUES (877, 50, '0597302821', 'Kylie');
INSERT INTO Person (ID, Age, PhoneNumber, Name) VALUES (878, 37, '0564799173', 'Emily');
INSERT INTO Person (ID, Age, PhoneNumber, Name) VALUES (879, 38, '0591303786', 'Paige');
INSERT INTO Person (ID, Age, PhoneNumber, Name) VALUES (880, 49, '0540730174', 'Hailey');
INSERT INTO Person (ID, Age, PhoneNumber, Name) VALUES (881, 43, '0564584872', 'Edward');
INSERT INTO Person (ID, Age, PhoneNumber, Name) VALUES (882, 34, '0549168118', 'Terry');
INSERT INTO Person (ID, Age, PhoneNumber, Name) VALUES (883, 38, '0574564163', 'Lawrence');
INSERT INTO Person (ID, Age, PhoneNumber, Name) VALUES (884, 47, '0554951517', 'Elise');
INSERT INTO Person (ID, Age, PhoneNumber, Name) VALUES (885, 29, '0564252831', 'Richard');
INSERT INTO Person (ID, Age, PhoneNumber, Name) VALUES (886, 32, '0585993005', 'Adalyn');
INSERT INTO Person (ID, Age, PhoneNumber, Name) VALUES (887, 44, '0527140078', 'Audrey');
INSERT INTO Person (ID, Age, PhoneNumber, Name) VALUES (888, 25, '0516493698', 'Rylee');
INSERT INTO Person (ID, Age, PhoneNumber, Name) VALUES (889, 45, '0541185633', 'Anthony');
INSERT INTO Person (ID, Age, PhoneNumber, Name) VALUES (890, 27, '0518072132', 'Andrew');
INSERT INTO Person (ID, Age, PhoneNumber, Name) VALUES (891, 40, '0556105112', 'Nathan');
INSERT INTO Person (ID, Age, PhoneNumber, Name) VALUES (892, 46, '0559691942', 'Mariah');
INSERT INTO Person (ID, Age, PhoneNumber, Name) VALUES (893, 44, '0599178210', 'Scott');
INSERT INTO Person (ID, Age, PhoneNumber, Name) VALUES (894, 27, '0558341907', 'Sydney');
INSERT INTO Person (ID, Age, PhoneNumber, Name) VALUES (895, 46, '0543773315', 'Adalyn');
INSERT INTO Person (ID, Age, PhoneNumber, Name) VALUES (896, 30, '0532667576', 'Haley');
INSERT INTO Person (ID, Age, PhoneNumber, Name) VALUES (897, 37, '0550060891', 'Kayla');
INSERT INTO Person (ID, Age, PhoneNumber, Name) VALUES (898, 50, '0540246802', 'Anthony');
INSERT INTO Person (ID, Age, PhoneNumber, Name) VALUES (899, 30, '0509836010', 'Howard');
INSERT INTO Person (ID, Age, PhoneNumber, Name) VALUES (900, 31, '0539056545', 'Adalyn');
INSERT INTO Person (ID, Age, PhoneNumber, Name) VALUES (901, 49, '0517137034', 'Nora');
INSERT INTO Person (ID, Age, PhoneNumber, Name) VALUES (902, 30, '0518948053', 'Joseph');
INSERT INTO Person (ID, Age, PhoneNumber, Name) VALUES (903, 37, '0519902915', 'Peter');
INSERT INTO Person (ID, Age, PhoneNumber, Name) VALUES (904, 30, '0557545457', 'Skylar');
INSERT INTO Person (ID, Age, PhoneNumber, Name) VALUES (905, 34, '0501466142', 'Ellie');
INSERT INTO Person (ID, Age, PhoneNumber, Name) VALUES (906, 40, '0550717235', 'Lawrence');
INSERT INTO Person (ID, Age, PhoneNumber, Name) VALUES (907, 26, '0560946345', 'Kevin');
INSERT INTO Person (ID, Age, PhoneNumber, Name) VALUES (908, 34, '0571075857', 'Chloe');
INSERT INTO Person (ID, Age, PhoneNumber, Name) VALUES (909, 27, '0535157058', 'Bradley');
INSERT INTO Person (ID, Age, PhoneNumber, Name) VALUES (910, 36, '0585141679', 'Stephanie');
INSERT INTO Person (ID, Age, PhoneNumber, Name) VALUES (911, 25, '0538969721', 'Evelyn');
INSERT INTO Person (ID, Age, PhoneNumber, Name) VALUES (912, 29, '0500550345', 'Brooke');
INSERT INTO Person (ID, Age, PhoneNumber, Name) VALUES (913, 41, '0571888255', 'Roger');
INSERT INTO Person (ID, Age, PhoneNumber, Name) VALUES (914, 43, '0574073463', 'Harry');
INSERT INTO Person (ID, Age, PhoneNumber, Name) VALUES (915, 26, '0525040010', 'Stephanie');
INSERT INTO Person (ID, Age, PhoneNumber, Name) VALUES (916, 40, '0594962651', 'Allison');
INSERT INTO Person (ID, Age, PhoneNumber, Name) VALUES (917, 41, '0581414380', 'Roland');
INSERT INTO Person (ID, Age, PhoneNumber, Name) VALUES (918, 27, '0594492173', 'Jacob');
INSERT INTO Person (ID, Age, PhoneNumber, Name) VALUES (919, 27, '0549328518', 'Clarence');
INSERT INTO Person (ID, Age, PhoneNumber, Name) VALUES (920, 30, '0594414890', 'Roland');
INSERT INTO Person (ID, Age, PhoneNumber, Name) VALUES (921, 34, '0540162848', 'Brian');
INSERT INTO Person (ID, Age, PhoneNumber, Name) VALUES (922, 48, '0583347817', 'Claire');
INSERT INTO Person (ID, Age, PhoneNumber, Name) VALUES (923, 38, '0527034793', 'Makayla');
INSERT INTO Person (ID, Age, PhoneNumber, Name) VALUES (924, 48, '0563299993', 'Leah');
INSERT INTO Person (ID, Age, PhoneNumber, Name) VALUES (925, 28, '0582265957', 'Hailey');
INSERT INTO Person (ID, Age, PhoneNumber, Name) VALUES (926, 46, '0584998012', 'Gianna');
INSERT INTO Person (ID, Age, PhoneNumber, Name) VALUES (927, 32, '0503029405', 'Melissa');
INSERT INTO Person (ID, Age, PhoneNumber, Name) VALUES (928, 37, '0584548290', 'Samantha');
INSERT INTO Person (ID, Age, PhoneNumber, Name) VALUES (929, 45, '0543754870', 'Ralph');
INSERT INTO Person (ID, Age, PhoneNumber, Name) VALUES (930, 46, '0551731172', 'Alyssa');
INSERT INTO Person (ID, Age, PhoneNumber, Name) VALUES (931, 29, '0583468785', 'Glenn');
INSERT INTO Person (ID, Age, PhoneNumber, Name) VALUES (932, 26, '0566483085', 'Aubrey');
INSERT INTO Person (ID, Age, PhoneNumber, Name) VALUES (933, 27, '0508951182', 'Evelyn');
INSERT INTO Person (ID, Age, PhoneNumber, Name) VALUES (934, 49, '0582982105', 'Jerome');
INSERT INTO Person (ID, Age, PhoneNumber, Name) VALUES (935, 34, '0556865540', 'Brianna');
INSERT INTO Person (ID, Age, PhoneNumber, Name) VALUES (936, 29, '0548297570', 'Keith');
INSERT INTO Person (ID, Age, PhoneNumber, Name) VALUES (937, 30, '0529382319', 'Raymond');
INSERT INTO Person (ID, Age, PhoneNumber, Name) VALUES (938, 25, '0504534973', 'Victor');
INSERT INTO Person (ID, Age, PhoneNumber, Name) VALUES (939, 29, '0544319991', 'Mia');
INSERT INTO Person (ID, Age, PhoneNumber, Name) VALUES (940, 37, '0580439425', 'Jacob');
INSERT INTO Person (ID, Age, PhoneNumber, Name) VALUES (941, 39, '0537615307', 'Roger');
INSERT INTO Person (ID, Age, PhoneNumber, Name) VALUES (942, 43, '0561202404', 'Samantha');
INSERT INTO Person (ID, Age, PhoneNumber, Name) VALUES (943, 49, '0588672402', 'Hailey');
INSERT INTO Person (ID, Age, PhoneNumber, Name) VALUES (944, 29, '0592554847', 'Isabella');
INSERT INTO Person (ID, Age, PhoneNumber, Name) VALUES (945, 48, '0561295284', 'Jasmine');
INSERT INTO Person (ID, Age, PhoneNumber, Name) VALUES (946, 36, '0534461709', 'Elise');
INSERT INTO Person (ID, Age, PhoneNumber, Name) VALUES (947, 36, '0539688602', 'Madison');
INSERT INTO Person (ID, Age, PhoneNumber, Name) VALUES (948, 50, '0520311229', 'Gregory');
INSERT INTO Person (ID, Age, PhoneNumber, Name) VALUES (949, 25, '0582723048', 'Grace');
INSERT INTO Person (ID, Age, PhoneNumber, Name) VALUES (950, 45, '0558316658', 'Raymond');
INSERT INTO Person (ID, Age, PhoneNumber, Name) VALUES (951, 49, '0535139096', 'Gordon');
INSERT INTO Person (ID, Age, PhoneNumber, Name) VALUES (952, 34, '0556875535', 'Makayla');
INSERT INTO Person (ID, Age, PhoneNumber, Name) VALUES (953, 33, '0520267680', 'Jordyn');
INSERT INTO Person (ID, Age, PhoneNumber, Name) VALUES (954, 26, '0577205163', 'Trevor');
INSERT INTO Person (ID, Age, PhoneNumber, Name) VALUES (955, 42, '0505064529', 'Aria');
INSERT INTO Person (ID, Age, PhoneNumber, Name) VALUES (956, 50, '0575234790', 'Jeffrey');
INSERT INTO Person (ID, Age, PhoneNumber, Name) VALUES (957, 49, '0510242766', 'Ralph');
INSERT INTO Person (ID, Age, PhoneNumber, Name) VALUES (958, 50, '0560753547', 'Mia');
INSERT INTO Person (ID, Age, PhoneNumber, Name) VALUES (959, 49, '0518160017', 'Joshua');
INSERT INTO Person (ID, Age, PhoneNumber, Name) VALUES (960, 27, '0574395068', 'Lila');
INSERT INTO Person (ID, Age, PhoneNumber, Name) VALUES (961, 43, '0599211050', 'Adalyn');
INSERT INTO Person (ID, Age, PhoneNumber, Name) VALUES (962, 37, '0541968213', 'Jerome');
INSERT INTO Person (ID, Age, PhoneNumber, Name) VALUES (963, 31, '0569826238', 'Riley');
INSERT INTO Person (ID, Age, PhoneNumber, Name) VALUES (964, 39, '0512042935', 'Trevor');
INSERT INTO Person (ID, Age, PhoneNumber, Name) VALUES (965, 33, '0573922928', 'Layla');
INSERT INTO Person (ID, Age, PhoneNumber, Name) VALUES (966, 28, '0506306963', 'Roland');
INSERT INTO Person (ID, Age, PhoneNumber, Name) VALUES (967, 38, '0576059848', 'Aubrey');
INSERT INTO Person (ID, Age, PhoneNumber, Name) VALUES (968, 44, '0599989091', 'Hailey');
INSERT INTO Person (ID, Age, PhoneNumber, Name) VALUES (969, 36, '0564000591', 'Ellie');
INSERT INTO Person (ID, Age, PhoneNumber, Name) VALUES (970, 39, '0509681117', 'Steven');
INSERT INTO Person (ID, Age, PhoneNumber, Name) VALUES (971, 35, '0575779048', 'Ronald');
INSERT INTO Person (ID, Age, PhoneNumber, Name) VALUES (972, 34, '0573150005', 'Dennis');
INSERT INTO Person (ID, Age, PhoneNumber, Name) VALUES (973, 35, '0580328317', 'Brandon');
INSERT INTO Person (ID, Age, PhoneNumber, Name) VALUES (974, 41, '0565750778', 'Grace');
INSERT INTO Person (ID, Age, PhoneNumber, Name) VALUES (975, 32, '0580440310', 'Roland');
INSERT INTO Person (ID, Age, PhoneNumber, Name) VALUES (976, 27, '0540985362', 'Faith');
INSERT INTO Person (ID, Age, PhoneNumber, Name) VALUES (977, 40, '0589600211', 'Sophie');
INSERT INTO Person (ID, Age, PhoneNumber, Name) VALUES (978, 44, '0552719407', 'Faith');
INSERT INTO Person (ID, Age, PhoneNumber, Name) VALUES (979, 40, '0589955458', 'Layla');
INSERT INTO Person (ID, Age, PhoneNumber, Name) VALUES (980, 44, '0503698855', 'Kevin');
INSERT INTO Person (ID, Age, PhoneNumber, Name) VALUES (981, 28, '0544696103', 'Ashley');
INSERT INTO Person (ID, Age, PhoneNumber, Name) VALUES (982, 40, '0595678828', 'Frederick');
INSERT INTO Person (ID, Age, PhoneNumber, Name) VALUES (983, 43, '0593248309', 'Levi');
INSERT INTO Person (ID, Age, PhoneNumber, Name) VALUES (984, 31, '0531913333', 'Angelina');
INSERT INTO Person (ID, Age, PhoneNumber, Name) VALUES (985, 38, '0518664162', 'Victoria');
INSERT INTO Person (ID, Age, PhoneNumber, Name) VALUES (986, 38, '0552412411', 'Alyssa');
INSERT INTO Person (ID, Age, PhoneNumber, Name) VALUES (987, 29, '0595486949', 'Audrey');
INSERT INTO Person (ID, Age, PhoneNumber, Name) VALUES (988, 28, '0582391149', 'Ronald');
INSERT INTO Person (ID, Age, PhoneNumber, Name) VALUES (989, 33, '0578040725', 'Haley');
INSERT INTO Person (ID, Age, PhoneNumber, Name) VALUES (990, 43, '0547599640', 'Jared');
INSERT INTO Person (ID, Age, PhoneNumber, Name) VALUES (991, 45, '0515856482', 'Sydney');
INSERT INTO Person (ID, Age, PhoneNumber, Name) VALUES (992, 40, '0598653536', 'William');
INSERT INTO Person (ID, Age, PhoneNumber, Name) VALUES (993, 29, '0558448257', 'Jacob');
INSERT INTO Person (ID, Age, PhoneNumber, Name) VALUES (994, 44, '0539580833', 'Philip');
INSERT INTO Person (ID, Age, PhoneNumber, Name) VALUES (995, 50, '0515131527', 'Howard');
INSERT INTO Person (ID, Age, PhoneNumber, Name) VALUES (996, 44, '0505353886', 'Jerome');
INSERT INTO Person (ID, Age, PhoneNumber, Name) VALUES (997, 31, '0592566169', 'Timothy');
INSERT INTO Person (ID, Age, PhoneNumber, Name) VALUES (998, 49, '0540480887', 'Robert');
INSERT INTO Person (ID, Age, PhoneNumber, Name) VALUES (999, 28, '0524274724', 'Lawrence');
INSERT INTO Person (ID, Age, PhoneNumber, Name) VALUES (1000, 36, '0590043127', 'Nora');
INSERT INTO Person (ID, Age, PhoneNumber, Name) VALUES (1001, 42, '0535808813', 'Henry');
INSERT INTO Person (ID, Age, PhoneNumber, Name) VALUES (1002, 37, '0534108549', 'Kevin');
INSERT INTO Person (ID, Age, PhoneNumber, Name) VALUES (1003, 37, '0545330350', 'Ariana');
INSERT INTO Person (ID, Age, PhoneNumber, Name) VALUES (1004, 28, '0504343779', 'Max');
INSERT INTO Person (ID, Age, PhoneNumber, Name) VALUES (1005, 28, '0537659284', 'William');
INSERT INTO Person (ID, Age, PhoneNumber, Name) VALUES (1006, 30, '0587648026', 'Kenneth');
INSERT INTO Person (ID, Age, PhoneNumber, Name) VALUES (1007, 34, '0507538398', 'Jonathan');
INSERT INTO Person (ID, Age, PhoneNumber, Name) VALUES (1008, 47, '0597137746', 'Landon');
INSERT INTO Person (ID, Age, PhoneNumber, Name) VALUES (1009, 34, '0582110729', 'Andrew');
INSERT INTO Person (ID, Age, PhoneNumber, Name) VALUES (1010, 43, '0539895963', 'Ralph');
INSERT INTO Person (ID, Age, PhoneNumber, Name) VALUES (1011, 34, '0521902976', 'Harry');
INSERT INTO Person (ID, Age, PhoneNumber, Name) VALUES (1012, 28, '0596165293', 'Sydney');
INSERT INTO Person (ID, Age, PhoneNumber, Name) VALUES (1013, 29, '0539791973', 'Francis');
INSERT INTO Person (ID, Age, PhoneNumber, Name) VALUES (1014, 30, '0502861631', 'Scott');
INSERT INTO Person (ID, Age, PhoneNumber, Name) VALUES (1015, 38, '0569775255', 'Benjamin');
INSERT INTO Person (ID, Age, PhoneNumber, Name) VALUES (1016, 49, '0539651696', 'Ronald');
INSERT INTO Person (ID, Age, PhoneNumber, Name) VALUES (1017, 40, '0581887304', 'Megan');
INSERT INTO Person (ID, Age, PhoneNumber, Name) VALUES (1018, 30, '0530730549', 'Harry');
INSERT INTO Person (ID, Age, PhoneNumber, Name) VALUES (1019, 42, '0576823086', 'Morgan');
INSERT INTO Person (ID, Age, PhoneNumber, Name) VALUES (1020, 33, '0557520167', 'Edward');
INSERT INTO Person (ID, Age, PhoneNumber, Name) VALUES (1021, 30, '0587378160', 'Claire');
INSERT INTO Person (ID, Age, PhoneNumber, Name) VALUES (1022, 36, '0551146907', 'Ronald');
INSERT INTO Person (ID, Age, PhoneNumber, Name) VALUES (1023, 31, '0545599126', 'Thomas');
INSERT INTO Person (ID, Age, PhoneNumber, Name) VALUES (1024, 38, '0547799205', 'Caroline');
INSERT INTO Person (ID, Age, PhoneNumber, Name) VALUES (1025, 40, '0528366054', 'Victoria');
INSERT INTO Person (ID, Age, PhoneNumber, Name) VALUES (1026, 27, '0573053983', 'Gordon');
INSERT INTO Person (ID, Age, PhoneNumber, Name) VALUES (1027, 34, '0586996583', 'Stephen');
INSERT INTO Person (ID, Age, PhoneNumber, Name) VALUES (1028, 45, '0516989219', 'William');
INSERT INTO Person (ID, Age, PhoneNumber, Name) VALUES (1029, 28, '0514040909', 'Roger');
INSERT INTO Person (ID, Age, PhoneNumber, Name) VALUES (1030, 36, '0545728596', 'Arthur');
INSERT INTO Person (ID, Age, PhoneNumber, Name) VALUES (1031, 26, '0568934017', 'Sydney');
INSERT INTO Person (ID, Age, PhoneNumber, Name) VALUES (1032, 39, '0557678167', 'Gregory');
INSERT INTO Person (ID, Age, PhoneNumber, Name) VALUES (1033, 35, '0519052581', 'Aaliyah');
INSERT INTO Person (ID, Age, PhoneNumber, Name) VALUES (1034, 34, '0597988769', 'Albert');
INSERT INTO Person (ID, Age, PhoneNumber, Name) VALUES (1035, 49, '0522999184', 'Katherine');
INSERT INTO Person (ID, Age, PhoneNumber, Name) VALUES (1036, 42, '0533070811', 'Jonathan');
INSERT INTO Person (ID, Age, PhoneNumber, Name) VALUES (1037, 43, '0522567013', 'Richard');
INSERT INTO Person (ID, Age, PhoneNumber, Name) VALUES (1038, 43, '0580410831', 'Tyler');
INSERT INTO Person (ID, Age, PhoneNumber, Name) VALUES (1039, 41, '0501224505', 'Chloe');
INSERT INTO Person (ID, Age, PhoneNumber, Name) VALUES (1040, 25, '0533830536', 'Glenn');
INSERT INTO Person (ID, Age, PhoneNumber, Name) VALUES (1041, 34, '0534608765', 'Aria');
INSERT INTO Person (ID, Age, PhoneNumber, Name) VALUES (1042, 39, '0579263030', 'Brian');
INSERT INTO Person (ID, Age, PhoneNumber, Name) VALUES (1043, 50, '0533402037', 'Kennedy');
INSERT INTO Person (ID, Age, PhoneNumber, Name) VALUES (1044, 43, '0555170351', 'Londyn');
INSERT INTO Person (ID, Age, PhoneNumber, Name) VALUES (1045, 45, '0573815233', 'Matthew');
INSERT INTO Person (ID, Age, PhoneNumber, Name) VALUES (1046, 47, '0502825271', 'Tyler');
INSERT INTO Person (ID, Age, PhoneNumber, Name) VALUES (1047, 47, '0505329531', 'Victoria');
INSERT INTO Person (ID, Age, PhoneNumber, Name) VALUES (1048, 45, '0538194669', 'Amelia');
INSERT INTO Person (ID, Age, PhoneNumber, Name) VALUES (1049, 49, '0552850079', 'Samantha');
INSERT INTO Person (ID, Age, PhoneNumber, Name) VALUES (1050, 36, '0501570974', 'Gianna');
INSERT INTO Person (ID, Age, PhoneNumber, Name) VALUES (1051, 36, '0517689047', 'Faith');
INSERT INTO Person (ID, Age, PhoneNumber, Name) VALUES (1052, 26, '0557052364', 'Jennifer');
INSERT INTO Person (ID, Age, PhoneNumber, Name) VALUES (1053, 40, '0584757737', 'Philip');
INSERT INTO Person (ID, Age, PhoneNumber, Name) VALUES (1054, 46, '0553965260', 'Claire');
INSERT INTO Person (ID, Age, PhoneNumber, Name) VALUES (1055, 29, '0504936893', 'Rachel');
INSERT INTO Person (ID, Age, PhoneNumber, Name) VALUES (1056, 49, '0525439934', 'Sadie');
INSERT INTO Person (ID, Age, PhoneNumber, Name) VALUES (1057, 37, '0583226112', 'Jessica');
INSERT INTO Person (ID, Age, PhoneNumber, Name) VALUES (1058, 26, '0567668051', 'Tyler');
INSERT INTO Person (ID, Age, PhoneNumber, Name) VALUES (1059, 29, '0561055167', 'Layla');
INSERT INTO Person (ID, Age, PhoneNumber, Name) VALUES (1060, 25, '0566878840', 'Peter');
INSERT INTO Person (ID, Age, PhoneNumber, Name) VALUES (1061, 40, '0505210685', 'Max');
INSERT INTO Person (ID, Age, PhoneNumber, Name) VALUES (1062, 37, '0595167457', 'Max');
INSERT INTO Person (ID, Age, PhoneNumber, Name) VALUES (1063, 49, '0591029554', 'Grace');
INSERT INTO Person (ID, Age, PhoneNumber, Name) VALUES (1064, 26, '0507924471', 'Timothy');
INSERT INTO Person (ID, Age, PhoneNumber, Name) VALUES (1065, 30, '0565170792', 'Isabella');
INSERT INTO Person (ID, Age, PhoneNumber, Name) VALUES (1066, 33, '0516151996', 'Benjamin');
INSERT INTO Person (ID, Age, PhoneNumber, Name) VALUES (1067, 38, '0547349125', 'Timothy');
INSERT INTO Person (ID, Age, PhoneNumber, Name) VALUES (1068, 44, '0503294967', 'Calvin');
INSERT INTO Person (ID, Age, PhoneNumber, Name) VALUES (1069, 27, '0596677988', 'Makayla');
INSERT INTO Person (ID, Age, PhoneNumber, Name) VALUES (1070, 42, '0567840301', 'Derek');
INSERT INTO Person (ID, Age, PhoneNumber, Name) VALUES (1071, 49, '0525043368', 'Victoria');
INSERT INTO Person (ID, Age, PhoneNumber, Name) VALUES (1072, 29, '0532281783', 'Ronald');
INSERT INTO Person (ID, Age, PhoneNumber, Name) VALUES (1073, 36, '0536951712', 'Natalie');
INSERT INTO Person (ID, Age, PhoneNumber, Name) VALUES (1074, 47, '0588103687', 'Wayne');
INSERT INTO Person (ID, Age, PhoneNumber, Name) VALUES (1075, 27, '0548627144', 'Robert');
INSERT INTO Person (ID, Age, PhoneNumber, Name) VALUES (1076, 35, '0506094741', 'Frederick');
INSERT INTO Person (ID, Age, PhoneNumber, Name) VALUES (1077, 28, '0531648428', 'Brandon');
INSERT INTO Person (ID, Age, PhoneNumber, Name) VALUES (1078, 48, '0513071084', 'Wayne');
INSERT INTO Person (ID, Age, PhoneNumber, Name) VALUES (1079, 34, '0521610819', 'Timothy');
INSERT INTO Person (ID, Age, PhoneNumber, Name) VALUES (1080, 33, '0507594316', 'Jocelyn');
INSERT INTO Person (ID, Age, PhoneNumber, Name) VALUES (1081, 41, '0512714845', 'Albert');
INSERT INTO Person (ID, Age, PhoneNumber, Name) VALUES (1082, 27, '0516602130', 'Gregory');
INSERT INTO Person (ID, Age, PhoneNumber, Name) VALUES (1083, 28, '0585562322', 'Kenneth');
INSERT INTO Person (ID, Age, PhoneNumber, Name) VALUES (1084, 48, '0533899466', 'Delaney');
INSERT INTO Person (ID, Age, PhoneNumber, Name) VALUES (1085, 38, '0529861201', 'Peyton');
INSERT INTO Person (ID, Age, PhoneNumber, Name) VALUES (1086, 25, '0595518439', 'Dennis');
INSERT INTO Person (ID, Age, PhoneNumber, Name) VALUES (1087, 30, '0580333700', 'Olivia');
INSERT INTO Person (ID, Age, PhoneNumber, Name) VALUES (1088, 46, '0524550490', 'Stephanie');
INSERT INTO Person (ID, Age, PhoneNumber, Name) VALUES (1089, 45, '0505876216', 'Isabella');
INSERT INTO Person (ID, Age, PhoneNumber, Name) VALUES (1090, 31, '0517420858', 'Samantha');
INSERT INTO Person (ID, Age, PhoneNumber, Name) VALUES (1091, 38, '0526434948', 'Robert');
INSERT INTO Person (ID, Age, PhoneNumber, Name) VALUES (1092, 32, '0540185558', 'Anthony');
INSERT INTO Person (ID, Age, PhoneNumber, Name) VALUES (1093, 50, '0546935956', 'Frederick');
INSERT INTO Person (ID, Age, PhoneNumber, Name) VALUES (1094, 32, '0510442137', 'Ralph');
INSERT INTO Person (ID, Age, PhoneNumber, Name) VALUES (1095, 50, '0551705138', 'Gabriella');
INSERT INTO Person (ID, Age, PhoneNumber, Name) VALUES (1096, 25, '0514976991', 'Walter');
INSERT INTO Person (ID, Age, PhoneNumber, Name) VALUES (1097, 25, '0552895888', 'Riley');
INSERT INTO Person (ID, Age, PhoneNumber, Name) VALUES (1098, 47, '0572381116', 'Morgan');
INSERT INTO Person (ID, Age, PhoneNumber, Name) VALUES (1099, 49, '0553124515', 'Bradley');
INSERT INTO Person (ID, Age, PhoneNumber, Name) VALUES (1100, 28, '0555269638', 'Morgan');
INSERT INTO Person (ID, Age, PhoneNumber, Name) VALUES (1101, 32, '0577757342', 'Brooke');
INSERT INTO Person (ID, Age, PhoneNumber, Name) VALUES (1102, 26, '0536306076', 'Oscar');
INSERT INTO Person (ID, Age, PhoneNumber, Name) VALUES (1103, 47, '0567501752', 'Riley');
INSERT INTO Person (ID, Age, PhoneNumber, Name) VALUES (1104, 26, '0510268532', 'Trevor');
INSERT INTO Person (ID, Age, PhoneNumber, Name) VALUES (1105, 43, '0542760613', 'Henry');
INSERT INTO Person (ID, Age, PhoneNumber, Name) VALUES (1106, 48, '0530664783', 'Daniel');
INSERT INTO Person (ID, Age, PhoneNumber, Name) VALUES (1107, 45, '0589224669', 'Thomas');
INSERT INTO Person (ID, Age, PhoneNumber, Name) VALUES (1108, 45, '0585243014', 'Tyler');
INSERT INTO Person (ID, Age, PhoneNumber, Name) VALUES (1109, 37, '0501044476', 'Kaitlyn');
INSERT INTO Person (ID, Age, PhoneNumber, Name) VALUES (1110, 30, '0574794117', 'Robert');
INSERT INTO Person (ID, Age, PhoneNumber, Name) VALUES (1111, 49, '0586687683', 'Frank');
INSERT INTO Person (ID, Age, PhoneNumber, Name) VALUES (1112, 47, '0514787633', 'Olivia');
INSERT INTO Person (ID, Age, PhoneNumber, Name) VALUES (1113, 50, '0554504439', 'Hailey');
INSERT INTO Person (ID, Age, PhoneNumber, Name) VALUES (1114, 39, '0543422342', 'Nora');
INSERT INTO Person (ID, Age, PhoneNumber, Name) VALUES (1115, 50, '0534297857', 'Morgan');
INSERT INTO Person (ID, Age, PhoneNumber, Name) VALUES (1116, 43, '0583226944', 'Oscar');
INSERT INTO Person (ID, Age, PhoneNumber, Name) VALUES (1117, 32, '0568737224', 'Rachel');
INSERT INTO Person (ID, Age, PhoneNumber, Name) VALUES (1118, 47, '0575609940', 'Rachel');
INSERT INTO Person (ID, Age, PhoneNumber, Name) VALUES (1119, 40, '0541160641', 'Norman');
INSERT INTO Person (ID, Age, PhoneNumber, Name) VALUES (1120, 39, '0503538845', 'Skylar');
INSERT INTO Person (ID, Age, PhoneNumber, Name) VALUES (1121, 47, '0503240759', 'Sarah');
INSERT INTO Person (ID, Age, PhoneNumber, Name) VALUES (1122, 48, '0527150395', 'Howard');
INSERT INTO Person (ID, Age, PhoneNumber, Name) VALUES (1123, 25, '0575157258', 'Samantha');
INSERT INTO Person (ID, Age, PhoneNumber, Name) VALUES (1124, 50, '0542206792', 'Rachel');
INSERT INTO Person (ID, Age, PhoneNumber, Name) VALUES (1125, 27, '0523530583', 'Isabelle');
INSERT INTO Person (ID, Age, PhoneNumber, Name) VALUES (1126, 37, '0510344121', 'Faith');
INSERT INTO Person (ID, Age, PhoneNumber, Name) VALUES (1127, 25, '0541364682', 'Robert');
INSERT INTO Person (ID, Age, PhoneNumber, Name) VALUES (1128, 49, '0575879244', 'Leonard');
INSERT INTO Person (ID, Age, PhoneNumber, Name) VALUES (1129, 46, '0531887501', 'Gabrielle');
INSERT INTO Person (ID, Age, PhoneNumber, Name) VALUES (1130, 36, '0527591850', 'Sarah');
INSERT INTO Person (ID, Age, PhoneNumber, Name) VALUES (1131, 34, '0526131407', 'Glenn');
INSERT INTO Person (ID, Age, PhoneNumber, Name) VALUES (1132, 31, '0505444840', 'Victor');
INSERT INTO Person (ID, Age, PhoneNumber, Name) VALUES (1133, 43, '0584265006', 'Michael');
INSERT INTO Person (ID, Age, PhoneNumber, Name) VALUES (1134, 49, '0573928033', 'Eric');
INSERT INTO Person (ID, Age, PhoneNumber, Name) VALUES (1135, 46, '0584358998', 'Claire');
INSERT INTO Person (ID, Age, PhoneNumber, Name) VALUES (1136, 25, '0558151435', 'Aaliyah');
INSERT INTO Person (ID, Age, PhoneNumber, Name) VALUES (1137, 49, '0560584899', 'Gianna');
INSERT INTO Person (ID, Age, PhoneNumber, Name) VALUES (1138, 48, '0589030089', 'Landon');
INSERT INTO Person (ID, Age, PhoneNumber, Name) VALUES (1139, 33, '0591468773', 'Benjamin');
INSERT INTO Person (ID, Age, PhoneNumber, Name) VALUES (1140, 47, '0545394381', 'Stephanie');
INSERT INTO Person (ID, Age, PhoneNumber, Name) VALUES (1141, 45, '0503348771', 'Natalie');
INSERT INTO Person (ID, Age, PhoneNumber, Name) VALUES (1142, 39, '0558603151', 'Ryan');
INSERT INTO Person (ID, Age, PhoneNumber, Name) VALUES (1143, 40, '0566321584', 'George');
INSERT INTO Person (ID, Age, PhoneNumber, Name) VALUES (1144, 48, '0568172577', 'Julia');
INSERT INTO Person (ID, Age, PhoneNumber, Name) VALUES (1145, 28, '0552822158', 'Derek');
INSERT INTO Person (ID, Age, PhoneNumber, Name) VALUES (1146, 32, '0523897657', 'Charles');
INSERT INTO Person (ID, Age, PhoneNumber, Name) VALUES (1147, 26, '0559161892', 'Kylie');
INSERT INTO Person (ID, Age, PhoneNumber, Name) VALUES (1148, 45, '0509717077', 'Michael');
INSERT INTO Person (ID, Age, PhoneNumber, Name) VALUES (1149, 26, '0559876304', 'Stephen');
INSERT INTO Person (ID, Age, PhoneNumber, Name) VALUES (1150, 26, '0585123191', 'Sophie');
INSERT INTO Person (ID, Age, PhoneNumber, Name) VALUES (1151, 45, '0534730307', 'Jasmine');
INSERT INTO Person (ID, Age, PhoneNumber, Name) VALUES (1152, 26, '0595926283', 'Emma');
INSERT INTO Person (ID, Age, PhoneNumber, Name) VALUES (1153, 45, '0504392267', 'Nicholas');
INSERT INTO Person (ID, Age, PhoneNumber, Name) VALUES (1154, 44, '0593334737', 'Victoria');
INSERT INTO Person (ID, Age, PhoneNumber, Name) VALUES (1155, 47, '0586766045', 'Jacob');
INSERT INTO Person (ID, Age, PhoneNumber, Name) VALUES (1156, 38, '0556270551', 'Gabriella');
INSERT INTO Person (ID, Age, PhoneNumber, Name) VALUES (1157, 49, '0587504956', 'Brandon');
INSERT INTO Person (ID, Age, PhoneNumber, Name) VALUES (1158, 41, '0559449684', 'John');
INSERT INTO Person (ID, Age, PhoneNumber, Name) VALUES (1159, 36, '0557361864', 'Jordyn');
INSERT INTO Person (ID, Age, PhoneNumber, Name) VALUES (1160, 31, '0521211833', 'Walter');
INSERT INTO Person (ID, Age, PhoneNumber, Name) VALUES (1161, 26, '0586131973', 'Stephen');
INSERT INTO Person (ID, Age, PhoneNumber, Name) VALUES (1162, 40, '0569044889', 'Nicole');
INSERT INTO Person (ID, Age, PhoneNumber, Name) VALUES (1163, 36, '0576635059', 'Samuel');
INSERT INTO Person (ID, Age, PhoneNumber, Name) VALUES (1164, 29, '0502999890', 'Bradley');
INSERT INTO Person (ID, Age, PhoneNumber, Name) VALUES (1165, 38, '0569858378', 'Audrey');
INSERT INTO Person (ID, Age, PhoneNumber, Name) VALUES (1166, 27, '0527714163', 'Christopher');
INSERT INTO Person (ID, Age, PhoneNumber, Name) VALUES (1167, 25, '0599911621', 'Oscar');
INSERT INTO Person (ID, Age, PhoneNumber, Name) VALUES (1168, 48, '0584841436', 'Samuel');
INSERT INTO Person (ID, Age, PhoneNumber, Name) VALUES (1169, 37, '0590351613', 'Cameron');
INSERT INTO Person (ID, Age, PhoneNumber, Name) VALUES (1170, 33, '0587710614', 'Peyton');
INSERT INTO Person (ID, Age, PhoneNumber, Name) VALUES (1171, 46, '0541257482', 'Timothy');
INSERT INTO Person (ID, Age, PhoneNumber, Name) VALUES (1172, 43, '0521610107', 'Victoria');
INSERT INTO Person (ID, Age, PhoneNumber, Name) VALUES (1173, 48, '0532545629', 'John');
INSERT INTO Person (ID, Age, PhoneNumber, Name) VALUES (1174, 35, '0554970897', 'Makayla');
INSERT INTO Person (ID, Age, PhoneNumber, Name) VALUES (1175, 49, '0528615803', 'Levi');
INSERT INTO Person (ID, Age, PhoneNumber, Name) VALUES (1176, 37, '0568200334', 'Norman');
INSERT INTO Person (ID, Age, PhoneNumber, Name) VALUES (1177, 28, '0579868385', 'Eddie');
INSERT INTO Person (ID, Age, PhoneNumber, Name) VALUES (1178, 49, '0509434675', 'Madison');
INSERT INTO Person (ID, Age, PhoneNumber, Name) VALUES (1179, 41, '0517630856', 'Maya');
INSERT INTO Person (ID, Age, PhoneNumber, Name) VALUES (1180, 32, '0509443501', 'Jennifer');
INSERT INTO Person (ID, Age, PhoneNumber, Name) VALUES (1181, 39, '0551893569', 'Norman');
INSERT INTO Person (ID, Age, PhoneNumber, Name) VALUES (1182, 46, '0540237274', 'Kennedy');
INSERT INTO Person (ID, Age, PhoneNumber, Name) VALUES (1183, 37, '0594179403', 'Ariana');
INSERT INTO Person (ID, Age, PhoneNumber, Name) VALUES (1184, 46, '0503303645', 'Peyton');
INSERT INTO Person (ID, Age, PhoneNumber, Name) VALUES (1185, 43, '0535894285', 'Nathan');
INSERT INTO Person (ID, Age, PhoneNumber, Name) VALUES (1186, 27, '0504419210', 'Mckenzie');
INSERT INTO Person (ID, Age, PhoneNumber, Name) VALUES (1187, 30, '0598106603', 'Ellie');
INSERT INTO Person (ID, Age, PhoneNumber, Name) VALUES (1188, 46, '0561852694', 'Lily');
INSERT INTO Person (ID, Age, PhoneNumber, Name) VALUES (1189, 50, '0537453498', 'Carl');
INSERT INTO Person (ID, Age, PhoneNumber, Name) VALUES (1190, 50, '0509642785', 'Claire');
INSERT INTO Person (ID, Age, PhoneNumber, Name) VALUES (1191, 44, '0535598631', 'Brianna');
INSERT INTO Person (ID, Age, PhoneNumber, Name) VALUES (1192, 35, '0597162389', 'Kaitlyn');
INSERT INTO Person (ID, Age, PhoneNumber, Name) VALUES (1193, 43, '0538251450', 'Francis');
INSERT INTO Person (ID, Age, PhoneNumber, Name) VALUES (1194, 44, '0594591067', 'Sara');
INSERT INTO Person (ID, Age, PhoneNumber, Name) VALUES (1195, 40, '0534776565', 'Isabel');
INSERT INTO Person (ID, Age, PhoneNumber, Name) VALUES (1196, 25, '0565882923', 'Brooke');
INSERT INTO Person (ID, Age, PhoneNumber, Name) VALUES (1197, 36, '0579707243', 'Samuel');
INSERT INTO Person (ID, Age, PhoneNumber, Name) VALUES (1198, 50, '0593572410', 'Frederick');
INSERT INTO Person (ID, Age, PhoneNumber, Name) VALUES (1199, 31, '0581860255', 'Edward');
INSERT INTO Person (ID, Age, PhoneNumber, Name) VALUES (1200, 47, '0539156260', 'Dennis');
INSERT INTO Worker (ID, HireDate) VALUES (1, '2007-05-20');
INSERT INTO WorksIn (ID, BuildingID) VALUES (1, 149);
INSERT INTO Cleaner (ID, Shift) VALUES (1, 'morning');
INSERT INTO Worker (ID, HireDate) VALUES (401, '2014-08-18');
INSERT INTO WorksIn (ID, BuildingID) VALUES (401, 225);
INSERT INTO Cleaner (ID, Shift) VALUES (401, 'noon');
INSERT INTO Student (ID, RoomID, BuildingID, EnrollmentDate, Major) VALUES (801, 1, 326, '2016-08-06', 'Environmental Science');
INSERT INTO Worker (ID, HireDate) VALUES (2, '2004-05-13');
INSERT INTO WorksIn (ID, BuildingID) VALUES (2, 89);
INSERT INTO Cleaner (ID, Shift) VALUES (2, 'morning');
INSERT INTO Worker (ID, HireDate) VALUES (402, '2004-10-29');
INSERT INTO WorksIn (ID, BuildingID) VALUES (402, 378);
INSERT INTO Cleaner (ID, Shift) VALUES (402, 'evening');
INSERT INTO Student (ID, RoomID, BuildingID, EnrollmentDate, Major) VALUES (802, 1, 125, '2009-07-06', 'Business Administration');
INSERT INTO Worker (ID, HireDate) VALUES (3, '2000-04-07');
INSERT INTO WorksIn (ID, BuildingID) VALUES (3, 233);
INSERT INTO Cleaner (ID, Shift) VALUES (3, 'evening');
INSERT INTO Student (ID, RoomID, BuildingID, EnrollmentDate, Major) VALUES (403, 2, 231, '2013-12-15', 'Physics');
INSERT INTO Worker (ID, HireDate) VALUES (803, '2023-10-19');
INSERT INTO WorksIn (ID, BuildingID) VALUES (803, 68);
INSERT INTO Cleaner (ID, Shift) VALUES (803, 'morning');
INSERT INTO Student (ID, RoomID, BuildingID, EnrollmentDate, Major) VALUES (4, 2, 318, '2009-05-17', 'English Literature');
INSERT INTO Worker (ID, HireDate) VALUES (404, '2009-12-17');
INSERT INTO WorksIn (ID, BuildingID) VALUES (404, 202);
INSERT INTO Cleaner (ID, Shift) VALUES (404, 'morning');
INSERT INTO Worker (ID, HireDate) VALUES (804, '2002-01-28');
INSERT INTO WorksIn (ID, BuildingID) VALUES (804, 224);
INSERT INTO Cleaner (ID, Shift) VALUES (804, 'evening');
INSERT INTO Worker (ID, HireDate) VALUES (5, '2016-08-29');
INSERT INTO WorksIn (ID, BuildingID) VALUES (5, 244);
INSERT INTO Cleaner (ID, Shift) VALUES (5, 'morning');
INSERT INTO Worker (ID, HireDate) VALUES (405, '2020-08-17');
INSERT INTO WorksIn (ID, BuildingID) VALUES (405, 232);
INSERT INTO Cleaner (ID, Shift) VALUES (405, 'noon');
INSERT INTO Student (ID, RoomID, BuildingID, EnrollmentDate, Major) VALUES (805, 1, 84, '2007-06-29', 'Biology');
INSERT INTO Worker (ID, HireDate) VALUES (6, '2007-07-25');
INSERT INTO WorksIn (ID, BuildingID) VALUES (6, 398);
INSERT INTO Cleaner (ID, Shift) VALUES (6, 'evening');
INSERT INTO Worker (ID, HireDate) VALUES (406, '2005-06-09');
INSERT INTO WorksIn (ID, BuildingID) VALUES (406, 130);
INSERT INTO Cleaner (ID, Shift) VALUES (406, 'morning');
INSERT INTO Student (ID, RoomID, BuildingID, EnrollmentDate, Major) VALUES (806, 2, 342, '2007-12-27', 'Economics');
INSERT INTO Worker (ID, HireDate) VALUES (7, '2012-01-12');
INSERT INTO WorksIn (ID, BuildingID) VALUES (7, 44);
INSERT INTO Cleaner (ID, Shift) VALUES (7, 'noon');
INSERT INTO Worker (ID, HireDate) VALUES (407, '2001-09-28');
INSERT INTO WorksIn (ID, BuildingID) VALUES (407, 344);
INSERT INTO Cleaner (ID, Shift) VALUES (407, 'evening');
INSERT INTO Student (ID, RoomID, BuildingID, EnrollmentDate, Major) VALUES (807, 2, 378, '2001-01-25', 'Graphic Design');
INSERT INTO Worker (ID, HireDate) VALUES (8, '2019-08-10');
INSERT INTO WorksIn (ID, BuildingID) VALUES (8, 199);
INSERT INTO Cleaner (ID, Shift) VALUES (8, 'noon');
INSERT INTO Student (ID, RoomID, BuildingID, EnrollmentDate, Major) VALUES (408, 1, 340, '2017-05-08', 'Psychology');
INSERT INTO Worker (ID, HireDate) VALUES (808, '2014-12-29');
INSERT INTO WorksIn (ID, BuildingID) VALUES (808, 101);
INSERT INTO Cleaner (ID, Shift) VALUES (808, 'evening');
INSERT INTO Worker (ID, HireDate) VALUES (9, '2003-12-17');
INSERT INTO WorksIn (ID, BuildingID) VALUES (9, 327);
INSERT INTO Cleaner (ID, Shift) VALUES (9, 'evening');
INSERT INTO Worker (ID, HireDate) VALUES (409, '2011-12-23');
INSERT INTO WorksIn (ID, BuildingID) VALUES (409, 338);
INSERT INTO Cleaner (ID, Shift) VALUES (409, 'evening');
INSERT INTO Student (ID, RoomID, BuildingID, EnrollmentDate, Major) VALUES (809, 2, 361, '2000-02-17', 'Political Science');
INSERT INTO Worker (ID, HireDate) VALUES (10, '2005-06-27');
INSERT INTO WorksIn (ID, BuildingID) VALUES (10, 152);
INSERT INTO Cleaner (ID, Shift) VALUES (10, 'morning');
INSERT INTO Student (ID, RoomID, BuildingID, EnrollmentDate, Major) VALUES (410, 1, 238, '2003-04-01', 'Physics');
INSERT INTO Worker (ID, HireDate) VALUES (810, '2022-04-12');
INSERT INTO WorksIn (ID, BuildingID) VALUES (810, 239);
INSERT INTO Cleaner (ID, Shift) VALUES (810, 'morning');
INSERT INTO Worker (ID, HireDate) VALUES (11, '2021-04-13');
INSERT INTO WorksIn (ID, BuildingID) VALUES (11, 6);
INSERT INTO Cleaner (ID, Shift) VALUES (11, 'evening');
INSERT INTO Student (ID, RoomID, BuildingID, EnrollmentDate, Major) VALUES (411, 2, 201, '2021-12-03', 'Nursing');
INSERT INTO Worker (ID, HireDate) VALUES (811, '2020-04-18');
INSERT INTO WorksIn (ID, BuildingID) VALUES (811, 228);
INSERT INTO Cleaner (ID, Shift) VALUES (811, 'morning');
INSERT INTO Worker (ID, HireDate) VALUES (12, '2008-01-18');
INSERT INTO WorksIn (ID, BuildingID) VALUES (12, 330);
INSERT INTO Cleaner (ID, Shift) VALUES (12, 'noon');
INSERT INTO Worker (ID, HireDate) VALUES (412, '2014-03-20');
INSERT INTO WorksIn (ID, BuildingID) VALUES (412, 58);
INSERT INTO Cleaner (ID, Shift) VALUES (412, 'noon');
INSERT INTO Student (ID, RoomID, BuildingID, EnrollmentDate, Major) VALUES (812, 2, 186, '2012-09-11', 'Computer Science');
INSERT INTO Worker (ID, HireDate) VALUES (13, '2006-07-31');
INSERT INTO WorksIn (ID, BuildingID) VALUES (13, 292);
INSERT INTO Cleaner (ID, Shift) VALUES (13, 'noon');
INSERT INTO Student (ID, RoomID, BuildingID, EnrollmentDate, Major) VALUES (413, 1, 48, '2003-10-30', 'Sociology');
INSERT INTO Worker (ID, HireDate) VALUES (813, '2003-11-26');
INSERT INTO WorksIn (ID, BuildingID) VALUES (813, 189);
INSERT INTO Cleaner (ID, Shift) VALUES (813, 'morning');
INSERT INTO Worker (ID, HireDate) VALUES (14, '2019-07-08');
INSERT INTO WorksIn (ID, BuildingID) VALUES (14, 255);
INSERT INTO Cleaner (ID, Shift) VALUES (14, 'morning');
INSERT INTO Worker (ID, HireDate) VALUES (414, '2020-11-30');
INSERT INTO WorksIn (ID, BuildingID) VALUES (414, 371);
INSERT INTO Cleaner (ID, Shift) VALUES (414, 'evening');
INSERT INTO Student (ID, RoomID, BuildingID, EnrollmentDate, Major) VALUES (814, 1, 233, '2018-04-22', 'Business Administration');
INSERT INTO Worker (ID, HireDate) VALUES (15, '2014-02-10');
INSERT INTO WorksIn (ID, BuildingID) VALUES (15, 277);
INSERT INTO Cleaner (ID, Shift) VALUES (15, 'evening');
INSERT INTO Student (ID, RoomID, BuildingID, EnrollmentDate, Major) VALUES (415, 2, 107, '2010-06-04', 'Graphic Design');
INSERT INTO Worker (ID, HireDate) VALUES (815, '2000-09-08');
INSERT INTO WorksIn (ID, BuildingID) VALUES (815, 2);
INSERT INTO Cleaner (ID, Shift) VALUES (815, 'noon');
INSERT INTO Student (ID, RoomID, BuildingID, EnrollmentDate, Major) VALUES (16, 2, 308, '2015-12-25', 'Environmental Science');
INSERT INTO Worker (ID, HireDate) VALUES (416, '2022-04-06');
INSERT INTO WorksIn (ID, BuildingID) VALUES (416, 121);
INSERT INTO Cleaner (ID, Shift) VALUES (416, 'morning');
INSERT INTO Worker (ID, HireDate) VALUES (816, '2018-01-09');
INSERT INTO WorksIn (ID, BuildingID) VALUES (816, 72);
INSERT INTO Cleaner (ID, Shift) VALUES (816, 'noon');
INSERT INTO Student (ID, RoomID, BuildingID, EnrollmentDate, Major) VALUES (17, 1, 227, '2022-08-17', 'Mechanical Engineering');
INSERT INTO Worker (ID, HireDate) VALUES (417, '2010-04-03');
INSERT INTO WorksIn (ID, BuildingID) VALUES (417, 64);
INSERT INTO Cleaner (ID, Shift) VALUES (417, 'morning');
INSERT INTO Worker (ID, HireDate) VALUES (817, '2001-10-08');
INSERT INTO WorksIn (ID, BuildingID) VALUES (817, 389);
INSERT INTO Cleaner (ID, Shift) VALUES (817, 'noon');
INSERT INTO Student (ID, RoomID, BuildingID, EnrollmentDate, Major) VALUES (18, 1, 337, '2015-11-18', 'Nursing');
INSERT INTO Worker (ID, HireDate) VALUES (418, '2006-09-05');
INSERT INTO WorksIn (ID, BuildingID) VALUES (418, 147);
INSERT INTO Cleaner (ID, Shift) VALUES (418, 'morning');
INSERT INTO Worker (ID, HireDate) VALUES (818, '2019-12-31');
INSERT INTO WorksIn (ID, BuildingID) VALUES (818, 106);
INSERT INTO Cleaner (ID, Shift) VALUES (818, 'morning');
INSERT INTO Student (ID, RoomID, BuildingID, EnrollmentDate, Major) VALUES (19, 2, 137, '2012-07-29', 'History');
INSERT INTO Worker (ID, HireDate) VALUES (419, '2014-04-03');
INSERT INTO WorksIn (ID, BuildingID) VALUES (419, 95);
INSERT INTO Cleaner (ID, Shift) VALUES (419, 'noon');
INSERT INTO Worker (ID, HireDate) VALUES (819, '2020-02-27');
INSERT INTO WorksIn (ID, BuildingID) VALUES (819, 116);
INSERT INTO Cleaner (ID, Shift) VALUES (819, 'noon');
INSERT INTO Student (ID, RoomID, BuildingID, EnrollmentDate, Major) VALUES (20, 2, 392, '2013-06-21', 'English Literature');
INSERT INTO Worker (ID, HireDate) VALUES (420, '2016-02-14');
INSERT INTO WorksIn (ID, BuildingID) VALUES (420, 322);
INSERT INTO Cleaner (ID, Shift) VALUES (420, 'evening');
INSERT INTO Worker (ID, HireDate) VALUES (820, '2006-12-12');
INSERT INTO WorksIn (ID, BuildingID) VALUES (820, 185);
INSERT INTO Cleaner (ID, Shift) VALUES (820, 'morning');
INSERT INTO Student (ID, RoomID, BuildingID, EnrollmentDate, Major) VALUES (21, 2, 301, '2018-02-14', 'Nursing');
INSERT INTO Worker (ID, HireDate) VALUES (421, '2014-06-02');
INSERT INTO WorksIn (ID, BuildingID) VALUES (421, 237);
INSERT INTO Cleaner (ID, Shift) VALUES (421, 'noon');
INSERT INTO Worker (ID, HireDate) VALUES (821, '2022-11-03');
INSERT INTO WorksIn (ID, BuildingID) VALUES (821, 308);
INSERT INTO Cleaner (ID, Shift) VALUES (821, 'noon');
INSERT INTO Worker (ID, HireDate) VALUES (22, '2020-06-02');
INSERT INTO WorksIn (ID, BuildingID) VALUES (22, 187);
INSERT INTO Cleaner (ID, Shift) VALUES (22, 'noon');
INSERT INTO Student (ID, RoomID, BuildingID, EnrollmentDate, Major) VALUES (422, 1, 277, '2008-03-15', 'Sociology');
INSERT INTO Worker (ID, HireDate) VALUES (822, '2013-12-09');
INSERT INTO WorksIn (ID, BuildingID) VALUES (822, 50);
INSERT INTO Cleaner (ID, Shift) VALUES (822, 'evening');
INSERT INTO Worker (ID, HireDate) VALUES (23, '2001-11-16');
INSERT INTO WorksIn (ID, BuildingID) VALUES (23, 248);
INSERT INTO Cleaner (ID, Shift) VALUES (23, 'noon');
INSERT INTO Student (ID, RoomID, BuildingID, EnrollmentDate, Major) VALUES (423, 2, 15, '2016-08-13', 'Biology');
INSERT INTO Worker (ID, HireDate) VALUES (823, '2018-09-04');
INSERT INTO WorksIn (ID, BuildingID) VALUES (823, 245);
INSERT INTO Cleaner (ID, Shift) VALUES (823, 'noon');
INSERT INTO Student (ID, RoomID, BuildingID, EnrollmentDate, Major) VALUES (24, 2, 81, '2020-03-05', 'Physics');
INSERT INTO Worker (ID, HireDate) VALUES (424, '2003-10-14');
INSERT INTO WorksIn (ID, BuildingID) VALUES (424, 244);
INSERT INTO Cleaner (ID, Shift) VALUES (424, 'noon');
INSERT INTO Worker (ID, HireDate) VALUES (824, '2016-10-04');
INSERT INTO WorksIn (ID, BuildingID) VALUES (824, 92);
INSERT INTO Cleaner (ID, Shift) VALUES (824, 'morning');
INSERT INTO Worker (ID, HireDate) VALUES (25, '2016-03-20');
INSERT INTO WorksIn (ID, BuildingID) VALUES (25, 323);
INSERT INTO Cleaner (ID, Shift) VALUES (25, 'noon');
INSERT INTO Worker (ID, HireDate) VALUES (425, '2020-02-18');
INSERT INTO WorksIn (ID, BuildingID) VALUES (425, 213);
INSERT INTO Cleaner (ID, Shift) VALUES (425, 'noon');
INSERT INTO Student (ID, RoomID, BuildingID, EnrollmentDate, Major) VALUES (825, 1, 136, '2005-04-10', 'Sociology');
INSERT INTO Worker (ID, HireDate) VALUES (26, '2016-01-25');
INSERT INTO WorksIn (ID, BuildingID) VALUES (26, 307);
INSERT INTO Cleaner (ID, Shift) VALUES (26, 'evening');
INSERT INTO Worker (ID, HireDate) VALUES (426, '2008-11-06');
INSERT INTO WorksIn (ID, BuildingID) VALUES (426, 367);
INSERT INTO Cleaner (ID, Shift) VALUES (426, 'noon');
INSERT INTO Student (ID, RoomID, BuildingID, EnrollmentDate, Major) VALUES (826, 1, 326, '2005-05-05', 'Sociology');
INSERT INTO Student (ID, RoomID, BuildingID, EnrollmentDate, Major) VALUES (27, 2, 232, '2015-09-16', 'Mechanical Engineering');
INSERT INTO Worker (ID, HireDate) VALUES (427, '2014-01-31');
INSERT INTO WorksIn (ID, BuildingID) VALUES (427, 366);
INSERT INTO Cleaner (ID, Shift) VALUES (427, 'evening');
INSERT INTO Worker (ID, HireDate) VALUES (827, '2017-06-25');
INSERT INTO WorksIn (ID, BuildingID) VALUES (827, 142);
INSERT INTO Cleaner (ID, Shift) VALUES (827, 'noon');
INSERT INTO Worker (ID, HireDate) VALUES (28, '2016-07-12');
INSERT INTO WorksIn (ID, BuildingID) VALUES (28, 369);
INSERT INTO Cleaner (ID, Shift) VALUES (28, 'evening');
INSERT INTO Student (ID, RoomID, BuildingID, EnrollmentDate, Major) VALUES (428, 2, 16, '2004-11-04', 'Mechanical Engineering');
INSERT INTO Worker (ID, HireDate) VALUES (828, '2018-06-22');
INSERT INTO WorksIn (ID, BuildingID) VALUES (828, 312);
INSERT INTO Cleaner (ID, Shift) VALUES (828, 'evening');
INSERT INTO Worker (ID, HireDate) VALUES (29, '2016-11-21');
INSERT INTO WorksIn (ID, BuildingID) VALUES (29, 145);
INSERT INTO Cleaner (ID, Shift) VALUES (29, 'evening');
INSERT INTO Worker (ID, HireDate) VALUES (429, '2023-11-06');
INSERT INTO WorksIn (ID, BuildingID) VALUES (429, 359);
INSERT INTO Cleaner (ID, Shift) VALUES (429, 'noon');
INSERT INTO Student (ID, RoomID, BuildingID, EnrollmentDate, Major) VALUES (829, 1, 38, '2012-12-12', 'Business Administration');
INSERT INTO Worker (ID, HireDate) VALUES (30, '2019-09-27');
INSERT INTO WorksIn (ID, BuildingID) VALUES (30, 148);
INSERT INTO Cleaner (ID, Shift) VALUES (30, 'noon');
INSERT INTO Student (ID, RoomID, BuildingID, EnrollmentDate, Major) VALUES (430, 2, 112, '2012-08-06', 'Economics');
INSERT INTO Worker (ID, HireDate) VALUES (830, '2003-02-02');
INSERT INTO WorksIn (ID, BuildingID) VALUES (830, 302);
INSERT INTO Cleaner (ID, Shift) VALUES (830, 'noon');
INSERT INTO Worker (ID, HireDate) VALUES (31, '2015-03-21');
INSERT INTO WorksIn (ID, BuildingID) VALUES (31, 209);
INSERT INTO Cleaner (ID, Shift) VALUES (31, 'evening');
INSERT INTO Worker (ID, HireDate) VALUES (431, '2005-02-19');
INSERT INTO WorksIn (ID, BuildingID) VALUES (431, 191);
INSERT INTO Cleaner (ID, Shift) VALUES (431, 'noon');
INSERT INTO Student (ID, RoomID, BuildingID, EnrollmentDate, Major) VALUES (831, 2, 280, '2018-07-18', 'Sociology');
INSERT INTO Student (ID, RoomID, BuildingID, EnrollmentDate, Major) VALUES (32, 2, 175, '2018-11-28', 'Business Administration');
INSERT INTO Worker (ID, HireDate) VALUES (432, '2020-06-21');
INSERT INTO WorksIn (ID, BuildingID) VALUES (432, 323);
INSERT INTO Cleaner (ID, Shift) VALUES (432, 'evening');
INSERT INTO Worker (ID, HireDate) VALUES (832, '2001-06-02');
INSERT INTO WorksIn (ID, BuildingID) VALUES (832, 257);
INSERT INTO Cleaner (ID, Shift) VALUES (832, 'noon');
INSERT INTO Worker (ID, HireDate) VALUES (33, '2001-09-22');
INSERT INTO WorksIn (ID, BuildingID) VALUES (33, 248);
INSERT INTO Cleaner (ID, Shift) VALUES (33, 'morning');
INSERT INTO Worker (ID, HireDate) VALUES (433, '2017-05-09');
INSERT INTO WorksIn (ID, BuildingID) VALUES (433, 28);
INSERT INTO Cleaner (ID, Shift) VALUES (433, 'morning');
INSERT INTO Student (ID, RoomID, BuildingID, EnrollmentDate, Major) VALUES (833, 2, 158, '2008-03-18', 'Political Science');
INSERT INTO Student (ID, RoomID, BuildingID, EnrollmentDate, Major) VALUES (34, 1, 218, '2008-09-09', 'History');
INSERT INTO Worker (ID, HireDate) VALUES (434, '2013-09-18');
INSERT INTO WorksIn (ID, BuildingID) VALUES (434, 150);
INSERT INTO Cleaner (ID, Shift) VALUES (434, 'noon');
INSERT INTO Worker (ID, HireDate) VALUES (834, '2004-09-14');
INSERT INTO WorksIn (ID, BuildingID) VALUES (834, 90);
INSERT INTO Cleaner (ID, Shift) VALUES (834, 'evening');
INSERT INTO Worker (ID, HireDate) VALUES (35, '2019-12-06');
INSERT INTO WorksIn (ID, BuildingID) VALUES (35, 302);
INSERT INTO Cleaner (ID, Shift) VALUES (35, 'morning');
INSERT INTO Student (ID, RoomID, BuildingID, EnrollmentDate, Major) VALUES (435, 1, 303, '2015-08-13', 'Psychology');
INSERT INTO Worker (ID, HireDate) VALUES (835, '2012-09-22');
INSERT INTO WorksIn (ID, BuildingID) VALUES (835, 258);
INSERT INTO Cleaner (ID, Shift) VALUES (835, 'noon');
INSERT INTO Worker (ID, HireDate) VALUES (36, '2014-04-27');
INSERT INTO WorksIn (ID, BuildingID) VALUES (36, 176);
INSERT INTO Cleaner (ID, Shift) VALUES (36, 'noon');
INSERT INTO Student (ID, RoomID, BuildingID, EnrollmentDate, Major) VALUES (436, 1, 136, '2017-07-31', 'English Literature');
INSERT INTO Worker (ID, HireDate) VALUES (836, '2013-04-07');
INSERT INTO WorksIn (ID, BuildingID) VALUES (836, 82);
INSERT INTO Cleaner (ID, Shift) VALUES (836, 'evening');
INSERT INTO Worker (ID, HireDate) VALUES (37, '2000-03-08');
INSERT INTO WorksIn (ID, BuildingID) VALUES (37, 379);
INSERT INTO Cleaner (ID, Shift) VALUES (37, 'morning');
INSERT INTO Student (ID, RoomID, BuildingID, EnrollmentDate, Major) VALUES (437, 2, 249, '2020-08-07', 'Psychology');
INSERT INTO Worker (ID, HireDate) VALUES (837, '2001-12-09');
INSERT INTO WorksIn (ID, BuildingID) VALUES (837, 14);
INSERT INTO Cleaner (ID, Shift) VALUES (837, 'evening');
INSERT INTO Worker (ID, HireDate) VALUES (38, '2016-01-27');
INSERT INTO WorksIn (ID, BuildingID) VALUES (38, 251);
INSERT INTO Cleaner (ID, Shift) VALUES (38, 'noon');
INSERT INTO Student (ID, RoomID, BuildingID, EnrollmentDate, Major) VALUES (438, 2, 210, '2004-01-26', 'Economics');
INSERT INTO Worker (ID, HireDate) VALUES (838, '2000-12-16');
INSERT INTO WorksIn (ID, BuildingID) VALUES (838, 386);
INSERT INTO Cleaner (ID, Shift) VALUES (838, 'noon');
INSERT INTO Worker (ID, HireDate) VALUES (39, '2007-02-14');
INSERT INTO WorksIn (ID, BuildingID) VALUES (39, 362);
INSERT INTO Cleaner (ID, Shift) VALUES (39, 'evening');
INSERT INTO Worker (ID, HireDate) VALUES (439, '2004-07-08');
INSERT INTO WorksIn (ID, BuildingID) VALUES (439, 379);
INSERT INTO Cleaner (ID, Shift) VALUES (439, 'evening');
INSERT INTO Student (ID, RoomID, BuildingID, EnrollmentDate, Major) VALUES (839, 2, 141, '2015-01-03', 'Sociology');
INSERT INTO Worker (ID, HireDate) VALUES (40, '2015-11-12');
INSERT INTO WorksIn (ID, BuildingID) VALUES (40, 311);
INSERT INTO Cleaner (ID, Shift) VALUES (40, 'noon');
INSERT INTO Student (ID, RoomID, BuildingID, EnrollmentDate, Major) VALUES (440, 2, 285, '2012-05-11', 'Accounting');
INSERT INTO Worker (ID, HireDate) VALUES (840, '2002-06-15');
INSERT INTO WorksIn (ID, BuildingID) VALUES (840, 128);
INSERT INTO Cleaner (ID, Shift) VALUES (840, 'noon');
INSERT INTO Worker (ID, HireDate) VALUES (41, '2020-02-13');
INSERT INTO WorksIn (ID, BuildingID) VALUES (41, 374);
INSERT INTO Cleaner (ID, Shift) VALUES (41, 'evening');
INSERT INTO Student (ID, RoomID, BuildingID, EnrollmentDate, Major) VALUES (441, 2, 282, '2004-02-24', 'English Literature');
INSERT INTO Worker (ID, HireDate) VALUES (841, '2020-03-23');
INSERT INTO WorksIn (ID, BuildingID) VALUES (841, 226);
INSERT INTO Cleaner (ID, Shift) VALUES (841, 'noon');
INSERT INTO Worker (ID, HireDate) VALUES (42, '2022-01-06');
INSERT INTO WorksIn (ID, BuildingID) VALUES (42, 319);
INSERT INTO Cleaner (ID, Shift) VALUES (42, 'evening');
INSERT INTO Student (ID, RoomID, BuildingID, EnrollmentDate, Major) VALUES (442, 2, 348, '2020-08-26', 'Nursing');
INSERT INTO Worker (ID, HireDate) VALUES (842, '2001-05-12');
INSERT INTO WorksIn (ID, BuildingID) VALUES (842, 121);
INSERT INTO Cleaner (ID, Shift) VALUES (842, 'evening');
INSERT INTO Worker (ID, HireDate) VALUES (43, '2007-09-02');
INSERT INTO WorksIn (ID, BuildingID) VALUES (43, 48);
INSERT INTO Cleaner (ID, Shift) VALUES (43, 'evening');
INSERT INTO Student (ID, RoomID, BuildingID, EnrollmentDate, Major) VALUES (443, 1, 394, '2008-11-20', 'Biology');
INSERT INTO Worker (ID, HireDate) VALUES (843, '2014-02-24');
INSERT INTO WorksIn (ID, BuildingID) VALUES (843, 281);
INSERT INTO Cleaner (ID, Shift) VALUES (843, 'noon');
INSERT INTO Student (ID, RoomID, BuildingID, EnrollmentDate, Major) VALUES (44, 1, 270, '2004-05-20', 'Accounting');
INSERT INTO Worker (ID, HireDate) VALUES (444, '2018-11-04');
INSERT INTO WorksIn (ID, BuildingID) VALUES (444, 133);
INSERT INTO Cleaner (ID, Shift) VALUES (444, 'evening');
INSERT INTO Worker (ID, HireDate) VALUES (844, '2012-12-31');
INSERT INTO WorksIn (ID, BuildingID) VALUES (844, 83);
INSERT INTO Cleaner (ID, Shift) VALUES (844, 'evening');
INSERT INTO Worker (ID, HireDate) VALUES (45, '2022-09-25');
INSERT INTO WorksIn (ID, BuildingID) VALUES (45, 394);
INSERT INTO Cleaner (ID, Shift) VALUES (45, 'evening');
INSERT INTO Student (ID, RoomID, BuildingID, EnrollmentDate, Major) VALUES (445, 2, 232, '2008-08-12', 'Psychology');
INSERT INTO Worker (ID, HireDate) VALUES (845, '2006-01-09');
INSERT INTO WorksIn (ID, BuildingID) VALUES (845, 298);
INSERT INTO Cleaner (ID, Shift) VALUES (845, 'morning');
INSERT INTO Worker (ID, HireDate) VALUES (46, '2015-06-27');
INSERT INTO WorksIn (ID, BuildingID) VALUES (46, 351);
INSERT INTO Cleaner (ID, Shift) VALUES (46, 'morning');
INSERT INTO Student (ID, RoomID, BuildingID, EnrollmentDate, Major) VALUES (446, 1, 202, '2007-03-27', 'Psychology');
INSERT INTO Worker (ID, HireDate) VALUES (846, '2009-12-29');
INSERT INTO WorksIn (ID, BuildingID) VALUES (846, 50);
INSERT INTO Cleaner (ID, Shift) VALUES (846, 'morning');
INSERT INTO Worker (ID, HireDate) VALUES (47, '2021-07-27');
INSERT INTO WorksIn (ID, BuildingID) VALUES (47, 329);
INSERT INTO Cleaner (ID, Shift) VALUES (47, 'noon');
INSERT INTO Student (ID, RoomID, BuildingID, EnrollmentDate, Major) VALUES (447, 1, 145, '2018-09-09', 'Psychology');
INSERT INTO Worker (ID, HireDate) VALUES (847, '2018-01-29');
INSERT INTO WorksIn (ID, BuildingID) VALUES (847, 379);
INSERT INTO Cleaner (ID, Shift) VALUES (847, 'evening');
INSERT INTO Student (ID, RoomID, BuildingID, EnrollmentDate, Major) VALUES (48, 1, 113, '2013-03-06', 'Biology');
INSERT INTO Worker (ID, HireDate) VALUES (448, '2004-03-07');
INSERT INTO WorksIn (ID, BuildingID) VALUES (448, 171);
INSERT INTO Cleaner (ID, Shift) VALUES (448, 'evening');
INSERT INTO Worker (ID, HireDate) VALUES (848, '2020-01-16');
INSERT INTO WorksIn (ID, BuildingID) VALUES (848, 30);
INSERT INTO Cleaner (ID, Shift) VALUES (848, 'noon');
INSERT INTO Worker (ID, HireDate) VALUES (49, '2017-01-21');
INSERT INTO WorksIn (ID, BuildingID) VALUES (49, 77);
INSERT INTO Cleaner (ID, Shift) VALUES (49, 'noon');
INSERT INTO Worker (ID, HireDate) VALUES (449, '2008-11-09');
INSERT INTO WorksIn (ID, BuildingID) VALUES (449, 229);
INSERT INTO Cleaner (ID, Shift) VALUES (449, 'morning');
INSERT INTO Student (ID, RoomID, BuildingID, EnrollmentDate, Major) VALUES (849, 2, 83, '2016-11-30', 'Graphic Design');
INSERT INTO Worker (ID, HireDate) VALUES (50, '2009-04-16');
INSERT INTO WorksIn (ID, BuildingID) VALUES (50, 304);
INSERT INTO Cleaner (ID, Shift) VALUES (50, 'evening');
INSERT INTO Worker (ID, HireDate) VALUES (450, '2018-04-28');
INSERT INTO WorksIn (ID, BuildingID) VALUES (450, 119);
INSERT INTO Cleaner (ID, Shift) VALUES (450, 'evening');
INSERT INTO Student (ID, RoomID, BuildingID, EnrollmentDate, Major) VALUES (850, 1, 311, '2013-04-01', 'Economics');
INSERT INTO Student (ID, RoomID, BuildingID, EnrollmentDate, Major) VALUES (51, 1, 80, '2023-04-01', 'Economics');
INSERT INTO Worker (ID, HireDate) VALUES (451, '2005-02-02');
INSERT INTO WorksIn (ID, BuildingID) VALUES (451, 372);
INSERT INTO Cleaner (ID, Shift) VALUES (451, 'evening');
INSERT INTO Worker (ID, HireDate) VALUES (851, '2015-09-16');
INSERT INTO WorksIn (ID, BuildingID) VALUES (851, 6);
INSERT INTO Cleaner (ID, Shift) VALUES (851, 'noon');
INSERT INTO Student (ID, RoomID, BuildingID, EnrollmentDate, Major) VALUES (52, 1, 266, '2003-09-22', 'Graphic Design');
INSERT INTO Worker (ID, HireDate) VALUES (452, '2015-03-02');
INSERT INTO WorksIn (ID, BuildingID) VALUES (452, 365);
INSERT INTO Cleaner (ID, Shift) VALUES (452, 'evening');
INSERT INTO Worker (ID, HireDate) VALUES (852, '2017-04-23');
INSERT INTO WorksIn (ID, BuildingID) VALUES (852, 16);
INSERT INTO Cleaner (ID, Shift) VALUES (852, 'noon');
INSERT INTO Worker (ID, HireDate) VALUES (53, '2000-08-16');
INSERT INTO WorksIn (ID, BuildingID) VALUES (53, 210);
INSERT INTO Cleaner (ID, Shift) VALUES (53, 'morning');
INSERT INTO Worker (ID, HireDate) VALUES (453, '2008-01-14');
INSERT INTO WorksIn (ID, BuildingID) VALUES (453, 157);
INSERT INTO Cleaner (ID, Shift) VALUES (453, 'noon');
INSERT INTO Student (ID, RoomID, BuildingID, EnrollmentDate, Major) VALUES (853, 1, 266, '2001-12-25', 'Graphic Design');
INSERT INTO Worker (ID, HireDate) VALUES (54, '2018-11-21');
INSERT INTO WorksIn (ID, BuildingID) VALUES (54, 78);
INSERT INTO Cleaner (ID, Shift) VALUES (54, 'noon');
INSERT INTO Worker (ID, HireDate) VALUES (454, '2015-09-17');
INSERT INTO WorksIn (ID, BuildingID) VALUES (454, 116);
INSERT INTO Cleaner (ID, Shift) VALUES (454, 'evening');
INSERT INTO Student (ID, RoomID, BuildingID, EnrollmentDate, Major) VALUES (854, 1, 149, '2006-08-31', 'Mechanical Engineering');
INSERT INTO Worker (ID, HireDate) VALUES (55, '2001-08-18');
INSERT INTO WorksIn (ID, BuildingID) VALUES (55, 158);
INSERT INTO Cleaner (ID, Shift) VALUES (55, 'evening');
INSERT INTO Student (ID, RoomID, BuildingID, EnrollmentDate, Major) VALUES (455, 1, 365, '2014-03-23', 'Psychology');
INSERT INTO Worker (ID, HireDate) VALUES (855, '2006-06-29');
INSERT INTO WorksIn (ID, BuildingID) VALUES (855, 309);
INSERT INTO Cleaner (ID, Shift) VALUES (855, 'morning');
INSERT INTO Worker (ID, HireDate) VALUES (56, '2021-12-29');
INSERT INTO WorksIn (ID, BuildingID) VALUES (56, 27);
INSERT INTO Cleaner (ID, Shift) VALUES (56, 'noon');
INSERT INTO Student (ID, RoomID, BuildingID, EnrollmentDate, Major) VALUES (456, 2, 60, '2021-01-23', 'Business Administration');
INSERT INTO Worker (ID, HireDate) VALUES (856, '2023-03-02');
INSERT INTO WorksIn (ID, BuildingID) VALUES (856, 374);
INSERT INTO Cleaner (ID, Shift) VALUES (856, 'noon');
INSERT INTO Student (ID, RoomID, BuildingID, EnrollmentDate, Major) VALUES (57, 2, 160, '2013-04-09', 'History');
INSERT INTO Worker (ID, HireDate) VALUES (457, '2009-11-11');
INSERT INTO WorksIn (ID, BuildingID) VALUES (457, 219);
INSERT INTO Cleaner (ID, Shift) VALUES (457, 'evening');
INSERT INTO Worker (ID, HireDate) VALUES (857, '2003-06-01');
INSERT INTO WorksIn (ID, BuildingID) VALUES (857, 50);
INSERT INTO Cleaner (ID, Shift) VALUES (857, 'evening');
INSERT INTO Worker (ID, HireDate) VALUES (58, '2006-03-23');
INSERT INTO WorksIn (ID, BuildingID) VALUES (58, 70);
INSERT INTO Cleaner (ID, Shift) VALUES (58, 'evening');
INSERT INTO Student (ID, RoomID, BuildingID, EnrollmentDate, Major) VALUES (458, 2, 213, '2017-09-14', 'Sociology');
INSERT INTO Worker (ID, HireDate) VALUES (858, '2008-04-01');
INSERT INTO WorksIn (ID, BuildingID) VALUES (858, 139);
INSERT INTO Cleaner (ID, Shift) VALUES (858, 'noon');
INSERT INTO Worker (ID, HireDate) VALUES (59, '2018-10-29');
INSERT INTO WorksIn (ID, BuildingID) VALUES (59, 7);
INSERT INTO Cleaner (ID, Shift) VALUES (59, 'noon');
INSERT INTO Worker (ID, HireDate) VALUES (459, '2022-04-01');
INSERT INTO WorksIn (ID, BuildingID) VALUES (459, 175);
INSERT INTO Cleaner (ID, Shift) VALUES (459, 'morning');
INSERT INTO Student (ID, RoomID, BuildingID, EnrollmentDate, Major) VALUES (859, 2, 231, '2020-02-10', 'Political Science');
INSERT INTO Student (ID, RoomID, BuildingID, EnrollmentDate, Major) VALUES (60, 1, 25, '2017-04-19', 'Accounting');
INSERT INTO Worker (ID, HireDate) VALUES (460, '2009-09-06');
INSERT INTO WorksIn (ID, BuildingID) VALUES (460, 28);
INSERT INTO Cleaner (ID, Shift) VALUES (460, 'evening');
INSERT INTO Worker (ID, HireDate) VALUES (860, '2004-02-03');
INSERT INTO WorksIn (ID, BuildingID) VALUES (860, 81);
INSERT INTO Cleaner (ID, Shift) VALUES (860, 'evening');
INSERT INTO Worker (ID, HireDate) VALUES (61, '2023-06-01');
INSERT INTO WorksIn (ID, BuildingID) VALUES (61, 186);
INSERT INTO Cleaner (ID, Shift) VALUES (61, 'morning');
INSERT INTO Worker (ID, HireDate) VALUES (461, '2012-06-06');
INSERT INTO WorksIn (ID, BuildingID) VALUES (461, 127);
INSERT INTO Cleaner (ID, Shift) VALUES (461, 'noon');
INSERT INTO Student (ID, RoomID, BuildingID, EnrollmentDate, Major) VALUES (861, 2, 341, '2004-08-21', 'Psychology');
INSERT INTO Student (ID, RoomID, BuildingID, EnrollmentDate, Major) VALUES (62, 1, 119, '2023-10-21', 'English Literature');
INSERT INTO Worker (ID, HireDate) VALUES (462, '2018-12-21');
INSERT INTO WorksIn (ID, BuildingID) VALUES (462, 343);
INSERT INTO Cleaner (ID, Shift) VALUES (462, 'evening');
INSERT INTO Worker (ID, HireDate) VALUES (862, '2010-07-23');
INSERT INTO WorksIn (ID, BuildingID) VALUES (862, 258);
INSERT INTO Cleaner (ID, Shift) VALUES (862, 'noon');
INSERT INTO Worker (ID, HireDate) VALUES (63, '2016-07-27');
INSERT INTO WorksIn (ID, BuildingID) VALUES (63, 398);
INSERT INTO Cleaner (ID, Shift) VALUES (63, 'evening');
INSERT INTO Student (ID, RoomID, BuildingID, EnrollmentDate, Major) VALUES (463, 1, 356, '2011-09-24', 'Graphic Design');
INSERT INTO Worker (ID, HireDate) VALUES (863, '2008-02-26');
INSERT INTO WorksIn (ID, BuildingID) VALUES (863, 371);
INSERT INTO Cleaner (ID, Shift) VALUES (863, 'evening');
INSERT INTO Worker (ID, HireDate) VALUES (64, '2013-04-19');
INSERT INTO WorksIn (ID, BuildingID) VALUES (64, 4);
INSERT INTO Cleaner (ID, Shift) VALUES (64, 'morning');
INSERT INTO Worker (ID, HireDate) VALUES (464, '2009-08-20');
INSERT INTO WorksIn (ID, BuildingID) VALUES (464, 394);
INSERT INTO Cleaner (ID, Shift) VALUES (464, 'noon');
INSERT INTO Student (ID, RoomID, BuildingID, EnrollmentDate, Major) VALUES (864, 2, 176, '2016-10-28', 'Nursing');
INSERT INTO Worker (ID, HireDate) VALUES (65, '2013-04-29');
INSERT INTO WorksIn (ID, BuildingID) VALUES (65, 104);
INSERT INTO Cleaner (ID, Shift) VALUES (65, 'noon');
INSERT INTO Student (ID, RoomID, BuildingID, EnrollmentDate, Major) VALUES (465, 1, 197, '2010-05-05', 'Environmental Science');
INSERT INTO Worker (ID, HireDate) VALUES (865, '2000-07-14');
INSERT INTO WorksIn (ID, BuildingID) VALUES (865, 244);
INSERT INTO Cleaner (ID, Shift) VALUES (865, 'evening');
INSERT INTO Worker (ID, HireDate) VALUES (66, '2013-02-27');
INSERT INTO WorksIn (ID, BuildingID) VALUES (66, 163);
INSERT INTO Cleaner (ID, Shift) VALUES (66, 'morning');
INSERT INTO Student (ID, RoomID, BuildingID, EnrollmentDate, Major) VALUES (466, 2, 126, '2005-12-29', 'Mechanical Engineering');
INSERT INTO Worker (ID, HireDate) VALUES (866, '2019-07-28');
INSERT INTO WorksIn (ID, BuildingID) VALUES (866, 370);
INSERT INTO Cleaner (ID, Shift) VALUES (866, 'morning');
INSERT INTO Worker (ID, HireDate) VALUES (67, '2004-02-03');
INSERT INTO WorksIn (ID, BuildingID) VALUES (67, 64);
INSERT INTO Cleaner (ID, Shift) VALUES (67, 'morning');
INSERT INTO Student (ID, RoomID, BuildingID, EnrollmentDate, Major) VALUES (467, 1, 267, '2001-01-20', 'Nursing');
INSERT INTO Worker (ID, HireDate) VALUES (867, '2018-01-31');
INSERT INTO WorksIn (ID, BuildingID) VALUES (867, 131);
INSERT INTO Cleaner (ID, Shift) VALUES (867, 'morning');
INSERT INTO Student (ID, RoomID, BuildingID, EnrollmentDate, Major) VALUES (68, 2, 50, '2015-01-12', 'Sociology');
INSERT INTO Worker (ID, HireDate) VALUES (468, '2004-08-13');
INSERT INTO WorksIn (ID, BuildingID) VALUES (468, 297);
INSERT INTO Cleaner (ID, Shift) VALUES (468, 'morning');
INSERT INTO Worker (ID, HireDate) VALUES (868, '2021-03-06');
INSERT INTO WorksIn (ID, BuildingID) VALUES (868, 159);
INSERT INTO Cleaner (ID, Shift) VALUES (868, 'noon');
INSERT INTO Worker (ID, HireDate) VALUES (69, '2013-01-24');
INSERT INTO WorksIn (ID, BuildingID) VALUES (69, 265);
INSERT INTO Cleaner (ID, Shift) VALUES (69, 'evening');
INSERT INTO Student (ID, RoomID, BuildingID, EnrollmentDate, Major) VALUES (469, 1, 26, '2014-10-26', 'Political Science');
INSERT INTO Worker (ID, HireDate) VALUES (869, '2020-10-30');
INSERT INTO WorksIn (ID, BuildingID) VALUES (869, 67);
INSERT INTO Cleaner (ID, Shift) VALUES (869, 'evening');
INSERT INTO Worker (ID, HireDate) VALUES (70, '2023-08-25');
INSERT INTO WorksIn (ID, BuildingID) VALUES (70, 146);
INSERT INTO Cleaner (ID, Shift) VALUES (70, 'morning');
INSERT INTO Student (ID, RoomID, BuildingID, EnrollmentDate, Major) VALUES (470, 2, 25, '2006-06-02', 'Economics');
INSERT INTO Worker (ID, HireDate) VALUES (870, '2004-03-12');
INSERT INTO WorksIn (ID, BuildingID) VALUES (870, 13);
INSERT INTO Cleaner (ID, Shift) VALUES (870, 'noon');
INSERT INTO Worker (ID, HireDate) VALUES (71, '2016-02-04');
INSERT INTO WorksIn (ID, BuildingID) VALUES (71, 269);
INSERT INTO Cleaner (ID, Shift) VALUES (71, 'noon');
INSERT INTO Student (ID, RoomID, BuildingID, EnrollmentDate, Major) VALUES (471, 1, 397, '2022-08-28', 'Graphic Design');
INSERT INTO Worker (ID, HireDate) VALUES (871, '2005-08-08');
INSERT INTO WorksIn (ID, BuildingID) VALUES (871, 162);
INSERT INTO Cleaner (ID, Shift) VALUES (871, 'noon');
INSERT INTO Student (ID, RoomID, BuildingID, EnrollmentDate, Major) VALUES (72, 2, 338, '2000-09-18', 'Business Administration');
INSERT INTO Worker (ID, HireDate) VALUES (472, '2010-02-03');
INSERT INTO WorksIn (ID, BuildingID) VALUES (472, 357);
INSERT INTO Cleaner (ID, Shift) VALUES (472, 'evening');
INSERT INTO Worker (ID, HireDate) VALUES (872, '2005-11-07');
INSERT INTO WorksIn (ID, BuildingID) VALUES (872, 165);
INSERT INTO Cleaner (ID, Shift) VALUES (872, 'noon');
INSERT INTO Student (ID, RoomID, BuildingID, EnrollmentDate, Major) VALUES (73, 1, 332, '2005-10-16', 'Political Science');
INSERT INTO Worker (ID, HireDate) VALUES (473, '2003-05-17');
INSERT INTO WorksIn (ID, BuildingID) VALUES (473, 314);
INSERT INTO Cleaner (ID, Shift) VALUES (473, 'evening');
INSERT INTO Worker (ID, HireDate) VALUES (873, '2005-08-08');
INSERT INTO WorksIn (ID, BuildingID) VALUES (873, 387);
INSERT INTO Cleaner (ID, Shift) VALUES (873, 'noon');
INSERT INTO Worker (ID, HireDate) VALUES (74, '2015-10-01');
INSERT INTO WorksIn (ID, BuildingID) VALUES (74, 48);
INSERT INTO Cleaner (ID, Shift) VALUES (74, 'evening');
INSERT INTO Student (ID, RoomID, BuildingID, EnrollmentDate, Major) VALUES (474, 1, 18, '2002-01-15', 'Psychology');
INSERT INTO Worker (ID, HireDate) VALUES (874, '2014-03-02');
INSERT INTO WorksIn (ID, BuildingID) VALUES (874, 334);
INSERT INTO Cleaner (ID, Shift) VALUES (874, 'evening');
INSERT INTO Worker (ID, HireDate) VALUES (75, '2015-06-14');
INSERT INTO WorksIn (ID, BuildingID) VALUES (75, 326);
INSERT INTO Cleaner (ID, Shift) VALUES (75, 'noon');
INSERT INTO Student (ID, RoomID, BuildingID, EnrollmentDate, Major) VALUES (475, 2, 174, '2019-07-27', 'Physics');
INSERT INTO Worker (ID, HireDate) VALUES (875, '2014-04-17');
INSERT INTO WorksIn (ID, BuildingID) VALUES (875, 392);
INSERT INTO Cleaner (ID, Shift) VALUES (875, 'evening');
INSERT INTO Student (ID, RoomID, BuildingID, EnrollmentDate, Major) VALUES (76, 2, 387, '2018-03-24', 'Accounting');
INSERT INTO Worker (ID, HireDate) VALUES (476, '2011-03-14');
INSERT INTO WorksIn (ID, BuildingID) VALUES (476, 169);
INSERT INTO Cleaner (ID, Shift) VALUES (476, 'evening');
INSERT INTO Worker (ID, HireDate) VALUES (876, '2002-07-26');
INSERT INTO WorksIn (ID, BuildingID) VALUES (876, 22);
INSERT INTO Cleaner (ID, Shift) VALUES (876, 'evening');
INSERT INTO Worker (ID, HireDate) VALUES (77, '2013-12-28');
INSERT INTO WorksIn (ID, BuildingID) VALUES (77, 115);
INSERT INTO Cleaner (ID, Shift) VALUES (77, 'morning');
INSERT INTO Student (ID, RoomID, BuildingID, EnrollmentDate, Major) VALUES (477, 2, 32, '2015-10-15', 'English Literature');
INSERT INTO Worker (ID, HireDate) VALUES (877, '2017-04-14');
INSERT INTO WorksIn (ID, BuildingID) VALUES (877, 389);
INSERT INTO Cleaner (ID, Shift) VALUES (877, 'noon');
INSERT INTO Worker (ID, HireDate) VALUES (78, '2007-12-03');
INSERT INTO WorksIn (ID, BuildingID) VALUES (78, 366);
INSERT INTO Cleaner (ID, Shift) VALUES (78, 'evening');
INSERT INTO Student (ID, RoomID, BuildingID, EnrollmentDate, Major) VALUES (478, 2, 99, '2023-01-25', 'Mechanical Engineering');
INSERT INTO Worker (ID, HireDate) VALUES (878, '2020-06-08');
INSERT INTO WorksIn (ID, BuildingID) VALUES (878, 197);
INSERT INTO Cleaner (ID, Shift) VALUES (878, 'morning');
INSERT INTO Worker (ID, HireDate) VALUES (79, '2012-10-13');
INSERT INTO WorksIn (ID, BuildingID) VALUES (79, 333);
INSERT INTO Cleaner (ID, Shift) VALUES (79, 'evening');
INSERT INTO Worker (ID, HireDate) VALUES (479, '2002-10-24');
INSERT INTO WorksIn (ID, BuildingID) VALUES (479, 158);
INSERT INTO Cleaner (ID, Shift) VALUES (479, 'noon');
INSERT INTO Student (ID, RoomID, BuildingID, EnrollmentDate, Major) VALUES (879, 2, 375, '2009-05-09', 'Computer Science');
INSERT INTO Worker (ID, HireDate) VALUES (80, '2000-11-29');
INSERT INTO WorksIn (ID, BuildingID) VALUES (80, 38);
INSERT INTO Cleaner (ID, Shift) VALUES (80, 'evening');
INSERT INTO Worker (ID, HireDate) VALUES (480, '2018-10-28');
INSERT INTO WorksIn (ID, BuildingID) VALUES (480, 239);
INSERT INTO Cleaner (ID, Shift) VALUES (480, 'noon');
INSERT INTO Student (ID, RoomID, BuildingID, EnrollmentDate, Major) VALUES (880, 2, 194, '2019-08-05', 'Mechanical Engineering');
INSERT INTO Worker (ID, HireDate) VALUES (81, '2003-07-21');
INSERT INTO WorksIn (ID, BuildingID) VALUES (81, 16);
INSERT INTO Cleaner (ID, Shift) VALUES (81, 'noon');
INSERT INTO Student (ID, RoomID, BuildingID, EnrollmentDate, Major) VALUES (481, 1, 193, '2012-04-26', 'Environmental Science');
INSERT INTO Worker (ID, HireDate) VALUES (881, '2008-02-01');
INSERT INTO WorksIn (ID, BuildingID) VALUES (881, 88);
INSERT INTO Cleaner (ID, Shift) VALUES (881, 'noon');
INSERT INTO Worker (ID, HireDate) VALUES (82, '2007-02-07');
INSERT INTO WorksIn (ID, BuildingID) VALUES (82, 398);
INSERT INTO Cleaner (ID, Shift) VALUES (82, 'morning');
INSERT INTO Worker (ID, HireDate) VALUES (482, '2013-11-07');
INSERT INTO WorksIn (ID, BuildingID) VALUES (482, 370);
INSERT INTO Cleaner (ID, Shift) VALUES (482, 'morning');
INSERT INTO Student (ID, RoomID, BuildingID, EnrollmentDate, Major) VALUES (882, 1, 210, '2017-01-14', 'Physics');
INSERT INTO Worker (ID, HireDate) VALUES (83, '2019-03-26');
INSERT INTO WorksIn (ID, BuildingID) VALUES (83, 176);
INSERT INTO Cleaner (ID, Shift) VALUES (83, 'morning');
INSERT INTO Student (ID, RoomID, BuildingID, EnrollmentDate, Major) VALUES (483, 2, 34, '2021-02-07', 'Mechanical Engineering');
INSERT INTO Worker (ID, HireDate) VALUES (883, '2023-10-04');
INSERT INTO WorksIn (ID, BuildingID) VALUES (883, 31);
INSERT INTO Cleaner (ID, Shift) VALUES (883, 'evening');
INSERT INTO Worker (ID, HireDate) VALUES (84, '2001-07-19');
INSERT INTO WorksIn (ID, BuildingID) VALUES (84, 145);
INSERT INTO Cleaner (ID, Shift) VALUES (84, 'evening');
INSERT INTO Student (ID, RoomID, BuildingID, EnrollmentDate, Major) VALUES (484, 1, 255, '2013-05-04', 'Economics');
INSERT INTO Worker (ID, HireDate) VALUES (884, '2007-06-08');
INSERT INTO WorksIn (ID, BuildingID) VALUES (884, 91);
INSERT INTO Cleaner (ID, Shift) VALUES (884, 'morning');
INSERT INTO Worker (ID, HireDate) VALUES (85, '2005-11-17');
INSERT INTO WorksIn (ID, BuildingID) VALUES (85, 120);
INSERT INTO Cleaner (ID, Shift) VALUES (85, 'noon');
INSERT INTO Worker (ID, HireDate) VALUES (485, '2006-11-02');
INSERT INTO WorksIn (ID, BuildingID) VALUES (485, 347);
INSERT INTO Cleaner (ID, Shift) VALUES (485, 'noon');
INSERT INTO Student (ID, RoomID, BuildingID, EnrollmentDate, Major) VALUES (885, 2, 152, '2022-07-30', 'Environmental Science');
INSERT INTO Worker (ID, HireDate) VALUES (86, '2012-05-03');
INSERT INTO WorksIn (ID, BuildingID) VALUES (86, 238);
INSERT INTO Cleaner (ID, Shift) VALUES (86, 'morning');
INSERT INTO Worker (ID, HireDate) VALUES (486, '2014-01-01');
INSERT INTO WorksIn (ID, BuildingID) VALUES (486, 293);
INSERT INTO Cleaner (ID, Shift) VALUES (486, 'morning');
INSERT INTO Student (ID, RoomID, BuildingID, EnrollmentDate, Major) VALUES (886, 1, 135, '2005-01-19', 'Nursing');
INSERT INTO Worker (ID, HireDate) VALUES (87, '2004-11-27');
INSERT INTO WorksIn (ID, BuildingID) VALUES (87, 305);
INSERT INTO Cleaner (ID, Shift) VALUES (87, 'morning');
INSERT INTO Worker (ID, HireDate) VALUES (487, '2009-03-14');
INSERT INTO WorksIn (ID, BuildingID) VALUES (487, 83);
INSERT INTO Cleaner (ID, Shift) VALUES (487, 'evening');
INSERT INTO Student (ID, RoomID, BuildingID, EnrollmentDate, Major) VALUES (887, 2, 386, '2007-06-11', 'Sociology');
INSERT INTO Worker (ID, HireDate) VALUES (88, '2012-03-04');
INSERT INTO WorksIn (ID, BuildingID) VALUES (88, 16);
INSERT INTO Cleaner (ID, Shift) VALUES (88, 'evening');
INSERT INTO Student (ID, RoomID, BuildingID, EnrollmentDate, Major) VALUES (488, 2, 149, '2020-04-14', 'Business Administration');
INSERT INTO Worker (ID, HireDate) VALUES (888, '2009-11-15');
INSERT INTO WorksIn (ID, BuildingID) VALUES (888, 107);
INSERT INTO Cleaner (ID, Shift) VALUES (888, 'noon');
INSERT INTO Worker (ID, HireDate) VALUES (89, '2023-05-15');
INSERT INTO WorksIn (ID, BuildingID) VALUES (89, 231);
INSERT INTO Cleaner (ID, Shift) VALUES (89, 'morning');
INSERT INTO Student (ID, RoomID, BuildingID, EnrollmentDate, Major) VALUES (489, 1, 242, '2003-04-03', 'Economics');
INSERT INTO Worker (ID, HireDate) VALUES (889, '2000-06-02');
INSERT INTO WorksIn (ID, BuildingID) VALUES (889, 199);
INSERT INTO Cleaner (ID, Shift) VALUES (889, 'morning');
INSERT INTO Worker (ID, HireDate) VALUES (90, '2010-06-10');
INSERT INTO WorksIn (ID, BuildingID) VALUES (90, 204);
INSERT INTO Cleaner (ID, Shift) VALUES (90, 'morning');
INSERT INTO Student (ID, RoomID, BuildingID, EnrollmentDate, Major) VALUES (490, 1, 208, '2019-03-16', 'History');
INSERT INTO Worker (ID, HireDate) VALUES (890, '2005-02-04');
INSERT INTO WorksIn (ID, BuildingID) VALUES (890, 52);
INSERT INTO Cleaner (ID, Shift) VALUES (890, 'evening');
INSERT INTO Worker (ID, HireDate) VALUES (91, '2002-01-21');
INSERT INTO WorksIn (ID, BuildingID) VALUES (91, 82);
INSERT INTO Cleaner (ID, Shift) VALUES (91, 'morning');
INSERT INTO Student (ID, RoomID, BuildingID, EnrollmentDate, Major) VALUES (491, 2, 58, '2001-06-09', 'English Literature');
INSERT INTO Worker (ID, HireDate) VALUES (891, '2009-01-11');
INSERT INTO WorksIn (ID, BuildingID) VALUES (891, 232);
INSERT INTO Cleaner (ID, Shift) VALUES (891, 'morning');
INSERT INTO Worker (ID, HireDate) VALUES (92, '2020-05-17');
INSERT INTO WorksIn (ID, BuildingID) VALUES (92, 139);
INSERT INTO Cleaner (ID, Shift) VALUES (92, 'morning');
INSERT INTO Worker (ID, HireDate) VALUES (492, '2011-08-04');
INSERT INTO WorksIn (ID, BuildingID) VALUES (492, 395);
INSERT INTO Cleaner (ID, Shift) VALUES (492, 'morning');
INSERT INTO Student (ID, RoomID, BuildingID, EnrollmentDate, Major) VALUES (892, 2, 207, '2020-12-09', 'Biology');
INSERT INTO Student (ID, RoomID, BuildingID, EnrollmentDate, Major) VALUES (93, 1, 28, '2000-01-08', 'Physics');
INSERT INTO Worker (ID, HireDate) VALUES (493, '2007-11-14');
INSERT INTO WorksIn (ID, BuildingID) VALUES (493, 168);
INSERT INTO Cleaner (ID, Shift) VALUES (493, 'morning');
INSERT INTO Worker (ID, HireDate) VALUES (893, '2001-10-07');
INSERT INTO WorksIn (ID, BuildingID) VALUES (893, 344);
INSERT INTO Cleaner (ID, Shift) VALUES (893, 'evening');
INSERT INTO Worker (ID, HireDate) VALUES (94, '2010-05-03');
INSERT INTO WorksIn (ID, BuildingID) VALUES (94, 294);
INSERT INTO Cleaner (ID, Shift) VALUES (94, 'morning');
INSERT INTO Worker (ID, HireDate) VALUES (494, '2018-08-16');
INSERT INTO WorksIn (ID, BuildingID) VALUES (494, 239);
INSERT INTO Cleaner (ID, Shift) VALUES (494, 'morning');
INSERT INTO Student (ID, RoomID, BuildingID, EnrollmentDate, Major) VALUES (894, 1, 77, '2016-06-09', 'Mechanical Engineering');
INSERT INTO Worker (ID, HireDate) VALUES (95, '2022-12-05');
INSERT INTO WorksIn (ID, BuildingID) VALUES (95, 184);
INSERT INTO Cleaner (ID, Shift) VALUES (95, 'noon');
INSERT INTO Student (ID, RoomID, BuildingID, EnrollmentDate, Major) VALUES (495, 1, 254, '2019-06-15', 'Nursing');
INSERT INTO Worker (ID, HireDate) VALUES (895, '2008-01-22');
INSERT INTO WorksIn (ID, BuildingID) VALUES (895, 166);
INSERT INTO Cleaner (ID, Shift) VALUES (895, 'noon');
INSERT INTO Worker (ID, HireDate) VALUES (96, '2007-08-19');
INSERT INTO WorksIn (ID, BuildingID) VALUES (96, 265);
INSERT INTO Cleaner (ID, Shift) VALUES (96, 'evening');
INSERT INTO Student (ID, RoomID, BuildingID, EnrollmentDate, Major) VALUES (496, 1, 207, '2019-10-29', 'Graphic Design');
INSERT INTO Worker (ID, HireDate) VALUES (896, '2007-04-21');
INSERT INTO WorksIn (ID, BuildingID) VALUES (896, 125);
INSERT INTO Cleaner (ID, Shift) VALUES (896, 'evening');
INSERT INTO Student (ID, RoomID, BuildingID, EnrollmentDate, Major) VALUES (97, 1, 73, '2014-01-16', 'Economics');
INSERT INTO Worker (ID, HireDate) VALUES (497, '2023-07-31');
INSERT INTO WorksIn (ID, BuildingID) VALUES (497, 136);
INSERT INTO Cleaner (ID, Shift) VALUES (497, 'evening');
INSERT INTO Worker (ID, HireDate) VALUES (897, '2018-12-06');
INSERT INTO WorksIn (ID, BuildingID) VALUES (897, 274);
INSERT INTO Cleaner (ID, Shift) VALUES (897, 'morning');
INSERT INTO Worker (ID, HireDate) VALUES (98, '2001-03-06');
INSERT INTO WorksIn (ID, BuildingID) VALUES (98, 276);
INSERT INTO Cleaner (ID, Shift) VALUES (98, 'morning');
INSERT INTO Student (ID, RoomID, BuildingID, EnrollmentDate, Major) VALUES (498, 1, 82, '2019-03-15', 'Computer Science');
INSERT INTO Worker (ID, HireDate) VALUES (898, '2012-10-24');
INSERT INTO WorksIn (ID, BuildingID) VALUES (898, 328);
INSERT INTO Cleaner (ID, Shift) VALUES (898, 'noon');
INSERT INTO Worker (ID, HireDate) VALUES (99, '2010-05-30');
INSERT INTO WorksIn (ID, BuildingID) VALUES (99, 308);
INSERT INTO Cleaner (ID, Shift) VALUES (99, 'evening');
INSERT INTO Worker (ID, HireDate) VALUES (499, '2018-09-26');
INSERT INTO WorksIn (ID, BuildingID) VALUES (499, 162);
INSERT INTO Cleaner (ID, Shift) VALUES (499, 'noon');
INSERT INTO Student (ID, RoomID, BuildingID, EnrollmentDate, Major) VALUES (899, 1, 42, '2018-09-12', 'Political Science');
INSERT INTO Student (ID, RoomID, BuildingID, EnrollmentDate, Major) VALUES (100, 1, 44, '2020-01-29', 'Physics');
INSERT INTO Worker (ID, HireDate) VALUES (500, '2012-09-05');
INSERT INTO WorksIn (ID, BuildingID) VALUES (500, 244);
INSERT INTO Cleaner (ID, Shift) VALUES (500, 'morning');
INSERT INTO Worker (ID, HireDate) VALUES (900, '2009-06-15');
INSERT INTO WorksIn (ID, BuildingID) VALUES (900, 124);
INSERT INTO Cleaner (ID, Shift) VALUES (900, 'morning');
INSERT INTO Student (ID, RoomID, BuildingID, EnrollmentDate, Major) VALUES (101, 2, 312, '2013-03-24', 'Environmental Science');
INSERT INTO Worker (ID, HireDate) VALUES (501, '2000-04-05');
INSERT INTO WorksIn (ID, BuildingID) VALUES (501, 121);
INSERT INTO Cleaner (ID, Shift) VALUES (501, 'morning');
INSERT INTO Worker (ID, HireDate) VALUES (901, '2008-12-04');
INSERT INTO WorksIn (ID, BuildingID) VALUES (901, 255);
INSERT INTO Cleaner (ID, Shift) VALUES (901, 'evening');
INSERT INTO Worker (ID, HireDate) VALUES (102, '2004-04-24');
INSERT INTO WorksIn (ID, BuildingID) VALUES (102, 270);
INSERT INTO Cleaner (ID, Shift) VALUES (102, 'noon');
INSERT INTO Worker (ID, HireDate) VALUES (502, '2016-11-03');
INSERT INTO WorksIn (ID, BuildingID) VALUES (502, 178);
INSERT INTO Cleaner (ID, Shift) VALUES (502, 'noon');
INSERT INTO Student (ID, RoomID, BuildingID, EnrollmentDate, Major) VALUES (902, 1, 16, '2021-06-01', 'Business Administration');
INSERT INTO Student (ID, RoomID, BuildingID, EnrollmentDate, Major) VALUES (103, 2, 276, '2013-06-15', 'Environmental Science');
INSERT INTO Worker (ID, HireDate) VALUES (503, '2018-06-04');
INSERT INTO WorksIn (ID, BuildingID) VALUES (503, 69);
INSERT INTO Cleaner (ID, Shift) VALUES (503, 'evening');
INSERT INTO Worker (ID, HireDate) VALUES (903, '2002-09-16');
INSERT INTO WorksIn (ID, BuildingID) VALUES (903, 138);
INSERT INTO Cleaner (ID, Shift) VALUES (903, 'evening');
INSERT INTO Student (ID, RoomID, BuildingID, EnrollmentDate, Major) VALUES (104, 2, 271, '2019-04-10', 'History');
INSERT INTO Worker (ID, HireDate) VALUES (504, '2011-09-21');
INSERT INTO WorksIn (ID, BuildingID) VALUES (504, 25);
INSERT INTO Cleaner (ID, Shift) VALUES (504, 'morning');
INSERT INTO Worker (ID, HireDate) VALUES (904, '2021-08-29');
INSERT INTO WorksIn (ID, BuildingID) VALUES (904, 257);
INSERT INTO Cleaner (ID, Shift) VALUES (904, 'morning');
INSERT INTO Worker (ID, HireDate) VALUES (105, '2003-07-29');
INSERT INTO WorksIn (ID, BuildingID) VALUES (105, 89);
INSERT INTO Cleaner (ID, Shift) VALUES (105, 'noon');
INSERT INTO Worker (ID, HireDate) VALUES (505, '2014-09-05');
INSERT INTO WorksIn (ID, BuildingID) VALUES (505, 271);
INSERT INTO Cleaner (ID, Shift) VALUES (505, 'noon');
INSERT INTO Student (ID, RoomID, BuildingID, EnrollmentDate, Major) VALUES (905, 1, 131, '2013-03-16', 'Environmental Science');
INSERT INTO Worker (ID, HireDate) VALUES (106, '2012-06-07');
INSERT INTO WorksIn (ID, BuildingID) VALUES (106, 26);
INSERT INTO Cleaner (ID, Shift) VALUES (106, 'evening');
INSERT INTO Student (ID, RoomID, BuildingID, EnrollmentDate, Major) VALUES (506, 2, 173, '2013-05-03', 'English Literature');
INSERT INTO Worker (ID, HireDate) VALUES (906, '2000-12-23');
INSERT INTO WorksIn (ID, BuildingID) VALUES (906, 292);
INSERT INTO Cleaner (ID, Shift) VALUES (906, 'noon');
INSERT INTO Worker (ID, HireDate) VALUES (107, '2013-11-09');
INSERT INTO WorksIn (ID, BuildingID) VALUES (107, 158);
INSERT INTO Cleaner (ID, Shift) VALUES (107, 'evening');
INSERT INTO Student (ID, RoomID, BuildingID, EnrollmentDate, Major) VALUES (507, 1, 334, '2011-08-24', 'English Literature');
INSERT INTO Worker (ID, HireDate) VALUES (907, '2002-03-26');
INSERT INTO WorksIn (ID, BuildingID) VALUES (907, 396);
INSERT INTO Cleaner (ID, Shift) VALUES (907, 'morning');
INSERT INTO Worker (ID, HireDate) VALUES (108, '2023-03-04');
INSERT INTO WorksIn (ID, BuildingID) VALUES (108, 29);
INSERT INTO Cleaner (ID, Shift) VALUES (108, 'evening');
INSERT INTO Student (ID, RoomID, BuildingID, EnrollmentDate, Major) VALUES (508, 2, 198, '2008-04-01', 'Physics');
INSERT INTO Worker (ID, HireDate) VALUES (908, '2008-10-07');
INSERT INTO WorksIn (ID, BuildingID) VALUES (908, 339);
INSERT INTO Cleaner (ID, Shift) VALUES (908, 'evening');
INSERT INTO Student (ID, RoomID, BuildingID, EnrollmentDate, Major) VALUES (109, 2, 329, '2002-12-27', 'Political Science');
INSERT INTO Worker (ID, HireDate) VALUES (509, '2005-04-25');
INSERT INTO WorksIn (ID, BuildingID) VALUES (509, 318);
INSERT INTO Cleaner (ID, Shift) VALUES (509, 'evening');
INSERT INTO Worker (ID, HireDate) VALUES (909, '2011-02-24');
INSERT INTO WorksIn (ID, BuildingID) VALUES (909, 366);
INSERT INTO Cleaner (ID, Shift) VALUES (909, 'morning');
INSERT INTO Worker (ID, HireDate) VALUES (110, '2020-11-25');
INSERT INTO WorksIn (ID, BuildingID) VALUES (110, 91);
INSERT INTO Cleaner (ID, Shift) VALUES (110, 'evening');
INSERT INTO Student (ID, RoomID, BuildingID, EnrollmentDate, Major) VALUES (510, 1, 174, '2017-04-02', 'Accounting');
INSERT INTO Worker (ID, HireDate) VALUES (910, '2009-03-05');
INSERT INTO WorksIn (ID, BuildingID) VALUES (910, 175);
INSERT INTO Cleaner (ID, Shift) VALUES (910, 'morning');
INSERT INTO Worker (ID, HireDate) VALUES (111, '2012-05-15');
INSERT INTO WorksIn (ID, BuildingID) VALUES (111, 379);
INSERT INTO Cleaner (ID, Shift) VALUES (111, 'noon');
INSERT INTO Student (ID, RoomID, BuildingID, EnrollmentDate, Major) VALUES (511, 2, 147, '2016-01-27', 'Psychology');
INSERT INTO Worker (ID, HireDate) VALUES (911, '2019-05-07');
INSERT INTO WorksIn (ID, BuildingID) VALUES (911, 107);
INSERT INTO Cleaner (ID, Shift) VALUES (911, 'evening');
INSERT INTO Worker (ID, HireDate) VALUES (112, '2008-02-10');
INSERT INTO WorksIn (ID, BuildingID) VALUES (112, 115);
INSERT INTO Cleaner (ID, Shift) VALUES (112, 'morning');
INSERT INTO Worker (ID, HireDate) VALUES (512, '2002-04-25');
INSERT INTO WorksIn (ID, BuildingID) VALUES (512, 93);
INSERT INTO Cleaner (ID, Shift) VALUES (512, 'noon');
INSERT INTO Student (ID, RoomID, BuildingID, EnrollmentDate, Major) VALUES (912, 2, 386, '2019-04-25', 'Economics');
INSERT INTO Worker (ID, HireDate) VALUES (113, '2005-08-06');
INSERT INTO WorksIn (ID, BuildingID) VALUES (113, 327);
INSERT INTO Cleaner (ID, Shift) VALUES (113, 'noon');
INSERT INTO Worker (ID, HireDate) VALUES (513, '2022-09-05');
INSERT INTO WorksIn (ID, BuildingID) VALUES (513, 131);
INSERT INTO Cleaner (ID, Shift) VALUES (513, 'noon');
INSERT INTO Student (ID, RoomID, BuildingID, EnrollmentDate, Major) VALUES (913, 1, 138, '2005-05-12', 'Sociology');
INSERT INTO Student (ID, RoomID, BuildingID, EnrollmentDate, Major) VALUES (114, 1, 51, '2014-08-25', 'Graphic Design');
INSERT INTO Worker (ID, HireDate) VALUES (514, '2021-03-01');
INSERT INTO WorksIn (ID, BuildingID) VALUES (514, 268);
INSERT INTO Cleaner (ID, Shift) VALUES (514, 'morning');
INSERT INTO Worker (ID, HireDate) VALUES (914, '2020-05-07');
INSERT INTO WorksIn (ID, BuildingID) VALUES (914, 35);
INSERT INTO Cleaner (ID, Shift) VALUES (914, 'noon');
INSERT INTO Student (ID, RoomID, BuildingID, EnrollmentDate, Major) VALUES (115, 1, 80, '2023-03-31', 'Graphic Design');
INSERT INTO Worker (ID, HireDate) VALUES (515, '2002-08-07');
INSERT INTO WorksIn (ID, BuildingID) VALUES (515, 185);
INSERT INTO Cleaner (ID, Shift) VALUES (515, 'noon');
INSERT INTO Worker (ID, HireDate) VALUES (915, '2007-01-08');
INSERT INTO WorksIn (ID, BuildingID) VALUES (915, 85);
INSERT INTO Cleaner (ID, Shift) VALUES (915, 'noon');
INSERT INTO Student (ID, RoomID, BuildingID, EnrollmentDate, Major) VALUES (116, 1, 169, '2018-07-10', 'Business Administration');
INSERT INTO Worker (ID, HireDate) VALUES (516, '2023-12-01');
INSERT INTO WorksIn (ID, BuildingID) VALUES (516, 348);
INSERT INTO Cleaner (ID, Shift) VALUES (516, 'morning');
INSERT INTO Worker (ID, HireDate) VALUES (916, '2008-05-29');
INSERT INTO WorksIn (ID, BuildingID) VALUES (916, 347);
INSERT INTO Cleaner (ID, Shift) VALUES (916, 'evening');
INSERT INTO Student (ID, RoomID, BuildingID, EnrollmentDate, Major) VALUES (117, 2, 14, '2004-05-03', 'Political Science');
INSERT INTO Worker (ID, HireDate) VALUES (517, '2002-04-01');
INSERT INTO WorksIn (ID, BuildingID) VALUES (517, 399);
INSERT INTO Cleaner (ID, Shift) VALUES (517, 'noon');
INSERT INTO Worker (ID, HireDate) VALUES (917, '2017-12-07');
INSERT INTO WorksIn (ID, BuildingID) VALUES (917, 247);
INSERT INTO Cleaner (ID, Shift) VALUES (917, 'evening');
INSERT INTO Worker (ID, HireDate) VALUES (118, '2021-05-29');
INSERT INTO WorksIn (ID, BuildingID) VALUES (118, 283);
INSERT INTO Cleaner (ID, Shift) VALUES (118, 'morning');
INSERT INTO Worker (ID, HireDate) VALUES (518, '2012-05-29');
INSERT INTO WorksIn (ID, BuildingID) VALUES (518, 99);
INSERT INTO Cleaner (ID, Shift) VALUES (518, 'noon');
INSERT INTO Student (ID, RoomID, BuildingID, EnrollmentDate, Major) VALUES (918, 1, 116, '2010-09-27', 'Environmental Science');
INSERT INTO Worker (ID, HireDate) VALUES (119, '2019-11-18');
INSERT INTO WorksIn (ID, BuildingID) VALUES (119, 293);
INSERT INTO Cleaner (ID, Shift) VALUES (119, 'morning');
INSERT INTO Worker (ID, HireDate) VALUES (519, '2002-03-01');
INSERT INTO WorksIn (ID, BuildingID) VALUES (519, 202);
INSERT INTO Cleaner (ID, Shift) VALUES (519, 'morning');
INSERT INTO Student (ID, RoomID, BuildingID, EnrollmentDate, Major) VALUES (919, 1, 50, '2013-05-26', 'Accounting');
INSERT INTO Worker (ID, HireDate) VALUES (120, '2015-11-21');
INSERT INTO WorksIn (ID, BuildingID) VALUES (120, 128);
INSERT INTO Cleaner (ID, Shift) VALUES (120, 'noon');
INSERT INTO Worker (ID, HireDate) VALUES (520, '2008-04-27');
INSERT INTO WorksIn (ID, BuildingID) VALUES (520, 240);
INSERT INTO Cleaner (ID, Shift) VALUES (520, 'evening');
INSERT INTO Student (ID, RoomID, BuildingID, EnrollmentDate, Major) VALUES (920, 1, 57, '2006-02-05', 'Physics');
INSERT INTO Worker (ID, HireDate) VALUES (121, '2013-09-09');
INSERT INTO WorksIn (ID, BuildingID) VALUES (121, 236);
INSERT INTO Cleaner (ID, Shift) VALUES (121, 'morning');
INSERT INTO Worker (ID, HireDate) VALUES (521, '2018-02-27');
INSERT INTO WorksIn (ID, BuildingID) VALUES (521, 59);
INSERT INTO Cleaner (ID, Shift) VALUES (521, 'noon');
INSERT INTO Student (ID, RoomID, BuildingID, EnrollmentDate, Major) VALUES (921, 2, 7, '2020-04-10', 'Sociology');
INSERT INTO Student (ID, RoomID, BuildingID, EnrollmentDate, Major) VALUES (122, 1, 128, '2023-03-29', 'Economics');
INSERT INTO Worker (ID, HireDate) VALUES (522, '2015-03-12');
INSERT INTO WorksIn (ID, BuildingID) VALUES (522, 337);
INSERT INTO Cleaner (ID, Shift) VALUES (522, 'morning');
INSERT INTO Worker (ID, HireDate) VALUES (922, '2018-08-14');
INSERT INTO WorksIn (ID, BuildingID) VALUES (922, 395);
INSERT INTO Cleaner (ID, Shift) VALUES (922, 'noon');
INSERT INTO Worker (ID, HireDate) VALUES (123, '2002-11-05');
INSERT INTO WorksIn (ID, BuildingID) VALUES (123, 228);
INSERT INTO Cleaner (ID, Shift) VALUES (123, 'evening');
INSERT INTO Student (ID, RoomID, BuildingID, EnrollmentDate, Major) VALUES (523, 1, 57, '2006-10-25', 'Economics');
INSERT INTO Worker (ID, HireDate) VALUES (923, '2004-02-18');
INSERT INTO WorksIn (ID, BuildingID) VALUES (923, 343);
INSERT INTO Cleaner (ID, Shift) VALUES (923, 'noon');
INSERT INTO Worker (ID, HireDate) VALUES (124, '2001-09-18');
INSERT INTO WorksIn (ID, BuildingID) VALUES (124, 106);
INSERT INTO Cleaner (ID, Shift) VALUES (124, 'evening');
INSERT INTO Worker (ID, HireDate) VALUES (524, '2022-12-05');
INSERT INTO WorksIn (ID, BuildingID) VALUES (524, 36);
INSERT INTO Cleaner (ID, Shift) VALUES (524, 'morning');
INSERT INTO Student (ID, RoomID, BuildingID, EnrollmentDate, Major) VALUES (924, 1, 54, '2004-08-18', 'Environmental Science');
INSERT INTO Worker (ID, HireDate) VALUES (125, '2007-08-31');
INSERT INTO WorksIn (ID, BuildingID) VALUES (125, 128);
INSERT INTO Cleaner (ID, Shift) VALUES (125, 'noon');
INSERT INTO Worker (ID, HireDate) VALUES (525, '2020-07-29');
INSERT INTO WorksIn (ID, BuildingID) VALUES (525, 375);
INSERT INTO Cleaner (ID, Shift) VALUES (525, 'noon');
INSERT INTO Student (ID, RoomID, BuildingID, EnrollmentDate, Major) VALUES (925, 2, 50, '2000-11-06', 'Psychology');
INSERT INTO Worker (ID, HireDate) VALUES (126, '2007-10-18');
INSERT INTO WorksIn (ID, BuildingID) VALUES (126, 146);
INSERT INTO Cleaner (ID, Shift) VALUES (126, 'morning');
INSERT INTO Student (ID, RoomID, BuildingID, EnrollmentDate, Major) VALUES (526, 1, 68, '2014-12-17', 'History');
INSERT INTO Worker (ID, HireDate) VALUES (926, '2023-11-11');
INSERT INTO WorksIn (ID, BuildingID) VALUES (926, 285);
INSERT INTO Cleaner (ID, Shift) VALUES (926, 'evening');
INSERT INTO Worker (ID, HireDate) VALUES (127, '2020-10-16');
INSERT INTO WorksIn (ID, BuildingID) VALUES (127, 122);
INSERT INTO Cleaner (ID, Shift) VALUES (127, 'evening');
INSERT INTO Student (ID, RoomID, BuildingID, EnrollmentDate, Major) VALUES (527, 2, 227, '2003-07-27', 'Sociology');
INSERT INTO Worker (ID, HireDate) VALUES (927, '2005-08-09');
INSERT INTO WorksIn (ID, BuildingID) VALUES (927, 158);
INSERT INTO Cleaner (ID, Shift) VALUES (927, 'noon');
INSERT INTO Student (ID, RoomID, BuildingID, EnrollmentDate, Major) VALUES (128, 1, 135, '2009-12-19', 'English Literature');
INSERT INTO Worker (ID, HireDate) VALUES (528, '2018-09-18');
INSERT INTO WorksIn (ID, BuildingID) VALUES (528, 243);
INSERT INTO Cleaner (ID, Shift) VALUES (528, 'evening');
INSERT INTO Worker (ID, HireDate) VALUES (928, '2017-09-02');
INSERT INTO WorksIn (ID, BuildingID) VALUES (928, 223);
INSERT INTO Cleaner (ID, Shift) VALUES (928, 'morning');
INSERT INTO Worker (ID, HireDate) VALUES (129, '2014-09-30');
INSERT INTO WorksIn (ID, BuildingID) VALUES (129, 34);
INSERT INTO Cleaner (ID, Shift) VALUES (129, 'evening');
INSERT INTO Student (ID, RoomID, BuildingID, EnrollmentDate, Major) VALUES (529, 1, 314, '2009-10-24', 'Biology');
INSERT INTO Worker (ID, HireDate) VALUES (929, '2015-12-28');
INSERT INTO WorksIn (ID, BuildingID) VALUES (929, 44);
INSERT INTO Cleaner (ID, Shift) VALUES (929, 'morning');
INSERT INTO Worker (ID, HireDate) VALUES (130, '2002-12-25');
INSERT INTO WorksIn (ID, BuildingID) VALUES (130, 59);
INSERT INTO Cleaner (ID, Shift) VALUES (130, 'evening');
INSERT INTO Worker (ID, HireDate) VALUES (530, '2001-08-15');
INSERT INTO WorksIn (ID, BuildingID) VALUES (530, 155);
INSERT INTO Cleaner (ID, Shift) VALUES (530, 'noon');
INSERT INTO Student (ID, RoomID, BuildingID, EnrollmentDate, Major) VALUES (930, 2, 387, '2021-12-03', 'Environmental Science');
INSERT INTO Worker (ID, HireDate) VALUES (131, '2009-11-12');
INSERT INTO WorksIn (ID, BuildingID) VALUES (131, 15);
INSERT INTO Cleaner (ID, Shift) VALUES (131, 'evening');
INSERT INTO Student (ID, RoomID, BuildingID, EnrollmentDate, Major) VALUES (531, 2, 70, '2000-10-10', 'History');
INSERT INTO Worker (ID, HireDate) VALUES (931, '2013-10-29');
INSERT INTO WorksIn (ID, BuildingID) VALUES (931, 339);
INSERT INTO Cleaner (ID, Shift) VALUES (931, 'noon');
INSERT INTO Worker (ID, HireDate) VALUES (132, '2001-10-24');
INSERT INTO WorksIn (ID, BuildingID) VALUES (132, 253);
INSERT INTO Cleaner (ID, Shift) VALUES (132, 'evening');
INSERT INTO Worker (ID, HireDate) VALUES (532, '2011-08-28');
INSERT INTO WorksIn (ID, BuildingID) VALUES (532, 80);
INSERT INTO Cleaner (ID, Shift) VALUES (532, 'noon');
INSERT INTO Student (ID, RoomID, BuildingID, EnrollmentDate, Major) VALUES (932, 2, 122, '2013-11-23', 'Environmental Science');
INSERT INTO Student (ID, RoomID, BuildingID, EnrollmentDate, Major) VALUES (133, 1, 259, '2006-03-07', 'Economics');
INSERT INTO Worker (ID, HireDate) VALUES (533, '2005-05-15');
INSERT INTO WorksIn (ID, BuildingID) VALUES (533, 212);
INSERT INTO Cleaner (ID, Shift) VALUES (533, 'morning');
INSERT INTO Worker (ID, HireDate) VALUES (933, '2011-05-01');
INSERT INTO WorksIn (ID, BuildingID) VALUES (933, 28);
INSERT INTO Cleaner (ID, Shift) VALUES (933, 'noon');
INSERT INTO Worker (ID, HireDate) VALUES (134, '2003-12-11');
INSERT INTO WorksIn (ID, BuildingID) VALUES (134, 106);
INSERT INTO Cleaner (ID, Shift) VALUES (134, 'morning');
INSERT INTO Worker (ID, HireDate) VALUES (534, '2018-03-16');
INSERT INTO WorksIn (ID, BuildingID) VALUES (534, 20);
INSERT INTO Cleaner (ID, Shift) VALUES (534, 'morning');
INSERT INTO Student (ID, RoomID, BuildingID, EnrollmentDate, Major) VALUES (934, 1, 370, '2002-09-11', 'Environmental Science');
INSERT INTO Student (ID, RoomID, BuildingID, EnrollmentDate, Major) VALUES (135, 1, 114, '2015-06-06', 'Political Science');
INSERT INTO Worker (ID, HireDate) VALUES (535, '2017-12-06');
INSERT INTO WorksIn (ID, BuildingID) VALUES (535, 132);
INSERT INTO Cleaner (ID, Shift) VALUES (535, 'morning');
INSERT INTO Worker (ID, HireDate) VALUES (935, '2008-01-09');
INSERT INTO WorksIn (ID, BuildingID) VALUES (935, 159);
INSERT INTO Cleaner (ID, Shift) VALUES (935, 'noon');
INSERT INTO Worker (ID, HireDate) VALUES (136, '2011-01-25');
INSERT INTO WorksIn (ID, BuildingID) VALUES (136, 356);
INSERT INTO Cleaner (ID, Shift) VALUES (136, 'morning');
INSERT INTO Worker (ID, HireDate) VALUES (536, '2020-11-12');
INSERT INTO WorksIn (ID, BuildingID) VALUES (536, 71);
INSERT INTO Cleaner (ID, Shift) VALUES (536, 'evening');
INSERT INTO Student (ID, RoomID, BuildingID, EnrollmentDate, Major) VALUES (936, 1, 93, '2003-04-10', 'Nursing');
INSERT INTO Worker (ID, HireDate) VALUES (137, '2023-01-26');
INSERT INTO WorksIn (ID, BuildingID) VALUES (137, 384);
INSERT INTO Cleaner (ID, Shift) VALUES (137, 'noon');
INSERT INTO Worker (ID, HireDate) VALUES (537, '2017-11-06');
INSERT INTO WorksIn (ID, BuildingID) VALUES (537, 76);
INSERT INTO Cleaner (ID, Shift) VALUES (537, 'morning');
INSERT INTO Student (ID, RoomID, BuildingID, EnrollmentDate, Major) VALUES (937, 1, 98, '2019-04-15', 'Sociology');
INSERT INTO Student (ID, RoomID, BuildingID, EnrollmentDate, Major) VALUES (138, 1, 147, '2020-10-07', 'Nursing');
INSERT INTO Worker (ID, HireDate) VALUES (538, '2021-05-31');
INSERT INTO WorksIn (ID, BuildingID) VALUES (538, 2);
INSERT INTO Cleaner (ID, Shift) VALUES (538, 'noon');
INSERT INTO Worker (ID, HireDate) VALUES (938, '2003-04-03');
INSERT INTO WorksIn (ID, BuildingID) VALUES (938, 355);
INSERT INTO Cleaner (ID, Shift) VALUES (938, 'evening');
INSERT INTO Student (ID, RoomID, BuildingID, EnrollmentDate, Major) VALUES (139, 2, 364, '2016-10-06', 'Computer Science');
INSERT INTO Worker (ID, HireDate) VALUES (539, '2002-09-06');
INSERT INTO WorksIn (ID, BuildingID) VALUES (539, 158);
INSERT INTO Cleaner (ID, Shift) VALUES (539, 'evening');
INSERT INTO Worker (ID, HireDate) VALUES (939, '2001-02-21');
INSERT INTO WorksIn (ID, BuildingID) VALUES (939, 40);
INSERT INTO Cleaner (ID, Shift) VALUES (939, 'evening');
INSERT INTO Worker (ID, HireDate) VALUES (140, '2001-09-28');
INSERT INTO WorksIn (ID, BuildingID) VALUES (140, 208);
INSERT INTO Cleaner (ID, Shift) VALUES (140, 'morning');
INSERT INTO Worker (ID, HireDate) VALUES (540, '2000-09-02');
INSERT INTO WorksIn (ID, BuildingID) VALUES (540, 99);
INSERT INTO Cleaner (ID, Shift) VALUES (540, 'evening');
INSERT INTO Student (ID, RoomID, BuildingID, EnrollmentDate, Major) VALUES (940, 2, 138, '2009-01-27', 'Physics');
INSERT INTO Worker (ID, HireDate) VALUES (141, '2010-05-09');
INSERT INTO WorksIn (ID, BuildingID) VALUES (141, 223);
INSERT INTO Cleaner (ID, Shift) VALUES (141, 'noon');
INSERT INTO Worker (ID, HireDate) VALUES (541, '2018-10-01');
INSERT INTO WorksIn (ID, BuildingID) VALUES (541, 230);
INSERT INTO Cleaner (ID, Shift) VALUES (541, 'noon');
INSERT INTO Student (ID, RoomID, BuildingID, EnrollmentDate, Major) VALUES (941, 1, 130, '2022-02-01', 'Business Administration');
INSERT INTO Worker (ID, HireDate) VALUES (142, '2021-05-22');
INSERT INTO WorksIn (ID, BuildingID) VALUES (142, 133);
INSERT INTO Cleaner (ID, Shift) VALUES (142, 'evening');
INSERT INTO Worker (ID, HireDate) VALUES (542, '2009-08-04');
INSERT INTO WorksIn (ID, BuildingID) VALUES (542, 34);
INSERT INTO Cleaner (ID, Shift) VALUES (542, 'morning');
INSERT INTO Student (ID, RoomID, BuildingID, EnrollmentDate, Major) VALUES (942, 1, 90, '2023-05-03', 'Political Science');
INSERT INTO Worker (ID, HireDate) VALUES (143, '2012-04-18');
INSERT INTO WorksIn (ID, BuildingID) VALUES (143, 65);
INSERT INTO Cleaner (ID, Shift) VALUES (143, 'morning');
INSERT INTO Worker (ID, HireDate) VALUES (543, '2010-02-26');
INSERT INTO WorksIn (ID, BuildingID) VALUES (543, 142);
INSERT INTO Cleaner (ID, Shift) VALUES (543, 'morning');
INSERT INTO Student (ID, RoomID, BuildingID, EnrollmentDate, Major) VALUES (943, 2, 94, '2000-06-03', 'Psychology');
INSERT INTO Student (ID, RoomID, BuildingID, EnrollmentDate, Major) VALUES (144, 1, 89, '2003-11-20', 'Psychology');
INSERT INTO Worker (ID, HireDate) VALUES (544, '2018-09-13');
INSERT INTO WorksIn (ID, BuildingID) VALUES (544, 320);
INSERT INTO Cleaner (ID, Shift) VALUES (544, 'evening');
INSERT INTO Worker (ID, HireDate) VALUES (944, '2002-07-20');
INSERT INTO WorksIn (ID, BuildingID) VALUES (944, 226);
INSERT INTO Cleaner (ID, Shift) VALUES (944, 'morning');
INSERT INTO Worker (ID, HireDate) VALUES (145, '2023-02-11');
INSERT INTO WorksIn (ID, BuildingID) VALUES (145, 82);
INSERT INTO Cleaner (ID, Shift) VALUES (145, 'morning');
INSERT INTO Student (ID, RoomID, BuildingID, EnrollmentDate, Major) VALUES (545, 2, 43, '2012-04-01', 'Biology');
INSERT INTO Worker (ID, HireDate) VALUES (945, '2003-07-25');
INSERT INTO WorksIn (ID, BuildingID) VALUES (945, 242);
INSERT INTO Cleaner (ID, Shift) VALUES (945, 'noon');
INSERT INTO Student (ID, RoomID, BuildingID, EnrollmentDate, Major) VALUES (146, 1, 245, '2016-06-04', 'Environmental Science');
INSERT INTO Worker (ID, HireDate) VALUES (546, '2009-06-03');
INSERT INTO WorksIn (ID, BuildingID) VALUES (546, 365);
INSERT INTO Cleaner (ID, Shift) VALUES (546, 'morning');
INSERT INTO Worker (ID, HireDate) VALUES (946, '2019-12-17');
INSERT INTO WorksIn (ID, BuildingID) VALUES (946, 8);
INSERT INTO Cleaner (ID, Shift) VALUES (946, 'evening');
INSERT INTO Student (ID, RoomID, BuildingID, EnrollmentDate, Major) VALUES (147, 2, 269, '2012-02-28', 'Computer Science');
INSERT INTO Worker (ID, HireDate) VALUES (547, '2011-07-14');
INSERT INTO WorksIn (ID, BuildingID) VALUES (547, 370);
INSERT INTO Cleaner (ID, Shift) VALUES (547, 'noon');
INSERT INTO Worker (ID, HireDate) VALUES (947, '2017-06-11');
INSERT INTO WorksIn (ID, BuildingID) VALUES (947, 394);
INSERT INTO Cleaner (ID, Shift) VALUES (947, 'morning');
INSERT INTO Worker (ID, HireDate) VALUES (148, '2008-04-12');
INSERT INTO WorksIn (ID, BuildingID) VALUES (148, 379);
INSERT INTO Cleaner (ID, Shift) VALUES (148, 'noon');
INSERT INTO Student (ID, RoomID, BuildingID, EnrollmentDate, Major) VALUES (548, 2, 308, '2004-12-26', 'Computer Science');
INSERT INTO Worker (ID, HireDate) VALUES (948, '2008-11-07');
INSERT INTO WorksIn (ID, BuildingID) VALUES (948, 235);
INSERT INTO Cleaner (ID, Shift) VALUES (948, 'evening');
INSERT INTO Student (ID, RoomID, BuildingID, EnrollmentDate, Major) VALUES (149, 1, 28, '2008-05-09', 'Environmental Science');
INSERT INTO Worker (ID, HireDate) VALUES (549, '2002-12-05');
INSERT INTO WorksIn (ID, BuildingID) VALUES (549, 158);
INSERT INTO Cleaner (ID, Shift) VALUES (549, 'evening');
INSERT INTO Worker (ID, HireDate) VALUES (949, '2015-10-29');
INSERT INTO WorksIn (ID, BuildingID) VALUES (949, 114);
INSERT INTO Cleaner (ID, Shift) VALUES (949, 'morning');
INSERT INTO Student (ID, RoomID, BuildingID, EnrollmentDate, Major) VALUES (150, 2, 25, '2017-04-10', 'Computer Science');
INSERT INTO Worker (ID, HireDate) VALUES (550, '2001-02-28');
INSERT INTO WorksIn (ID, BuildingID) VALUES (550, 48);
INSERT INTO Cleaner (ID, Shift) VALUES (550, 'evening');
INSERT INTO Worker (ID, HireDate) VALUES (950, '2018-03-15');
INSERT INTO WorksIn (ID, BuildingID) VALUES (950, 234);
INSERT INTO Cleaner (ID, Shift) VALUES (950, 'noon');
INSERT INTO Worker (ID, HireDate) VALUES (151, '2014-04-16');
INSERT INTO WorksIn (ID, BuildingID) VALUES (151, 243);
INSERT INTO Cleaner (ID, Shift) VALUES (151, 'noon');
INSERT INTO Student (ID, RoomID, BuildingID, EnrollmentDate, Major) VALUES (551, 1, 30, '2003-03-19', 'English Literature');
INSERT INTO Worker (ID, HireDate) VALUES (951, '2014-11-14');
INSERT INTO WorksIn (ID, BuildingID) VALUES (951, 73);
INSERT INTO Cleaner (ID, Shift) VALUES (951, 'morning');
INSERT INTO Worker (ID, HireDate) VALUES (152, '2023-05-08');
INSERT INTO WorksIn (ID, BuildingID) VALUES (152, 97);
INSERT INTO Cleaner (ID, Shift) VALUES (152, 'noon');
INSERT INTO Worker (ID, HireDate) VALUES (552, '2001-03-10');
INSERT INTO WorksIn (ID, BuildingID) VALUES (552, 335);
INSERT INTO Cleaner (ID, Shift) VALUES (552, 'morning');
INSERT INTO Student (ID, RoomID, BuildingID, EnrollmentDate, Major) VALUES (952, 1, 183, '2021-05-08', 'Psychology');
INSERT INTO Worker (ID, HireDate) VALUES (153, '2006-05-19');
INSERT INTO WorksIn (ID, BuildingID) VALUES (153, 98);
INSERT INTO Cleaner (ID, Shift) VALUES (153, 'noon');
INSERT INTO Student (ID, RoomID, BuildingID, EnrollmentDate, Major) VALUES (553, 1, 385, '2020-07-05', 'Computer Science');
INSERT INTO Worker (ID, HireDate) VALUES (953, '2021-05-23');
INSERT INTO WorksIn (ID, BuildingID) VALUES (953, 120);
INSERT INTO Cleaner (ID, Shift) VALUES (953, 'evening');
INSERT INTO Student (ID, RoomID, BuildingID, EnrollmentDate, Major) VALUES (154, 1, 21, '2016-09-04', 'Environmental Science');
INSERT INTO Worker (ID, HireDate) VALUES (554, '2014-07-04');
INSERT INTO WorksIn (ID, BuildingID) VALUES (554, 348);
INSERT INTO Cleaner (ID, Shift) VALUES (554, 'morning');
INSERT INTO Worker (ID, HireDate) VALUES (954, '2008-03-01');
INSERT INTO WorksIn (ID, BuildingID) VALUES (954, 86);
INSERT INTO Cleaner (ID, Shift) VALUES (954, 'noon');
INSERT INTO Worker (ID, HireDate) VALUES (155, '2016-04-28');
INSERT INTO WorksIn (ID, BuildingID) VALUES (155, 141);
INSERT INTO Cleaner (ID, Shift) VALUES (155, 'evening');
INSERT INTO Worker (ID, HireDate) VALUES (555, '2009-10-26');
INSERT INTO WorksIn (ID, BuildingID) VALUES (555, 123);
INSERT INTO Cleaner (ID, Shift) VALUES (555, 'morning');
INSERT INTO Student (ID, RoomID, BuildingID, EnrollmentDate, Major) VALUES (955, 2, 47, '2020-12-27', 'Biology');
INSERT INTO Worker (ID, HireDate) VALUES (156, '2009-01-15');
INSERT INTO WorksIn (ID, BuildingID) VALUES (156, 187);
INSERT INTO Cleaner (ID, Shift) VALUES (156, 'evening');
INSERT INTO Student (ID, RoomID, BuildingID, EnrollmentDate, Major) VALUES (556, 1, 49, '2015-08-31', 'Psychology');
INSERT INTO Worker (ID, HireDate) VALUES (956, '2021-09-18');
INSERT INTO WorksIn (ID, BuildingID) VALUES (956, 73);
INSERT INTO Cleaner (ID, Shift) VALUES (956, 'noon');
INSERT INTO Student (ID, RoomID, BuildingID, EnrollmentDate, Major) VALUES (157, 2, 58, '2023-02-26', 'Economics');
INSERT INTO Worker (ID, HireDate) VALUES (557, '2019-01-23');
INSERT INTO WorksIn (ID, BuildingID) VALUES (557, 336);
INSERT INTO Cleaner (ID, Shift) VALUES (557, 'noon');
INSERT INTO Worker (ID, HireDate) VALUES (957, '2004-06-17');
INSERT INTO WorksIn (ID, BuildingID) VALUES (957, 330);
INSERT INTO Cleaner (ID, Shift) VALUES (957, 'evening');
INSERT INTO Student (ID, RoomID, BuildingID, EnrollmentDate, Major) VALUES (158, 1, 239, '2015-06-28', 'Mechanical Engineering');
INSERT INTO Worker (ID, HireDate) VALUES (558, '2014-01-04');
INSERT INTO WorksIn (ID, BuildingID) VALUES (558, 17);
INSERT INTO Cleaner (ID, Shift) VALUES (558, 'morning');
INSERT INTO Worker (ID, HireDate) VALUES (958, '2012-07-26');
INSERT INTO WorksIn (ID, BuildingID) VALUES (958, 125);
INSERT INTO Cleaner (ID, Shift) VALUES (958, 'evening');
INSERT INTO Student (ID, RoomID, BuildingID, EnrollmentDate, Major) VALUES (159, 1, 270, '2021-02-27', 'Economics');
INSERT INTO Worker (ID, HireDate) VALUES (559, '2005-11-19');
INSERT INTO WorksIn (ID, BuildingID) VALUES (559, 47);
INSERT INTO Cleaner (ID, Shift) VALUES (559, 'evening');
INSERT INTO Worker (ID, HireDate) VALUES (959, '2018-08-26');
INSERT INTO WorksIn (ID, BuildingID) VALUES (959, 37);
INSERT INTO Cleaner (ID, Shift) VALUES (959, 'noon');
INSERT INTO Student (ID, RoomID, BuildingID, EnrollmentDate, Major) VALUES (160, 1, 298, '2021-10-07', 'Sociology');
INSERT INTO Worker (ID, HireDate) VALUES (560, '2001-12-22');
INSERT INTO WorksIn (ID, BuildingID) VALUES (560, 341);
INSERT INTO Cleaner (ID, Shift) VALUES (560, 'noon');
INSERT INTO Worker (ID, HireDate) VALUES (960, '2017-12-05');
INSERT INTO WorksIn (ID, BuildingID) VALUES (960, 8);
INSERT INTO Cleaner (ID, Shift) VALUES (960, 'evening');
INSERT INTO Student (ID, RoomID, BuildingID, EnrollmentDate, Major) VALUES (161, 2, 227, '2011-12-10', 'Economics');
INSERT INTO Worker (ID, HireDate) VALUES (561, '2021-12-18');
INSERT INTO WorksIn (ID, BuildingID) VALUES (561, 207);
INSERT INTO Cleaner (ID, Shift) VALUES (561, 'noon');
INSERT INTO Worker (ID, HireDate) VALUES (961, '2009-10-17');
INSERT INTO WorksIn (ID, BuildingID) VALUES (961, 214);
INSERT INTO Cleaner (ID, Shift) VALUES (961, 'morning');
INSERT INTO Worker (ID, HireDate) VALUES (162, '2014-07-27');
INSERT INTO WorksIn (ID, BuildingID) VALUES (162, 282);
INSERT INTO Cleaner (ID, Shift) VALUES (162, 'evening');
INSERT INTO Student (ID, RoomID, BuildingID, EnrollmentDate, Major) VALUES (562, 2, 387, '2022-07-14', 'History');
INSERT INTO Worker (ID, HireDate) VALUES (962, '2001-01-10');
INSERT INTO WorksIn (ID, BuildingID) VALUES (962, 3);
INSERT INTO Cleaner (ID, Shift) VALUES (962, 'noon');
INSERT INTO Worker (ID, HireDate) VALUES (163, '2001-05-16');
INSERT INTO WorksIn (ID, BuildingID) VALUES (163, 329);
INSERT INTO Cleaner (ID, Shift) VALUES (163, 'evening');
INSERT INTO Student (ID, RoomID, BuildingID, EnrollmentDate, Major) VALUES (563, 1, 327, '2012-01-30', 'Environmental Science');
INSERT INTO Worker (ID, HireDate) VALUES (963, '2006-12-04');
INSERT INTO WorksIn (ID, BuildingID) VALUES (963, 16);
INSERT INTO Cleaner (ID, Shift) VALUES (963, 'noon');
INSERT INTO Worker (ID, HireDate) VALUES (164, '2011-02-21');
INSERT INTO WorksIn (ID, BuildingID) VALUES (164, 315);
INSERT INTO Cleaner (ID, Shift) VALUES (164, 'morning');
INSERT INTO Worker (ID, HireDate) VALUES (564, '2023-01-06');
INSERT INTO WorksIn (ID, BuildingID) VALUES (564, 35);
INSERT INTO Cleaner (ID, Shift) VALUES (564, 'evening');
INSERT INTO Student (ID, RoomID, BuildingID, EnrollmentDate, Major) VALUES (964, 1, 360, '2022-07-11', 'Accounting');
INSERT INTO Worker (ID, HireDate) VALUES (165, '2014-01-26');
INSERT INTO WorksIn (ID, BuildingID) VALUES (165, 36);
INSERT INTO Cleaner (ID, Shift) VALUES (165, 'evening');
INSERT INTO Student (ID, RoomID, BuildingID, EnrollmentDate, Major) VALUES (565, 1, 274, '2017-11-15', 'Nursing');
INSERT INTO Worker (ID, HireDate) VALUES (965, '2006-07-16');
INSERT INTO WorksIn (ID, BuildingID) VALUES (965, 340);
INSERT INTO Cleaner (ID, Shift) VALUES (965, 'morning');
INSERT INTO Worker (ID, HireDate) VALUES (166, '2010-09-12');
INSERT INTO WorksIn (ID, BuildingID) VALUES (166, 138);
INSERT INTO Cleaner (ID, Shift) VALUES (166, 'noon');
INSERT INTO Student (ID, RoomID, BuildingID, EnrollmentDate, Major) VALUES (566, 1, 126, '2018-03-15', 'Graphic Design');
INSERT INTO Worker (ID, HireDate) VALUES (966, '2011-01-30');
INSERT INTO WorksIn (ID, BuildingID) VALUES (966, 391);
INSERT INTO Cleaner (ID, Shift) VALUES (966, 'morning');
INSERT INTO Student (ID, RoomID, BuildingID, EnrollmentDate, Major) VALUES (167, 1, 50, '2015-03-11', 'Biology');
INSERT INTO Worker (ID, HireDate) VALUES (567, '2023-09-22');
INSERT INTO WorksIn (ID, BuildingID) VALUES (567, 134);
INSERT INTO Cleaner (ID, Shift) VALUES (567, 'noon');
INSERT INTO Worker (ID, HireDate) VALUES (967, '2003-04-23');
INSERT INTO WorksIn (ID, BuildingID) VALUES (967, 134);
INSERT INTO Cleaner (ID, Shift) VALUES (967, 'evening');
INSERT INTO Worker (ID, HireDate) VALUES (168, '2010-10-26');
INSERT INTO WorksIn (ID, BuildingID) VALUES (168, 207);
INSERT INTO Cleaner (ID, Shift) VALUES (168, 'morning');
INSERT INTO Student (ID, RoomID, BuildingID, EnrollmentDate, Major) VALUES (568, 1, 126, '2023-07-25', 'Political Science');
INSERT INTO Worker (ID, HireDate) VALUES (968, '2012-11-22');
INSERT INTO WorksIn (ID, BuildingID) VALUES (968, 381);
INSERT INTO Cleaner (ID, Shift) VALUES (968, 'evening');
INSERT INTO Student (ID, RoomID, BuildingID, EnrollmentDate, Major) VALUES (169, 1, 70, '2018-03-28', 'Mechanical Engineering');
INSERT INTO Worker (ID, HireDate) VALUES (569, '2020-06-30');
INSERT INTO WorksIn (ID, BuildingID) VALUES (569, 360);
INSERT INTO Cleaner (ID, Shift) VALUES (569, 'morning');
INSERT INTO Worker (ID, HireDate) VALUES (969, '2013-12-25');
INSERT INTO WorksIn (ID, BuildingID) VALUES (969, 371);
INSERT INTO Cleaner (ID, Shift) VALUES (969, 'noon');
INSERT INTO Student (ID, RoomID, BuildingID, EnrollmentDate, Major) VALUES (170, 2, 304, '2020-05-28', 'Mechanical Engineering');
INSERT INTO Worker (ID, HireDate) VALUES (570, '2007-08-24');
INSERT INTO WorksIn (ID, BuildingID) VALUES (570, 34);
INSERT INTO Cleaner (ID, Shift) VALUES (570, 'evening');
INSERT INTO Worker (ID, HireDate) VALUES (970, '2000-01-08');
INSERT INTO WorksIn (ID, BuildingID) VALUES (970, 111);
INSERT INTO Cleaner (ID, Shift) VALUES (970, 'evening');
INSERT INTO Student (ID, RoomID, BuildingID, EnrollmentDate, Major) VALUES (171, 2, 139, '2001-10-10', 'Environmental Science');
INSERT INTO Worker (ID, HireDate) VALUES (571, '2021-05-07');
INSERT INTO WorksIn (ID, BuildingID) VALUES (571, 325);
INSERT INTO Cleaner (ID, Shift) VALUES (571, 'morning');
INSERT INTO Worker (ID, HireDate) VALUES (971, '2023-08-24');
INSERT INTO WorksIn (ID, BuildingID) VALUES (971, 139);
INSERT INTO Cleaner (ID, Shift) VALUES (971, 'morning');
INSERT INTO Worker (ID, HireDate) VALUES (172, '2010-02-01');
INSERT INTO WorksIn (ID, BuildingID) VALUES (172, 77);
INSERT INTO Cleaner (ID, Shift) VALUES (172, 'morning');
INSERT INTO Student (ID, RoomID, BuildingID, EnrollmentDate, Major) VALUES (572, 2, 291, '2020-02-29', 'Graphic Design');
INSERT INTO Worker (ID, HireDate) VALUES (972, '2011-07-22');
INSERT INTO WorksIn (ID, BuildingID) VALUES (972, 327);
INSERT INTO Cleaner (ID, Shift) VALUES (972, 'noon');
INSERT INTO Student (ID, RoomID, BuildingID, EnrollmentDate, Major) VALUES (173, 2, 188, '2014-09-15', 'Graphic Design');
INSERT INTO Worker (ID, HireDate) VALUES (573, '2015-02-16');
INSERT INTO WorksIn (ID, BuildingID) VALUES (573, 322);
INSERT INTO Cleaner (ID, Shift) VALUES (573, 'evening');
INSERT INTO Worker (ID, HireDate) VALUES (973, '2006-02-23');
INSERT INTO WorksIn (ID, BuildingID) VALUES (973, 367);
INSERT INTO Cleaner (ID, Shift) VALUES (973, 'evening');
INSERT INTO Student (ID, RoomID, BuildingID, EnrollmentDate, Major) VALUES (174, 2, 14, '2011-11-06', 'Sociology');
INSERT INTO Worker (ID, HireDate) VALUES (574, '2001-03-17');
INSERT INTO WorksIn (ID, BuildingID) VALUES (574, 77);
INSERT INTO Cleaner (ID, Shift) VALUES (574, 'evening');
INSERT INTO Worker (ID, HireDate) VALUES (974, '2020-09-03');
INSERT INTO WorksIn (ID, BuildingID) VALUES (974, 228);
INSERT INTO Cleaner (ID, Shift) VALUES (974, 'morning');
INSERT INTO Student (ID, RoomID, BuildingID, EnrollmentDate, Major) VALUES (175, 1, 377, '2014-11-10', 'Psychology');
INSERT INTO Worker (ID, HireDate) VALUES (575, '2014-05-18');
INSERT INTO WorksIn (ID, BuildingID) VALUES (575, 72);
INSERT INTO Cleaner (ID, Shift) VALUES (575, 'noon');
INSERT INTO Worker (ID, HireDate) VALUES (975, '2016-05-28');
INSERT INTO WorksIn (ID, BuildingID) VALUES (975, 127);
INSERT INTO Cleaner (ID, Shift) VALUES (975, 'evening');
INSERT INTO Worker (ID, HireDate) VALUES (176, '2006-04-03');
INSERT INTO WorksIn (ID, BuildingID) VALUES (176, 41);
INSERT INTO Cleaner (ID, Shift) VALUES (176, 'noon');
INSERT INTO Student (ID, RoomID, BuildingID, EnrollmentDate, Major) VALUES (576, 2, 141, '2021-08-07', 'Nursing');
INSERT INTO Worker (ID, HireDate) VALUES (976, '2008-03-30');
INSERT INTO WorksIn (ID, BuildingID) VALUES (976, 62);
INSERT INTO Cleaner (ID, Shift) VALUES (976, 'noon');
INSERT INTO Student (ID, RoomID, BuildingID, EnrollmentDate, Major) VALUES (177, 1, 184, '2010-11-13', 'Environmental Science');
INSERT INTO Worker (ID, HireDate) VALUES (577, '2004-11-10');
INSERT INTO WorksIn (ID, BuildingID) VALUES (577, 263);
INSERT INTO Cleaner (ID, Shift) VALUES (577, 'evening');
INSERT INTO Worker (ID, HireDate) VALUES (977, '2012-11-18');
INSERT INTO WorksIn (ID, BuildingID) VALUES (977, 161);
INSERT INTO Cleaner (ID, Shift) VALUES (977, 'noon');
INSERT INTO Student (ID, RoomID, BuildingID, EnrollmentDate, Major) VALUES (178, 1, 44, '2002-10-13', 'Accounting');
INSERT INTO Worker (ID, HireDate) VALUES (578, '2011-02-18');
INSERT INTO WorksIn (ID, BuildingID) VALUES (578, 310);
INSERT INTO Cleaner (ID, Shift) VALUES (578, 'evening');
INSERT INTO Worker (ID, HireDate) VALUES (978, '2021-01-30');
INSERT INTO WorksIn (ID, BuildingID) VALUES (978, 25);
INSERT INTO Cleaner (ID, Shift) VALUES (978, 'noon');
INSERT INTO Student (ID, RoomID, BuildingID, EnrollmentDate, Major) VALUES (179, 1, 367, '2005-02-08', 'Mechanical Engineering');
INSERT INTO Worker (ID, HireDate) VALUES (579, '2006-08-01');
INSERT INTO WorksIn (ID, BuildingID) VALUES (579, 20);
INSERT INTO Cleaner (ID, Shift) VALUES (579, 'noon');
INSERT INTO Worker (ID, HireDate) VALUES (979, '2003-03-05');
INSERT INTO WorksIn (ID, BuildingID) VALUES (979, 261);
INSERT INTO Cleaner (ID, Shift) VALUES (979, 'morning');
INSERT INTO Student (ID, RoomID, BuildingID, EnrollmentDate, Major) VALUES (180, 1, 331, '2002-08-24', 'Physics');
INSERT INTO Worker (ID, HireDate) VALUES (580, '2022-09-12');
INSERT INTO WorksIn (ID, BuildingID) VALUES (580, 295);
INSERT INTO Cleaner (ID, Shift) VALUES (580, 'evening');
INSERT INTO Worker (ID, HireDate) VALUES (980, '2016-04-10');
INSERT INTO WorksIn (ID, BuildingID) VALUES (980, 91);
INSERT INTO Cleaner (ID, Shift) VALUES (980, 'noon');
INSERT INTO Student (ID, RoomID, BuildingID, EnrollmentDate, Major) VALUES (181, 2, 128, '2023-09-29', 'Biology');
INSERT INTO Worker (ID, HireDate) VALUES (581, '2019-01-09');
INSERT INTO WorksIn (ID, BuildingID) VALUES (581, 84);
INSERT INTO Cleaner (ID, Shift) VALUES (581, 'evening');
INSERT INTO Worker (ID, HireDate) VALUES (981, '2015-03-30');
INSERT INTO WorksIn (ID, BuildingID) VALUES (981, 118);
INSERT INTO Cleaner (ID, Shift) VALUES (981, 'noon');
INSERT INTO Student (ID, RoomID, BuildingID, EnrollmentDate, Major) VALUES (182, 2, 329, '2004-11-12', 'Environmental Science');
INSERT INTO Worker (ID, HireDate) VALUES (582, '2005-07-08');
INSERT INTO WorksIn (ID, BuildingID) VALUES (582, 184);
INSERT INTO Cleaner (ID, Shift) VALUES (582, 'noon');
INSERT INTO Worker (ID, HireDate) VALUES (982, '2007-11-29');
INSERT INTO WorksIn (ID, BuildingID) VALUES (982, 399);
INSERT INTO Cleaner (ID, Shift) VALUES (982, 'evening');
INSERT INTO Student (ID, RoomID, BuildingID, EnrollmentDate, Major) VALUES (183, 1, 37, '2014-01-15', 'Biology');
INSERT INTO Worker (ID, HireDate) VALUES (583, '2012-03-18');
INSERT INTO WorksIn (ID, BuildingID) VALUES (583, 388);
INSERT INTO Cleaner (ID, Shift) VALUES (583, 'noon');
INSERT INTO Worker (ID, HireDate) VALUES (983, '2001-05-14');
INSERT INTO WorksIn (ID, BuildingID) VALUES (983, 263);
INSERT INTO Cleaner (ID, Shift) VALUES (983, 'morning');
INSERT INTO Worker (ID, HireDate) VALUES (184, '2013-10-20');
INSERT INTO WorksIn (ID, BuildingID) VALUES (184, 355);
INSERT INTO Cleaner (ID, Shift) VALUES (184, 'evening');
INSERT INTO Student (ID, RoomID, BuildingID, EnrollmentDate, Major) VALUES (584, 2, 124, '2006-11-04', 'Biology');
INSERT INTO Worker (ID, HireDate) VALUES (984, '2019-11-07');
INSERT INTO WorksIn (ID, BuildingID) VALUES (984, 124);
INSERT INTO Cleaner (ID, Shift) VALUES (984, 'morning');
INSERT INTO Worker (ID, HireDate) VALUES (185, '2002-02-26');
INSERT INTO WorksIn (ID, BuildingID) VALUES (185, 338);
INSERT INTO Cleaner (ID, Shift) VALUES (185, 'evening');
INSERT INTO Student (ID, RoomID, BuildingID, EnrollmentDate, Major) VALUES (585, 2, 400, '2003-01-28', 'Sociology');
INSERT INTO Worker (ID, HireDate) VALUES (985, '2005-09-26');
INSERT INTO WorksIn (ID, BuildingID) VALUES (985, 252);
INSERT INTO Cleaner (ID, Shift) VALUES (985, 'evening');
INSERT INTO Student (ID, RoomID, BuildingID, EnrollmentDate, Major) VALUES (186, 2, 84, '2000-04-21', 'Environmental Science');
INSERT INTO Worker (ID, HireDate) VALUES (586, '2010-07-03');
INSERT INTO WorksIn (ID, BuildingID) VALUES (586, 89);
INSERT INTO Cleaner (ID, Shift) VALUES (586, 'morning');
INSERT INTO Worker (ID, HireDate) VALUES (986, '2011-02-06');
INSERT INTO WorksIn (ID, BuildingID) VALUES (986, 99);
INSERT INTO Cleaner (ID, Shift) VALUES (986, 'noon');
INSERT INTO Worker (ID, HireDate) VALUES (187, '2008-05-25');
INSERT INTO WorksIn (ID, BuildingID) VALUES (187, 213);
INSERT INTO Cleaner (ID, Shift) VALUES (187, 'morning');
INSERT INTO Worker (ID, HireDate) VALUES (587, '2001-02-28');
INSERT INTO WorksIn (ID, BuildingID) VALUES (587, 101);
INSERT INTO Cleaner (ID, Shift) VALUES (587, 'morning');
INSERT INTO Student (ID, RoomID, BuildingID, EnrollmentDate, Major) VALUES (987, 2, 183, '2007-11-24', 'Mechanical Engineering');
INSERT INTO Worker (ID, HireDate) VALUES (188, '2000-12-20');
INSERT INTO WorksIn (ID, BuildingID) VALUES (188, 152);
INSERT INTO Cleaner (ID, Shift) VALUES (188, 'morning');
INSERT INTO Worker (ID, HireDate) VALUES (588, '2020-12-16');
INSERT INTO WorksIn (ID, BuildingID) VALUES (588, 213);
INSERT INTO Cleaner (ID, Shift) VALUES (588, 'noon');
INSERT INTO Student (ID, RoomID, BuildingID, EnrollmentDate, Major) VALUES (988, 1, 166, '2011-10-31', 'Psychology');
INSERT INTO Student (ID, RoomID, BuildingID, EnrollmentDate, Major) VALUES (189, 1, 361, '2006-07-13', 'Biology');
INSERT INTO Worker (ID, HireDate) VALUES (589, '2023-09-21');
INSERT INTO WorksIn (ID, BuildingID) VALUES (589, 224);
INSERT INTO Cleaner (ID, Shift) VALUES (589, 'noon');
INSERT INTO Worker (ID, HireDate) VALUES (989, '2014-06-04');
INSERT INTO WorksIn (ID, BuildingID) VALUES (989, 83);
INSERT INTO Cleaner (ID, Shift) VALUES (989, 'morning');
INSERT INTO Student (ID, RoomID, BuildingID, EnrollmentDate, Major) VALUES (190, 2, 165, '2015-05-04', 'Environmental Science');
INSERT INTO Worker (ID, HireDate) VALUES (590, '2002-01-03');
INSERT INTO WorksIn (ID, BuildingID) VALUES (590, 322);
INSERT INTO Cleaner (ID, Shift) VALUES (590, 'morning');
INSERT INTO Worker (ID, HireDate) VALUES (990, '2000-04-27');
INSERT INTO WorksIn (ID, BuildingID) VALUES (990, 85);
INSERT INTO Cleaner (ID, Shift) VALUES (990, 'morning');
INSERT INTO Worker (ID, HireDate) VALUES (191, '2015-08-03');
INSERT INTO WorksIn (ID, BuildingID) VALUES (191, 160);
INSERT INTO Cleaner (ID, Shift) VALUES (191, 'evening');
INSERT INTO Worker (ID, HireDate) VALUES (591, '2019-02-15');
INSERT INTO WorksIn (ID, BuildingID) VALUES (591, 216);
INSERT INTO Cleaner (ID, Shift) VALUES (591, 'morning');
INSERT INTO Student (ID, RoomID, BuildingID, EnrollmentDate, Major) VALUES (991, 1, 198, '2007-05-03', 'Psychology');
INSERT INTO Worker (ID, HireDate) VALUES (192, '2012-03-31');
INSERT INTO WorksIn (ID, BuildingID) VALUES (192, 202);
INSERT INTO Cleaner (ID, Shift) VALUES (192, 'morning');
INSERT INTO Student (ID, RoomID, BuildingID, EnrollmentDate, Major) VALUES (592, 2, 386, '2000-03-13', 'Computer Science');
INSERT INTO Worker (ID, HireDate) VALUES (992, '2004-08-23');
INSERT INTO WorksIn (ID, BuildingID) VALUES (992, 223);
INSERT INTO Cleaner (ID, Shift) VALUES (992, 'morning');
INSERT INTO Worker (ID, HireDate) VALUES (193, '2006-09-10');
INSERT INTO WorksIn (ID, BuildingID) VALUES (193, 341);
INSERT INTO Cleaner (ID, Shift) VALUES (193, 'morning');
INSERT INTO Student (ID, RoomID, BuildingID, EnrollmentDate, Major) VALUES (593, 2, 231, '2000-07-07', 'Graphic Design');
INSERT INTO Worker (ID, HireDate) VALUES (993, '2004-06-21');
INSERT INTO WorksIn (ID, BuildingID) VALUES (993, 78);
INSERT INTO Cleaner (ID, Shift) VALUES (993, 'noon');
INSERT INTO Worker (ID, HireDate) VALUES (194, '2006-10-19');
INSERT INTO WorksIn (ID, BuildingID) VALUES (194, 52);
INSERT INTO Cleaner (ID, Shift) VALUES (194, 'morning');
INSERT INTO Student (ID, RoomID, BuildingID, EnrollmentDate, Major) VALUES (594, 2, 39, '2021-07-11', 'Biology');
INSERT INTO Worker (ID, HireDate) VALUES (994, '2008-03-29');
INSERT INTO WorksIn (ID, BuildingID) VALUES (994, 253);
INSERT INTO Cleaner (ID, Shift) VALUES (994, 'morning');
INSERT INTO Worker (ID, HireDate) VALUES (195, '2002-04-28');
INSERT INTO WorksIn (ID, BuildingID) VALUES (195, 136);
INSERT INTO Cleaner (ID, Shift) VALUES (195, 'noon');
INSERT INTO Student (ID, RoomID, BuildingID, EnrollmentDate, Major) VALUES (595, 2, 341, '2008-01-19', 'Business Administration');
INSERT INTO Worker (ID, HireDate) VALUES (995, '2010-06-24');
INSERT INTO WorksIn (ID, BuildingID) VALUES (995, 253);
INSERT INTO Cleaner (ID, Shift) VALUES (995, 'evening');
INSERT INTO Worker (ID, HireDate) VALUES (196, '2013-02-27');
INSERT INTO WorksIn (ID, BuildingID) VALUES (196, 201);
INSERT INTO Cleaner (ID, Shift) VALUES (196, 'evening');
INSERT INTO Worker (ID, HireDate) VALUES (596, '2018-03-28');
INSERT INTO WorksIn (ID, BuildingID) VALUES (596, 86);
INSERT INTO Cleaner (ID, Shift) VALUES (596, 'noon');
INSERT INTO Student (ID, RoomID, BuildingID, EnrollmentDate, Major) VALUES (996, 2, 118, '2002-03-14', 'Graphic Design');
INSERT INTO Student (ID, RoomID, BuildingID, EnrollmentDate, Major) VALUES (197, 1, 23, '2000-02-29', 'English Literature');
INSERT INTO Worker (ID, HireDate) VALUES (597, '2016-04-06');
INSERT INTO WorksIn (ID, BuildingID) VALUES (597, 257);
INSERT INTO Cleaner (ID, Shift) VALUES (597, 'morning');
INSERT INTO Worker (ID, HireDate) VALUES (997, '2017-08-03');
INSERT INTO WorksIn (ID, BuildingID) VALUES (997, 77);
INSERT INTO Cleaner (ID, Shift) VALUES (997, 'noon');
INSERT INTO Student (ID, RoomID, BuildingID, EnrollmentDate, Major) VALUES (198, 2, 241, '2010-12-16', 'Nursing');
INSERT INTO Worker (ID, HireDate) VALUES (598, '2017-01-03');
INSERT INTO WorksIn (ID, BuildingID) VALUES (598, 154);
INSERT INTO Cleaner (ID, Shift) VALUES (598, 'morning');
INSERT INTO Worker (ID, HireDate) VALUES (998, '2001-05-24');
INSERT INTO WorksIn (ID, BuildingID) VALUES (998, 220);
INSERT INTO Cleaner (ID, Shift) VALUES (998, 'morning');
INSERT INTO Worker (ID, HireDate) VALUES (199, '2011-03-01');
INSERT INTO WorksIn (ID, BuildingID) VALUES (199, 9);
INSERT INTO Cleaner (ID, Shift) VALUES (199, 'noon');
INSERT INTO Student (ID, RoomID, BuildingID, EnrollmentDate, Major) VALUES (599, 2, 129, '2017-05-04', 'Political Science');
INSERT INTO Worker (ID, HireDate) VALUES (999, '2021-03-09');
INSERT INTO WorksIn (ID, BuildingID) VALUES (999, 25);
INSERT INTO Cleaner (ID, Shift) VALUES (999, 'morning');
INSERT INTO Student (ID, RoomID, BuildingID, EnrollmentDate, Major) VALUES (200, 2, 236, '2010-01-30', 'Computer Science');
INSERT INTO Worker (ID, HireDate) VALUES (600, '2014-03-27');
INSERT INTO WorksIn (ID, BuildingID) VALUES (600, 361);
INSERT INTO Cleaner (ID, Shift) VALUES (600, 'morning');
INSERT INTO Worker (ID, HireDate) VALUES (1000, '2007-09-22');
INSERT INTO WorksIn (ID, BuildingID) VALUES (1000, 347);
INSERT INTO Cleaner (ID, Shift) VALUES (1000, 'noon');
INSERT INTO Student (ID, RoomID, BuildingID, EnrollmentDate, Major) VALUES (201, 1, 81, '2004-07-22', 'History');
INSERT INTO Worker (ID, HireDate) VALUES (601, '2002-10-02');
INSERT INTO WorksIn (ID, BuildingID) VALUES (601, 244);
INSERT INTO Manager (ID, Department) VALUES (601, 'Asset Management');
INSERT INTO Worker (ID, HireDate) VALUES (1001, '2020-06-01');
INSERT INTO WorksIn (ID, BuildingID) VALUES (1001, 209);
INSERT INTO Manager (ID, Department) VALUES (1001, 'Asset Management');
INSERT INTO Worker (ID, HireDate) VALUES (202, '2004-09-03');
INSERT INTO WorksIn (ID, BuildingID) VALUES (202, 26);
INSERT INTO Manager (ID, Department) VALUES (202, 'Asset Management');
INSERT INTO Worker (ID, HireDate) VALUES (602, '2002-07-08');
INSERT INTO WorksIn (ID, BuildingID) VALUES (602, 149);
INSERT INTO Manager (ID, Department) VALUES (602, 'Asset Management');
INSERT INTO Student (ID, RoomID, BuildingID, EnrollmentDate, Major) VALUES (1002, 2, 114, '2004-11-19', 'Computer Science');
INSERT INTO Student (ID, RoomID, BuildingID, EnrollmentDate, Major) VALUES (203, 1, 135, '2011-03-03', 'Environmental Science');
INSERT INTO Worker (ID, HireDate) VALUES (603, '2001-09-23');
INSERT INTO WorksIn (ID, BuildingID) VALUES (603, 341);
INSERT INTO Manager (ID, Department) VALUES (603, 'Asset Management');
INSERT INTO Worker (ID, HireDate) VALUES (1003, '2017-01-19');
INSERT INTO WorksIn (ID, BuildingID) VALUES (1003, 400);
INSERT INTO Manager (ID, Department) VALUES (1003, 'Legal Department');
INSERT INTO Student (ID, RoomID, BuildingID, EnrollmentDate, Major) VALUES (204, 2, 305, '2015-05-17', 'Mechanical Engineering');
INSERT INTO Worker (ID, HireDate) VALUES (604, '2023-11-02');
INSERT INTO WorksIn (ID, BuildingID) VALUES (604, 41);
INSERT INTO Manager (ID, Department) VALUES (604, 'Public Relations');
INSERT INTO Worker (ID, HireDate) VALUES (1004, '2022-03-09');
INSERT INTO WorksIn (ID, BuildingID) VALUES (1004, 214);
INSERT INTO Manager (ID, Department) VALUES (1004, 'Finances');
INSERT INTO Worker (ID, HireDate) VALUES (205, '2013-03-04');
INSERT INTO WorksIn (ID, BuildingID) VALUES (205, 56);
INSERT INTO Manager (ID, Department) VALUES (205, 'Legal Department');
INSERT INTO Student (ID, RoomID, BuildingID, EnrollmentDate, Major) VALUES (605, 2, 103, '2011-03-20', 'English Literature');
INSERT INTO Worker (ID, HireDate) VALUES (1005, '2005-12-09');
INSERT INTO WorksIn (ID, BuildingID) VALUES (1005, 218);
INSERT INTO Manager (ID, Department) VALUES (1005, 'Quality Assurance');
INSERT INTO Worker (ID, HireDate) VALUES (206, '2021-06-07');
INSERT INTO WorksIn (ID, BuildingID) VALUES (206, 78);
INSERT INTO Manager (ID, Department) VALUES (206, 'Research and Development');
INSERT INTO Student (ID, RoomID, BuildingID, EnrollmentDate, Major) VALUES (606, 1, 90, '2016-12-31', 'Computer Science');
INSERT INTO Worker (ID, HireDate) VALUES (1006, '2012-05-30');
INSERT INTO WorksIn (ID, BuildingID) VALUES (1006, 209);
INSERT INTO Manager (ID, Department) VALUES (1006, 'Quality Assurance');
INSERT INTO Worker (ID, HireDate) VALUES (207, '2008-06-29');
INSERT INTO WorksIn (ID, BuildingID) VALUES (207, 309);
INSERT INTO Manager (ID, Department) VALUES (207, 'Finances');
INSERT INTO Worker (ID, HireDate) VALUES (607, '2015-12-29');
INSERT INTO WorksIn (ID, BuildingID) VALUES (607, 311);
INSERT INTO Manager (ID, Department) VALUES (607, 'Asset Management');
INSERT INTO Student (ID, RoomID, BuildingID, EnrollmentDate, Major) VALUES (1007, 1, 144, '2009-02-16', 'English Literature');
INSERT INTO Student (ID, RoomID, BuildingID, EnrollmentDate, Major) VALUES (208, 2, 131, '2003-06-01', 'Graphic Design');
INSERT INTO Worker (ID, HireDate) VALUES (608, '2008-09-06');
INSERT INTO WorksIn (ID, BuildingID) VALUES (608, 30);
INSERT INTO Manager (ID, Department) VALUES (608, 'Public Relations');
INSERT INTO Worker (ID, HireDate) VALUES (1008, '2013-10-10');
INSERT INTO WorksIn (ID, BuildingID) VALUES (1008, 224);
INSERT INTO Manager (ID, Department) VALUES (1008, 'Finances');
INSERT INTO Worker (ID, HireDate) VALUES (209, '2010-09-08');
INSERT INTO WorksIn (ID, BuildingID) VALUES (209, 159);
INSERT INTO Manager (ID, Department) VALUES (209, 'Finances');
INSERT INTO Worker (ID, HireDate) VALUES (609, '2012-06-26');
INSERT INTO WorksIn (ID, BuildingID) VALUES (609, 234);
INSERT INTO Manager (ID, Department) VALUES (609, 'Quality Assurance');
INSERT INTO Student (ID, RoomID, BuildingID, EnrollmentDate, Major) VALUES (1009, 2, 78, '2005-03-04', 'Graphic Design');
INSERT INTO Worker (ID, HireDate) VALUES (210, '2016-09-01');
INSERT INTO WorksIn (ID, BuildingID) VALUES (210, 220);
INSERT INTO Manager (ID, Department) VALUES (210, 'Legal Department');
INSERT INTO Student (ID, RoomID, BuildingID, EnrollmentDate, Major) VALUES (610, 1, 321, '2004-10-08', 'Psychology');
INSERT INTO Worker (ID, HireDate) VALUES (1010, '2003-12-22');
INSERT INTO WorksIn (ID, BuildingID) VALUES (1010, 123);
INSERT INTO Manager (ID, Department) VALUES (1010, 'Legal Department');
INSERT INTO Worker (ID, HireDate) VALUES (211, '2020-04-30');
INSERT INTO WorksIn (ID, BuildingID) VALUES (211, 235);
INSERT INTO Manager (ID, Department) VALUES (211, 'Quality Assurance');
INSERT INTO Worker (ID, HireDate) VALUES (611, '2004-05-28');
INSERT INTO WorksIn (ID, BuildingID) VALUES (611, 92);
INSERT INTO Manager (ID, Department) VALUES (611, 'Public Relations');
INSERT INTO Student (ID, RoomID, BuildingID, EnrollmentDate, Major) VALUES (1011, 2, 238, '2019-02-11', 'Sociology');
INSERT INTO Worker (ID, HireDate) VALUES (212, '2002-09-29');
INSERT INTO WorksIn (ID, BuildingID) VALUES (212, 41);
INSERT INTO Manager (ID, Department) VALUES (212, 'Finances');
INSERT INTO Worker (ID, HireDate) VALUES (612, '2002-03-04');
INSERT INTO WorksIn (ID, BuildingID) VALUES (612, 331);
INSERT INTO Manager (ID, Department) VALUES (612, 'Quality Assurance');
INSERT INTO Student (ID, RoomID, BuildingID, EnrollmentDate, Major) VALUES (1012, 1, 36, '2006-06-12', 'Economics');
INSERT INTO Worker (ID, HireDate) VALUES (213, '2008-08-09');
INSERT INTO WorksIn (ID, BuildingID) VALUES (213, 235);
INSERT INTO Manager (ID, Department) VALUES (213, 'Finances');
INSERT INTO Student (ID, RoomID, BuildingID, EnrollmentDate, Major) VALUES (613, 2, 231, '2022-01-13', 'Psychology');
INSERT INTO Worker (ID, HireDate) VALUES (1013, '2011-02-01');
INSERT INTO WorksIn (ID, BuildingID) VALUES (1013, 346);
INSERT INTO Manager (ID, Department) VALUES (1013, 'Asset Management');
INSERT INTO Worker (ID, HireDate) VALUES (214, '2004-01-05');
INSERT INTO WorksIn (ID, BuildingID) VALUES (214, 53);
INSERT INTO Manager (ID, Department) VALUES (214, 'Customer Service');
INSERT INTO Student (ID, RoomID, BuildingID, EnrollmentDate, Major) VALUES (614, 2, 343, '2021-06-07', 'Accounting');
INSERT INTO Worker (ID, HireDate) VALUES (1014, '2006-06-30');
INSERT INTO WorksIn (ID, BuildingID) VALUES (1014, 42);
INSERT INTO Manager (ID, Department) VALUES (1014, 'Asset Management');
INSERT INTO Worker (ID, HireDate) VALUES (215, '2005-10-01');
INSERT INTO WorksIn (ID, BuildingID) VALUES (215, 113);
INSERT INTO Manager (ID, Department) VALUES (215, 'Public Relations');
INSERT INTO Worker (ID, HireDate) VALUES (615, '2012-10-28');
INSERT INTO WorksIn (ID, BuildingID) VALUES (615, 187);
INSERT INTO Manager (ID, Department) VALUES (615, 'Legal Department');
INSERT INTO Student (ID, RoomID, BuildingID, EnrollmentDate, Major) VALUES (1015, 2, 200, '2009-04-14', 'Environmental Science');
INSERT INTO Worker (ID, HireDate) VALUES (216, '2012-01-23');
INSERT INTO WorksIn (ID, BuildingID) VALUES (216, 252);
INSERT INTO Manager (ID, Department) VALUES (216, 'Public Relations');
INSERT INTO Student (ID, RoomID, BuildingID, EnrollmentDate, Major) VALUES (616, 2, 246, '2010-10-12', 'History');
INSERT INTO Worker (ID, HireDate) VALUES (1016, '2013-04-15');
INSERT INTO WorksIn (ID, BuildingID) VALUES (1016, 46);
INSERT INTO Manager (ID, Department) VALUES (1016, 'Finances');
INSERT INTO Worker (ID, HireDate) VALUES (217, '2014-08-28');
INSERT INTO WorksIn (ID, BuildingID) VALUES (217, 8);
INSERT INTO Manager (ID, Department) VALUES (217, 'Finances');
INSERT INTO Student (ID, RoomID, BuildingID, EnrollmentDate, Major) VALUES (617, 1, 190, '2005-07-28', 'Computer Science');
INSERT INTO Worker (ID, HireDate) VALUES (1017, '2009-02-20');
INSERT INTO WorksIn (ID, BuildingID) VALUES (1017, 277);
INSERT INTO Manager (ID, Department) VALUES (1017, 'Finances');
INSERT INTO Worker (ID, HireDate) VALUES (218, '2000-03-04');
INSERT INTO WorksIn (ID, BuildingID) VALUES (218, 20);
INSERT INTO Manager (ID, Department) VALUES (218, 'Legal Department');
INSERT INTO Worker (ID, HireDate) VALUES (618, '2006-10-22');
INSERT INTO WorksIn (ID, BuildingID) VALUES (618, 134);
INSERT INTO Manager (ID, Department) VALUES (618, 'Public Relations');
INSERT INTO Student (ID, RoomID, BuildingID, EnrollmentDate, Major) VALUES (1018, 2, 338, '2010-04-13', 'Computer Science');
INSERT INTO Worker (ID, HireDate) VALUES (219, '2021-02-27');
INSERT INTO WorksIn (ID, BuildingID) VALUES (219, 4);
INSERT INTO Manager (ID, Department) VALUES (219, 'Public Relations');
INSERT INTO Student (ID, RoomID, BuildingID, EnrollmentDate, Major) VALUES (619, 1, 174, '2003-04-22', 'Physics');
INSERT INTO Worker (ID, HireDate) VALUES (1019, '2013-02-07');
INSERT INTO WorksIn (ID, BuildingID) VALUES (1019, 35);
INSERT INTO Manager (ID, Department) VALUES (1019, 'Research and Development');
INSERT INTO Worker (ID, HireDate) VALUES (220, '2015-07-18');
INSERT INTO WorksIn (ID, BuildingID) VALUES (220, 174);
INSERT INTO Manager (ID, Department) VALUES (220, 'Asset Management');
INSERT INTO Worker (ID, HireDate) VALUES (620, '2007-12-16');
INSERT INTO WorksIn (ID, BuildingID) VALUES (620, 202);
INSERT INTO Manager (ID, Department) VALUES (620, 'Asset Management');
INSERT INTO Student (ID, RoomID, BuildingID, EnrollmentDate, Major) VALUES (1020, 1, 215, '2017-06-15', 'English Literature');
INSERT INTO Student (ID, RoomID, BuildingID, EnrollmentDate, Major) VALUES (221, 1, 38, '2017-04-11', 'Environmental Science');
INSERT INTO Worker (ID, HireDate) VALUES (621, '2018-09-26');
INSERT INTO WorksIn (ID, BuildingID) VALUES (621, 110);
INSERT INTO Manager (ID, Department) VALUES (621, 'Public Relations');
INSERT INTO Worker (ID, HireDate) VALUES (1021, '2007-09-23');
INSERT INTO WorksIn (ID, BuildingID) VALUES (1021, 347);
INSERT INTO Manager (ID, Department) VALUES (1021, 'Asset Management');
INSERT INTO Student (ID, RoomID, BuildingID, EnrollmentDate, Major) VALUES (222, 2, 146, '2012-06-25', 'Sociology');
INSERT INTO Worker (ID, HireDate) VALUES (622, '2020-04-11');
INSERT INTO WorksIn (ID, BuildingID) VALUES (622, 188);
INSERT INTO Manager (ID, Department) VALUES (622, 'Quality Assurance');
INSERT INTO Worker (ID, HireDate) VALUES (1022, '2023-04-30');
INSERT INTO WorksIn (ID, BuildingID) VALUES (1022, 84);
INSERT INTO Manager (ID, Department) VALUES (1022, 'Legal Department');
INSERT INTO Worker (ID, HireDate) VALUES (223, '2014-07-26');
INSERT INTO WorksIn (ID, BuildingID) VALUES (223, 51);
INSERT INTO Manager (ID, Department) VALUES (223, 'Quality Assurance');
INSERT INTO Student (ID, RoomID, BuildingID, EnrollmentDate, Major) VALUES (623, 1, 143, '2018-11-14', 'Accounting');
INSERT INTO Worker (ID, HireDate) VALUES (1023, '2004-04-29');
INSERT INTO WorksIn (ID, BuildingID) VALUES (1023, 192);
INSERT INTO Manager (ID, Department) VALUES (1023, 'Legal Department');
INSERT INTO Student (ID, RoomID, BuildingID, EnrollmentDate, Major) VALUES (224, 1, 105, '2008-01-17', 'Business Administration');
INSERT INTO Worker (ID, HireDate) VALUES (624, '2020-10-23');
INSERT INTO WorksIn (ID, BuildingID) VALUES (624, 20);
INSERT INTO Manager (ID, Department) VALUES (624, 'Legal Department');
INSERT INTO Worker (ID, HireDate) VALUES (1024, '2012-12-05');
INSERT INTO WorksIn (ID, BuildingID) VALUES (1024, 98);
INSERT INTO Manager (ID, Department) VALUES (1024, 'Legal Department');
INSERT INTO Worker (ID, HireDate) VALUES (225, '2000-01-24');
INSERT INTO WorksIn (ID, BuildingID) VALUES (225, 177);
INSERT INTO Manager (ID, Department) VALUES (225, 'Asset Management');
INSERT INTO Worker (ID, HireDate) VALUES (625, '2002-01-05');
INSERT INTO WorksIn (ID, BuildingID) VALUES (625, 353);
INSERT INTO Manager (ID, Department) VALUES (625, 'Research and Development');
INSERT INTO Student (ID, RoomID, BuildingID, EnrollmentDate, Major) VALUES (1025, 2, 328, '2001-05-14', 'Graphic Design');
INSERT INTO Worker (ID, HireDate) VALUES (226, '2009-07-23');
INSERT INTO WorksIn (ID, BuildingID) VALUES (226, 221);
INSERT INTO Manager (ID, Department) VALUES (226, 'Quality Assurance');
INSERT INTO Student (ID, RoomID, BuildingID, EnrollmentDate, Major) VALUES (626, 1, 320, '2021-08-28', 'Economics');
INSERT INTO Worker (ID, HireDate) VALUES (1026, '2021-04-15');
INSERT INTO WorksIn (ID, BuildingID) VALUES (1026, 37);
INSERT INTO Manager (ID, Department) VALUES (1026, 'Legal Department');
INSERT INTO Student (ID, RoomID, BuildingID, EnrollmentDate, Major) VALUES (227, 2, 124, '2016-09-02', 'Political Science');
INSERT INTO Worker (ID, HireDate) VALUES (627, '2000-05-31');
INSERT INTO WorksIn (ID, BuildingID) VALUES (627, 320);
INSERT INTO Manager (ID, Department) VALUES (627, 'Customer Service');
INSERT INTO Worker (ID, HireDate) VALUES (1027, '2019-12-17');
INSERT INTO WorksIn (ID, BuildingID) VALUES (1027, 197);
INSERT INTO Manager (ID, Department) VALUES (1027, 'Public Relations');
INSERT INTO Worker (ID, HireDate) VALUES (228, '2016-06-18');
INSERT INTO WorksIn (ID, BuildingID) VALUES (228, 91);
INSERT INTO Manager (ID, Department) VALUES (228, 'Quality Assurance');
INSERT INTO Worker (ID, HireDate) VALUES (628, '2004-01-02');
INSERT INTO WorksIn (ID, BuildingID) VALUES (628, 28);
INSERT INTO Manager (ID, Department) VALUES (628, 'Asset Management');
INSERT INTO Student (ID, RoomID, BuildingID, EnrollmentDate, Major) VALUES (1028, 2, 219, '2018-06-21', 'English Literature');
INSERT INTO Student (ID, RoomID, BuildingID, EnrollmentDate, Major) VALUES (229, 1, 207, '2022-05-14', 'English Literature');
INSERT INTO Worker (ID, HireDate) VALUES (629, '2009-03-04');
INSERT INTO WorksIn (ID, BuildingID) VALUES (629, 98);
INSERT INTO Manager (ID, Department) VALUES (629, 'Asset Management');
INSERT INTO Worker (ID, HireDate) VALUES (1029, '2018-09-03');
INSERT INTO WorksIn (ID, BuildingID) VALUES (1029, 44);
INSERT INTO Manager (ID, Department) VALUES (1029, 'Legal Department');
INSERT INTO Student (ID, RoomID, BuildingID, EnrollmentDate, Major) VALUES (230, 1, 104, '2003-10-28', 'Environmental Science');
INSERT INTO Worker (ID, HireDate) VALUES (630, '2015-12-15');
INSERT INTO WorksIn (ID, BuildingID) VALUES (630, 170);
INSERT INTO Manager (ID, Department) VALUES (630, 'Finances');
INSERT INTO Worker (ID, HireDate) VALUES (1030, '2007-01-31');
INSERT INTO WorksIn (ID, BuildingID) VALUES (1030, 216);
INSERT INTO Manager (ID, Department) VALUES (1030, 'Legal Department');
INSERT INTO Worker (ID, HireDate) VALUES (231, '2004-01-21');
INSERT INTO WorksIn (ID, BuildingID) VALUES (231, 326);
INSERT INTO Manager (ID, Department) VALUES (231, 'Finances');
INSERT INTO Worker (ID, HireDate) VALUES (631, '2014-05-18');
INSERT INTO WorksIn (ID, BuildingID) VALUES (631, 395);
INSERT INTO Manager (ID, Department) VALUES (631, 'Public Relations');
INSERT INTO Student (ID, RoomID, BuildingID, EnrollmentDate, Major) VALUES (1031, 2, 255, '2004-02-06', 'Psychology');
INSERT INTO Student (ID, RoomID, BuildingID, EnrollmentDate, Major) VALUES (232, 1, 388, '2020-06-21', 'Graphic Design');
INSERT INTO Worker (ID, HireDate) VALUES (632, '2003-07-07');
INSERT INTO WorksIn (ID, BuildingID) VALUES (632, 160);
INSERT INTO Manager (ID, Department) VALUES (632, 'Legal Department');
INSERT INTO Worker (ID, HireDate) VALUES (1032, '2004-10-02');
INSERT INTO WorksIn (ID, BuildingID) VALUES (1032, 122);
INSERT INTO Manager (ID, Department) VALUES (1032, 'Asset Management');
INSERT INTO Student (ID, RoomID, BuildingID, EnrollmentDate, Major) VALUES (233, 2, 298, '2002-12-20', 'Political Science');
INSERT INTO Worker (ID, HireDate) VALUES (633, '2018-02-15');
INSERT INTO WorksIn (ID, BuildingID) VALUES (633, 76);
INSERT INTO Manager (ID, Department) VALUES (633, 'Asset Management');
INSERT INTO Worker (ID, HireDate) VALUES (1033, '2018-10-25');
INSERT INTO WorksIn (ID, BuildingID) VALUES (1033, 302);
INSERT INTO Manager (ID, Department) VALUES (1033, 'Quality Assurance');
INSERT INTO Student (ID, RoomID, BuildingID, EnrollmentDate, Major) VALUES (234, 1, 310, '2005-11-24', 'Biology');
INSERT INTO Worker (ID, HireDate) VALUES (634, '2021-04-05');
INSERT INTO WorksIn (ID, BuildingID) VALUES (634, 111);
INSERT INTO Manager (ID, Department) VALUES (634, 'Finances');
INSERT INTO Worker (ID, HireDate) VALUES (1034, '2011-06-25');
INSERT INTO WorksIn (ID, BuildingID) VALUES (1034, 269);
INSERT INTO Manager (ID, Department) VALUES (1034, 'Research and Development');
INSERT INTO Worker (ID, HireDate) VALUES (235, '2022-06-02');
INSERT INTO WorksIn (ID, BuildingID) VALUES (235, 256);
INSERT INTO Manager (ID, Department) VALUES (235, 'Legal Department');
INSERT INTO Worker (ID, HireDate) VALUES (635, '2005-02-27');
INSERT INTO WorksIn (ID, BuildingID) VALUES (635, 393);
INSERT INTO Manager (ID, Department) VALUES (635, 'Public Relations');
INSERT INTO Student (ID, RoomID, BuildingID, EnrollmentDate, Major) VALUES (1035, 2, 87, '2004-02-27', 'Psychology');
INSERT INTO Worker (ID, HireDate) VALUES (236, '2010-11-30');
INSERT INTO WorksIn (ID, BuildingID) VALUES (236, 132);
INSERT INTO Manager (ID, Department) VALUES (236, 'Quality Assurance');
INSERT INTO Worker (ID, HireDate) VALUES (636, '2007-06-01');
INSERT INTO WorksIn (ID, BuildingID) VALUES (636, 209);
INSERT INTO Manager (ID, Department) VALUES (636, 'Legal Department');
INSERT INTO Student (ID, RoomID, BuildingID, EnrollmentDate, Major) VALUES (1036, 2, 271, '2008-07-18', 'Computer Science');
INSERT INTO Student (ID, RoomID, BuildingID, EnrollmentDate, Major) VALUES (237, 1, 38, '2008-02-23', 'Economics');
INSERT INTO Worker (ID, HireDate) VALUES (637, '2011-08-31');
INSERT INTO WorksIn (ID, BuildingID) VALUES (637, 368);
INSERT INTO Manager (ID, Department) VALUES (637, 'Asset Management');
INSERT INTO Worker (ID, HireDate) VALUES (1037, '2018-06-24');
INSERT INTO WorksIn (ID, BuildingID) VALUES (1037, 50);
INSERT INTO Manager (ID, Department) VALUES (1037, 'Finances');
INSERT INTO Worker (ID, HireDate) VALUES (238, '2009-10-05');
INSERT INTO WorksIn (ID, BuildingID) VALUES (238, 243);
INSERT INTO Manager (ID, Department) VALUES (238, 'Legal Department');
INSERT INTO Student (ID, RoomID, BuildingID, EnrollmentDate, Major) VALUES (638, 1, 356, '2004-09-21', 'Accounting');
INSERT INTO Worker (ID, HireDate) VALUES (1038, '2016-04-14');
INSERT INTO WorksIn (ID, BuildingID) VALUES (1038, 18);
INSERT INTO Manager (ID, Department) VALUES (1038, 'Finances');
INSERT INTO Worker (ID, HireDate) VALUES (239, '2006-01-02');
INSERT INTO WorksIn (ID, BuildingID) VALUES (239, 361);
INSERT INTO Manager (ID, Department) VALUES (239, 'Quality Assurance');
INSERT INTO Student (ID, RoomID, BuildingID, EnrollmentDate, Major) VALUES (639, 1, 4, '2011-05-02', 'Biology');
INSERT INTO Worker (ID, HireDate) VALUES (1039, '2014-08-22');
INSERT INTO WorksIn (ID, BuildingID) VALUES (1039, 302);
INSERT INTO Manager (ID, Department) VALUES (1039, 'Customer Service');
INSERT INTO Worker (ID, HireDate) VALUES (240, '2009-06-17');
INSERT INTO WorksIn (ID, BuildingID) VALUES (240, 153);
INSERT INTO Manager (ID, Department) VALUES (240, 'Quality Assurance');
INSERT INTO Worker (ID, HireDate) VALUES (640, '2021-10-26');
INSERT INTO WorksIn (ID, BuildingID) VALUES (640, 295);
INSERT INTO Manager (ID, Department) VALUES (640, 'Customer Service');
INSERT INTO Student (ID, RoomID, BuildingID, EnrollmentDate, Major) VALUES (1040, 2, 75, '2016-08-08', 'English Literature');
INSERT INTO Student (ID, RoomID, BuildingID, EnrollmentDate, Major) VALUES (241, 1, 34, '2005-08-21', 'Political Science');
INSERT INTO Worker (ID, HireDate) VALUES (641, '2016-04-10');
INSERT INTO WorksIn (ID, BuildingID) VALUES (641, 85);
INSERT INTO Manager (ID, Department) VALUES (641, 'Asset Management');
INSERT INTO Worker (ID, HireDate) VALUES (1041, '2005-08-22');
INSERT INTO WorksIn (ID, BuildingID) VALUES (1041, 189);
INSERT INTO Manager (ID, Department) VALUES (1041, 'Public Relations');
INSERT INTO Worker (ID, HireDate) VALUES (242, '2019-10-30');
INSERT INTO WorksIn (ID, BuildingID) VALUES (242, 56);
INSERT INTO Manager (ID, Department) VALUES (242, 'Customer Service');
INSERT INTO Worker (ID, HireDate) VALUES (642, '2022-11-28');
INSERT INTO WorksIn (ID, BuildingID) VALUES (642, 238);
INSERT INTO Manager (ID, Department) VALUES (642, 'Legal Department');
INSERT INTO Student (ID, RoomID, BuildingID, EnrollmentDate, Major) VALUES (1042, 1, 272, '2002-02-13', 'Physics');
INSERT INTO Student (ID, RoomID, BuildingID, EnrollmentDate, Major) VALUES (243, 2, 163, '2000-01-13', 'Economics');
INSERT INTO Worker (ID, HireDate) VALUES (643, '2022-10-16');
INSERT INTO WorksIn (ID, BuildingID) VALUES (643, 242);
INSERT INTO Manager (ID, Department) VALUES (643, 'Finances');
INSERT INTO Worker (ID, HireDate) VALUES (1043, '2003-05-17');
INSERT INTO WorksIn (ID, BuildingID) VALUES (1043, 310);
INSERT INTO Manager (ID, Department) VALUES (1043, 'Public Relations');
INSERT INTO Worker (ID, HireDate) VALUES (244, '2010-09-18');
INSERT INTO WorksIn (ID, BuildingID) VALUES (244, 275);
INSERT INTO Manager (ID, Department) VALUES (244, 'Finances');
INSERT INTO Student (ID, RoomID, BuildingID, EnrollmentDate, Major) VALUES (644, 1, 49, '2000-03-25', 'Environmental Science');
INSERT INTO Worker (ID, HireDate) VALUES (1044, '2010-02-11');
INSERT INTO WorksIn (ID, BuildingID) VALUES (1044, 18);
INSERT INTO Manager (ID, Department) VALUES (1044, 'Asset Management');
INSERT INTO Worker (ID, HireDate) VALUES (245, '2015-10-14');
INSERT INTO WorksIn (ID, BuildingID) VALUES (245, 41);
INSERT INTO Manager (ID, Department) VALUES (245, 'Research and Development');
INSERT INTO Student (ID, RoomID, BuildingID, EnrollmentDate, Major) VALUES (645, 2, 370, '2007-01-22', 'Accounting');
INSERT INTO Worker (ID, HireDate) VALUES (1045, '2017-02-23');
INSERT INTO WorksIn (ID, BuildingID) VALUES (1045, 273);
INSERT INTO Manager (ID, Department) VALUES (1045, 'Asset Management');
INSERT INTO Worker (ID, HireDate) VALUES (246, '2012-01-24');
INSERT INTO WorksIn (ID, BuildingID) VALUES (246, 109);
INSERT INTO Manager (ID, Department) VALUES (246, 'Customer Service');
INSERT INTO Student (ID, RoomID, BuildingID, EnrollmentDate, Major) VALUES (646, 1, 242, '2014-07-29', 'Environmental Science');
INSERT INTO Worker (ID, HireDate) VALUES (1046, '2010-12-25');
INSERT INTO WorksIn (ID, BuildingID) VALUES (1046, 43);
INSERT INTO Manager (ID, Department) VALUES (1046, 'Finances');
INSERT INTO Worker (ID, HireDate) VALUES (247, '2015-02-11');
INSERT INTO WorksIn (ID, BuildingID) VALUES (247, 132);
INSERT INTO Manager (ID, Department) VALUES (247, 'Quality Assurance');
INSERT INTO Worker (ID, HireDate) VALUES (647, '2023-11-03');
INSERT INTO WorksIn (ID, BuildingID) VALUES (647, 77);
INSERT INTO Manager (ID, Department) VALUES (647, 'Legal Department');
INSERT INTO Student (ID, RoomID, BuildingID, EnrollmentDate, Major) VALUES (1047, 1, 382, '2001-11-08', 'Political Science');
INSERT INTO Worker (ID, HireDate) VALUES (248, '2001-04-10');
INSERT INTO WorksIn (ID, BuildingID) VALUES (248, 133);
INSERT INTO Manager (ID, Department) VALUES (248, 'Quality Assurance');
INSERT INTO Worker (ID, HireDate) VALUES (648, '2009-11-28');
INSERT INTO WorksIn (ID, BuildingID) VALUES (648, 230);
INSERT INTO Manager (ID, Department) VALUES (648, 'Finances');
INSERT INTO Student (ID, RoomID, BuildingID, EnrollmentDate, Major) VALUES (1048, 1, 337, '2006-12-10', 'Economics');
INSERT INTO Worker (ID, HireDate) VALUES (249, '2020-11-29');
INSERT INTO WorksIn (ID, BuildingID) VALUES (249, 47);
INSERT INTO Manager (ID, Department) VALUES (249, 'Asset Management');
INSERT INTO Student (ID, RoomID, BuildingID, EnrollmentDate, Major) VALUES (649, 2, 92, '2012-02-23', 'Biology');
INSERT INTO Worker (ID, HireDate) VALUES (1049, '2008-10-09');
INSERT INTO WorksIn (ID, BuildingID) VALUES (1049, 50);
INSERT INTO Manager (ID, Department) VALUES (1049, 'Research and Development');
INSERT INTO Worker (ID, HireDate) VALUES (250, '2009-07-11');
INSERT INTO WorksIn (ID, BuildingID) VALUES (250, 227);
INSERT INTO Manager (ID, Department) VALUES (250, 'Research and Development');
INSERT INTO Student (ID, RoomID, BuildingID, EnrollmentDate, Major) VALUES (650, 1, 305, '2020-04-23', 'English Literature');
INSERT INTO Worker (ID, HireDate) VALUES (1050, '2003-02-09');
INSERT INTO WorksIn (ID, BuildingID) VALUES (1050, 87);
INSERT INTO Manager (ID, Department) VALUES (1050, 'Finances');
INSERT INTO Worker (ID, HireDate) VALUES (251, '2014-07-22');
INSERT INTO WorksIn (ID, BuildingID) VALUES (251, 206);
INSERT INTO Manager (ID, Department) VALUES (251, 'Asset Management');
INSERT INTO Student (ID, RoomID, BuildingID, EnrollmentDate, Major) VALUES (651, 1, 127, '2020-10-02', 'Computer Science');
INSERT INTO Worker (ID, HireDate) VALUES (1051, '2019-07-09');
INSERT INTO WorksIn (ID, BuildingID) VALUES (1051, 166);
INSERT INTO Manager (ID, Department) VALUES (1051, 'Legal Department');
INSERT INTO Worker (ID, HireDate) VALUES (252, '2016-03-02');
INSERT INTO WorksIn (ID, BuildingID) VALUES (252, 331);
INSERT INTO Manager (ID, Department) VALUES (252, 'Legal Department');
INSERT INTO Worker (ID, HireDate) VALUES (652, '2015-01-20');
INSERT INTO WorksIn (ID, BuildingID) VALUES (652, 57);
INSERT INTO Manager (ID, Department) VALUES (652, 'Legal Department');
INSERT INTO Student (ID, RoomID, BuildingID, EnrollmentDate, Major) VALUES (1052, 2, 145, '2005-02-17', 'Nursing');
INSERT INTO Student (ID, RoomID, BuildingID, EnrollmentDate, Major) VALUES (253, 2, 185, '2020-01-30', 'Physics');
INSERT INTO Worker (ID, HireDate) VALUES (653, '2012-05-02');
INSERT INTO WorksIn (ID, BuildingID) VALUES (653, 202);
INSERT INTO Manager (ID, Department) VALUES (653, 'Customer Service');
INSERT INTO Worker (ID, HireDate) VALUES (1053, '2012-08-19');
INSERT INTO WorksIn (ID, BuildingID) VALUES (1053, 65);
INSERT INTO Manager (ID, Department) VALUES (1053, 'Asset Management');
INSERT INTO Worker (ID, HireDate) VALUES (254, '2002-08-04');
INSERT INTO WorksIn (ID, BuildingID) VALUES (254, 51);
INSERT INTO Manager (ID, Department) VALUES (254, 'Legal Department');
INSERT INTO Student (ID, RoomID, BuildingID, EnrollmentDate, Major) VALUES (654, 1, 249, '2021-11-16', 'Political Science');
INSERT INTO Worker (ID, HireDate) VALUES (1054, '2004-11-18');
INSERT INTO WorksIn (ID, BuildingID) VALUES (1054, 75);
INSERT INTO Manager (ID, Department) VALUES (1054, 'Research and Development');
INSERT INTO Worker (ID, HireDate) VALUES (255, '2006-03-03');
INSERT INTO WorksIn (ID, BuildingID) VALUES (255, 15);
INSERT INTO Manager (ID, Department) VALUES (255, 'Customer Service');
INSERT INTO Worker (ID, HireDate) VALUES (655, '2018-10-04');
INSERT INTO WorksIn (ID, BuildingID) VALUES (655, 201);
INSERT INTO Manager (ID, Department) VALUES (655, 'Legal Department');
INSERT INTO Student (ID, RoomID, BuildingID, EnrollmentDate, Major) VALUES (1055, 1, 391, '2005-06-09', 'Mechanical Engineering');
INSERT INTO Student (ID, RoomID, BuildingID, EnrollmentDate, Major) VALUES (256, 2, 390, '2019-02-02', 'Graphic Design');
INSERT INTO Worker (ID, HireDate) VALUES (656, '2007-02-28');
INSERT INTO WorksIn (ID, BuildingID) VALUES (656, 291);
INSERT INTO Manager (ID, Department) VALUES (656, 'Research and Development');
INSERT INTO Worker (ID, HireDate) VALUES (1056, '2006-10-17');
INSERT INTO WorksIn (ID, BuildingID) VALUES (1056, 78);
INSERT INTO Manager (ID, Department) VALUES (1056, 'Customer Service');
INSERT INTO Worker (ID, HireDate) VALUES (257, '2004-08-17');
INSERT INTO WorksIn (ID, BuildingID) VALUES (257, 395);
INSERT INTO Manager (ID, Department) VALUES (257, 'Asset Management');
INSERT INTO Student (ID, RoomID, BuildingID, EnrollmentDate, Major) VALUES (657, 1, 188, '2017-04-19', 'Environmental Science');
INSERT INTO Worker (ID, HireDate) VALUES (1057, '2014-07-17');
INSERT INTO WorksIn (ID, BuildingID) VALUES (1057, 337);
INSERT INTO Manager (ID, Department) VALUES (1057, 'Customer Service');
INSERT INTO Student (ID, RoomID, BuildingID, EnrollmentDate, Major) VALUES (258, 2, 215, '2023-06-09', 'Graphic Design');
INSERT INTO Worker (ID, HireDate) VALUES (658, '2007-07-18');
INSERT INTO WorksIn (ID, BuildingID) VALUES (658, 24);
INSERT INTO Manager (ID, Department) VALUES (658, 'Public Relations');
INSERT INTO Worker (ID, HireDate) VALUES (1058, '2016-09-02');
INSERT INTO WorksIn (ID, BuildingID) VALUES (1058, 151);
INSERT INTO Manager (ID, Department) VALUES (1058, 'Legal Department');
INSERT INTO Worker (ID, HireDate) VALUES (259, '2006-04-18');
INSERT INTO WorksIn (ID, BuildingID) VALUES (259, 260);
INSERT INTO Manager (ID, Department) VALUES (259, 'Customer Service');
INSERT INTO Worker (ID, HireDate) VALUES (659, '2006-07-24');
INSERT INTO WorksIn (ID, BuildingID) VALUES (659, 316);
INSERT INTO Manager (ID, Department) VALUES (659, 'Finances');
INSERT INTO Student (ID, RoomID, BuildingID, EnrollmentDate, Major) VALUES (1059, 2, 231, '2021-12-02', 'Graphic Design');
INSERT INTO Student (ID, RoomID, BuildingID, EnrollmentDate, Major) VALUES (260, 2, 148, '2003-02-12', 'Mechanical Engineering');
INSERT INTO Worker (ID, HireDate) VALUES (660, '2014-06-25');
INSERT INTO WorksIn (ID, BuildingID) VALUES (660, 227);
INSERT INTO Manager (ID, Department) VALUES (660, 'Quality Assurance');
INSERT INTO Worker (ID, HireDate) VALUES (1060, '2006-02-23');
INSERT INTO WorksIn (ID, BuildingID) VALUES (1060, 191);
INSERT INTO Manager (ID, Department) VALUES (1060, 'Finances');
INSERT INTO Worker (ID, HireDate) VALUES (261, '2009-10-20');
INSERT INTO WorksIn (ID, BuildingID) VALUES (261, 231);
INSERT INTO Manager (ID, Department) VALUES (261, 'Legal Department');
INSERT INTO Student (ID, RoomID, BuildingID, EnrollmentDate, Major) VALUES (661, 1, 197, '2012-05-18', 'Accounting');
INSERT INTO Worker (ID, HireDate) VALUES (1061, '2004-01-13');
INSERT INTO WorksIn (ID, BuildingID) VALUES (1061, 290);
INSERT INTO Manager (ID, Department) VALUES (1061, 'Finances');
INSERT INTO Worker (ID, HireDate) VALUES (262, '2000-04-13');
INSERT INTO WorksIn (ID, BuildingID) VALUES (262, 269);
INSERT INTO Manager (ID, Department) VALUES (262, 'Public Relations');
INSERT INTO Student (ID, RoomID, BuildingID, EnrollmentDate, Major) VALUES (662, 1, 4, '2008-09-03', 'Psychology');
INSERT INTO Worker (ID, HireDate) VALUES (1062, '2017-07-01');
INSERT INTO WorksIn (ID, BuildingID) VALUES (1062, 23);
INSERT INTO Manager (ID, Department) VALUES (1062, 'Public Relations');
INSERT INTO Student (ID, RoomID, BuildingID, EnrollmentDate, Major) VALUES (263, 2, 183, '2012-06-13', 'Biology');
INSERT INTO Worker (ID, HireDate) VALUES (663, '2000-08-05');
INSERT INTO WorksIn (ID, BuildingID) VALUES (663, 226);
INSERT INTO Manager (ID, Department) VALUES (663, 'Legal Department');
INSERT INTO Worker (ID, HireDate) VALUES (1063, '2016-09-06');
INSERT INTO WorksIn (ID, BuildingID) VALUES (1063, 187);
INSERT INTO Manager (ID, Department) VALUES (1063, 'Quality Assurance');
INSERT INTO Student (ID, RoomID, BuildingID, EnrollmentDate, Major) VALUES (264, 2, 62, '2000-01-27', 'Psychology');
INSERT INTO Worker (ID, HireDate) VALUES (664, '2022-01-07');
INSERT INTO WorksIn (ID, BuildingID) VALUES (664, 201);
INSERT INTO Manager (ID, Department) VALUES (664, 'Quality Assurance');
INSERT INTO Worker (ID, HireDate) VALUES (1064, '2007-04-08');
INSERT INTO WorksIn (ID, BuildingID) VALUES (1064, 170);
INSERT INTO Manager (ID, Department) VALUES (1064, 'Public Relations');
INSERT INTO Worker (ID, HireDate) VALUES (265, '2018-02-09');
INSERT INTO WorksIn (ID, BuildingID) VALUES (265, 109);
INSERT INTO Manager (ID, Department) VALUES (265, 'Asset Management');
INSERT INTO Student (ID, RoomID, BuildingID, EnrollmentDate, Major) VALUES (665, 2, 366, '2004-04-21', 'Physics');
INSERT INTO Worker (ID, HireDate) VALUES (1065, '2007-11-01');
INSERT INTO WorksIn (ID, BuildingID) VALUES (1065, 384);
INSERT INTO Manager (ID, Department) VALUES (1065, 'Quality Assurance');
INSERT INTO Worker (ID, HireDate) VALUES (266, '2015-08-15');
INSERT INTO WorksIn (ID, BuildingID) VALUES (266, 366);
INSERT INTO Manager (ID, Department) VALUES (266, 'Finances');
INSERT INTO Student (ID, RoomID, BuildingID, EnrollmentDate, Major) VALUES (666, 2, 46, '2012-08-15', 'Political Science');
INSERT INTO Worker (ID, HireDate) VALUES (1066, '2012-07-16');
INSERT INTO WorksIn (ID, BuildingID) VALUES (1066, 55);
INSERT INTO Manager (ID, Department) VALUES (1066, 'Asset Management');
INSERT INTO Student (ID, RoomID, BuildingID, EnrollmentDate, Major) VALUES (267, 2, 322, '2015-03-06', 'Graphic Design');
INSERT INTO Worker (ID, HireDate) VALUES (667, '2008-07-08');
INSERT INTO WorksIn (ID, BuildingID) VALUES (667, 169);
INSERT INTO Manager (ID, Department) VALUES (667, 'Asset Management');
INSERT INTO Worker (ID, HireDate) VALUES (1067, '2015-11-04');
INSERT INTO WorksIn (ID, BuildingID) VALUES (1067, 83);
INSERT INTO Manager (ID, Department) VALUES (1067, 'Legal Department');
INSERT INTO Student (ID, RoomID, BuildingID, EnrollmentDate, Major) VALUES (268, 2, 246, '2012-01-13', 'Political Science');
INSERT INTO Worker (ID, HireDate) VALUES (668, '2012-09-14');
INSERT INTO WorksIn (ID, BuildingID) VALUES (668, 285);
INSERT INTO Manager (ID, Department) VALUES (668, 'Research and Development');
INSERT INTO Worker (ID, HireDate) VALUES (1068, '2010-06-01');
INSERT INTO WorksIn (ID, BuildingID) VALUES (1068, 1);
INSERT INTO Manager (ID, Department) VALUES (1068, 'Legal Department');
INSERT INTO Student (ID, RoomID, BuildingID, EnrollmentDate, Major) VALUES (269, 1, 389, '2016-11-01', 'English Literature');
INSERT INTO Worker (ID, HireDate) VALUES (669, '2001-04-27');
INSERT INTO WorksIn (ID, BuildingID) VALUES (669, 6);
INSERT INTO Manager (ID, Department) VALUES (669, 'Quality Assurance');
INSERT INTO Worker (ID, HireDate) VALUES (1069, '2014-09-29');
INSERT INTO WorksIn (ID, BuildingID) VALUES (1069, 207);
INSERT INTO Manager (ID, Department) VALUES (1069, 'Asset Management');
INSERT INTO Student (ID, RoomID, BuildingID, EnrollmentDate, Major) VALUES (270, 1, 66, '2010-01-19', 'Mechanical Engineering');
INSERT INTO Worker (ID, HireDate) VALUES (670, '2023-02-24');
INSERT INTO WorksIn (ID, BuildingID) VALUES (670, 94);
INSERT INTO Manager (ID, Department) VALUES (670, 'Quality Assurance');
INSERT INTO Worker (ID, HireDate) VALUES (1070, '2007-12-31');
INSERT INTO WorksIn (ID, BuildingID) VALUES (1070, 376);
INSERT INTO Manager (ID, Department) VALUES (1070, 'Quality Assurance');
INSERT INTO Worker (ID, HireDate) VALUES (271, '2014-12-01');
INSERT INTO WorksIn (ID, BuildingID) VALUES (271, 247);
INSERT INTO Manager (ID, Department) VALUES (271, 'Legal Department');
INSERT INTO Worker (ID, HireDate) VALUES (671, '2007-10-12');
INSERT INTO WorksIn (ID, BuildingID) VALUES (671, 179);
INSERT INTO Manager (ID, Department) VALUES (671, 'Customer Service');
INSERT INTO Student (ID, RoomID, BuildingID, EnrollmentDate, Major) VALUES (1071, 2, 9, '2017-08-15', 'Mechanical Engineering');
INSERT INTO Worker (ID, HireDate) VALUES (272, '2019-05-03');
INSERT INTO WorksIn (ID, BuildingID) VALUES (272, 123);
INSERT INTO Manager (ID, Department) VALUES (272, 'Public Relations');
INSERT INTO Student (ID, RoomID, BuildingID, EnrollmentDate, Major) VALUES (672, 2, 383, '2009-06-07', 'Accounting');
INSERT INTO Worker (ID, HireDate) VALUES (1072, '2011-03-03');
INSERT INTO WorksIn (ID, BuildingID) VALUES (1072, 89);
INSERT INTO Manager (ID, Department) VALUES (1072, 'Legal Department');
INSERT INTO Worker (ID, HireDate) VALUES (273, '2008-04-09');
INSERT INTO WorksIn (ID, BuildingID) VALUES (273, 116);
INSERT INTO Manager (ID, Department) VALUES (273, 'Research and Development');
INSERT INTO Student (ID, RoomID, BuildingID, EnrollmentDate, Major) VALUES (673, 2, 147, '2020-06-23', 'Nursing');
INSERT INTO Worker (ID, HireDate) VALUES (1073, '2008-08-14');
INSERT INTO WorksIn (ID, BuildingID) VALUES (1073, 326);
INSERT INTO Manager (ID, Department) VALUES (1073, 'Finances');
INSERT INTO Worker (ID, HireDate) VALUES (274, '2022-09-26');
INSERT INTO WorksIn (ID, BuildingID) VALUES (274, 137);
INSERT INTO Manager (ID, Department) VALUES (274, 'Finances');
INSERT INTO Worker (ID, HireDate) VALUES (674, '2018-08-14');
INSERT INTO WorksIn (ID, BuildingID) VALUES (674, 176);
INSERT INTO Manager (ID, Department) VALUES (674, 'Customer Service');
INSERT INTO Student (ID, RoomID, BuildingID, EnrollmentDate, Major) VALUES (1074, 1, 204, '2019-12-28', 'Psychology');
INSERT INTO Worker (ID, HireDate) VALUES (275, '2000-09-01');
INSERT INTO WorksIn (ID, BuildingID) VALUES (275, 183);
INSERT INTO Manager (ID, Department) VALUES (275, 'Legal Department');
INSERT INTO Worker (ID, HireDate) VALUES (675, '2017-01-14');
INSERT INTO WorksIn (ID, BuildingID) VALUES (675, 277);
INSERT INTO Manager (ID, Department) VALUES (675, 'Quality Assurance');
INSERT INTO Student (ID, RoomID, BuildingID, EnrollmentDate, Major) VALUES (1075, 1, 191, '2000-08-05', 'Psychology');
INSERT INTO Worker (ID, HireDate) VALUES (276, '2017-05-27');
INSERT INTO WorksIn (ID, BuildingID) VALUES (276, 392);
INSERT INTO Manager (ID, Department) VALUES (276, 'Customer Service');
INSERT INTO Student (ID, RoomID, BuildingID, EnrollmentDate, Major) VALUES (676, 2, 13, '2019-09-03', 'Political Science');
INSERT INTO Worker (ID, HireDate) VALUES (1076, '2020-12-19');
INSERT INTO WorksIn (ID, BuildingID) VALUES (1076, 86);
INSERT INTO Manager (ID, Department) VALUES (1076, 'Asset Management');
INSERT INTO Worker (ID, HireDate) VALUES (277, '2007-01-01');
INSERT INTO WorksIn (ID, BuildingID) VALUES (277, 32);
INSERT INTO Manager (ID, Department) VALUES (277, 'Customer Service');
INSERT INTO Student (ID, RoomID, BuildingID, EnrollmentDate, Major) VALUES (677, 1, 328, '2003-10-15', 'Biology');
INSERT INTO Worker (ID, HireDate) VALUES (1077, '2020-06-09');
INSERT INTO WorksIn (ID, BuildingID) VALUES (1077, 125);
INSERT INTO Manager (ID, Department) VALUES (1077, 'Finances');
INSERT INTO Worker (ID, HireDate) VALUES (278, '2000-03-01');
INSERT INTO WorksIn (ID, BuildingID) VALUES (278, 282);
INSERT INTO Manager (ID, Department) VALUES (278, 'Legal Department');
INSERT INTO Student (ID, RoomID, BuildingID, EnrollmentDate, Major) VALUES (678, 1, 182, '2012-08-05', 'Mechanical Engineering');
INSERT INTO Worker (ID, HireDate) VALUES (1078, '2023-11-06');
INSERT INTO WorksIn (ID, BuildingID) VALUES (1078, 360);
INSERT INTO Manager (ID, Department) VALUES (1078, 'Finances');
INSERT INTO Student (ID, RoomID, BuildingID, EnrollmentDate, Major) VALUES (279, 2, 313, '2002-07-01', 'Physics');
INSERT INTO Worker (ID, HireDate) VALUES (679, '2020-04-04');
INSERT INTO WorksIn (ID, BuildingID) VALUES (679, 385);
INSERT INTO Manager (ID, Department) VALUES (679, 'Legal Department');
INSERT INTO Worker (ID, HireDate) VALUES (1079, '2017-08-30');
INSERT INTO WorksIn (ID, BuildingID) VALUES (1079, 335);
INSERT INTO Manager (ID, Department) VALUES (1079, 'Asset Management');
INSERT INTO Worker (ID, HireDate) VALUES (280, '2002-04-09');
INSERT INTO WorksIn (ID, BuildingID) VALUES (280, 355);
INSERT INTO Manager (ID, Department) VALUES (280, 'Legal Department');
INSERT INTO Worker (ID, HireDate) VALUES (680, '2010-11-06');
INSERT INTO WorksIn (ID, BuildingID) VALUES (680, 107);
INSERT INTO Manager (ID, Department) VALUES (680, 'Finances');
INSERT INTO Student (ID, RoomID, BuildingID, EnrollmentDate, Major) VALUES (1080, 2, 275, '2021-03-21', 'Political Science');
INSERT INTO Worker (ID, HireDate) VALUES (281, '2011-07-20');
INSERT INTO WorksIn (ID, BuildingID) VALUES (281, 392);
INSERT INTO Manager (ID, Department) VALUES (281, 'Finances');
INSERT INTO Worker (ID, HireDate) VALUES (681, '2017-05-06');
INSERT INTO WorksIn (ID, BuildingID) VALUES (681, 285);
INSERT INTO Manager (ID, Department) VALUES (681, 'Finances');
INSERT INTO Student (ID, RoomID, BuildingID, EnrollmentDate, Major) VALUES (1081, 1, 288, '2008-03-07', 'History');
INSERT INTO Worker (ID, HireDate) VALUES (282, '2021-02-19');
INSERT INTO WorksIn (ID, BuildingID) VALUES (282, 262);
INSERT INTO Manager (ID, Department) VALUES (282, 'Legal Department');
INSERT INTO Worker (ID, HireDate) VALUES (682, '2020-08-29');
INSERT INTO WorksIn (ID, BuildingID) VALUES (682, 85);
INSERT INTO Manager (ID, Department) VALUES (682, 'Quality Assurance');
INSERT INTO Student (ID, RoomID, BuildingID, EnrollmentDate, Major) VALUES (1082, 2, 150, '2019-08-05', 'Mechanical Engineering');
INSERT INTO Student (ID, RoomID, BuildingID, EnrollmentDate, Major) VALUES (283, 2, 2, '2008-12-25', 'English Literature');
INSERT INTO Worker (ID, HireDate) VALUES (683, '2013-02-11');
INSERT INTO WorksIn (ID, BuildingID) VALUES (683, 2);
INSERT INTO Manager (ID, Department) VALUES (683, 'Customer Service');
INSERT INTO Worker (ID, HireDate) VALUES (1083, '2023-03-26');
INSERT INTO WorksIn (ID, BuildingID) VALUES (1083, 287);
INSERT INTO Manager (ID, Department) VALUES (1083, 'Legal Department');
INSERT INTO Worker (ID, HireDate) VALUES (284, '2019-08-11');
INSERT INTO WorksIn (ID, BuildingID) VALUES (284, 301);
INSERT INTO Manager (ID, Department) VALUES (284, 'Asset Management');
INSERT INTO Worker (ID, HireDate) VALUES (684, '2004-10-12');
INSERT INTO WorksIn (ID, BuildingID) VALUES (684, 251);
INSERT INTO Manager (ID, Department) VALUES (684, 'Public Relations');
INSERT INTO Student (ID, RoomID, BuildingID, EnrollmentDate, Major) VALUES (1084, 1, 302, '2005-08-04', 'Graphic Design');
INSERT INTO Worker (ID, HireDate) VALUES (285, '2014-03-30');
INSERT INTO WorksIn (ID, BuildingID) VALUES (285, 233);
INSERT INTO Manager (ID, Department) VALUES (285, 'Quality Assurance');
INSERT INTO Student (ID, RoomID, BuildingID, EnrollmentDate, Major) VALUES (685, 2, 295, '2004-05-01', 'Economics');
INSERT INTO Worker (ID, HireDate) VALUES (1085, '2008-11-30');
INSERT INTO WorksIn (ID, BuildingID) VALUES (1085, 79);
INSERT INTO Manager (ID, Department) VALUES (1085, 'Legal Department');
INSERT INTO Student (ID, RoomID, BuildingID, EnrollmentDate, Major) VALUES (286, 2, 116, '2009-10-09', 'Sociology');
INSERT INTO Worker (ID, HireDate) VALUES (686, '2018-08-12');
INSERT INTO WorksIn (ID, BuildingID) VALUES (686, 328);
INSERT INTO Manager (ID, Department) VALUES (686, 'Finances');
INSERT INTO Worker (ID, HireDate) VALUES (1086, '2023-11-27');
INSERT INTO WorksIn (ID, BuildingID) VALUES (1086, 62);
INSERT INTO Manager (ID, Department) VALUES (1086, 'Customer Service');
INSERT INTO Worker (ID, HireDate) VALUES (287, '2018-03-25');
INSERT INTO WorksIn (ID, BuildingID) VALUES (287, 350);
INSERT INTO Manager (ID, Department) VALUES (287, 'Legal Department');
INSERT INTO Student (ID, RoomID, BuildingID, EnrollmentDate, Major) VALUES (687, 2, 187, '2019-03-10', 'Accounting');
INSERT INTO Worker (ID, HireDate) VALUES (1087, '2014-10-05');
INSERT INTO WorksIn (ID, BuildingID) VALUES (1087, 291);
INSERT INTO Manager (ID, Department) VALUES (1087, 'Asset Management');
INSERT INTO Worker (ID, HireDate) VALUES (288, '2008-05-26');
INSERT INTO WorksIn (ID, BuildingID) VALUES (288, 251);
INSERT INTO Manager (ID, Department) VALUES (288, 'Finances');
INSERT INTO Student (ID, RoomID, BuildingID, EnrollmentDate, Major) VALUES (688, 2, 170, '2010-12-05', 'Nursing');
INSERT INTO Worker (ID, HireDate) VALUES (1088, '2012-07-09');
INSERT INTO WorksIn (ID, BuildingID) VALUES (1088, 58);
INSERT INTO Manager (ID, Department) VALUES (1088, 'Legal Department');
INSERT INTO Worker (ID, HireDate) VALUES (289, '2020-01-29');
INSERT INTO WorksIn (ID, BuildingID) VALUES (289, 135);
INSERT INTO Manager (ID, Department) VALUES (289, 'Public Relations');
INSERT INTO Worker (ID, HireDate) VALUES (689, '2019-04-28');
INSERT INTO WorksIn (ID, BuildingID) VALUES (689, 133);
INSERT INTO Manager (ID, Department) VALUES (689, 'Asset Management');
INSERT INTO Student (ID, RoomID, BuildingID, EnrollmentDate, Major) VALUES (1089, 2, 72, '2017-03-06', 'Sociology');
INSERT INTO Student (ID, RoomID, BuildingID, EnrollmentDate, Major) VALUES (290, 1, 114, '2000-01-31', 'Accounting');
INSERT INTO Worker (ID, HireDate) VALUES (690, '2005-06-12');
INSERT INTO WorksIn (ID, BuildingID) VALUES (690, 394);
INSERT INTO Manager (ID, Department) VALUES (690, 'Finances');
INSERT INTO Worker (ID, HireDate) VALUES (1090, '2006-05-15');
INSERT INTO WorksIn (ID, BuildingID) VALUES (1090, 233);
INSERT INTO Manager (ID, Department) VALUES (1090, 'Customer Service');
INSERT INTO Worker (ID, HireDate) VALUES (291, '2015-07-07');
INSERT INTO WorksIn (ID, BuildingID) VALUES (291, 121);
INSERT INTO Manager (ID, Department) VALUES (291, 'Asset Management');
INSERT INTO Worker (ID, HireDate) VALUES (691, '2021-03-01');
INSERT INTO WorksIn (ID, BuildingID) VALUES (691, 381);
INSERT INTO Manager (ID, Department) VALUES (691, 'Legal Department');
INSERT INTO Student (ID, RoomID, BuildingID, EnrollmentDate, Major) VALUES (1091, 2, 57, '2002-12-02', 'Nursing');
INSERT INTO Worker (ID, HireDate) VALUES (292, '2021-12-15');
INSERT INTO WorksIn (ID, BuildingID) VALUES (292, 99);
INSERT INTO Manager (ID, Department) VALUES (292, 'Quality Assurance');
INSERT INTO Student (ID, RoomID, BuildingID, EnrollmentDate, Major) VALUES (692, 1, 382, '2005-01-27', 'Sociology');
INSERT INTO Worker (ID, HireDate) VALUES (1092, '2006-07-09');
INSERT INTO WorksIn (ID, BuildingID) VALUES (1092, 260);
INSERT INTO Manager (ID, Department) VALUES (1092, 'Research and Development');
INSERT INTO Worker (ID, HireDate) VALUES (293, '2001-06-22');
INSERT INTO WorksIn (ID, BuildingID) VALUES (293, 354);
INSERT INTO Manager (ID, Department) VALUES (293, 'Quality Assurance');
INSERT INTO Worker (ID, HireDate) VALUES (693, '2021-12-15');
INSERT INTO WorksIn (ID, BuildingID) VALUES (693, 141);
INSERT INTO Manager (ID, Department) VALUES (693, 'Legal Department');
INSERT INTO Student (ID, RoomID, BuildingID, EnrollmentDate, Major) VALUES (1093, 1, 323, '2000-06-27', 'Physics');
INSERT INTO Worker (ID, HireDate) VALUES (294, '2007-04-05');
INSERT INTO WorksIn (ID, BuildingID) VALUES (294, 68);
INSERT INTO Manager (ID, Department) VALUES (294, 'Public Relations');
INSERT INTO Worker (ID, HireDate) VALUES (694, '2012-09-12');
INSERT INTO WorksIn (ID, BuildingID) VALUES (694, 88);
INSERT INTO Manager (ID, Department) VALUES (694, 'Asset Management');
INSERT INTO Student (ID, RoomID, BuildingID, EnrollmentDate, Major) VALUES (1094, 2, 349, '2016-06-18', 'Psychology');
INSERT INTO Worker (ID, HireDate) VALUES (295, '2018-11-19');
INSERT INTO WorksIn (ID, BuildingID) VALUES (295, 310);
INSERT INTO Manager (ID, Department) VALUES (295, 'Legal Department');
INSERT INTO Student (ID, RoomID, BuildingID, EnrollmentDate, Major) VALUES (695, 2, 38, '2004-11-12', 'Physics');
INSERT INTO Worker (ID, HireDate) VALUES (1095, '2019-05-07');
INSERT INTO WorksIn (ID, BuildingID) VALUES (1095, 23);
INSERT INTO Manager (ID, Department) VALUES (1095, 'Asset Management');
INSERT INTO Student (ID, RoomID, BuildingID, EnrollmentDate, Major) VALUES (296, 2, 235, '2011-07-03', 'Political Science');
INSERT INTO Worker (ID, HireDate) VALUES (696, '2022-09-16');
INSERT INTO WorksIn (ID, BuildingID) VALUES (696, 69);
INSERT INTO Manager (ID, Department) VALUES (696, 'Asset Management');
INSERT INTO Worker (ID, HireDate) VALUES (1096, '2003-12-11');
INSERT INTO WorksIn (ID, BuildingID) VALUES (1096, 149);
INSERT INTO Manager (ID, Department) VALUES (1096, 'Quality Assurance');
INSERT INTO Student (ID, RoomID, BuildingID, EnrollmentDate, Major) VALUES (297, 1, 231, '2002-07-17', 'Political Science');
INSERT INTO Worker (ID, HireDate) VALUES (697, '2015-06-26');
INSERT INTO WorksIn (ID, BuildingID) VALUES (697, 210);
INSERT INTO Manager (ID, Department) VALUES (697, 'Finances');
INSERT INTO Worker (ID, HireDate) VALUES (1097, '2000-01-08');
INSERT INTO WorksIn (ID, BuildingID) VALUES (1097, 252);
INSERT INTO Manager (ID, Department) VALUES (1097, 'Asset Management');
INSERT INTO Worker (ID, HireDate) VALUES (298, '2017-02-28');
INSERT INTO WorksIn (ID, BuildingID) VALUES (298, 291);
INSERT INTO Manager (ID, Department) VALUES (298, 'Quality Assurance');
INSERT INTO Student (ID, RoomID, BuildingID, EnrollmentDate, Major) VALUES (698, 2, 268, '2023-05-28', 'Mechanical Engineering');
INSERT INTO Worker (ID, HireDate) VALUES (1098, '2007-09-21');
INSERT INTO WorksIn (ID, BuildingID) VALUES (1098, 333);
INSERT INTO Manager (ID, Department) VALUES (1098, 'Finances');
INSERT INTO Worker (ID, HireDate) VALUES (299, '2012-02-28');
INSERT INTO WorksIn (ID, BuildingID) VALUES (299, 150);
INSERT INTO Manager (ID, Department) VALUES (299, 'Public Relations');
INSERT INTO Worker (ID, HireDate) VALUES (699, '2015-02-28');
INSERT INTO WorksIn (ID, BuildingID) VALUES (699, 342);
INSERT INTO Manager (ID, Department) VALUES (699, 'Legal Department');
INSERT INTO Student (ID, RoomID, BuildingID, EnrollmentDate, Major) VALUES (1099, 1, 330, '2010-01-11', 'History');
INSERT INTO Worker (ID, HireDate) VALUES (300, '2006-07-22');
INSERT INTO WorksIn (ID, BuildingID) VALUES (300, 161);
INSERT INTO Manager (ID, Department) VALUES (300, 'Finances');
INSERT INTO Student (ID, RoomID, BuildingID, EnrollmentDate, Major) VALUES (700, 2, 195, '2013-11-05', 'Environmental Science');
INSERT INTO Worker (ID, HireDate) VALUES (1100, '2007-12-19');
INSERT INTO WorksIn (ID, BuildingID) VALUES (1100, 150);
INSERT INTO Manager (ID, Department) VALUES (1100, 'Asset Management');
INSERT INTO Worker (ID, HireDate) VALUES (301, '2023-08-10');
INSERT INTO WorksIn (ID, BuildingID) VALUES (301, 323);
INSERT INTO Manager (ID, Department) VALUES (301, 'Asset Management');
INSERT INTO Student (ID, RoomID, BuildingID, EnrollmentDate, Major) VALUES (701, 1, 196, '2000-03-02', 'Mechanical Engineering');
INSERT INTO Worker (ID, HireDate) VALUES (1101, '2017-09-26');
INSERT INTO WorksIn (ID, BuildingID) VALUES (1101, 146);
INSERT INTO Manager (ID, Department) VALUES (1101, 'Asset Management');
INSERT INTO Worker (ID, HireDate) VALUES (302, '2008-10-21');
INSERT INTO WorksIn (ID, BuildingID) VALUES (302, 235);
INSERT INTO Manager (ID, Department) VALUES (302, 'Legal Department');
INSERT INTO Worker (ID, HireDate) VALUES (702, '2017-08-28');
INSERT INTO WorksIn (ID, BuildingID) VALUES (702, 196);
INSERT INTO Manager (ID, Department) VALUES (702, 'Research and Development');
INSERT INTO Student (ID, RoomID, BuildingID, EnrollmentDate, Major) VALUES (1102, 1, 105, '2009-05-26', 'Nursing');
INSERT INTO Worker (ID, HireDate) VALUES (303, '2004-03-20');
INSERT INTO WorksIn (ID, BuildingID) VALUES (303, 320);
INSERT INTO Manager (ID, Department) VALUES (303, 'Public Relations');
INSERT INTO Worker (ID, HireDate) VALUES (703, '2012-12-14');
INSERT INTO WorksIn (ID, BuildingID) VALUES (703, 105);
INSERT INTO Manager (ID, Department) VALUES (703, 'Finances');
INSERT INTO Student (ID, RoomID, BuildingID, EnrollmentDate, Major) VALUES (1103, 1, 321, '2006-10-21', 'English Literature');
INSERT INTO Worker (ID, HireDate) VALUES (304, '2017-10-21');
INSERT INTO WorksIn (ID, BuildingID) VALUES (304, 355);
INSERT INTO Manager (ID, Department) VALUES (304, 'Public Relations');
INSERT INTO Student (ID, RoomID, BuildingID, EnrollmentDate, Major) VALUES (704, 1, 191, '2010-07-01', 'Physics');
INSERT INTO Worker (ID, HireDate) VALUES (1104, '2012-04-03');
INSERT INTO WorksIn (ID, BuildingID) VALUES (1104, 23);
INSERT INTO Manager (ID, Department) VALUES (1104, 'Customer Service');
INSERT INTO Worker (ID, HireDate) VALUES (305, '2014-04-03');
INSERT INTO WorksIn (ID, BuildingID) VALUES (305, 207);
INSERT INTO Manager (ID, Department) VALUES (305, 'Public Relations');
INSERT INTO Student (ID, RoomID, BuildingID, EnrollmentDate, Major) VALUES (705, 2, 108, '2006-08-26', 'Political Science');
INSERT INTO Worker (ID, HireDate) VALUES (1105, '2016-08-13');
INSERT INTO WorksIn (ID, BuildingID) VALUES (1105, 147);
INSERT INTO Manager (ID, Department) VALUES (1105, 'Quality Assurance');
INSERT INTO Worker (ID, HireDate) VALUES (306, '2021-12-09');
INSERT INTO WorksIn (ID, BuildingID) VALUES (306, 170);
INSERT INTO Manager (ID, Department) VALUES (306, 'Legal Department');
INSERT INTO Student (ID, RoomID, BuildingID, EnrollmentDate, Major) VALUES (706, 2, 116, '2003-10-25', 'Economics');
INSERT INTO Worker (ID, HireDate) VALUES (1106, '2007-08-12');
INSERT INTO WorksIn (ID, BuildingID) VALUES (1106, 335);
INSERT INTO Manager (ID, Department) VALUES (1106, 'Customer Service');
INSERT INTO Worker (ID, HireDate) VALUES (307, '2008-09-02');
INSERT INTO WorksIn (ID, BuildingID) VALUES (307, 142);
INSERT INTO Manager (ID, Department) VALUES (307, 'Legal Department');
INSERT INTO Worker (ID, HireDate) VALUES (707, '2005-11-15');
INSERT INTO WorksIn (ID, BuildingID) VALUES (707, 230);
INSERT INTO Manager (ID, Department) VALUES (707, 'Asset Management');
INSERT INTO Student (ID, RoomID, BuildingID, EnrollmentDate, Major) VALUES (1107, 1, 256, '2017-01-03', 'Computer Science');
INSERT INTO Worker (ID, HireDate) VALUES (308, '2023-02-07');
INSERT INTO WorksIn (ID, BuildingID) VALUES (308, 142);
INSERT INTO Manager (ID, Department) VALUES (308, 'Legal Department');
INSERT INTO Worker (ID, HireDate) VALUES (708, '2002-06-07');
INSERT INTO WorksIn (ID, BuildingID) VALUES (708, 188);
INSERT INTO Manager (ID, Department) VALUES (708, 'Finances');
INSERT INTO Student (ID, RoomID, BuildingID, EnrollmentDate, Major) VALUES (1108, 1, 9, '2016-10-22', 'Economics');
INSERT INTO Student (ID, RoomID, BuildingID, EnrollmentDate, Major) VALUES (309, 2, 199, '2017-04-17', 'Mechanical Engineering');
INSERT INTO Worker (ID, HireDate) VALUES (709, '2001-12-14');
INSERT INTO WorksIn (ID, BuildingID) VALUES (709, 55);
INSERT INTO Manager (ID, Department) VALUES (709, 'Research and Development');
INSERT INTO Worker (ID, HireDate) VALUES (1109, '2005-09-15');
INSERT INTO WorksIn (ID, BuildingID) VALUES (1109, 331);
INSERT INTO Manager (ID, Department) VALUES (1109, 'Customer Service');
INSERT INTO Worker (ID, HireDate) VALUES (310, '2018-02-02');
INSERT INTO WorksIn (ID, BuildingID) VALUES (310, 84);
INSERT INTO Manager (ID, Department) VALUES (310, 'Asset Management');
INSERT INTO Worker (ID, HireDate) VALUES (710, '2003-04-13');
INSERT INTO WorksIn (ID, BuildingID) VALUES (710, 350);
INSERT INTO Manager (ID, Department) VALUES (710, 'Finances');
INSERT INTO Student (ID, RoomID, BuildingID, EnrollmentDate, Major) VALUES (1110, 2, 234, '2003-01-11', 'Nursing');
INSERT INTO Student (ID, RoomID, BuildingID, EnrollmentDate, Major) VALUES (311, 1, 62, '2003-07-05', 'Nursing');
INSERT INTO Worker (ID, HireDate) VALUES (711, '2002-07-26');
INSERT INTO WorksIn (ID, BuildingID) VALUES (711, 90);
INSERT INTO Manager (ID, Department) VALUES (711, 'Quality Assurance');
INSERT INTO Worker (ID, HireDate) VALUES (1111, '2013-09-07');
INSERT INTO WorksIn (ID, BuildingID) VALUES (1111, 69);
INSERT INTO Manager (ID, Department) VALUES (1111, 'Research and Development');
INSERT INTO Worker (ID, HireDate) VALUES (312, '2016-03-14');
INSERT INTO WorksIn (ID, BuildingID) VALUES (312, 276);
INSERT INTO Manager (ID, Department) VALUES (312, 'Public Relations');
INSERT INTO Student (ID, RoomID, BuildingID, EnrollmentDate, Major) VALUES (712, 2, 384, '2011-12-26', 'Graphic Design');
INSERT INTO Worker (ID, HireDate) VALUES (1112, '2022-12-11');
INSERT INTO WorksIn (ID, BuildingID) VALUES (1112, 35);
INSERT INTO Manager (ID, Department) VALUES (1112, 'Legal Department');
INSERT INTO Worker (ID, HireDate) VALUES (313, '2012-03-12');
INSERT INTO WorksIn (ID, BuildingID) VALUES (313, 5);
INSERT INTO Manager (ID, Department) VALUES (313, 'Customer Service');
INSERT INTO Worker (ID, HireDate) VALUES (713, '2001-07-04');
INSERT INTO WorksIn (ID, BuildingID) VALUES (713, 144);
INSERT INTO Manager (ID, Department) VALUES (713, 'Legal Department');
INSERT INTO Student (ID, RoomID, BuildingID, EnrollmentDate, Major) VALUES (1113, 1, 68, '2016-02-08', 'Physics');
INSERT INTO Worker (ID, HireDate) VALUES (314, '2014-06-12');
INSERT INTO WorksIn (ID, BuildingID) VALUES (314, 228);
INSERT INTO Manager (ID, Department) VALUES (314, 'Finances');
INSERT INTO Student (ID, RoomID, BuildingID, EnrollmentDate, Major) VALUES (714, 1, 28, '2006-08-24', 'Biology');
INSERT INTO Worker (ID, HireDate) VALUES (1114, '2016-04-10');
INSERT INTO WorksIn (ID, BuildingID) VALUES (1114, 50);
INSERT INTO Manager (ID, Department) VALUES (1114, 'Legal Department');
INSERT INTO Worker (ID, HireDate) VALUES (315, '2003-06-06');
INSERT INTO WorksIn (ID, BuildingID) VALUES (315, 29);
INSERT INTO Manager (ID, Department) VALUES (315, 'Finances');
INSERT INTO Student (ID, RoomID, BuildingID, EnrollmentDate, Major) VALUES (715, 1, 193, '2015-03-09', 'Economics');
INSERT INTO Worker (ID, HireDate) VALUES (1115, '2016-01-12');
INSERT INTO WorksIn (ID, BuildingID) VALUES (1115, 124);
INSERT INTO Manager (ID, Department) VALUES (1115, 'Finances');
INSERT INTO Worker (ID, HireDate) VALUES (316, '2023-07-02');
INSERT INTO WorksIn (ID, BuildingID) VALUES (316, 161);
INSERT INTO Manager (ID, Department) VALUES (316, 'Quality Assurance');
INSERT INTO Worker (ID, HireDate) VALUES (716, '2011-11-24');
INSERT INTO WorksIn (ID, BuildingID) VALUES (716, 131);
INSERT INTO Manager (ID, Department) VALUES (716, 'Asset Management');
INSERT INTO Student (ID, RoomID, BuildingID, EnrollmentDate, Major) VALUES (1116, 1, 2, '2022-04-18', 'Graphic Design');
INSERT INTO Student (ID, RoomID, BuildingID, EnrollmentDate, Major) VALUES (317, 1, 316, '2006-05-21', 'Business Administration');
INSERT INTO Worker (ID, HireDate) VALUES (717, '2002-11-13');
INSERT INTO WorksIn (ID, BuildingID) VALUES (717, 177);
INSERT INTO Manager (ID, Department) VALUES (717, 'Quality Assurance');
INSERT INTO Worker (ID, HireDate) VALUES (1117, '2000-06-27');
INSERT INTO WorksIn (ID, BuildingID) VALUES (1117, 132);
INSERT INTO Manager (ID, Department) VALUES (1117, 'Legal Department');
INSERT INTO Worker (ID, HireDate) VALUES (318, '2008-07-13');
INSERT INTO WorksIn (ID, BuildingID) VALUES (318, 218);
INSERT INTO Manager (ID, Department) VALUES (318, 'Public Relations');
INSERT INTO Worker (ID, HireDate) VALUES (718, '2018-03-31');
INSERT INTO WorksIn (ID, BuildingID) VALUES (718, 25);
INSERT INTO Manager (ID, Department) VALUES (718, 'Quality Assurance');
INSERT INTO Student (ID, RoomID, BuildingID, EnrollmentDate, Major) VALUES (1118, 2, 295, '2013-09-05', 'Psychology');
INSERT INTO Worker (ID, HireDate) VALUES (319, '2012-07-27');
INSERT INTO WorksIn (ID, BuildingID) VALUES (319, 320);
INSERT INTO Manager (ID, Department) VALUES (319, 'Legal Department');
INSERT INTO Student (ID, RoomID, BuildingID, EnrollmentDate, Major) VALUES (719, 1, 10, '2002-02-11', 'Psychology');
INSERT INTO Worker (ID, HireDate) VALUES (1119, '2015-09-12');
INSERT INTO WorksIn (ID, BuildingID) VALUES (1119, 35);
INSERT INTO Manager (ID, Department) VALUES (1119, 'Legal Department');
INSERT INTO Worker (ID, HireDate) VALUES (320, '2016-10-16');
INSERT INTO WorksIn (ID, BuildingID) VALUES (320, 38);
INSERT INTO Manager (ID, Department) VALUES (320, 'Public Relations');
INSERT INTO Worker (ID, HireDate) VALUES (720, '2006-04-08');
INSERT INTO WorksIn (ID, BuildingID) VALUES (720, 148);
INSERT INTO Manager (ID, Department) VALUES (720, 'Asset Management');
INSERT INTO Student (ID, RoomID, BuildingID, EnrollmentDate, Major) VALUES (1120, 2, 111, '2005-12-25', 'Computer Science');
INSERT INTO Student (ID, RoomID, BuildingID, EnrollmentDate, Major) VALUES (321, 2, 38, '2020-03-20', 'Psychology');
INSERT INTO Worker (ID, HireDate) VALUES (721, '2013-02-17');
INSERT INTO WorksIn (ID, BuildingID) VALUES (721, 106);
INSERT INTO Manager (ID, Department) VALUES (721, 'Research and Development');
INSERT INTO Worker (ID, HireDate) VALUES (1121, '2004-07-19');
INSERT INTO WorksIn (ID, BuildingID) VALUES (1121, 264);
INSERT INTO Manager (ID, Department) VALUES (1121, 'Customer Service');
INSERT INTO Worker (ID, HireDate) VALUES (322, '2008-06-25');
INSERT INTO WorksIn (ID, BuildingID) VALUES (322, 89);
INSERT INTO Manager (ID, Department) VALUES (322, 'Finances');
INSERT INTO Worker (ID, HireDate) VALUES (722, '2010-03-23');
INSERT INTO WorksIn (ID, BuildingID) VALUES (722, 108);
INSERT INTO Manager (ID, Department) VALUES (722, 'Research and Development');
INSERT INTO Student (ID, RoomID, BuildingID, EnrollmentDate, Major) VALUES (1122, 1, 208, '2021-02-07', 'Physics');
INSERT INTO Worker (ID, HireDate) VALUES (323, '2018-07-22');
INSERT INTO WorksIn (ID, BuildingID) VALUES (323, 82);
INSERT INTO Manager (ID, Department) VALUES (323, 'Public Relations');
INSERT INTO Student (ID, RoomID, BuildingID, EnrollmentDate, Major) VALUES (723, 2, 145, '2000-04-23', 'Computer Science');
INSERT INTO Worker (ID, HireDate) VALUES (1123, '2000-07-16');
INSERT INTO WorksIn (ID, BuildingID) VALUES (1123, 122);
INSERT INTO Manager (ID, Department) VALUES (1123, 'Research and Development');
INSERT INTO Worker (ID, HireDate) VALUES (324, '2015-12-13');
INSERT INTO WorksIn (ID, BuildingID) VALUES (324, 90);
INSERT INTO Manager (ID, Department) VALUES (324, 'Legal Department');
INSERT INTO Worker (ID, HireDate) VALUES (724, '2020-03-05');
INSERT INTO WorksIn (ID, BuildingID) VALUES (724, 312);
INSERT INTO Manager (ID, Department) VALUES (724, 'Customer Service');
INSERT INTO Student (ID, RoomID, BuildingID, EnrollmentDate, Major) VALUES (1124, 2, 149, '2008-01-23', 'Economics');
INSERT INTO Worker (ID, HireDate) VALUES (325, '2010-07-23');
INSERT INTO WorksIn (ID, BuildingID) VALUES (325, 343);
INSERT INTO Manager (ID, Department) VALUES (325, 'Public Relations');
INSERT INTO Worker (ID, HireDate) VALUES (725, '2023-08-07');
INSERT INTO WorksIn (ID, BuildingID) VALUES (725, 291);
INSERT INTO Manager (ID, Department) VALUES (725, 'Finances');
INSERT INTO Student (ID, RoomID, BuildingID, EnrollmentDate, Major) VALUES (1125, 1, 183, '2007-11-18', 'Economics');
INSERT INTO Student (ID, RoomID, BuildingID, EnrollmentDate, Major) VALUES (326, 1, 147, '2006-03-07', 'Graphic Design');
INSERT INTO Worker (ID, HireDate) VALUES (726, '2002-08-27');
INSERT INTO WorksIn (ID, BuildingID) VALUES (726, 113);
INSERT INTO Manager (ID, Department) VALUES (726, 'Customer Service');
INSERT INTO Worker (ID, HireDate) VALUES (1126, '2016-04-04');
INSERT INTO WorksIn (ID, BuildingID) VALUES (1126, 26);
INSERT INTO Manager (ID, Department) VALUES (1126, 'Quality Assurance');
INSERT INTO Worker (ID, HireDate) VALUES (327, '2008-12-14');
INSERT INTO WorksIn (ID, BuildingID) VALUES (327, 372);
INSERT INTO Manager (ID, Department) VALUES (327, 'Legal Department');
INSERT INTO Worker (ID, HireDate) VALUES (727, '2022-05-12');
INSERT INTO WorksIn (ID, BuildingID) VALUES (727, 332);
INSERT INTO Manager (ID, Department) VALUES (727, 'Finances');
INSERT INTO Student (ID, RoomID, BuildingID, EnrollmentDate, Major) VALUES (1127, 1, 208, '2012-08-10', 'History');
INSERT INTO Student (ID, RoomID, BuildingID, EnrollmentDate, Major) VALUES (328, 2, 29, '2015-11-29', 'Graphic Design');
INSERT INTO Worker (ID, HireDate) VALUES (728, '2010-03-25');
INSERT INTO WorksIn (ID, BuildingID) VALUES (728, 267);
INSERT INTO Manager (ID, Department) VALUES (728, 'Asset Management');
INSERT INTO Worker (ID, HireDate) VALUES (1128, '2023-12-07');
INSERT INTO WorksIn (ID, BuildingID) VALUES (1128, 12);
INSERT INTO Manager (ID, Department) VALUES (1128, 'Research and Development');
INSERT INTO Worker (ID, HireDate) VALUES (329, '2006-09-01');
INSERT INTO WorksIn (ID, BuildingID) VALUES (329, 79);
INSERT INTO Manager (ID, Department) VALUES (329, 'Quality Assurance');
INSERT INTO Worker (ID, HireDate) VALUES (729, '2007-03-11');
INSERT INTO WorksIn (ID, BuildingID) VALUES (729, 63);
INSERT INTO Manager (ID, Department) VALUES (729, 'Quality Assurance');
INSERT INTO Student (ID, RoomID, BuildingID, EnrollmentDate, Major) VALUES (1129, 2, 110, '2017-08-28', 'English Literature');
INSERT INTO Worker (ID, HireDate) VALUES (330, '2023-11-11');
INSERT INTO WorksIn (ID, BuildingID) VALUES (330, 275);
INSERT INTO Manager (ID, Department) VALUES (330, 'Finances');
INSERT INTO Student (ID, RoomID, BuildingID, EnrollmentDate, Major) VALUES (730, 1, 325, '2003-09-21', 'Accounting');
INSERT INTO Worker (ID, HireDate) VALUES (1130, '2003-09-02');
INSERT INTO WorksIn (ID, BuildingID) VALUES (1130, 38);
INSERT INTO Manager (ID, Department) VALUES (1130, 'Quality Assurance');
INSERT INTO Worker (ID, HireDate) VALUES (331, '2018-06-21');
INSERT INTO WorksIn (ID, BuildingID) VALUES (331, 326);
INSERT INTO Manager (ID, Department) VALUES (331, 'Legal Department');
INSERT INTO Worker (ID, HireDate) VALUES (731, '2005-07-03');
INSERT INTO WorksIn (ID, BuildingID) VALUES (731, 335);
INSERT INTO Manager (ID, Department) VALUES (731, 'Legal Department');
INSERT INTO Student (ID, RoomID, BuildingID, EnrollmentDate, Major) VALUES (1131, 2, 27, '2011-08-31', 'Physics');
INSERT INTO Worker (ID, HireDate) VALUES (332, '2007-08-16');
INSERT INTO WorksIn (ID, BuildingID) VALUES (332, 73);
INSERT INTO Manager (ID, Department) VALUES (332, 'Public Relations');
INSERT INTO Worker (ID, HireDate) VALUES (732, '2019-08-08');
INSERT INTO WorksIn (ID, BuildingID) VALUES (732, 179);
INSERT INTO Manager (ID, Department) VALUES (732, 'Customer Service');
INSERT INTO Student (ID, RoomID, BuildingID, EnrollmentDate, Major) VALUES (1132, 2, 320, '2008-07-04', 'Sociology');
INSERT INTO Student (ID, RoomID, BuildingID, EnrollmentDate, Major) VALUES (333, 1, 90, '2021-12-26', 'Political Science');
INSERT INTO Worker (ID, HireDate) VALUES (733, '2003-12-26');
INSERT INTO WorksIn (ID, BuildingID) VALUES (733, 331);
INSERT INTO Manager (ID, Department) VALUES (733, 'Finances');
INSERT INTO Worker (ID, HireDate) VALUES (1133, '2006-02-13');
INSERT INTO WorksIn (ID, BuildingID) VALUES (1133, 63);
INSERT INTO Manager (ID, Department) VALUES (1133, 'Quality Assurance');
INSERT INTO Worker (ID, HireDate) VALUES (334, '2016-01-31');
INSERT INTO WorksIn (ID, BuildingID) VALUES (334, 360);
INSERT INTO Manager (ID, Department) VALUES (334, 'Public Relations');
INSERT INTO Student (ID, RoomID, BuildingID, EnrollmentDate, Major) VALUES (734, 1, 87, '2020-06-27', 'Environmental Science');
INSERT INTO Worker (ID, HireDate) VALUES (1134, '2006-04-26');
INSERT INTO WorksIn (ID, BuildingID) VALUES (1134, 347);
INSERT INTO Manager (ID, Department) VALUES (1134, 'Research and Development');
INSERT INTO Student (ID, RoomID, BuildingID, EnrollmentDate, Major) VALUES (335, 1, 288, '2008-02-04', 'Nursing');
INSERT INTO Worker (ID, HireDate) VALUES (735, '2012-08-28');
INSERT INTO WorksIn (ID, BuildingID) VALUES (735, 33);
INSERT INTO Manager (ID, Department) VALUES (735, 'Public Relations');
INSERT INTO Worker (ID, HireDate) VALUES (1135, '2011-08-29');
INSERT INTO WorksIn (ID, BuildingID) VALUES (1135, 23);
INSERT INTO Manager (ID, Department) VALUES (1135, 'Customer Service');
INSERT INTO Worker (ID, HireDate) VALUES (336, '2010-04-30');
INSERT INTO WorksIn (ID, BuildingID) VALUES (336, 91);
INSERT INTO Manager (ID, Department) VALUES (336, 'Asset Management');
INSERT INTO Student (ID, RoomID, BuildingID, EnrollmentDate, Major) VALUES (736, 2, 253, '2020-05-21', 'Mechanical Engineering');
INSERT INTO Worker (ID, HireDate) VALUES (1136, '2012-09-28');
INSERT INTO WorksIn (ID, BuildingID) VALUES (1136, 239);
INSERT INTO Manager (ID, Department) VALUES (1136, 'Asset Management');
INSERT INTO Student (ID, RoomID, BuildingID, EnrollmentDate, Major) VALUES (337, 1, 335, '2023-06-13', 'Business Administration');
INSERT INTO Worker (ID, HireDate) VALUES (737, '2002-07-29');
INSERT INTO WorksIn (ID, BuildingID) VALUES (737, 397);
INSERT INTO Manager (ID, Department) VALUES (737, 'Finances');
INSERT INTO Worker (ID, HireDate) VALUES (1137, '2010-07-22');
INSERT INTO WorksIn (ID, BuildingID) VALUES (1137, 88);
INSERT INTO Manager (ID, Department) VALUES (1137, 'Legal Department');
INSERT INTO Worker (ID, HireDate) VALUES (338, '2005-03-25');
INSERT INTO WorksIn (ID, BuildingID) VALUES (338, 185);
INSERT INTO Manager (ID, Department) VALUES (338, 'Legal Department');
INSERT INTO Student (ID, RoomID, BuildingID, EnrollmentDate, Major) VALUES (738, 2, 165, '2002-11-22', 'Business Administration');
INSERT INTO Worker (ID, HireDate) VALUES (1138, '2012-05-19');
INSERT INTO WorksIn (ID, BuildingID) VALUES (1138, 195);
INSERT INTO Manager (ID, Department) VALUES (1138, 'Finances');
INSERT INTO Worker (ID, HireDate) VALUES (339, '2011-11-03');
INSERT INTO WorksIn (ID, BuildingID) VALUES (339, 92);
INSERT INTO Manager (ID, Department) VALUES (339, 'Research and Development');
INSERT INTO Student (ID, RoomID, BuildingID, EnrollmentDate, Major) VALUES (739, 2, 365, '2004-02-29', 'Business Administration');
INSERT INTO Worker (ID, HireDate) VALUES (1139, '2013-03-02');
INSERT INTO WorksIn (ID, BuildingID) VALUES (1139, 135);
INSERT INTO Manager (ID, Department) VALUES (1139, 'Asset Management');
INSERT INTO Worker (ID, HireDate) VALUES (340, '2014-11-30');
INSERT INTO WorksIn (ID, BuildingID) VALUES (340, 1);
INSERT INTO Manager (ID, Department) VALUES (340, 'Research and Development');
INSERT INTO Student (ID, RoomID, BuildingID, EnrollmentDate, Major) VALUES (740, 1, 28, '2010-01-27', 'Graphic Design');
INSERT INTO Worker (ID, HireDate) VALUES (1140, '2014-04-18');
INSERT INTO WorksIn (ID, BuildingID) VALUES (1140, 225);
INSERT INTO Manager (ID, Department) VALUES (1140, 'Public Relations');
INSERT INTO Student (ID, RoomID, BuildingID, EnrollmentDate, Major) VALUES (341, 1, 243, '2019-07-18', 'Biology');
INSERT INTO Worker (ID, HireDate) VALUES (741, '2002-01-08');
INSERT INTO WorksIn (ID, BuildingID) VALUES (741, 16);
INSERT INTO Manager (ID, Department) VALUES (741, 'Finances');
INSERT INTO Worker (ID, HireDate) VALUES (1141, '2013-04-05');
INSERT INTO WorksIn (ID, BuildingID) VALUES (1141, 59);
INSERT INTO Manager (ID, Department) VALUES (1141, 'Legal Department');
INSERT INTO Worker (ID, HireDate) VALUES (342, '2017-09-23');
INSERT INTO WorksIn (ID, BuildingID) VALUES (342, 332);
INSERT INTO Manager (ID, Department) VALUES (342, 'Quality Assurance');
INSERT INTO Worker (ID, HireDate) VALUES (742, '2018-10-07');
INSERT INTO WorksIn (ID, BuildingID) VALUES (742, 30);
INSERT INTO Manager (ID, Department) VALUES (742, 'Public Relations');
INSERT INTO Student (ID, RoomID, BuildingID, EnrollmentDate, Major) VALUES (1142, 2, 113, '2010-11-13', 'Mechanical Engineering');
INSERT INTO Worker (ID, HireDate) VALUES (343, '2004-05-28');
INSERT INTO WorksIn (ID, BuildingID) VALUES (343, 273);
INSERT INTO Manager (ID, Department) VALUES (343, 'Customer Service');
INSERT INTO Worker (ID, HireDate) VALUES (743, '2007-03-26');
INSERT INTO WorksIn (ID, BuildingID) VALUES (743, 312);
INSERT INTO Manager (ID, Department) VALUES (743, 'Asset Management');
INSERT INTO Student (ID, RoomID, BuildingID, EnrollmentDate, Major) VALUES (1143, 2, 116, '2016-04-20', 'History');
INSERT INTO Student (ID, RoomID, BuildingID, EnrollmentDate, Major) VALUES (344, 2, 317, '2000-03-08', 'Computer Science');
INSERT INTO Worker (ID, HireDate) VALUES (744, '2007-08-06');
INSERT INTO WorksIn (ID, BuildingID) VALUES (744, 31);
INSERT INTO Manager (ID, Department) VALUES (744, 'Public Relations');
INSERT INTO Worker (ID, HireDate) VALUES (1144, '2010-06-18');
INSERT INTO WorksIn (ID, BuildingID) VALUES (1144, 108);
INSERT INTO Manager (ID, Department) VALUES (1144, 'Legal Department');
INSERT INTO Worker (ID, HireDate) VALUES (345, '2009-11-09');
INSERT INTO WorksIn (ID, BuildingID) VALUES (345, 228);
INSERT INTO Manager (ID, Department) VALUES (345, 'Asset Management');
INSERT INTO Student (ID, RoomID, BuildingID, EnrollmentDate, Major) VALUES (745, 2, 167, '2015-04-16', 'Accounting');
INSERT INTO Worker (ID, HireDate) VALUES (1145, '2016-01-06');
INSERT INTO WorksIn (ID, BuildingID) VALUES (1145, 160);
INSERT INTO Manager (ID, Department) VALUES (1145, 'Public Relations');
INSERT INTO Worker (ID, HireDate) VALUES (346, '2014-11-15');
INSERT INTO WorksIn (ID, BuildingID) VALUES (346, 119);
INSERT INTO Manager (ID, Department) VALUES (346, 'Research and Development');
INSERT INTO Student (ID, RoomID, BuildingID, EnrollmentDate, Major) VALUES (746, 2, 282, '2022-08-16', 'Economics');
INSERT INTO Worker (ID, HireDate) VALUES (1146, '2019-03-13');
INSERT INTO WorksIn (ID, BuildingID) VALUES (1146, 345);
INSERT INTO Manager (ID, Department) VALUES (1146, 'Quality Assurance');
INSERT INTO Student (ID, RoomID, BuildingID, EnrollmentDate, Major) VALUES (347, 2, 297, '2015-08-02', 'Computer Science');
INSERT INTO Worker (ID, HireDate) VALUES (747, '2000-01-10');
INSERT INTO WorksIn (ID, BuildingID) VALUES (747, 184);
INSERT INTO Manager (ID, Department) VALUES (747, 'Research and Development');
INSERT INTO Worker (ID, HireDate) VALUES (1147, '2008-06-03');
INSERT INTO WorksIn (ID, BuildingID) VALUES (1147, 101);
INSERT INTO Manager (ID, Department) VALUES (1147, 'Asset Management');
INSERT INTO Worker (ID, HireDate) VALUES (348, '2010-06-18');
INSERT INTO WorksIn (ID, BuildingID) VALUES (348, 129);
INSERT INTO Manager (ID, Department) VALUES (348, 'Legal Department');
INSERT INTO Worker (ID, HireDate) VALUES (748, '2002-10-27');
INSERT INTO WorksIn (ID, BuildingID) VALUES (748, 66);
INSERT INTO Manager (ID, Department) VALUES (748, 'Finances');
INSERT INTO Student (ID, RoomID, BuildingID, EnrollmentDate, Major) VALUES (1148, 1, 323, '2023-06-29', 'Economics');
INSERT INTO Worker (ID, HireDate) VALUES (349, '2013-10-26');
INSERT INTO WorksIn (ID, BuildingID) VALUES (349, 261);
INSERT INTO Manager (ID, Department) VALUES (349, 'Quality Assurance');
INSERT INTO Worker (ID, HireDate) VALUES (749, '2001-10-22');
INSERT INTO WorksIn (ID, BuildingID) VALUES (749, 44);
INSERT INTO Manager (ID, Department) VALUES (749, 'Finances');
INSERT INTO Student (ID, RoomID, BuildingID, EnrollmentDate, Major) VALUES (1149, 1, 282, '2010-12-12', 'Graphic Design');
INSERT INTO Worker (ID, HireDate) VALUES (350, '2012-10-28');
INSERT INTO WorksIn (ID, BuildingID) VALUES (350, 143);
INSERT INTO Manager (ID, Department) VALUES (350, 'Asset Management');
INSERT INTO Student (ID, RoomID, BuildingID, EnrollmentDate, Major) VALUES (750, 1, 148, '2016-06-04', 'Economics');
INSERT INTO Worker (ID, HireDate) VALUES (1150, '2022-06-25');
INSERT INTO WorksIn (ID, BuildingID) VALUES (1150, 391);
INSERT INTO Manager (ID, Department) VALUES (1150, 'Finances');
INSERT INTO Worker (ID, HireDate) VALUES (351, '2012-06-16');
INSERT INTO WorksIn (ID, BuildingID) VALUES (351, 308);
INSERT INTO Manager (ID, Department) VALUES (351, 'Legal Department');
INSERT INTO Student (ID, RoomID, BuildingID, EnrollmentDate, Major) VALUES (751, 2, 206, '2010-03-08', 'Biology');
INSERT INTO Worker (ID, HireDate) VALUES (1151, '2001-08-28');
INSERT INTO WorksIn (ID, BuildingID) VALUES (1151, 337);
INSERT INTO Manager (ID, Department) VALUES (1151, 'Legal Department');
INSERT INTO Student (ID, RoomID, BuildingID, EnrollmentDate, Major) VALUES (352, 2, 72, '2011-10-10', 'Psychology');
INSERT INTO Worker (ID, HireDate) VALUES (752, '2002-06-01');
INSERT INTO WorksIn (ID, BuildingID) VALUES (752, 124);
INSERT INTO Manager (ID, Department) VALUES (752, 'Public Relations');
INSERT INTO Worker (ID, HireDate) VALUES (1152, '2021-03-03');
INSERT INTO WorksIn (ID, BuildingID) VALUES (1152, 143);
INSERT INTO Manager (ID, Department) VALUES (1152, 'Quality Assurance');
INSERT INTO Student (ID, RoomID, BuildingID, EnrollmentDate, Major) VALUES (353, 2, 63, '2014-12-03', 'Mechanical Engineering');
INSERT INTO Worker (ID, HireDate) VALUES (753, '2012-08-20');
INSERT INTO WorksIn (ID, BuildingID) VALUES (753, 369);
INSERT INTO Manager (ID, Department) VALUES (753, 'Quality Assurance');
INSERT INTO Worker (ID, HireDate) VALUES (1153, '2005-02-17');
INSERT INTO WorksIn (ID, BuildingID) VALUES (1153, 219);
INSERT INTO Manager (ID, Department) VALUES (1153, 'Finances');
INSERT INTO Worker (ID, HireDate) VALUES (354, '2021-04-18');
INSERT INTO WorksIn (ID, BuildingID) VALUES (354, 247);
INSERT INTO Manager (ID, Department) VALUES (354, 'Asset Management');
INSERT INTO Student (ID, RoomID, BuildingID, EnrollmentDate, Major) VALUES (754, 1, 355, '2019-10-12', 'Physics');
INSERT INTO Worker (ID, HireDate) VALUES (1154, '2013-04-11');
INSERT INTO WorksIn (ID, BuildingID) VALUES (1154, 145);
INSERT INTO Manager (ID, Department) VALUES (1154, 'Legal Department');
INSERT INTO Student (ID, RoomID, BuildingID, EnrollmentDate, Major) VALUES (355, 1, 346, '2019-08-16', 'History');
INSERT INTO Worker (ID, HireDate) VALUES (755, '2002-09-18');
INSERT INTO WorksIn (ID, BuildingID) VALUES (755, 295);
INSERT INTO Manager (ID, Department) VALUES (755, 'Asset Management');
INSERT INTO Worker (ID, HireDate) VALUES (1155, '2001-03-17');
INSERT INTO WorksIn (ID, BuildingID) VALUES (1155, 189);
INSERT INTO Manager (ID, Department) VALUES (1155, 'Finances');
INSERT INTO Student (ID, RoomID, BuildingID, EnrollmentDate, Major) VALUES (356, 1, 218, '2004-05-24', 'Graphic Design');
INSERT INTO Worker (ID, HireDate) VALUES (756, '2020-10-01');
INSERT INTO WorksIn (ID, BuildingID) VALUES (756, 78);
INSERT INTO Manager (ID, Department) VALUES (756, 'Legal Department');
INSERT INTO Worker (ID, HireDate) VALUES (1156, '2021-08-15');
INSERT INTO WorksIn (ID, BuildingID) VALUES (1156, 100);
INSERT INTO Manager (ID, Department) VALUES (1156, 'Asset Management');
INSERT INTO Student (ID, RoomID, BuildingID, EnrollmentDate, Major) VALUES (357, 1, 147, '2007-09-13', 'Business Administration');
INSERT INTO Worker (ID, HireDate) VALUES (757, '2013-12-15');
INSERT INTO WorksIn (ID, BuildingID) VALUES (757, 237);
INSERT INTO Manager (ID, Department) VALUES (757, 'Asset Management');
INSERT INTO Worker (ID, HireDate) VALUES (1157, '2010-02-20');
INSERT INTO WorksIn (ID, BuildingID) VALUES (1157, 154);
INSERT INTO Manager (ID, Department) VALUES (1157, 'Research and Development');
INSERT INTO Worker (ID, HireDate) VALUES (358, '2011-10-07');
INSERT INTO WorksIn (ID, BuildingID) VALUES (358, 17);
INSERT INTO Manager (ID, Department) VALUES (358, 'Asset Management');
INSERT INTO Student (ID, RoomID, BuildingID, EnrollmentDate, Major) VALUES (758, 1, 39, '2021-10-07', 'Accounting');
INSERT INTO Worker (ID, HireDate) VALUES (1158, '2010-01-09');
INSERT INTO WorksIn (ID, BuildingID) VALUES (1158, 112);
INSERT INTO Manager (ID, Department) VALUES (1158, 'Research and Development');
INSERT INTO Worker (ID, HireDate) VALUES (359, '2000-07-02');
INSERT INTO WorksIn (ID, BuildingID) VALUES (359, 155);
INSERT INTO Manager (ID, Department) VALUES (359, 'Asset Management');
INSERT INTO Worker (ID, HireDate) VALUES (759, '2020-03-18');
INSERT INTO WorksIn (ID, BuildingID) VALUES (759, 357);
INSERT INTO Manager (ID, Department) VALUES (759, 'Finances');
INSERT INTO Student (ID, RoomID, BuildingID, EnrollmentDate, Major) VALUES (1159, 2, 397, '2002-08-14', 'Environmental Science');
INSERT INTO Worker (ID, HireDate) VALUES (360, '2005-01-16');
INSERT INTO WorksIn (ID, BuildingID) VALUES (360, 274);
INSERT INTO Manager (ID, Department) VALUES (360, 'Quality Assurance');
INSERT INTO Student (ID, RoomID, BuildingID, EnrollmentDate, Major) VALUES (760, 1, 351, '2023-08-09', 'Accounting');
INSERT INTO Worker (ID, HireDate) VALUES (1160, '2003-04-07');
INSERT INTO WorksIn (ID, BuildingID) VALUES (1160, 234);
INSERT INTO Manager (ID, Department) VALUES (1160, 'Public Relations');
INSERT INTO Worker (ID, HireDate) VALUES (361, '2005-03-15');
INSERT INTO WorksIn (ID, BuildingID) VALUES (361, 325);
INSERT INTO Manager (ID, Department) VALUES (361, 'Customer Service');
INSERT INTO Worker (ID, HireDate) VALUES (761, '2021-05-20');
INSERT INTO WorksIn (ID, BuildingID) VALUES (761, 386);
INSERT INTO Manager (ID, Department) VALUES (761, 'Legal Department');
INSERT INTO Student (ID, RoomID, BuildingID, EnrollmentDate, Major) VALUES (1161, 2, 304, '2023-05-21', 'Nursing');
INSERT INTO Worker (ID, HireDate) VALUES (362, '2018-09-14');
INSERT INTO WorksIn (ID, BuildingID) VALUES (362, 199);
INSERT INTO Manager (ID, Department) VALUES (362, 'Quality Assurance');
INSERT INTO Worker (ID, HireDate) VALUES (762, '2000-10-23');
INSERT INTO WorksIn (ID, BuildingID) VALUES (762, 237);
INSERT INTO Manager (ID, Department) VALUES (762, 'Finances');
INSERT INTO Student (ID, RoomID, BuildingID, EnrollmentDate, Major) VALUES (1162, 1, 248, '2008-03-16', 'Sociology');
INSERT INTO Student (ID, RoomID, BuildingID, EnrollmentDate, Major) VALUES (363, 2, 326, '2003-09-13', 'History');
INSERT INTO Worker (ID, HireDate) VALUES (763, '2011-08-17');
INSERT INTO WorksIn (ID, BuildingID) VALUES (763, 258);
INSERT INTO Manager (ID, Department) VALUES (763, 'Public Relations');
INSERT INTO Worker (ID, HireDate) VALUES (1163, '2004-06-22');
INSERT INTO WorksIn (ID, BuildingID) VALUES (1163, 74);
INSERT INTO Manager (ID, Department) VALUES (1163, 'Legal Department');
INSERT INTO Student (ID, RoomID, BuildingID, EnrollmentDate, Major) VALUES (364, 1, 242, '2000-09-23', 'Political Science');
INSERT INTO Worker (ID, HireDate) VALUES (764, '2015-03-19');
INSERT INTO WorksIn (ID, BuildingID) VALUES (764, 375);
INSERT INTO Manager (ID, Department) VALUES (764, 'Finances');
INSERT INTO Worker (ID, HireDate) VALUES (1164, '2008-09-18');
INSERT INTO WorksIn (ID, BuildingID) VALUES (1164, 124);
INSERT INTO Manager (ID, Department) VALUES (1164, 'Public Relations');
INSERT INTO Worker (ID, HireDate) VALUES (365, '2019-07-19');
INSERT INTO WorksIn (ID, BuildingID) VALUES (365, 333);
INSERT INTO Manager (ID, Department) VALUES (365, 'Finances');
INSERT INTO Student (ID, RoomID, BuildingID, EnrollmentDate, Major) VALUES (765, 2, 287, '2000-04-09', 'Biology');
INSERT INTO Worker (ID, HireDate) VALUES (1165, '2001-08-08');
INSERT INTO WorksIn (ID, BuildingID) VALUES (1165, 262);
INSERT INTO Manager (ID, Department) VALUES (1165, 'Asset Management');
INSERT INTO Student (ID, RoomID, BuildingID, EnrollmentDate, Major) VALUES (366, 2, 16, '2010-05-26', 'Business Administration');
INSERT INTO Worker (ID, HireDate) VALUES (766, '2012-01-19');
INSERT INTO WorksIn (ID, BuildingID) VALUES (766, 254);
INSERT INTO Manager (ID, Department) VALUES (766, 'Legal Department');
INSERT INTO Worker (ID, HireDate) VALUES (1166, '2011-01-17');
INSERT INTO WorksIn (ID, BuildingID) VALUES (1166, 29);
INSERT INTO Manager (ID, Department) VALUES (1166, 'Asset Management');
INSERT INTO Student (ID, RoomID, BuildingID, EnrollmentDate, Major) VALUES (367, 1, 350, '2020-08-10', 'Economics');
INSERT INTO Worker (ID, HireDate) VALUES (767, '2000-03-22');
INSERT INTO WorksIn (ID, BuildingID) VALUES (767, 259);
INSERT INTO Manager (ID, Department) VALUES (767, 'Research and Development');
INSERT INTO Worker (ID, HireDate) VALUES (1167, '2020-10-05');
INSERT INTO WorksIn (ID, BuildingID) VALUES (1167, 256);
INSERT INTO Manager (ID, Department) VALUES (1167, 'Finances');
INSERT INTO Worker (ID, HireDate) VALUES (368, '2003-08-13');
INSERT INTO WorksIn (ID, BuildingID) VALUES (368, 180);
INSERT INTO Manager (ID, Department) VALUES (368, 'Research and Development');
INSERT INTO Worker (ID, HireDate) VALUES (768, '2001-09-13');
INSERT INTO WorksIn (ID, BuildingID) VALUES (768, 83);
INSERT INTO Manager (ID, Department) VALUES (768, 'Finances');
INSERT INTO Student (ID, RoomID, BuildingID, EnrollmentDate, Major) VALUES (1168, 2, 143, '2002-09-24', 'Political Science');
INSERT INTO Student (ID, RoomID, BuildingID, EnrollmentDate, Major) VALUES (369, 2, 121, '2019-09-02', 'Environmental Science');
INSERT INTO Worker (ID, HireDate) VALUES (769, '2020-06-05');
INSERT INTO WorksIn (ID, BuildingID) VALUES (769, 73);
INSERT INTO Manager (ID, Department) VALUES (769, 'Quality Assurance');
INSERT INTO Worker (ID, HireDate) VALUES (1169, '2021-07-17');
INSERT INTO WorksIn (ID, BuildingID) VALUES (1169, 44);
INSERT INTO Manager (ID, Department) VALUES (1169, 'Asset Management');
INSERT INTO Worker (ID, HireDate) VALUES (370, '2011-03-10');
INSERT INTO WorksIn (ID, BuildingID) VALUES (370, 327);
INSERT INTO Manager (ID, Department) VALUES (370, 'Finances');
INSERT INTO Worker (ID, HireDate) VALUES (770, '2010-03-13');
INSERT INTO WorksIn (ID, BuildingID) VALUES (770, 157);
INSERT INTO Manager (ID, Department) VALUES (770, 'Asset Management');
INSERT INTO Student (ID, RoomID, BuildingID, EnrollmentDate, Major) VALUES (1170, 1, 315, '2017-10-01', 'Nursing');
INSERT INTO Student (ID, RoomID, BuildingID, EnrollmentDate, Major) VALUES (371, 2, 395, '2011-05-02', 'Business Administration');
INSERT INTO Worker (ID, HireDate) VALUES (771, '2006-06-26');
INSERT INTO WorksIn (ID, BuildingID) VALUES (771, 138);
INSERT INTO Manager (ID, Department) VALUES (771, 'Finances');
INSERT INTO Worker (ID, HireDate) VALUES (1171, '2013-11-20');
INSERT INTO WorksIn (ID, BuildingID) VALUES (1171, 263);
INSERT INTO Manager (ID, Department) VALUES (1171, 'Finances');
INSERT INTO Student (ID, RoomID, BuildingID, EnrollmentDate, Major) VALUES (372, 1, 106, '2012-07-29', 'Graphic Design');
INSERT INTO Worker (ID, HireDate) VALUES (772, '2005-02-17');
INSERT INTO WorksIn (ID, BuildingID) VALUES (772, 380);
INSERT INTO Manager (ID, Department) VALUES (772, 'Asset Management');
INSERT INTO Worker (ID, HireDate) VALUES (1172, '2021-05-09');
INSERT INTO WorksIn (ID, BuildingID) VALUES (1172, 215);
INSERT INTO Manager (ID, Department) VALUES (1172, 'Asset Management');
INSERT INTO Student (ID, RoomID, BuildingID, EnrollmentDate, Major) VALUES (373, 1, 260, '2008-06-19', 'Graphic Design');
INSERT INTO Worker (ID, HireDate) VALUES (773, '2003-03-22');
INSERT INTO WorksIn (ID, BuildingID) VALUES (773, 144);
INSERT INTO Manager (ID, Department) VALUES (773, 'Asset Management');
INSERT INTO Worker (ID, HireDate) VALUES (1173, '2009-04-19');
INSERT INTO WorksIn (ID, BuildingID) VALUES (1173, 12);
INSERT INTO Manager (ID, Department) VALUES (1173, 'Quality Assurance');
INSERT INTO Worker (ID, HireDate) VALUES (374, '2001-11-23');
INSERT INTO WorksIn (ID, BuildingID) VALUES (374, 397);
INSERT INTO Manager (ID, Department) VALUES (374, 'Finances');
INSERT INTO Student (ID, RoomID, BuildingID, EnrollmentDate, Major) VALUES (774, 2, 264, '2023-06-26', 'Sociology');
INSERT INTO Worker (ID, HireDate) VALUES (1174, '2012-10-22');
INSERT INTO WorksIn (ID, BuildingID) VALUES (1174, 130);
INSERT INTO Manager (ID, Department) VALUES (1174, 'Finances');
INSERT INTO Worker (ID, HireDate) VALUES (375, '2021-11-29');
INSERT INTO WorksIn (ID, BuildingID) VALUES (375, 370);
INSERT INTO Manager (ID, Department) VALUES (375, 'Finances');
INSERT INTO Student (ID, RoomID, BuildingID, EnrollmentDate, Major) VALUES (775, 1, 247, '2015-02-09', 'Psychology');
INSERT INTO Worker (ID, HireDate) VALUES (1175, '2019-07-15');
INSERT INTO WorksIn (ID, BuildingID) VALUES (1175, 297);
INSERT INTO Manager (ID, Department) VALUES (1175, 'Finances');
INSERT INTO Worker (ID, HireDate) VALUES (376, '2014-09-11');
INSERT INTO WorksIn (ID, BuildingID) VALUES (376, 5);
INSERT INTO Manager (ID, Department) VALUES (376, 'Finances');
INSERT INTO Student (ID, RoomID, BuildingID, EnrollmentDate, Major) VALUES (776, 2, 339, '2008-01-05', 'Psychology');
INSERT INTO Worker (ID, HireDate) VALUES (1176, '2001-02-13');
INSERT INTO WorksIn (ID, BuildingID) VALUES (1176, 324);
INSERT INTO Manager (ID, Department) VALUES (1176, 'Research and Development');
INSERT INTO Student (ID, RoomID, BuildingID, EnrollmentDate, Major) VALUES (377, 1, 213, '2017-05-26', 'Sociology');
INSERT INTO Worker (ID, HireDate) VALUES (777, '2011-03-07');
INSERT INTO WorksIn (ID, BuildingID) VALUES (777, 143);
INSERT INTO Manager (ID, Department) VALUES (777, 'Customer Service');
INSERT INTO Worker (ID, HireDate) VALUES (1177, '2013-08-17');
INSERT INTO WorksIn (ID, BuildingID) VALUES (1177, 86);
INSERT INTO Manager (ID, Department) VALUES (1177, 'Legal Department');
INSERT INTO Worker (ID, HireDate) VALUES (378, '2006-04-06');
INSERT INTO WorksIn (ID, BuildingID) VALUES (378, 78);
INSERT INTO Manager (ID, Department) VALUES (378, 'Customer Service');
INSERT INTO Student (ID, RoomID, BuildingID, EnrollmentDate, Major) VALUES (778, 2, 251, '2001-05-10', 'Computer Science');
INSERT INTO Worker (ID, HireDate) VALUES (1178, '2008-12-30');
INSERT INTO WorksIn (ID, BuildingID) VALUES (1178, 218);
INSERT INTO Manager (ID, Department) VALUES (1178, 'Customer Service');
INSERT INTO Worker (ID, HireDate) VALUES (379, '2016-08-17');
INSERT INTO WorksIn (ID, BuildingID) VALUES (379, 342);
INSERT INTO Manager (ID, Department) VALUES (379, 'Public Relations');
INSERT INTO Worker (ID, HireDate) VALUES (779, '2015-09-26');
INSERT INTO WorksIn (ID, BuildingID) VALUES (779, 127);
INSERT INTO Manager (ID, Department) VALUES (779, 'Finances');
INSERT INTO Student (ID, RoomID, BuildingID, EnrollmentDate, Major) VALUES (1179, 2, 349, '2017-12-14', 'English Literature');
INSERT INTO Worker (ID, HireDate) VALUES (380, '2013-05-04');
INSERT INTO WorksIn (ID, BuildingID) VALUES (380, 400);
INSERT INTO Manager (ID, Department) VALUES (380, 'Legal Department');
INSERT INTO Worker (ID, HireDate) VALUES (780, '2020-03-18');
INSERT INTO WorksIn (ID, BuildingID) VALUES (780, 345);
INSERT INTO Manager (ID, Department) VALUES (780, 'Quality Assurance');
INSERT INTO Student (ID, RoomID, BuildingID, EnrollmentDate, Major) VALUES (1180, 2, 348, '2012-12-06', 'Computer Science');
INSERT INTO Worker (ID, HireDate) VALUES (381, '2018-03-19');
INSERT INTO WorksIn (ID, BuildingID) VALUES (381, 244);
INSERT INTO Manager (ID, Department) VALUES (381, 'Quality Assurance');
INSERT INTO Worker (ID, HireDate) VALUES (781, '2015-04-03');
INSERT INTO WorksIn (ID, BuildingID) VALUES (781, 384);
INSERT INTO Manager (ID, Department) VALUES (781, 'Legal Department');
INSERT INTO Student (ID, RoomID, BuildingID, EnrollmentDate, Major) VALUES (1181, 2, 185, '2021-09-16', 'Physics');
INSERT INTO Worker (ID, HireDate) VALUES (382, '2012-02-28');
INSERT INTO WorksIn (ID, BuildingID) VALUES (382, 175);
INSERT INTO Manager (ID, Department) VALUES (382, 'Finances');
INSERT INTO Worker (ID, HireDate) VALUES (782, '2003-12-10');
INSERT INTO WorksIn (ID, BuildingID) VALUES (782, 103);
INSERT INTO Manager (ID, Department) VALUES (782, 'Quality Assurance');
INSERT INTO Student (ID, RoomID, BuildingID, EnrollmentDate, Major) VALUES (1182, 1, 83, '2004-12-22', 'Physics');
INSERT INTO Worker (ID, HireDate) VALUES (383, '2007-05-07');
INSERT INTO WorksIn (ID, BuildingID) VALUES (383, 338);
INSERT INTO Manager (ID, Department) VALUES (383, 'Asset Management');
INSERT INTO Worker (ID, HireDate) VALUES (783, '2012-10-13');
INSERT INTO WorksIn (ID, BuildingID) VALUES (783, 372);
INSERT INTO Manager (ID, Department) VALUES (783, 'Legal Department');
INSERT INTO Student (ID, RoomID, BuildingID, EnrollmentDate, Major) VALUES (1183, 2, 94, '2021-03-02', 'Physics');
INSERT INTO Worker (ID, HireDate) VALUES (384, '2014-10-10');
INSERT INTO WorksIn (ID, BuildingID) VALUES (384, 65);
INSERT INTO Manager (ID, Department) VALUES (384, 'Finances');
INSERT INTO Student (ID, RoomID, BuildingID, EnrollmentDate, Major) VALUES (784, 1, 250, '2013-09-24', 'Business Administration');
INSERT INTO Worker (ID, HireDate) VALUES (1184, '2009-10-06');
INSERT INTO WorksIn (ID, BuildingID) VALUES (1184, 21);
INSERT INTO Manager (ID, Department) VALUES (1184, 'Research and Development');
INSERT INTO Worker (ID, HireDate) VALUES (385, '2019-04-04');
INSERT INTO WorksIn (ID, BuildingID) VALUES (385, 152);
INSERT INTO Manager (ID, Department) VALUES (385, 'Legal Department');
INSERT INTO Student (ID, RoomID, BuildingID, EnrollmentDate, Major) VALUES (785, 1, 124, '2005-03-04', 'English Literature');
INSERT INTO Worker (ID, HireDate) VALUES (1185, '2022-06-26');
INSERT INTO WorksIn (ID, BuildingID) VALUES (1185, 56);
INSERT INTO Manager (ID, Department) VALUES (1185, 'Legal Department');
INSERT INTO Student (ID, RoomID, BuildingID, EnrollmentDate, Major) VALUES (386, 1, 20, '2023-11-09', 'Psychology');
INSERT INTO Worker (ID, HireDate) VALUES (786, '2015-08-15');
INSERT INTO WorksIn (ID, BuildingID) VALUES (786, 268);
INSERT INTO Manager (ID, Department) VALUES (786, 'Public Relations');
INSERT INTO Worker (ID, HireDate) VALUES (1186, '2000-06-17');
INSERT INTO WorksIn (ID, BuildingID) VALUES (1186, 376);
INSERT INTO Manager (ID, Department) VALUES (1186, 'Legal Department');
INSERT INTO Worker (ID, HireDate) VALUES (387, '2008-08-25');
INSERT INTO WorksIn (ID, BuildingID) VALUES (387, 60);
INSERT INTO Manager (ID, Department) VALUES (387, 'Asset Management');
INSERT INTO Student (ID, RoomID, BuildingID, EnrollmentDate, Major) VALUES (787, 2, 394, '2005-02-02', 'Business Administration');
INSERT INTO Worker (ID, HireDate) VALUES (1187, '2002-06-10');
INSERT INTO WorksIn (ID, BuildingID) VALUES (1187, 351);
INSERT INTO Manager (ID, Department) VALUES (1187, 'Legal Department');
INSERT INTO Student (ID, RoomID, BuildingID, EnrollmentDate, Major) VALUES (388, 1, 305, '2020-12-02', 'Sociology');
INSERT INTO Worker (ID, HireDate) VALUES (788, '2023-04-19');
INSERT INTO WorksIn (ID, BuildingID) VALUES (788, 23);
INSERT INTO Manager (ID, Department) VALUES (788, 'Quality Assurance');
INSERT INTO Worker (ID, HireDate) VALUES (1188, '2001-07-30');
INSERT INTO WorksIn (ID, BuildingID) VALUES (1188, 169);
INSERT INTO Manager (ID, Department) VALUES (1188, 'Research and Development');
INSERT INTO Worker (ID, HireDate) VALUES (389, '2003-03-31');
INSERT INTO WorksIn (ID, BuildingID) VALUES (389, 105);
INSERT INTO Manager (ID, Department) VALUES (389, 'Customer Service');
INSERT INTO Worker (ID, HireDate) VALUES (789, '2017-09-15');
INSERT INTO WorksIn (ID, BuildingID) VALUES (789, 226);
INSERT INTO Manager (ID, Department) VALUES (789, 'Customer Service');
INSERT INTO Student (ID, RoomID, BuildingID, EnrollmentDate, Major) VALUES (1189, 2, 191, '2004-03-30', 'Nursing');
INSERT INTO Worker (ID, HireDate) VALUES (390, '2003-12-23');
INSERT INTO WorksIn (ID, BuildingID) VALUES (390, 271);
INSERT INTO Manager (ID, Department) VALUES (390, 'Quality Assurance');
INSERT INTO Worker (ID, HireDate) VALUES (790, '2014-05-18');
INSERT INTO WorksIn (ID, BuildingID) VALUES (790, 62);
INSERT INTO Manager (ID, Department) VALUES (790, 'Legal Department');
INSERT INTO Student (ID, RoomID, BuildingID, EnrollmentDate, Major) VALUES (1190, 2, 191, '2000-07-13', 'Graphic Design');
INSERT INTO Student (ID, RoomID, BuildingID, EnrollmentDate, Major) VALUES (391, 1, 190, '2012-05-29', 'Graphic Design');
INSERT INTO Worker (ID, HireDate) VALUES (791, '2011-10-14');
INSERT INTO WorksIn (ID, BuildingID) VALUES (791, 31);
INSERT INTO Manager (ID, Department) VALUES (791, 'Legal Department');
INSERT INTO Worker (ID, HireDate) VALUES (1191, '2010-03-21');
INSERT INTO WorksIn (ID, BuildingID) VALUES (1191, 296);
INSERT INTO Manager (ID, Department) VALUES (1191, 'Research and Development');
INSERT INTO Worker (ID, HireDate) VALUES (392, '2005-12-04');
INSERT INTO WorksIn (ID, BuildingID) VALUES (392, 365);
INSERT INTO Manager (ID, Department) VALUES (392, 'Quality Assurance');
INSERT INTO Student (ID, RoomID, BuildingID, EnrollmentDate, Major) VALUES (792, 2, 182, '2019-06-16', 'Mechanical Engineering');
INSERT INTO Worker (ID, HireDate) VALUES (1192, '2014-05-03');
INSERT INTO WorksIn (ID, BuildingID) VALUES (1192, 304);
INSERT INTO Manager (ID, Department) VALUES (1192, 'Public Relations');
INSERT INTO Worker (ID, HireDate) VALUES (393, '2021-05-08');
INSERT INTO WorksIn (ID, BuildingID) VALUES (393, 25);
INSERT INTO Manager (ID, Department) VALUES (393, 'Legal Department');
INSERT INTO Student (ID, RoomID, BuildingID, EnrollmentDate, Major) VALUES (793, 2, 174, '2002-12-24', 'Business Administration');
INSERT INTO Worker (ID, HireDate) VALUES (1193, '2010-05-12');
INSERT INTO WorksIn (ID, BuildingID) VALUES (1193, 277);
INSERT INTO Manager (ID, Department) VALUES (1193, 'Finances');
INSERT INTO Worker (ID, HireDate) VALUES (394, '2008-05-16');
INSERT INTO WorksIn (ID, BuildingID) VALUES (394, 279);
INSERT INTO Manager (ID, Department) VALUES (394, 'Research and Development');
INSERT INTO Worker (ID, HireDate) VALUES (794, '2011-09-07');
INSERT INTO WorksIn (ID, BuildingID) VALUES (794, 67);
INSERT INTO Manager (ID, Department) VALUES (794, 'Research and Development');
INSERT INTO Student (ID, RoomID, BuildingID, EnrollmentDate, Major) VALUES (1194, 1, 58, '2003-06-12', 'Biology');
INSERT INTO Worker (ID, HireDate) VALUES (395, '2004-06-08');
INSERT INTO WorksIn (ID, BuildingID) VALUES (395, 211);
INSERT INTO Manager (ID, Department) VALUES (395, 'Asset Management');
INSERT INTO Student (ID, RoomID, BuildingID, EnrollmentDate, Major) VALUES (795, 2, 149, '2012-04-30', 'Biology');
INSERT INTO Worker (ID, HireDate) VALUES (1195, '2000-11-06');
INSERT INTO WorksIn (ID, BuildingID) VALUES (1195, 313);
INSERT INTO Manager (ID, Department) VALUES (1195, 'Finances');
INSERT INTO Worker (ID, HireDate) VALUES (396, '2018-04-25');
INSERT INTO WorksIn (ID, BuildingID) VALUES (396, 320);
INSERT INTO Manager (ID, Department) VALUES (396, 'Customer Service');
INSERT INTO Worker (ID, HireDate) VALUES (796, '2001-11-01');
INSERT INTO WorksIn (ID, BuildingID) VALUES (796, 176);
INSERT INTO Manager (ID, Department) VALUES (796, 'Asset Management');
INSERT INTO Student (ID, RoomID, BuildingID, EnrollmentDate, Major) VALUES (1196, 1, 101, '2008-10-08', 'Graphic Design');
INSERT INTO Worker (ID, HireDate) VALUES (397, '2022-11-13');
INSERT INTO WorksIn (ID, BuildingID) VALUES (397, 84);
INSERT INTO Manager (ID, Department) VALUES (397, 'Asset Management');
INSERT INTO Student (ID, RoomID, BuildingID, EnrollmentDate, Major) VALUES (797, 2, 169, '2014-05-31', 'Computer Science');
INSERT INTO Worker (ID, HireDate) VALUES (1197, '2013-05-25');
INSERT INTO WorksIn (ID, BuildingID) VALUES (1197, 61);
INSERT INTO Manager (ID, Department) VALUES (1197, 'Legal Department');
INSERT INTO Worker (ID, HireDate) VALUES (398, '2022-09-14');
INSERT INTO WorksIn (ID, BuildingID) VALUES (398, 178);
INSERT INTO Manager (ID, Department) VALUES (398, 'Asset Management');
INSERT INTO Worker (ID, HireDate) VALUES (798, '2006-04-30');
INSERT INTO WorksIn (ID, BuildingID) VALUES (798, 38);
INSERT INTO Manager (ID, Department) VALUES (798, 'Legal Department');
INSERT INTO Student (ID, RoomID, BuildingID, EnrollmentDate, Major) VALUES (1198, 2, 290, '2007-05-20', 'Nursing');
INSERT INTO Worker (ID, HireDate) VALUES (399, '2014-02-12');
INSERT INTO WorksIn (ID, BuildingID) VALUES (399, 47);
INSERT INTO Manager (ID, Department) VALUES (399, 'Finances');
INSERT INTO Worker (ID, HireDate) VALUES (799, '2020-02-04');
INSERT INTO WorksIn (ID, BuildingID) VALUES (799, 373);
INSERT INTO Manager (ID, Department) VALUES (799, 'Quality Assurance');
INSERT INTO Student (ID, RoomID, BuildingID, EnrollmentDate, Major) VALUES (1199, 2, 68, '2009-04-06', 'English Literature');
INSERT INTO Student (ID, RoomID, BuildingID, EnrollmentDate, Major) VALUES (400, 2, 195, '2003-01-10', 'Economics');
INSERT INTO Worker (ID, HireDate) VALUES (800, '2008-04-28');
INSERT INTO WorksIn (ID, BuildingID) VALUES (800, 151);
INSERT INTO Manager (ID, Department) VALUES (800, 'Customer Service');
INSERT INTO Worker (ID, HireDate) VALUES (1200, '2011-11-04');
INSERT INTO WorksIn (ID, BuildingID) VALUES (1200, 113);
INSERT INTO Manager (ID, Department) VALUES (1200, 'Legal Department');
